[0.007s] Invoking command in '/home/jason/projects/unitree_sdk2_ws/build/unitree_go': CMAKE_PREFIX_PATH=${CMAKE_PREFIX_PATH}:/opt/ros/humble /usr/bin/cmake /home/jason/projects/unitree_sdk2_ws/unitree_ros2/cyclonedds_ws/src/unitree/unitree_go -DAMENT_CMAKE_SYMLINK_INSTALL=1 -DCMAKE_INSTALL_PREFIX=/home/jason/projects/unitree_sdk2_ws/install/unitree_go
[0.065s] -- The C compiler identification is GNU 11.4.0
[0.116s] -- The CXX compiler identification is GNU 11.4.0
[0.120s] -- Detecting C compiler ABI info
[0.171s] -- Detecting C compiler ABI info - done
[0.182s] -- Check for working C compiler: /usr/bin/cc - skipped
[0.182s] -- Detecting C compile features
[0.182s] -- Detecting C compile features - done
[0.184s] -- Detecting CXX compiler ABI info
[0.253s] -- Detecting CXX compiler ABI info - done
[0.259s] -- Check for working CXX compiler: /usr/bin/c++ - skipped
[0.259s] -- Detecting CXX compile features
[0.260s] -- Detecting CXX compile features - done
[0.278s] -- Found ament_cmake: 1.3.12 (/opt/ros/humble/share/ament_cmake/cmake)
[0.384s] -- Found Python3: /usr/bin/python3 (found version "3.10.12") found components: Interpreter 
[0.416s] -- Override CMake install command with custom implementation using symlinks instead of copying resources
[0.437s] -- Found geometry_msgs: 4.9.0 (/opt/ros/humble/share/geometry_msgs/cmake)
[0.465s] -- Found rosidl_generator_c: 3.1.7 (/opt/ros/humble/share/rosidl_generator_c/cmake)
[0.467s] -- Found rosidl_adapter: 3.1.7 (/opt/ros/humble/share/rosidl_adapter/cmake)
[0.475s] -- Found rosidl_generator_cpp: 3.1.7 (/opt/ros/humble/share/rosidl_generator_cpp/cmake)
[0.487s] -- Using all available rosidl_typesupport_c: rosidl_typesupport_fastrtps_c;rosidl_typesupport_introspection_c
[0.502s] -- Using all available rosidl_typesupport_cpp: rosidl_typesupport_fastrtps_cpp;rosidl_typesupport_introspection_cpp
[0.547s] -- Found rosidl_default_generators: 1.2.0 (/opt/ros/humble/share/rosidl_default_generators/cmake)
[0.563s] -- Found rosidl_generator_dds_idl: 0.8.1 (/opt/ros/humble/share/rosidl_generator_dds_idl/cmake)
[1.444s] -- Found ament_cmake_ros: 0.10.0 (/opt/ros/humble/share/ament_cmake_ros/cmake)
[2.199s] -- Using all available rosidl_typesupport_c: rosidl_typesupport_fastrtps_c;rosidl_typesupport_introspection_c
[2.425s] -- Using all available rosidl_typesupport_cpp: rosidl_typesupport_fastrtps_cpp;rosidl_typesupport_introspection_cpp
[2.464s] -- Found PythonInterp: /usr/bin/python3 (found suitable version "3.10.12", minimum required is "3.6") 
[2.466s] -- Found python_cmake_module: 0.10.0 (/opt/ros/humble/share/python_cmake_module/cmake)
[2.513s] -- Found PythonLibs: /usr/lib/x86_64-linux-gnu/libpython3.10.so (found suitable version "3.10.12", minimum required is "3.5") 
[2.513s] -- Using PYTHON_EXECUTABLE: /usr/bin/python3
[2.513s] -- Using PYTHON_INCLUDE_DIRS: /usr/include/python3.10
[2.513s] -- Using PYTHON_LIBRARIES: /usr/lib/x86_64-linux-gnu/libpython3.10.so
[2.548s] -- Found PythonExtra: .so  
[2.668s] -- Found ament_lint_auto: 0.12.14 (/opt/ros/humble/share/ament_lint_auto/cmake)
[2.694s] -- Added test 'copyright' to check source files copyright and LICENSE
[2.702s] -- Added test 'lint_cmake' to check CMake code style
[2.702s] -- Added test 'xmllint' to check XML markup files
[2.706s] -- Configuring done
[2.809s] -- Generating done
[2.830s] -- Build files have been written to: /home/jason/projects/unitree_sdk2_ws/build/unitree_go
[2.862s] Invoked command in '/home/jason/projects/unitree_sdk2_ws/build/unitree_go' returned '0': CMAKE_PREFIX_PATH=${CMAKE_PREFIX_PATH}:/opt/ros/humble /usr/bin/cmake /home/jason/projects/unitree_sdk2_ws/unitree_ros2/cyclonedds_ws/src/unitree/unitree_go -DAMENT_CMAKE_SYMLINK_INSTALL=1 -DCMAKE_INSTALL_PREFIX=/home/jason/projects/unitree_sdk2_ws/install/unitree_go
[2.863s] Invoking command in '/home/jason/projects/unitree_sdk2_ws/build/unitree_go': CMAKE_PREFIX_PATH=${CMAKE_PREFIX_PATH}:/opt/ros/humble /usr/bin/cmake --build /home/jason/projects/unitree_sdk2_ws/build/unitree_go -- -j16 -l16
[2.974s] [  0%] [34m[1mGenerating C code for ROS interfaces[0m
[2.988s] [  0%] [34m[1mGenerating DDS interfaces[0m
[2.998s] [  0%] [34m[1mGenerating C++ code for ROS interfaces[0m
[2.998s] [  0%] Built target ament_cmake_python_symlink_unitree_go
[3.294s] running egg_info
[3.294s] creating unitree_go.egg-info
[3.294s] writing unitree_go.egg-info/PKG-INFO
[3.294s] writing dependency_links to unitree_go.egg-info/dependency_links.txt
[3.294s] writing top-level names to unitree_go.egg-info/top_level.txt
[3.294s] writing manifest file 'unitree_go.egg-info/SOURCES.txt'
[3.294s] reading manifest file 'unitree_go.egg-info/SOURCES.txt'
[3.297s] writing manifest file 'unitree_go.egg-info/SOURCES.txt'
[3.352s] [  0%] Built target ament_cmake_python_build_unitree_go_egg
[5.957s] [  0%] Built target unitree_go__cpp
[5.977s] [  1%] [34m[1mGenerating C++ type support for eProsima Fast-RTPS[0m
[5.977s] [  2%] [34m[1mGenerating C++ introspection for ROS interfaces[0m
[5.985s] [  3%] [34m[1mGenerating C++ type support dispatch for ROS interfaces[0m
[6.223s] [  4%] [32mBuilding C object CMakeFiles/unitree_go__rosidl_generator_c.dir/rosidl_generator_c/unitree_go/msg/detail/audio_data__functions.c.o[0m
[6.228s] [  4%] [32mBuilding C object CMakeFiles/unitree_go__rosidl_generator_c.dir/rosidl_generator_c/unitree_go/msg/detail/bms_cmd__functions.c.o[0m
[6.229s] [  5%] [32mBuilding C object CMakeFiles/unitree_go__rosidl_generator_c.dir/rosidl_generator_c/unitree_go/msg/detail/bms_state__functions.c.o[0m
[6.236s] [  5%] [32mBuilding C object CMakeFiles/unitree_go__rosidl_generator_c.dir/rosidl_generator_c/unitree_go/msg/detail/height_map__functions.c.o[0m
[6.236s] [  5%] [32mBuilding C object CMakeFiles/unitree_go__rosidl_generator_c.dir/rosidl_generator_c/unitree_go/msg/detail/error__functions.c.o[0m
[6.236s] [  6%] [32mBuilding C object CMakeFiles/unitree_go__rosidl_generator_c.dir/rosidl_generator_c/unitree_go/msg/detail/go2_front_video_data__functions.c.o[0m
[6.258s] [  7%] [32mBuilding C object CMakeFiles/unitree_go__rosidl_generator_c.dir/rosidl_generator_c/unitree_go/msg/detail/imu_state__functions.c.o[0m
[6.259s] [  8%] [32mBuilding C object CMakeFiles/unitree_go__rosidl_generator_c.dir/rosidl_generator_c/unitree_go/msg/detail/lidar_state__functions.c.o[0m
[6.272s] [  8%] [32mBuilding C object CMakeFiles/unitree_go__rosidl_generator_c.dir/rosidl_generator_c/unitree_go/msg/detail/low_cmd__functions.c.o[0m
[6.272s] [  8%] [32mBuilding C object CMakeFiles/unitree_go__rosidl_generator_c.dir/rosidl_generator_c/unitree_go/msg/detail/interface_config__functions.c.o[0m
[6.285s] [  9%] [32mBuilding C object CMakeFiles/unitree_go__rosidl_generator_c.dir/rosidl_generator_c/unitree_go/msg/detail/motor_cmd__functions.c.o[0m
[6.291s] [  9%] [32mBuilding C object CMakeFiles/unitree_go__rosidl_generator_c.dir/rosidl_generator_c/unitree_go/msg/detail/low_state__functions.c.o[0m
[6.300s] [  9%] [32mBuilding C object CMakeFiles/unitree_go__rosidl_generator_c.dir/rosidl_generator_c/unitree_go/msg/detail/motor_cmds__functions.c.o[0m
[6.310s] [ 10%] [32mBuilding C object CMakeFiles/unitree_go__rosidl_generator_c.dir/rosidl_generator_c/unitree_go/msg/detail/motor_state__functions.c.o[0m
[6.310s] [ 10%] [32mBuilding C object CMakeFiles/unitree_go__rosidl_generator_c.dir/rosidl_generator_c/unitree_go/msg/detail/motor_states__functions.c.o[0m
[6.329s] [ 11%] [32mBuilding C object CMakeFiles/unitree_go__rosidl_generator_c.dir/rosidl_generator_c/unitree_go/msg/detail/path_point__functions.c.o[0m
[6.329s] [ 11%] [32mBuilding C object CMakeFiles/unitree_go__rosidl_generator_c.dir/rosidl_generator_c/unitree_go/msg/detail/req__functions.c.o[0m
[6.343s] [ 11%] [32mBuilding C object CMakeFiles/unitree_go__rosidl_generator_c.dir/rosidl_generator_c/unitree_go/msg/detail/sport_mode_cmd__functions.c.o[0m
[6.360s] [ 12%] [32mBuilding C object CMakeFiles/unitree_go__rosidl_generator_c.dir/rosidl_generator_c/unitree_go/msg/detail/sport_mode_state__functions.c.o[0m
[6.363s] [ 12%] [32mBuilding C object CMakeFiles/unitree_go__rosidl_generator_c.dir/rosidl_generator_c/unitree_go/msg/detail/time_spec__functions.c.o[0m
[6.363s] [ 13%] [32mBuilding C object CMakeFiles/unitree_go__rosidl_generator_c.dir/rosidl_generator_c/unitree_go/msg/detail/uwb_state__functions.c.o[0m
[6.367s] [ 14%] [32mBuilding C object CMakeFiles/unitree_go__rosidl_generator_c.dir/rosidl_generator_c/unitree_go/msg/detail/res__functions.c.o[0m
[6.371s] [ 14%] [32mBuilding C object CMakeFiles/unitree_go__rosidl_generator_c.dir/rosidl_generator_c/unitree_go/msg/detail/uwb_switch__functions.c.o[0m
[6.415s] [ 14%] [32mBuilding C object CMakeFiles/unitree_go__rosidl_generator_c.dir/rosidl_generator_c/unitree_go/msg/detail/wireless_controller__functions.c.o[0m
[6.463s] [ 14%] Built target unitree_go__dds_connext_idl
[6.521s] [ 15%] [32m[1mLinking C shared library libunitree_go__rosidl_generator_c.so[0m
[6.589s] [ 15%] Built target unitree_go__rosidl_generator_c
[6.606s] [ 15%] [34m[1mGenerating C type support for eProsima Fast-RTPS[0m
[6.607s] [ 15%] [34m[1mGenerating C introspection for ROS interfaces[0m
[6.626s] [ 15%] [34m[1mGenerating C type support dispatch for ROS interfaces[0m
[7.398s] [ 15%] [32mBuilding CXX object CMakeFiles/unitree_go__rosidl_typesupport_cpp.dir/rosidl_typesupport_cpp/unitree_go/msg/audio_data__type_support.cpp.o[0m
[7.405s] [ 15%] [32mBuilding CXX object CMakeFiles/unitree_go__rosidl_typesupport_cpp.dir/rosidl_typesupport_cpp/unitree_go/msg/bms_state__type_support.cpp.o[0m
[7.408s] [ 17%] [32mBuilding CXX object CMakeFiles/unitree_go__rosidl_typesupport_cpp.dir/rosidl_typesupport_cpp/unitree_go/msg/height_map__type_support.cpp.o[0m
[7.408s] [ 15%] [32mBuilding CXX object CMakeFiles/unitree_go__rosidl_typesupport_cpp.dir/rosidl_typesupport_cpp/unitree_go/msg/go2_front_video_data__type_support.cpp.o[0m
[7.408s] [ 16%] [32mBuilding CXX object CMakeFiles/unitree_go__rosidl_typesupport_cpp.dir/rosidl_typesupport_cpp/unitree_go/msg/error__type_support.cpp.o[0m
[7.416s] [ 18%] [32mBuilding CXX object CMakeFiles/unitree_go__rosidl_typesupport_cpp.dir/rosidl_typesupport_cpp/unitree_go/msg/bms_cmd__type_support.cpp.o[0m
[7.422s] [ 18%] [32mBuilding CXX object CMakeFiles/unitree_go__rosidl_typesupport_cpp.dir/rosidl_typesupport_cpp/unitree_go/msg/imu_state__type_support.cpp.o[0m
[7.436s] [ 19%] [32mBuilding CXX object CMakeFiles/unitree_go__rosidl_typesupport_cpp.dir/rosidl_typesupport_cpp/unitree_go/msg/interface_config__type_support.cpp.o[0m
[7.443s] [ 19%] [32mBuilding CXX object CMakeFiles/unitree_go__rosidl_typesupport_cpp.dir/rosidl_typesupport_cpp/unitree_go/msg/lidar_state__type_support.cpp.o[0m
[7.449s] [ 19%] [32mBuilding CXX object CMakeFiles/unitree_go__rosidl_typesupport_cpp.dir/rosidl_typesupport_cpp/unitree_go/msg/low_state__type_support.cpp.o[0m
[7.450s] [ 20%] [32mBuilding CXX object CMakeFiles/unitree_go__rosidl_typesupport_cpp.dir/rosidl_typesupport_cpp/unitree_go/msg/low_cmd__type_support.cpp.o[0m
[7.695s] [ 20%] [32mBuilding CXX object CMakeFiles/unitree_go__rosidl_typesupport_cpp.dir/rosidl_typesupport_cpp/unitree_go/msg/motor_cmd__type_support.cpp.o[0m
[7.702s] [ 21%] [32mBuilding CXX object CMakeFiles/unitree_go__rosidl_typesupport_cpp.dir/rosidl_typesupport_cpp/unitree_go/msg/motor_cmds__type_support.cpp.o[0m
[7.728s] [ 21%] [32mBuilding CXX object CMakeFiles/unitree_go__rosidl_typesupport_cpp.dir/rosidl_typesupport_cpp/unitree_go/msg/motor_state__type_support.cpp.o[0m
[7.842s] [ 22%] [32mBuilding CXX object CMakeFiles/unitree_go__rosidl_typesupport_cpp.dir/rosidl_typesupport_cpp/unitree_go/msg/motor_states__type_support.cpp.o[0m
[7.851s] [ 22%] [32mBuilding CXX object CMakeFiles/unitree_go__rosidl_typesupport_cpp.dir/rosidl_typesupport_cpp/unitree_go/msg/path_point__type_support.cpp.o[0m
[7.857s] [ 23%] [32mBuilding CXX object CMakeFiles/unitree_go__rosidl_typesupport_cpp.dir/rosidl_typesupport_cpp/unitree_go/msg/req__type_support.cpp.o[0m
[7.858s] [ 23%] [32mBuilding CXX object CMakeFiles/unitree_go__rosidl_typesupport_cpp.dir/rosidl_typesupport_cpp/unitree_go/msg/res__type_support.cpp.o[0m
[8.004s] [ 24%] [32mBuilding CXX object CMakeFiles/unitree_go__rosidl_typesupport_cpp.dir/rosidl_typesupport_cpp/unitree_go/msg/sport_mode_cmd__type_support.cpp.o[0m
[8.032s] [ 24%] [32mBuilding CXX object CMakeFiles/unitree_go__rosidl_typesupport_cpp.dir/rosidl_typesupport_cpp/unitree_go/msg/sport_mode_state__type_support.cpp.o[0m
[8.036s] [ 25%] [32mBuilding CXX object CMakeFiles/unitree_go__rosidl_typesupport_cpp.dir/rosidl_typesupport_cpp/unitree_go/msg/time_spec__type_support.cpp.o[0m
[8.174s] [ 25%] [32mBuilding CXX object CMakeFiles/unitree_go__rosidl_typesupport_cpp.dir/rosidl_typesupport_cpp/unitree_go/msg/uwb_state__type_support.cpp.o[0m
[8.190s] [ 26%] [32mBuilding CXX object CMakeFiles/unitree_go__rosidl_typesupport_cpp.dir/rosidl_typesupport_cpp/unitree_go/msg/uwb_switch__type_support.cpp.o[0m
[8.199s] [ 26%] [32mBuilding CXX object CMakeFiles/unitree_go__rosidl_typesupport_c.dir/rosidl_typesupport_c/unitree_go/msg/audio_data__type_support.cpp.o[0m
[8.223s] [ 27%] [32mBuilding CXX object CMakeFiles/unitree_go__rosidl_typesupport_c.dir/rosidl_typesupport_c/unitree_go/msg/bms_cmd__type_support.cpp.o[0m
[8.254s] [ 27%] [32mBuilding CXX object CMakeFiles/unitree_go__rosidl_typesupport_cpp.dir/rosidl_typesupport_cpp/unitree_go/msg/wireless_controller__type_support.cpp.o[0m
[8.261s] [ 27%] [32mBuilding CXX object CMakeFiles/unitree_go__rosidl_typesupport_c.dir/rosidl_typesupport_c/unitree_go/msg/bms_state__type_support.cpp.o[0m
[8.270s] [ 28%] [32mBuilding CXX object CMakeFiles/unitree_go__rosidl_typesupport_c.dir/rosidl_typesupport_c/unitree_go/msg/error__type_support.cpp.o[0m
[8.283s] [ 28%] [32mBuilding CXX object CMakeFiles/unitree_go__rosidl_typesupport_c.dir/rosidl_typesupport_c/unitree_go/msg/go2_front_video_data__type_support.cpp.o[0m
[8.298s] [ 28%] [32mBuilding CXX object CMakeFiles/unitree_go__rosidl_typesupport_introspection_cpp.dir/rosidl_typesupport_introspection_cpp/unitree_go/msg/detail/audio_data__type_support.cpp.o[0m
[8.318s] [ 28%] [32mBuilding C object CMakeFiles/unitree_go__rosidl_typesupport_introspection_c.dir/rosidl_typesupport_introspection_c/unitree_go/msg/detail/audio_data__type_support.c.o[0m
[8.326s] [ 29%] [32mBuilding C object CMakeFiles/unitree_go__rosidl_typesupport_introspection_c.dir/rosidl_typesupport_introspection_c/unitree_go/msg/detail/bms_cmd__type_support.c.o[0m
[8.343s] [ 30%] [32mBuilding CXX object CMakeFiles/unitree_go__rosidl_typesupport_c.dir/rosidl_typesupport_c/unitree_go/msg/height_map__type_support.cpp.o[0m
[8.348s] [ 30%] [32mBuilding C object CMakeFiles/unitree_go__rosidl_typesupport_introspection_c.dir/rosidl_typesupport_introspection_c/unitree_go/msg/detail/bms_state__type_support.c.o[0m
[8.351s] [ 31%] [32mBuilding CXX object CMakeFiles/unitree_go__rosidl_typesupport_introspection_cpp.dir/rosidl_typesupport_introspection_cpp/unitree_go/msg/detail/bms_cmd__type_support.cpp.o[0m
[8.351s] [ 31%] [32mBuilding CXX object CMakeFiles/unitree_go__rosidl_typesupport_c.dir/rosidl_typesupport_c/unitree_go/msg/imu_state__type_support.cpp.o[0m
[8.362s] [ 32%] [32mBuilding C object CMakeFiles/unitree_go__rosidl_typesupport_introspection_c.dir/rosidl_typesupport_introspection_c/unitree_go/msg/detail/error__type_support.c.o[0m
[8.483s] [ 33%] [32mBuilding CXX object CMakeFiles/unitree_go__rosidl_typesupport_c.dir/rosidl_typesupport_c/unitree_go/msg/interface_config__type_support.cpp.o[0m
[8.488s] [ 34%] [32mBuilding C object CMakeFiles/unitree_go__rosidl_typesupport_introspection_c.dir/rosidl_typesupport_introspection_c/unitree_go/msg/detail/height_map__type_support.c.o[0m
[8.496s] [ 34%] [32mBuilding C object CMakeFiles/unitree_go__rosidl_typesupport_introspection_c.dir/rosidl_typesupport_introspection_c/unitree_go/msg/detail/imu_state__type_support.c.o[0m
[8.496s] [ 34%] [32mBuilding C object CMakeFiles/unitree_go__rosidl_typesupport_introspection_c.dir/rosidl_typesupport_introspection_c/unitree_go/msg/detail/go2_front_video_data__type_support.c.o[0m
[8.497s] [ 35%] [32mBuilding C object CMakeFiles/unitree_go__rosidl_typesupport_introspection_c.dir/rosidl_typesupport_introspection_c/unitree_go/msg/detail/interface_config__type_support.c.o[0m
[8.499s] [ 35%] [32mBuilding CXX object CMakeFiles/unitree_go__rosidl_typesupport_introspection_cpp.dir/rosidl_typesupport_introspection_cpp/unitree_go/msg/detail/bms_state__type_support.cpp.o[0m
[8.538s] [ 35%] [32mBuilding C object CMakeFiles/unitree_go__rosidl_typesupport_introspection_c.dir/rosidl_typesupport_introspection_c/unitree_go/msg/detail/lidar_state__type_support.c.o[0m
[8.544s] [ 36%] [32mBuilding CXX object CMakeFiles/unitree_go__rosidl_typesupport_c.dir/rosidl_typesupport_c/unitree_go/msg/low_cmd__type_support.cpp.o[0m
[8.544s] [ 36%] [32mBuilding CXX object CMakeFiles/unitree_go__rosidl_typesupport_c.dir/rosidl_typesupport_c/unitree_go/msg/low_state__type_support.cpp.o[0m
[8.551s] [ 37%] [32mBuilding C object CMakeFiles/unitree_go__rosidl_typesupport_introspection_c.dir/rosidl_typesupport_introspection_c/unitree_go/msg/detail/low_state__type_support.c.o[0m
[8.554s] [ 37%] [32mBuilding C object CMakeFiles/unitree_go__rosidl_typesupport_introspection_c.dir/rosidl_typesupport_introspection_c/unitree_go/msg/detail/low_cmd__type_support.c.o[0m
[8.554s] [ 38%] [32mBuilding CXX object CMakeFiles/unitree_go__rosidl_typesupport_introspection_cpp.dir/rosidl_typesupport_introspection_cpp/unitree_go/msg/detail/error__type_support.cpp.o[0m
[8.554s] [ 36%] [32mBuilding CXX object CMakeFiles/unitree_go__rosidl_typesupport_c.dir/rosidl_typesupport_c/unitree_go/msg/lidar_state__type_support.cpp.o[0m
[8.557s] [ 38%] [32mBuilding CXX object CMakeFiles/unitree_go__rosidl_typesupport_introspection_cpp.dir/rosidl_typesupport_introspection_cpp/unitree_go/msg/detail/go2_front_video_data__type_support.cpp.o[0m
[8.571s] [ 38%] [32mBuilding CXX object CMakeFiles/unitree_go__rosidl_typesupport_fastrtps_cpp.dir/rosidl_typesupport_fastrtps_cpp/unitree_go/msg/detail/dds_fastrtps/audio_data__type_support.cpp.o[0m
[8.596s] [ 39%] [32mBuilding CXX object CMakeFiles/unitree_go__rosidl_typesupport_c.dir/rosidl_typesupport_c/unitree_go/msg/motor_cmd__type_support.cpp.o[0m
[8.598s] [ 40%] [32mBuilding C object CMakeFiles/unitree_go__rosidl_typesupport_introspection_c.dir/rosidl_typesupport_introspection_c/unitree_go/msg/detail/motor_cmd__type_support.c.o[0m
[8.598s] [ 40%] [32mBuilding CXX object CMakeFiles/unitree_go__rosidl_typesupport_c.dir/rosidl_typesupport_c/unitree_go/msg/motor_cmds__type_support.cpp.o[0m
[8.599s] [ 40%] [32mBuilding C object CMakeFiles/unitree_go__rosidl_typesupport_introspection_c.dir/rosidl_typesupport_introspection_c/unitree_go/msg/detail/motor_cmds__type_support.c.o[0m
[8.608s] [ 41%] [32mBuilding CXX object CMakeFiles/unitree_go__rosidl_typesupport_c.dir/rosidl_typesupport_c/unitree_go/msg/motor_states__type_support.cpp.o[0m
[8.608s] [ 41%] [32mBuilding CXX object CMakeFiles/unitree_go__rosidl_typesupport_c.dir/rosidl_typesupport_c/unitree_go/msg/motor_state__type_support.cpp.o[0m
[8.613s] [ 41%] [32mBuilding C object CMakeFiles/unitree_go__rosidl_typesupport_introspection_c.dir/rosidl_typesupport_introspection_c/unitree_go/msg/detail/motor_state__type_support.c.o[0m
[8.641s] [ 42%] [32mBuilding CXX object CMakeFiles/unitree_go__rosidl_typesupport_fastrtps_cpp.dir/rosidl_typesupport_fastrtps_cpp/unitree_go/msg/detail/dds_fastrtps/bms_cmd__type_support.cpp.o[0m
[8.646s] [ 42%] [32mBuilding CXX object CMakeFiles/unitree_go__rosidl_typesupport_c.dir/rosidl_typesupport_c/unitree_go/msg/path_point__type_support.cpp.o[0m
[8.646s] [ 43%] [32mBuilding C object CMakeFiles/unitree_go__rosidl_typesupport_introspection_c.dir/rosidl_typesupport_introspection_c/unitree_go/msg/detail/motor_states__type_support.c.o[0m
[8.649s] [ 43%] [32mBuilding C object CMakeFiles/unitree_go__rosidl_typesupport_introspection_c.dir/rosidl_typesupport_introspection_c/unitree_go/msg/detail/path_point__type_support.c.o[0m
[8.651s] [ 44%] [32mBuilding CXX object CMakeFiles/unitree_go__rosidl_typesupport_c.dir/rosidl_typesupport_c/unitree_go/msg/req__type_support.cpp.o[0m
[8.662s] [ 44%] [32mBuilding CXX object CMakeFiles/unitree_go__rosidl_typesupport_fastrtps_cpp.dir/rosidl_typesupport_fastrtps_cpp/unitree_go/msg/detail/dds_fastrtps/bms_state__type_support.cpp.o[0m
[8.732s] [ 45%] [32mBuilding C object CMakeFiles/unitree_go__rosidl_typesupport_introspection_c.dir/rosidl_typesupport_introspection_c/unitree_go/msg/detail/req__type_support.c.o[0m
[8.732s] [ 46%] [32mBuilding CXX object CMakeFiles/unitree_go__rosidl_typesupport_introspection_cpp.dir/rosidl_typesupport_introspection_cpp/unitree_go/msg/detail/height_map__type_support.cpp.o[0m
[8.732s] [ 46%] [32mBuilding CXX object CMakeFiles/unitree_go__rosidl_typesupport_c.dir/rosidl_typesupport_c/unitree_go/msg/res__type_support.cpp.o[0m
[8.733s] [ 47%] [32m[1mLinking CXX shared library libunitree_go__rosidl_typesupport_cpp.so[0m
[8.736s] [ 48%] [32mBuilding CXX object CMakeFiles/unitree_go__rosidl_typesupport_introspection_cpp.dir/rosidl_typesupport_introspection_cpp/unitree_go/msg/detail/interface_config__type_support.cpp.o[0m
[8.742s] [ 48%] [32mBuilding CXX object CMakeFiles/unitree_go__rosidl_typesupport_introspection_cpp.dir/rosidl_typesupport_introspection_cpp/unitree_go/msg/detail/imu_state__type_support.cpp.o[0m
[8.746s] [ 48%] [32mBuilding C object CMakeFiles/unitree_go__rosidl_typesupport_introspection_c.dir/rosidl_typesupport_introspection_c/unitree_go/msg/detail/res__type_support.c.o[0m
[8.791s] [ 49%] [32mBuilding C object CMakeFiles/unitree_go__rosidl_typesupport_introspection_c.dir/rosidl_typesupport_introspection_c/unitree_go/msg/detail/sport_mode_cmd__type_support.c.o[0m
[8.801s] [ 50%] [32mBuilding CXX object CMakeFiles/unitree_go__rosidl_typesupport_c.dir/rosidl_typesupport_c/unitree_go/msg/sport_mode_cmd__type_support.cpp.o[0m
[8.810s] [ 50%] [32mBuilding C object CMakeFiles/unitree_go__rosidl_typesupport_introspection_c.dir/rosidl_typesupport_introspection_c/unitree_go/msg/detail/sport_mode_state__type_support.c.o[0m
[8.831s] [ 50%] Built target unitree_go__rosidl_typesupport_cpp
[8.848s] [ 51%] [32mBuilding CXX object CMakeFiles/unitree_go__rosidl_typesupport_fastrtps_cpp.dir/rosidl_typesupport_fastrtps_cpp/unitree_go/msg/detail/dds_fastrtps/error__type_support.cpp.o[0m
[8.849s] [ 51%] [32mBuilding CXX object CMakeFiles/unitree_go__rosidl_typesupport_c.dir/rosidl_typesupport_c/unitree_go/msg/sport_mode_state__type_support.cpp.o[0m
[8.901s] [ 52%] [32mBuilding CXX object CMakeFiles/unitree_go__rosidl_typesupport_c.dir/rosidl_typesupport_c/unitree_go/msg/time_spec__type_support.cpp.o[0m
[8.915s] [ 52%] [32mBuilding CXX object CMakeFiles/unitree_go__rosidl_typesupport_introspection_cpp.dir/rosidl_typesupport_introspection_cpp/unitree_go/msg/detail/lidar_state__type_support.cpp.o[0m
[8.922s] [ 53%] [32mBuilding C object CMakeFiles/unitree_go__rosidl_typesupport_introspection_c.dir/rosidl_typesupport_introspection_c/unitree_go/msg/detail/time_spec__type_support.c.o[0m
[8.927s] [ 54%] [32mBuilding CXX object CMakeFiles/unitree_go__rosidl_typesupport_introspection_cpp.dir/rosidl_typesupport_introspection_cpp/unitree_go/msg/detail/low_cmd__type_support.cpp.o[0m
[8.971s] [ 54%] [32mBuilding CXX object CMakeFiles/unitree_go__rosidl_typesupport_fastrtps_c.dir/rosidl_typesupport_fastrtps_c/unitree_go/msg/detail/audio_data__type_support_c.cpp.o[0m
[9.036s] [ 54%] [32mBuilding C object CMakeFiles/unitree_go__rosidl_typesupport_introspection_c.dir/rosidl_typesupport_introspection_c/unitree_go/msg/detail/uwb_state__type_support.c.o[0m
[9.058s] [ 54%] [32mBuilding CXX object CMakeFiles/unitree_go__rosidl_typesupport_c.dir/rosidl_typesupport_c/unitree_go/msg/uwb_state__type_support.cpp.o[0m
[9.058s] [ 54%] [32mBuilding CXX object CMakeFiles/unitree_go__rosidl_typesupport_introspection_cpp.dir/rosidl_typesupport_introspection_cpp/unitree_go/msg/detail/low_state__type_support.cpp.o[0m
[9.092s] [ 55%] [32mBuilding C object CMakeFiles/unitree_go__rosidl_typesupport_introspection_c.dir/rosidl_typesupport_introspection_c/unitree_go/msg/detail/uwb_switch__type_support.c.o[0m
[9.108s] [ 56%] [32mBuilding CXX object CMakeFiles/unitree_go__rosidl_typesupport_c.dir/rosidl_typesupport_c/unitree_go/msg/uwb_switch__type_support.cpp.o[0m
[9.122s] [ 56%] [32mBuilding CXX object CMakeFiles/unitree_go__rosidl_typesupport_introspection_cpp.dir/rosidl_typesupport_introspection_cpp/unitree_go/msg/detail/motor_cmd__type_support.cpp.o[0m
[9.138s] [ 57%] [32mBuilding CXX object CMakeFiles/unitree_go__rosidl_typesupport_introspection_cpp.dir/rosidl_typesupport_introspection_cpp/unitree_go/msg/detail/motor_cmds__type_support.cpp.o[0m
[9.144s] [ 57%] [32mBuilding CXX object CMakeFiles/unitree_go__rosidl_typesupport_fastrtps_cpp.dir/rosidl_typesupport_fastrtps_cpp/unitree_go/msg/detail/dds_fastrtps/go2_front_video_data__type_support.cpp.o[0m
[9.158s] [ 57%] [32mBuilding C object CMakeFiles/unitree_go__rosidl_typesupport_introspection_c.dir/rosidl_typesupport_introspection_c/unitree_go/msg/detail/wireless_controller__type_support.c.o[0m
[9.165s] [ 57%] [32mBuilding CXX object CMakeFiles/unitree_go__rosidl_typesupport_c.dir/rosidl_typesupport_c/unitree_go/msg/wireless_controller__type_support.cpp.o[0m
[9.203s] [ 57%] [32mBuilding CXX object CMakeFiles/unitree_go__rosidl_typesupport_introspection_cpp.dir/rosidl_typesupport_introspection_cpp/unitree_go/msg/detail/motor_state__type_support.cpp.o[0m
[9.206s] [ 58%] [32mBuilding CXX object CMakeFiles/unitree_go__rosidl_typesupport_fastrtps_cpp.dir/rosidl_typesupport_fastrtps_cpp/unitree_go/msg/detail/dds_fastrtps/height_map__type_support.cpp.o[0m
[9.211s] [ 58%] [32mBuilding CXX object CMakeFiles/unitree_go__rosidl_typesupport_fastrtps_cpp.dir/rosidl_typesupport_fastrtps_cpp/unitree_go/msg/detail/dds_fastrtps/imu_state__type_support.cpp.o[0m
[9.211s] [ 59%] [32m[1mLinking C shared library libunitree_go__rosidl_typesupport_introspection_c.so[0m
[9.214s] [ 60%] [32m[1mLinking CXX shared library libunitree_go__rosidl_typesupport_c.so[0m
[9.271s] [ 60%] Built target unitree_go__rosidl_typesupport_introspection_c
[9.285s] [ 61%] [32mBuilding CXX object CMakeFiles/unitree_go__rosidl_typesupport_fastrtps_cpp.dir/rosidl_typesupport_fastrtps_cpp/unitree_go/msg/detail/dds_fastrtps/interface_config__type_support.cpp.o[0m
[9.294s] [ 61%] Built target unitree_go__rosidl_typesupport_c
[9.296s] [ 61%] [32mBuilding CXX object CMakeFiles/unitree_go__rosidl_typesupport_fastrtps_cpp.dir/rosidl_typesupport_fastrtps_cpp/unitree_go/msg/detail/dds_fastrtps/lidar_state__type_support.cpp.o[0m
[9.310s] [ 62%] [32mBuilding CXX object CMakeFiles/unitree_go__rosidl_typesupport_fastrtps_cpp.dir/rosidl_typesupport_fastrtps_cpp/unitree_go/msg/detail/dds_fastrtps/low_cmd__type_support.cpp.o[0m
[9.337s] [ 62%] [32mBuilding CXX object CMakeFiles/unitree_go__rosidl_typesupport_fastrtps_cpp.dir/rosidl_typesupport_fastrtps_cpp/unitree_go/msg/detail/dds_fastrtps/low_state__type_support.cpp.o[0m
[9.440s] [ 63%] [32mBuilding CXX object CMakeFiles/unitree_go__rosidl_typesupport_introspection_cpp.dir/rosidl_typesupport_introspection_cpp/unitree_go/msg/detail/motor_states__type_support.cpp.o[0m
[9.440s] [ 64%] [32mBuilding CXX object CMakeFiles/unitree_go__rosidl_typesupport_fastrtps_c.dir/rosidl_typesupport_fastrtps_c/unitree_go/msg/detail/bms_cmd__type_support_c.cpp.o[0m
[9.567s] [ 64%] [32mBuilding CXX object CMakeFiles/unitree_go__rosidl_typesupport_introspection_cpp.dir/rosidl_typesupport_introspection_cpp/unitree_go/msg/detail/path_point__type_support.cpp.o[0m
[9.575s] [ 65%] [32mBuilding CXX object CMakeFiles/unitree_go__rosidl_typesupport_introspection_cpp.dir/rosidl_typesupport_introspection_cpp/unitree_go/msg/detail/req__type_support.cpp.o[0m
[9.644s] [ 65%] [32mBuilding CXX object CMakeFiles/unitree_go__rosidl_typesupport_fastrtps_c.dir/rosidl_typesupport_fastrtps_c/unitree_go/msg/detail/bms_state__type_support_c.cpp.o[0m
[9.827s] [ 65%] [32mBuilding CXX object CMakeFiles/unitree_go__rosidl_typesupport_introspection_cpp.dir/rosidl_typesupport_introspection_cpp/unitree_go/msg/detail/res__type_support.cpp.o[0m
[9.827s] [ 67%] [32mBuilding CXX object CMakeFiles/unitree_go__rosidl_typesupport_fastrtps_cpp.dir/rosidl_typesupport_fastrtps_cpp/unitree_go/msg/detail/dds_fastrtps/motor_cmds__type_support.cpp.o[0m
[9.835s] [ 67%] [32mBuilding CXX object CMakeFiles/unitree_go__rosidl_typesupport_fastrtps_cpp.dir/rosidl_typesupport_fastrtps_cpp/unitree_go/msg/detail/dds_fastrtps/motor_cmd__type_support.cpp.o[0m
[9.835s] [ 66%] [32mBuilding CXX object CMakeFiles/unitree_go__rosidl_typesupport_fastrtps_c.dir/rosidl_typesupport_fastrtps_c/unitree_go/msg/detail/error__type_support_c.cpp.o[0m
[9.868s] [ 67%] [32mBuilding CXX object CMakeFiles/unitree_go__rosidl_typesupport_fastrtps_c.dir/rosidl_typesupport_fastrtps_c/unitree_go/msg/detail/go2_front_video_data__type_support_c.cpp.o[0m
[9.879s] [ 67%] [32mBuilding CXX object CMakeFiles/unitree_go__rosidl_typesupport_fastrtps_cpp.dir/rosidl_typesupport_fastrtps_cpp/unitree_go/msg/detail/dds_fastrtps/motor_state__type_support.cpp.o[0m
[9.920s] [ 68%] [32mBuilding CXX object CMakeFiles/unitree_go__rosidl_typesupport_fastrtps_cpp.dir/rosidl_typesupport_fastrtps_cpp/unitree_go/msg/detail/dds_fastrtps/motor_states__type_support.cpp.o[0m
[9.955s] [ 68%] [32mBuilding CXX object CMakeFiles/unitree_go__rosidl_typesupport_fastrtps_cpp.dir/rosidl_typesupport_fastrtps_cpp/unitree_go/msg/detail/dds_fastrtps/path_point__type_support.cpp.o[0m
[9.958s] [ 69%] [32mBuilding CXX object CMakeFiles/unitree_go__rosidl_typesupport_fastrtps_cpp.dir/rosidl_typesupport_fastrtps_cpp/unitree_go/msg/detail/dds_fastrtps/req__type_support.cpp.o[0m
[10.074s] [ 70%] [32mBuilding CXX object CMakeFiles/unitree_go__rosidl_typesupport_fastrtps_c.dir/rosidl_typesupport_fastrtps_c/unitree_go/msg/detail/height_map__type_support_c.cpp.o[0m
[10.074s] [ 71%] [32mBuilding CXX object CMakeFiles/unitree_go__rosidl_typesupport_introspection_cpp.dir/rosidl_typesupport_introspection_cpp/unitree_go/msg/detail/sport_mode_cmd__type_support.cpp.o[0m
[10.156s] [ 71%] [32mBuilding CXX object CMakeFiles/unitree_go__rosidl_typesupport_introspection_cpp.dir/rosidl_typesupport_introspection_cpp/unitree_go/msg/detail/sport_mode_state__type_support.cpp.o[0m
[10.176s] [ 71%] [32mBuilding CXX object CMakeFiles/unitree_go__rosidl_typesupport_fastrtps_c.dir/rosidl_typesupport_fastrtps_c/unitree_go/msg/detail/imu_state__type_support_c.cpp.o[0m
[10.240s] [ 72%] [32mBuilding CXX object CMakeFiles/unitree_go__rosidl_typesupport_fastrtps_c.dir/rosidl_typesupport_fastrtps_c/unitree_go/msg/detail/interface_config__type_support_c.cpp.o[0m
[10.268s] [ 73%] [32mBuilding CXX object CMakeFiles/unitree_go__rosidl_typesupport_introspection_cpp.dir/rosidl_typesupport_introspection_cpp/unitree_go/msg/detail/time_spec__type_support.cpp.o[0m
[10.344s] [ 73%] [32mBuilding CXX object CMakeFiles/unitree_go__rosidl_typesupport_fastrtps_cpp.dir/rosidl_typesupport_fastrtps_cpp/unitree_go/msg/detail/dds_fastrtps/res__type_support.cpp.o[0m
[10.352s] [ 73%] [32mBuilding CXX object CMakeFiles/unitree_go__rosidl_typesupport_fastrtps_c.dir/rosidl_typesupport_fastrtps_c/unitree_go/msg/detail/lidar_state__type_support_c.cpp.o[0m
[10.405s] [ 74%] [32mBuilding CXX object CMakeFiles/unitree_go__rosidl_typesupport_fastrtps_c.dir/rosidl_typesupport_fastrtps_c/unitree_go/msg/detail/low_cmd__type_support_c.cpp.o[0m
[10.414s] [ 75%] [32mBuilding CXX object CMakeFiles/unitree_go__rosidl_typesupport_fastrtps_cpp.dir/rosidl_typesupport_fastrtps_cpp/unitree_go/msg/detail/dds_fastrtps/sport_mode_cmd__type_support.cpp.o[0m
[10.586s] [ 75%] [32mBuilding CXX object CMakeFiles/unitree_go__rosidl_typesupport_fastrtps_cpp.dir/rosidl_typesupport_fastrtps_cpp/unitree_go/msg/detail/dds_fastrtps/sport_mode_state__type_support.cpp.o[0m
[10.625s] [ 76%] [32mBuilding CXX object CMakeFiles/unitree_go__rosidl_typesupport_fastrtps_cpp.dir/rosidl_typesupport_fastrtps_cpp/unitree_go/msg/detail/dds_fastrtps/time_spec__type_support.cpp.o[0m
[10.640s] [ 76%] [32mBuilding CXX object CMakeFiles/unitree_go__rosidl_typesupport_fastrtps_cpp.dir/rosidl_typesupport_fastrtps_cpp/unitree_go/msg/detail/dds_fastrtps/uwb_state__type_support.cpp.o[0m
[10.640s] [ 76%] [32mBuilding CXX object CMakeFiles/unitree_go__rosidl_typesupport_introspection_cpp.dir/rosidl_typesupport_introspection_cpp/unitree_go/msg/detail/uwb_state__type_support.cpp.o[0m
[10.655s] [ 77%] [32mBuilding CXX object CMakeFiles/unitree_go__rosidl_typesupport_introspection_cpp.dir/rosidl_typesupport_introspection_cpp/unitree_go/msg/detail/uwb_switch__type_support.cpp.o[0m
[10.779s] [ 77%] [32mBuilding CXX object CMakeFiles/unitree_go__rosidl_typesupport_fastrtps_c.dir/rosidl_typesupport_fastrtps_c/unitree_go/msg/detail/low_state__type_support_c.cpp.o[0m
[10.793s] [ 77%] [32mBuilding CXX object CMakeFiles/unitree_go__rosidl_typesupport_introspection_cpp.dir/rosidl_typesupport_introspection_cpp/unitree_go/msg/detail/wireless_controller__type_support.cpp.o[0m
[10.812s] [ 78%] [32mBuilding CXX object CMakeFiles/unitree_go__rosidl_typesupport_fastrtps_c.dir/rosidl_typesupport_fastrtps_c/unitree_go/msg/detail/motor_cmd__type_support_c.cpp.o[0m
[10.839s] [ 78%] [32mBuilding CXX object CMakeFiles/unitree_go__rosidl_typesupport_fastrtps_c.dir/rosidl_typesupport_fastrtps_c/unitree_go/msg/detail/motor_cmds__type_support_c.cpp.o[0m
[10.913s] [ 78%] [32mBuilding CXX object CMakeFiles/unitree_go__rosidl_typesupport_fastrtps_c.dir/rosidl_typesupport_fastrtps_c/unitree_go/msg/detail/motor_state__type_support_c.cpp.o[0m
[10.913s] [ 79%] [32mBuilding CXX object CMakeFiles/unitree_go__rosidl_typesupport_fastrtps_cpp.dir/rosidl_typesupport_fastrtps_cpp/unitree_go/msg/detail/dds_fastrtps/uwb_switch__type_support.cpp.o[0m
[11.044s] [ 80%] [32mBuilding CXX object CMakeFiles/unitree_go__rosidl_typesupport_fastrtps_c.dir/rosidl_typesupport_fastrtps_c/unitree_go/msg/detail/motor_states__type_support_c.cpp.o[0m
[11.091s] [ 80%] [32mBuilding CXX object CMakeFiles/unitree_go__rosidl_typesupport_fastrtps_cpp.dir/rosidl_typesupport_fastrtps_cpp/unitree_go/msg/detail/dds_fastrtps/wireless_controller__type_support.cpp.o[0m
[11.129s] [ 80%] [32mBuilding CXX object CMakeFiles/unitree_go__rosidl_typesupport_fastrtps_c.dir/rosidl_typesupport_fastrtps_c/unitree_go/msg/detail/path_point__type_support_c.cpp.o[0m
[11.329s] [ 81%] [32mBuilding CXX object CMakeFiles/unitree_go__rosidl_typesupport_fastrtps_c.dir/rosidl_typesupport_fastrtps_c/unitree_go/msg/detail/req__type_support_c.cpp.o[0m
[11.343s] [ 81%] [32mBuilding CXX object CMakeFiles/unitree_go__rosidl_typesupport_fastrtps_c.dir/rosidl_typesupport_fastrtps_c/unitree_go/msg/detail/res__type_support_c.cpp.o[0m
[11.358s] [ 82%] [32mBuilding CXX object CMakeFiles/unitree_go__rosidl_typesupport_fastrtps_c.dir/rosidl_typesupport_fastrtps_c/unitree_go/msg/detail/sport_mode_cmd__type_support_c.cpp.o[0m
[11.358s] [ 82%] [32mBuilding CXX object CMakeFiles/unitree_go__rosidl_typesupport_fastrtps_c.dir/rosidl_typesupport_fastrtps_c/unitree_go/msg/detail/sport_mode_state__type_support_c.cpp.o[0m
[11.489s] [ 83%] [32mBuilding CXX object CMakeFiles/unitree_go__rosidl_typesupport_fastrtps_c.dir/rosidl_typesupport_fastrtps_c/unitree_go/msg/detail/time_spec__type_support_c.cpp.o[0m
[11.492s] [ 83%] [32mBuilding CXX object CMakeFiles/unitree_go__rosidl_typesupport_fastrtps_c.dir/rosidl_typesupport_fastrtps_c/unitree_go/msg/detail/uwb_state__type_support_c.cpp.o[0m
[11.562s] [ 84%] [32mBuilding CXX object CMakeFiles/unitree_go__rosidl_typesupport_fastrtps_c.dir/rosidl_typesupport_fastrtps_c/unitree_go/msg/detail/uwb_switch__type_support_c.cpp.o[0m
[11.700s] [ 84%] [32mBuilding CXX object CMakeFiles/unitree_go__rosidl_typesupport_fastrtps_c.dir/rosidl_typesupport_fastrtps_c/unitree_go/msg/detail/wireless_controller__type_support_c.cpp.o[0m
[11.832s] [ 85%] [32m[1mLinking CXX shared library libunitree_go__rosidl_typesupport_fastrtps_cpp.so[0m
[11.961s] [ 85%] Built target unitree_go__rosidl_typesupport_fastrtps_cpp
[11.968s] [ 86%] [32m[1mLinking CXX shared library libunitree_go__rosidl_typesupport_introspection_cpp.so[0m
[12.168s] [ 86%] Built target unitree_go__rosidl_typesupport_introspection_cpp
[12.379s] [ 87%] [32m[1mLinking CXX shared library libunitree_go__rosidl_typesupport_fastrtps_c.so[0m
[12.496s] [ 87%] Built target unitree_go__rosidl_typesupport_fastrtps_c
[12.558s] [ 87%] Built target unitree_go
[12.631s] [ 88%] [34m[1mGenerating Python code for ROS interfaces[0m
[14.470s] [ 88%] Built target unitree_go__py
[14.487s] [ 88%] [32mBuilding C object CMakeFiles/unitree_go__rosidl_generator_py.dir/rosidl_generator_py/unitree_go/msg/_go2_front_video_data_s.c.o[0m
[14.487s] [ 88%] [32mBuilding C object CMakeFiles/unitree_go__rosidl_generator_py.dir/rosidl_generator_py/unitree_go/msg/_bms_state_s.c.o[0m
[14.488s] [ 89%] [32mBuilding C object CMakeFiles/unitree_go__rosidl_generator_py.dir/rosidl_generator_py/unitree_go/msg/_bms_cmd_s.c.o[0m
[14.488s] [ 88%] [32mBuilding C object CMakeFiles/unitree_go__rosidl_generator_py.dir/rosidl_generator_py/unitree_go/msg/_audio_data_s.c.o[0m
[14.488s] [ 90%] [32mBuilding C object CMakeFiles/unitree_go__rosidl_generator_py.dir/rosidl_generator_py/unitree_go/msg/_error_s.c.o[0m
[14.490s] [ 91%] [32mBuilding C object CMakeFiles/unitree_go__rosidl_generator_py.dir/rosidl_generator_py/unitree_go/msg/_height_map_s.c.o[0m
[14.490s] [ 91%] [32mBuilding C object CMakeFiles/unitree_go__rosidl_generator_py.dir/rosidl_generator_py/unitree_go/msg/_imu_state_s.c.o[0m
[14.491s] [ 92%] [32mBuilding C object CMakeFiles/unitree_go__rosidl_generator_py.dir/rosidl_generator_py/unitree_go/msg/_interface_config_s.c.o[0m
[14.492s] [ 93%] [32mBuilding C object CMakeFiles/unitree_go__rosidl_generator_py.dir/rosidl_generator_py/unitree_go/msg/_low_cmd_s.c.o[0m
[14.492s] [ 93%] [32mBuilding C object CMakeFiles/unitree_go__rosidl_generator_py.dir/rosidl_generator_py/unitree_go/msg/_motor_cmd_s.c.o[0m
[14.493s] [ 93%] [32mBuilding C object CMakeFiles/unitree_go__rosidl_generator_py.dir/rosidl_generator_py/unitree_go/msg/_lidar_state_s.c.o[0m
[14.493s] [ 93%] [32mBuilding C object CMakeFiles/unitree_go__rosidl_generator_py.dir/rosidl_generator_py/unitree_go/msg/_low_state_s.c.o[0m
[14.494s] [ 94%] [32mBuilding C object CMakeFiles/unitree_go__rosidl_generator_py.dir/rosidl_generator_py/unitree_go/msg/_motor_cmds_s.c.o[0m
[14.526s] [ 94%] [32mBuilding C object CMakeFiles/unitree_go__rosidl_generator_py.dir/rosidl_generator_py/unitree_go/msg/_motor_state_s.c.o[0m
[14.526s] [ 95%] [32mBuilding C object CMakeFiles/unitree_go__rosidl_generator_py.dir/rosidl_generator_py/unitree_go/msg/_motor_states_s.c.o[0m
[14.536s] [ 95%] [32mBuilding C object CMakeFiles/unitree_go__rosidl_generator_py.dir/rosidl_generator_py/unitree_go/msg/_path_point_s.c.o[0m
[14.559s] [ 96%] [32mBuilding C object CMakeFiles/unitree_go__rosidl_generator_py.dir/rosidl_generator_py/unitree_go/msg/_req_s.c.o[0m
[14.564s] [ 96%] [32mBuilding C object CMakeFiles/unitree_go__rosidl_generator_py.dir/rosidl_generator_py/unitree_go/msg/_res_s.c.o[0m
[14.575s] [ 97%] [32mBuilding C object CMakeFiles/unitree_go__rosidl_generator_py.dir/rosidl_generator_py/unitree_go/msg/_sport_mode_cmd_s.c.o[0m
[14.582s] [ 97%] [32mBuilding C object CMakeFiles/unitree_go__rosidl_generator_py.dir/rosidl_generator_py/unitree_go/msg/_sport_mode_state_s.c.o[0m
[14.587s] [ 98%] [32mBuilding C object CMakeFiles/unitree_go__rosidl_generator_py.dir/rosidl_generator_py/unitree_go/msg/_time_spec_s.c.o[0m
[14.620s] [ 98%] [32mBuilding C object CMakeFiles/unitree_go__rosidl_generator_py.dir/rosidl_generator_py/unitree_go/msg/_uwb_state_s.c.o[0m
[14.623s] [ 99%] [32mBuilding C object CMakeFiles/unitree_go__rosidl_generator_py.dir/rosidl_generator_py/unitree_go/msg/_uwb_switch_s.c.o[0m
[14.625s] [ 99%] [32mBuilding C object CMakeFiles/unitree_go__rosidl_generator_py.dir/rosidl_generator_py/unitree_go/msg/_wireless_controller_s.c.o[0m
[14.705s] [100%] [32m[1mLinking C shared library rosidl_generator_py/unitree_go/libunitree_go__rosidl_generator_py.so[0m
[14.737s] [100%] Built target unitree_go__rosidl_generator_py
[14.755s] [100%] [32mBuilding C object CMakeFiles/unitree_go__rosidl_typesupport_c__pyext.dir/rosidl_generator_py/unitree_go/_unitree_go_s.ep.rosidl_typesupport_c.c.o[0m
[14.755s] [100%] [32mBuilding C object CMakeFiles/unitree_go__rosidl_typesupport_introspection_c__pyext.dir/rosidl_generator_py/unitree_go/_unitree_go_s.ep.rosidl_typesupport_introspection_c.c.o[0m
[14.758s] [100%] [32mBuilding C object CMakeFiles/unitree_go__rosidl_typesupport_fastrtps_c__pyext.dir/rosidl_generator_py/unitree_go/_unitree_go_s.ep.rosidl_typesupport_fastrtps_c.c.o[0m
[14.841s] [100%] [32m[1mLinking C shared library rosidl_generator_py/unitree_go/unitree_go_s__rosidl_typesupport_introspection_c.cpython-310-x86_64-linux-gnu.so[0m
[14.855s] [100%] [32m[1mLinking C shared library rosidl_generator_py/unitree_go/unitree_go_s__rosidl_typesupport_c.cpython-310-x86_64-linux-gnu.so[0m
[14.857s] [100%] [32m[1mLinking C shared library rosidl_generator_py/unitree_go/unitree_go_s__rosidl_typesupport_fastrtps_c.cpython-310-x86_64-linux-gnu.so[0m
[14.882s] [100%] Built target unitree_go__rosidl_typesupport_introspection_c__pyext
[14.888s] [100%] Built target unitree_go__rosidl_typesupport_fastrtps_c__pyext
[14.888s] [100%] Built target unitree_go__rosidl_typesupport_c__pyext
[14.897s] Invoked command in '/home/jason/projects/unitree_sdk2_ws/build/unitree_go' returned '0': CMAKE_PREFIX_PATH=${CMAKE_PREFIX_PATH}:/opt/ros/humble /usr/bin/cmake --build /home/jason/projects/unitree_sdk2_ws/build/unitree_go -- -j16 -l16
[14.898s] Invoking command in '/home/jason/projects/unitree_sdk2_ws/build/unitree_go': CMAKE_PREFIX_PATH=${CMAKE_PREFIX_PATH}:/opt/ros/humble /usr/bin/cmake --install /home/jason/projects/unitree_sdk2_ws/build/unitree_go
[14.905s] -- Install configuration: ""
[14.906s] -- Execute custom install script
[14.906s] -- Symlinking: /home/jason/projects/unitree_sdk2_ws/install/unitree_go/share/ament_index/resource_index/rosidl_interfaces/unitree_go
[14.913s] -- Symlinking: /home/jason/projects/unitree_sdk2_ws/install/unitree_go/include/unitree_go/unitree_go/msg/audio_data.h
[14.919s] -- Symlinking: /home/jason/projects/unitree_sdk2_ws/install/unitree_go/include/unitree_go/unitree_go/msg/bms_cmd.h
[14.925s] -- Symlinking: /home/jason/projects/unitree_sdk2_ws/install/unitree_go/include/unitree_go/unitree_go/msg/bms_state.h
[14.932s] -- Symlinking: /home/jason/projects/unitree_sdk2_ws/install/unitree_go/include/unitree_go/unitree_go/msg/detail/audio_data__functions.h
[14.940s] -- Symlinking: /home/jason/projects/unitree_sdk2_ws/install/unitree_go/include/unitree_go/unitree_go/msg/detail/audio_data__struct.h
[14.945s] -- Symlinking: /home/jason/projects/unitree_sdk2_ws/install/unitree_go/include/unitree_go/unitree_go/msg/detail/audio_data__type_support.h
[14.951s] -- Symlinking: /home/jason/projects/unitree_sdk2_ws/install/unitree_go/include/unitree_go/unitree_go/msg/detail/bms_cmd__functions.h
[14.958s] -- Symlinking: /home/jason/projects/unitree_sdk2_ws/install/unitree_go/include/unitree_go/unitree_go/msg/detail/bms_cmd__struct.h
[14.963s] -- Symlinking: /home/jason/projects/unitree_sdk2_ws/install/unitree_go/include/unitree_go/unitree_go/msg/detail/bms_cmd__type_support.h
[14.969s] -- Symlinking: /home/jason/projects/unitree_sdk2_ws/install/unitree_go/include/unitree_go/unitree_go/msg/detail/bms_state__functions.h
[14.979s] -- Symlinking: /home/jason/projects/unitree_sdk2_ws/install/unitree_go/include/unitree_go/unitree_go/msg/detail/bms_state__struct.h
[14.986s] -- Symlinking: /home/jason/projects/unitree_sdk2_ws/install/unitree_go/include/unitree_go/unitree_go/msg/detail/bms_state__type_support.h
[14.992s] -- Symlinking: /home/jason/projects/unitree_sdk2_ws/install/unitree_go/include/unitree_go/unitree_go/msg/detail/error__functions.h
[14.999s] -- Symlinking: /home/jason/projects/unitree_sdk2_ws/install/unitree_go/include/unitree_go/unitree_go/msg/detail/error__struct.h
[15.003s] -- Symlinking: /home/jason/projects/unitree_sdk2_ws/install/unitree_go/include/unitree_go/unitree_go/msg/detail/error__type_support.h
[15.009s] -- Symlinking: /home/jason/projects/unitree_sdk2_ws/install/unitree_go/include/unitree_go/unitree_go/msg/detail/go2_front_video_data__functions.h
[15.013s] -- Symlinking: /home/jason/projects/unitree_sdk2_ws/install/unitree_go/include/unitree_go/unitree_go/msg/detail/go2_front_video_data__struct.h
[15.019s] -- Symlinking: /home/jason/projects/unitree_sdk2_ws/install/unitree_go/include/unitree_go/unitree_go/msg/detail/go2_front_video_data__type_support.h
[15.025s] -- Symlinking: /home/jason/projects/unitree_sdk2_ws/install/unitree_go/include/unitree_go/unitree_go/msg/detail/height_map__functions.h
[15.030s] -- Symlinking: /home/jason/projects/unitree_sdk2_ws/install/unitree_go/include/unitree_go/unitree_go/msg/detail/height_map__struct.h
[15.034s] -- Symlinking: /home/jason/projects/unitree_sdk2_ws/install/unitree_go/include/unitree_go/unitree_go/msg/detail/height_map__type_support.h
[15.040s] -- Symlinking: /home/jason/projects/unitree_sdk2_ws/install/unitree_go/include/unitree_go/unitree_go/msg/detail/imu_state__functions.h
[15.047s] -- Symlinking: /home/jason/projects/unitree_sdk2_ws/install/unitree_go/include/unitree_go/unitree_go/msg/detail/imu_state__struct.h
[15.052s] -- Symlinking: /home/jason/projects/unitree_sdk2_ws/install/unitree_go/include/unitree_go/unitree_go/msg/detail/imu_state__type_support.h
[15.057s] -- Symlinking: /home/jason/projects/unitree_sdk2_ws/install/unitree_go/include/unitree_go/unitree_go/msg/detail/interface_config__functions.h
[15.062s] -- Symlinking: /home/jason/projects/unitree_sdk2_ws/install/unitree_go/include/unitree_go/unitree_go/msg/detail/interface_config__struct.h
[15.068s] -- Symlinking: /home/jason/projects/unitree_sdk2_ws/install/unitree_go/include/unitree_go/unitree_go/msg/detail/interface_config__type_support.h
[15.072s] -- Symlinking: /home/jason/projects/unitree_sdk2_ws/install/unitree_go/include/unitree_go/unitree_go/msg/detail/lidar_state__functions.h
[15.077s] -- Symlinking: /home/jason/projects/unitree_sdk2_ws/install/unitree_go/include/unitree_go/unitree_go/msg/detail/lidar_state__struct.h
[15.082s] -- Symlinking: /home/jason/projects/unitree_sdk2_ws/install/unitree_go/include/unitree_go/unitree_go/msg/detail/lidar_state__type_support.h
[15.089s] -- Symlinking: /home/jason/projects/unitree_sdk2_ws/install/unitree_go/include/unitree_go/unitree_go/msg/detail/low_cmd__functions.h
[15.093s] -- Symlinking: /home/jason/projects/unitree_sdk2_ws/install/unitree_go/include/unitree_go/unitree_go/msg/detail/low_cmd__struct.h
[15.098s] -- Symlinking: /home/jason/projects/unitree_sdk2_ws/install/unitree_go/include/unitree_go/unitree_go/msg/detail/low_cmd__type_support.h
[15.103s] -- Symlinking: /home/jason/projects/unitree_sdk2_ws/install/unitree_go/include/unitree_go/unitree_go/msg/detail/low_state__functions.h
[15.109s] -- Symlinking: /home/jason/projects/unitree_sdk2_ws/install/unitree_go/include/unitree_go/unitree_go/msg/detail/low_state__struct.h
[15.114s] -- Symlinking: /home/jason/projects/unitree_sdk2_ws/install/unitree_go/include/unitree_go/unitree_go/msg/detail/low_state__type_support.h
[15.120s] -- Symlinking: /home/jason/projects/unitree_sdk2_ws/install/unitree_go/include/unitree_go/unitree_go/msg/detail/motor_cmd__functions.h
[15.124s] -- Symlinking: /home/jason/projects/unitree_sdk2_ws/install/unitree_go/include/unitree_go/unitree_go/msg/detail/motor_cmd__struct.h
[15.129s] -- Symlinking: /home/jason/projects/unitree_sdk2_ws/install/unitree_go/include/unitree_go/unitree_go/msg/detail/motor_cmd__type_support.h
[15.135s] -- Symlinking: /home/jason/projects/unitree_sdk2_ws/install/unitree_go/include/unitree_go/unitree_go/msg/detail/motor_cmds__functions.h
[15.141s] -- Symlinking: /home/jason/projects/unitree_sdk2_ws/install/unitree_go/include/unitree_go/unitree_go/msg/detail/motor_cmds__struct.h
[15.145s] -- Symlinking: /home/jason/projects/unitree_sdk2_ws/install/unitree_go/include/unitree_go/unitree_go/msg/detail/motor_cmds__type_support.h
[15.150s] -- Symlinking: /home/jason/projects/unitree_sdk2_ws/install/unitree_go/include/unitree_go/unitree_go/msg/detail/motor_state__functions.h
[15.155s] -- Symlinking: /home/jason/projects/unitree_sdk2_ws/install/unitree_go/include/unitree_go/unitree_go/msg/detail/motor_state__struct.h
[15.159s] -- Symlinking: /home/jason/projects/unitree_sdk2_ws/install/unitree_go/include/unitree_go/unitree_go/msg/detail/motor_state__type_support.h
[15.164s] -- Symlinking: /home/jason/projects/unitree_sdk2_ws/install/unitree_go/include/unitree_go/unitree_go/msg/detail/motor_states__functions.h
[15.170s] -- Symlinking: /home/jason/projects/unitree_sdk2_ws/install/unitree_go/include/unitree_go/unitree_go/msg/detail/motor_states__struct.h
[15.175s] -- Symlinking: /home/jason/projects/unitree_sdk2_ws/install/unitree_go/include/unitree_go/unitree_go/msg/detail/motor_states__type_support.h
[15.179s] -- Symlinking: /home/jason/projects/unitree_sdk2_ws/install/unitree_go/include/unitree_go/unitree_go/msg/detail/path_point__functions.h
[15.185s] -- Symlinking: /home/jason/projects/unitree_sdk2_ws/install/unitree_go/include/unitree_go/unitree_go/msg/detail/path_point__struct.h
[15.191s] -- Symlinking: /home/jason/projects/unitree_sdk2_ws/install/unitree_go/include/unitree_go/unitree_go/msg/detail/path_point__type_support.h
[15.196s] -- Symlinking: /home/jason/projects/unitree_sdk2_ws/install/unitree_go/include/unitree_go/unitree_go/msg/detail/req__functions.h
[15.203s] -- Symlinking: /home/jason/projects/unitree_sdk2_ws/install/unitree_go/include/unitree_go/unitree_go/msg/detail/req__struct.h
[15.209s] -- Symlinking: /home/jason/projects/unitree_sdk2_ws/install/unitree_go/include/unitree_go/unitree_go/msg/detail/req__type_support.h
[15.216s] -- Symlinking: /home/jason/projects/unitree_sdk2_ws/install/unitree_go/include/unitree_go/unitree_go/msg/detail/res__functions.h
[15.223s] -- Symlinking: /home/jason/projects/unitree_sdk2_ws/install/unitree_go/include/unitree_go/unitree_go/msg/detail/res__struct.h
[15.229s] -- Symlinking: /home/jason/projects/unitree_sdk2_ws/install/unitree_go/include/unitree_go/unitree_go/msg/detail/res__type_support.h
[15.234s] -- Symlinking: /home/jason/projects/unitree_sdk2_ws/install/unitree_go/include/unitree_go/unitree_go/msg/detail/sport_mode_cmd__functions.h
[15.239s] -- Symlinking: /home/jason/projects/unitree_sdk2_ws/install/unitree_go/include/unitree_go/unitree_go/msg/detail/sport_mode_cmd__struct.h
[15.244s] -- Symlinking: /home/jason/projects/unitree_sdk2_ws/install/unitree_go/include/unitree_go/unitree_go/msg/detail/sport_mode_cmd__type_support.h
[15.250s] -- Symlinking: /home/jason/projects/unitree_sdk2_ws/install/unitree_go/include/unitree_go/unitree_go/msg/detail/sport_mode_state__functions.h
[15.254s] -- Symlinking: /home/jason/projects/unitree_sdk2_ws/install/unitree_go/include/unitree_go/unitree_go/msg/detail/sport_mode_state__struct.h
[15.259s] -- Symlinking: /home/jason/projects/unitree_sdk2_ws/install/unitree_go/include/unitree_go/unitree_go/msg/detail/sport_mode_state__type_support.h
[15.263s] -- Symlinking: /home/jason/projects/unitree_sdk2_ws/install/unitree_go/include/unitree_go/unitree_go/msg/detail/time_spec__functions.h
[15.268s] -- Symlinking: /home/jason/projects/unitree_sdk2_ws/install/unitree_go/include/unitree_go/unitree_go/msg/detail/time_spec__struct.h
[15.273s] -- Symlinking: /home/jason/projects/unitree_sdk2_ws/install/unitree_go/include/unitree_go/unitree_go/msg/detail/time_spec__type_support.h
[15.277s] -- Symlinking: /home/jason/projects/unitree_sdk2_ws/install/unitree_go/include/unitree_go/unitree_go/msg/detail/uwb_state__functions.h
[15.283s] -- Symlinking: /home/jason/projects/unitree_sdk2_ws/install/unitree_go/include/unitree_go/unitree_go/msg/detail/uwb_state__struct.h
[15.288s] -- Symlinking: /home/jason/projects/unitree_sdk2_ws/install/unitree_go/include/unitree_go/unitree_go/msg/detail/uwb_state__type_support.h
[15.293s] -- Symlinking: /home/jason/projects/unitree_sdk2_ws/install/unitree_go/include/unitree_go/unitree_go/msg/detail/uwb_switch__functions.h
[15.300s] -- Symlinking: /home/jason/projects/unitree_sdk2_ws/install/unitree_go/include/unitree_go/unitree_go/msg/detail/uwb_switch__struct.h
[15.306s] -- Symlinking: /home/jason/projects/unitree_sdk2_ws/install/unitree_go/include/unitree_go/unitree_go/msg/detail/uwb_switch__type_support.h
[15.311s] -- Symlinking: /home/jason/projects/unitree_sdk2_ws/install/unitree_go/include/unitree_go/unitree_go/msg/detail/wireless_controller__functions.h
[15.318s] -- Symlinking: /home/jason/projects/unitree_sdk2_ws/install/unitree_go/include/unitree_go/unitree_go/msg/detail/wireless_controller__struct.h
[15.323s] -- Symlinking: /home/jason/projects/unitree_sdk2_ws/install/unitree_go/include/unitree_go/unitree_go/msg/detail/wireless_controller__type_support.h
[15.329s] -- Symlinking: /home/jason/projects/unitree_sdk2_ws/install/unitree_go/include/unitree_go/unitree_go/msg/error.h
[15.333s] -- Symlinking: /home/jason/projects/unitree_sdk2_ws/install/unitree_go/include/unitree_go/unitree_go/msg/go2_front_video_data.h
[15.338s] -- Symlinking: /home/jason/projects/unitree_sdk2_ws/install/unitree_go/include/unitree_go/unitree_go/msg/height_map.h
[15.345s] -- Symlinking: /home/jason/projects/unitree_sdk2_ws/install/unitree_go/include/unitree_go/unitree_go/msg/imu_state.h
[15.357s] -- Symlinking: /home/jason/projects/unitree_sdk2_ws/install/unitree_go/include/unitree_go/unitree_go/msg/interface_config.h
[15.363s] -- Symlinking: /home/jason/projects/unitree_sdk2_ws/install/unitree_go/include/unitree_go/unitree_go/msg/lidar_state.h
[15.370s] -- Symlinking: /home/jason/projects/unitree_sdk2_ws/install/unitree_go/include/unitree_go/unitree_go/msg/low_cmd.h
[15.375s] -- Symlinking: /home/jason/projects/unitree_sdk2_ws/install/unitree_go/include/unitree_go/unitree_go/msg/low_state.h
[15.381s] -- Symlinking: /home/jason/projects/unitree_sdk2_ws/install/unitree_go/include/unitree_go/unitree_go/msg/motor_cmd.h
[15.386s] -- Symlinking: /home/jason/projects/unitree_sdk2_ws/install/unitree_go/include/unitree_go/unitree_go/msg/motor_cmds.h
[15.392s] -- Symlinking: /home/jason/projects/unitree_sdk2_ws/install/unitree_go/include/unitree_go/unitree_go/msg/motor_state.h
[15.404s] -- Symlinking: /home/jason/projects/unitree_sdk2_ws/install/unitree_go/include/unitree_go/unitree_go/msg/motor_states.h
[15.413s] -- Symlinking: /home/jason/projects/unitree_sdk2_ws/install/unitree_go/include/unitree_go/unitree_go/msg/path_point.h
[15.421s] -- Symlinking: /home/jason/projects/unitree_sdk2_ws/install/unitree_go/include/unitree_go/unitree_go/msg/req.h
[15.429s] -- Symlinking: /home/jason/projects/unitree_sdk2_ws/install/unitree_go/include/unitree_go/unitree_go/msg/res.h
[15.436s] -- Symlinking: /home/jason/projects/unitree_sdk2_ws/install/unitree_go/include/unitree_go/unitree_go/msg/rosidl_generator_c__visibility_control.h
[15.443s] -- Symlinking: /home/jason/projects/unitree_sdk2_ws/install/unitree_go/include/unitree_go/unitree_go/msg/sport_mode_cmd.h
[15.449s] -- Symlinking: /home/jason/projects/unitree_sdk2_ws/install/unitree_go/include/unitree_go/unitree_go/msg/sport_mode_state.h
[15.455s] -- Symlinking: /home/jason/projects/unitree_sdk2_ws/install/unitree_go/include/unitree_go/unitree_go/msg/time_spec.h
[15.462s] -- Symlinking: /home/jason/projects/unitree_sdk2_ws/install/unitree_go/include/unitree_go/unitree_go/msg/uwb_state.h
[15.467s] -- Symlinking: /home/jason/projects/unitree_sdk2_ws/install/unitree_go/include/unitree_go/unitree_go/msg/uwb_switch.h
[15.475s] -- Symlinking: /home/jason/projects/unitree_sdk2_ws/install/unitree_go/include/unitree_go/unitree_go/msg/wireless_controller.h
[15.482s] -- Symlinking: /home/jason/projects/unitree_sdk2_ws/install/unitree_go/share/unitree_go/environment/library_path.sh
[15.488s] -- Symlinking: /home/jason/projects/unitree_sdk2_ws/install/unitree_go/share/unitree_go/environment/library_path.dsv
[15.494s] -- Symlinking: /home/jason/projects/unitree_sdk2_ws/install/unitree_go/include/unitree_go/unitree_go/msg/detail/audio_data__rosidl_typesupport_fastrtps_c.h
[15.499s] -- Symlinking: /home/jason/projects/unitree_sdk2_ws/install/unitree_go/include/unitree_go/unitree_go/msg/detail/bms_cmd__rosidl_typesupport_fastrtps_c.h
[15.506s] -- Symlinking: /home/jason/projects/unitree_sdk2_ws/install/unitree_go/include/unitree_go/unitree_go/msg/detail/bms_state__rosidl_typesupport_fastrtps_c.h
[15.511s] -- Symlinking: /home/jason/projects/unitree_sdk2_ws/install/unitree_go/include/unitree_go/unitree_go/msg/detail/error__rosidl_typesupport_fastrtps_c.h
[15.518s] -- Symlinking: /home/jason/projects/unitree_sdk2_ws/install/unitree_go/include/unitree_go/unitree_go/msg/detail/go2_front_video_data__rosidl_typesupport_fastrtps_c.h
[15.527s] -- Symlinking: /home/jason/projects/unitree_sdk2_ws/install/unitree_go/include/unitree_go/unitree_go/msg/detail/height_map__rosidl_typesupport_fastrtps_c.h
[15.536s] -- Symlinking: /home/jason/projects/unitree_sdk2_ws/install/unitree_go/include/unitree_go/unitree_go/msg/detail/imu_state__rosidl_typesupport_fastrtps_c.h
[15.542s] -- Symlinking: /home/jason/projects/unitree_sdk2_ws/install/unitree_go/include/unitree_go/unitree_go/msg/detail/interface_config__rosidl_typesupport_fastrtps_c.h
[15.551s] -- Symlinking: /home/jason/projects/unitree_sdk2_ws/install/unitree_go/include/unitree_go/unitree_go/msg/detail/lidar_state__rosidl_typesupport_fastrtps_c.h
[15.561s] -- Symlinking: /home/jason/projects/unitree_sdk2_ws/install/unitree_go/include/unitree_go/unitree_go/msg/detail/low_cmd__rosidl_typesupport_fastrtps_c.h
[15.570s] -- Symlinking: /home/jason/projects/unitree_sdk2_ws/install/unitree_go/include/unitree_go/unitree_go/msg/detail/low_state__rosidl_typesupport_fastrtps_c.h
[15.575s] -- Symlinking: /home/jason/projects/unitree_sdk2_ws/install/unitree_go/include/unitree_go/unitree_go/msg/detail/motor_cmd__rosidl_typesupport_fastrtps_c.h
[15.582s] -- Symlinking: /home/jason/projects/unitree_sdk2_ws/install/unitree_go/include/unitree_go/unitree_go/msg/detail/motor_cmds__rosidl_typesupport_fastrtps_c.h
[15.590s] -- Symlinking: /home/jason/projects/unitree_sdk2_ws/install/unitree_go/include/unitree_go/unitree_go/msg/detail/motor_state__rosidl_typesupport_fastrtps_c.h
[15.600s] -- Symlinking: /home/jason/projects/unitree_sdk2_ws/install/unitree_go/include/unitree_go/unitree_go/msg/detail/motor_states__rosidl_typesupport_fastrtps_c.h
[15.611s] -- Symlinking: /home/jason/projects/unitree_sdk2_ws/install/unitree_go/include/unitree_go/unitree_go/msg/detail/path_point__rosidl_typesupport_fastrtps_c.h
[15.623s] -- Symlinking: /home/jason/projects/unitree_sdk2_ws/install/unitree_go/include/unitree_go/unitree_go/msg/detail/req__rosidl_typesupport_fastrtps_c.h
[15.632s] -- Symlinking: /home/jason/projects/unitree_sdk2_ws/install/unitree_go/include/unitree_go/unitree_go/msg/detail/res__rosidl_typesupport_fastrtps_c.h
[15.637s] -- Symlinking: /home/jason/projects/unitree_sdk2_ws/install/unitree_go/include/unitree_go/unitree_go/msg/detail/sport_mode_cmd__rosidl_typesupport_fastrtps_c.h
[15.643s] -- Symlinking: /home/jason/projects/unitree_sdk2_ws/install/unitree_go/include/unitree_go/unitree_go/msg/detail/sport_mode_state__rosidl_typesupport_fastrtps_c.h
[15.648s] -- Symlinking: /home/jason/projects/unitree_sdk2_ws/install/unitree_go/include/unitree_go/unitree_go/msg/detail/time_spec__rosidl_typesupport_fastrtps_c.h
[15.652s] -- Symlinking: /home/jason/projects/unitree_sdk2_ws/install/unitree_go/include/unitree_go/unitree_go/msg/detail/uwb_state__rosidl_typesupport_fastrtps_c.h
[15.663s] -- Symlinking: /home/jason/projects/unitree_sdk2_ws/install/unitree_go/include/unitree_go/unitree_go/msg/detail/uwb_switch__rosidl_typesupport_fastrtps_c.h
[15.673s] -- Symlinking: /home/jason/projects/unitree_sdk2_ws/install/unitree_go/include/unitree_go/unitree_go/msg/detail/wireless_controller__rosidl_typesupport_fastrtps_c.h
[15.681s] -- Symlinking: /home/jason/projects/unitree_sdk2_ws/install/unitree_go/include/unitree_go/unitree_go/msg/rosidl_typesupport_fastrtps_c__visibility_control.h
[15.693s] -- Symlinking: /home/jason/projects/unitree_sdk2_ws/install/unitree_go/include/unitree_go/unitree_go/msg/audio_data.hpp
[15.700s] -- Symlinking: /home/jason/projects/unitree_sdk2_ws/install/unitree_go/include/unitree_go/unitree_go/msg/bms_cmd.hpp
[15.708s] -- Symlinking: /home/jason/projects/unitree_sdk2_ws/install/unitree_go/include/unitree_go/unitree_go/msg/bms_state.hpp
[15.717s] -- Symlinking: /home/jason/projects/unitree_sdk2_ws/install/unitree_go/include/unitree_go/unitree_go/msg/detail/audio_data__builder.hpp
[15.730s] -- Symlinking: /home/jason/projects/unitree_sdk2_ws/install/unitree_go/include/unitree_go/unitree_go/msg/detail/audio_data__struct.hpp
[15.739s] -- Symlinking: /home/jason/projects/unitree_sdk2_ws/install/unitree_go/include/unitree_go/unitree_go/msg/detail/audio_data__traits.hpp
[15.753s] -- Symlinking: /home/jason/projects/unitree_sdk2_ws/install/unitree_go/include/unitree_go/unitree_go/msg/detail/audio_data__type_support.hpp
[15.764s] -- Symlinking: /home/jason/projects/unitree_sdk2_ws/install/unitree_go/include/unitree_go/unitree_go/msg/detail/bms_cmd__builder.hpp
[15.772s] -- Symlinking: /home/jason/projects/unitree_sdk2_ws/install/unitree_go/include/unitree_go/unitree_go/msg/detail/bms_cmd__struct.hpp
[15.780s] -- Symlinking: /home/jason/projects/unitree_sdk2_ws/install/unitree_go/include/unitree_go/unitree_go/msg/detail/bms_cmd__traits.hpp
[15.786s] -- Symlinking: /home/jason/projects/unitree_sdk2_ws/install/unitree_go/include/unitree_go/unitree_go/msg/detail/bms_cmd__type_support.hpp
[15.798s] -- Symlinking: /home/jason/projects/unitree_sdk2_ws/install/unitree_go/include/unitree_go/unitree_go/msg/detail/bms_state__builder.hpp
[15.805s] -- Symlinking: /home/jason/projects/unitree_sdk2_ws/install/unitree_go/include/unitree_go/unitree_go/msg/detail/bms_state__struct.hpp
[15.814s] -- Symlinking: /home/jason/projects/unitree_sdk2_ws/install/unitree_go/include/unitree_go/unitree_go/msg/detail/bms_state__traits.hpp
[15.822s] -- Symlinking: /home/jason/projects/unitree_sdk2_ws/install/unitree_go/include/unitree_go/unitree_go/msg/detail/bms_state__type_support.hpp
[15.832s] -- Symlinking: /home/jason/projects/unitree_sdk2_ws/install/unitree_go/include/unitree_go/unitree_go/msg/detail/error__builder.hpp
[15.841s] -- Symlinking: /home/jason/projects/unitree_sdk2_ws/install/unitree_go/include/unitree_go/unitree_go/msg/detail/error__struct.hpp
[15.850s] -- Symlinking: /home/jason/projects/unitree_sdk2_ws/install/unitree_go/include/unitree_go/unitree_go/msg/detail/error__traits.hpp
[15.855s] -- Symlinking: /home/jason/projects/unitree_sdk2_ws/install/unitree_go/include/unitree_go/unitree_go/msg/detail/error__type_support.hpp
[15.861s] -- Symlinking: /home/jason/projects/unitree_sdk2_ws/install/unitree_go/include/unitree_go/unitree_go/msg/detail/go2_front_video_data__builder.hpp
[15.870s] -- Symlinking: /home/jason/projects/unitree_sdk2_ws/install/unitree_go/include/unitree_go/unitree_go/msg/detail/go2_front_video_data__struct.hpp
[15.877s] -- Symlinking: /home/jason/projects/unitree_sdk2_ws/install/unitree_go/include/unitree_go/unitree_go/msg/detail/go2_front_video_data__traits.hpp
[15.882s] -- Symlinking: /home/jason/projects/unitree_sdk2_ws/install/unitree_go/include/unitree_go/unitree_go/msg/detail/go2_front_video_data__type_support.hpp
[15.889s] -- Symlinking: /home/jason/projects/unitree_sdk2_ws/install/unitree_go/include/unitree_go/unitree_go/msg/detail/height_map__builder.hpp
[15.901s] -- Symlinking: /home/jason/projects/unitree_sdk2_ws/install/unitree_go/include/unitree_go/unitree_go/msg/detail/height_map__struct.hpp
[15.911s] -- Symlinking: /home/jason/projects/unitree_sdk2_ws/install/unitree_go/include/unitree_go/unitree_go/msg/detail/height_map__traits.hpp
[15.915s] -- Symlinking: /home/jason/projects/unitree_sdk2_ws/install/unitree_go/include/unitree_go/unitree_go/msg/detail/height_map__type_support.hpp
[15.921s] -- Symlinking: /home/jason/projects/unitree_sdk2_ws/install/unitree_go/include/unitree_go/unitree_go/msg/detail/imu_state__builder.hpp
[15.928s] -- Symlinking: /home/jason/projects/unitree_sdk2_ws/install/unitree_go/include/unitree_go/unitree_go/msg/detail/imu_state__struct.hpp
[15.935s] -- Symlinking: /home/jason/projects/unitree_sdk2_ws/install/unitree_go/include/unitree_go/unitree_go/msg/detail/imu_state__traits.hpp
[15.943s] -- Symlinking: /home/jason/projects/unitree_sdk2_ws/install/unitree_go/include/unitree_go/unitree_go/msg/detail/imu_state__type_support.hpp
[15.949s] -- Symlinking: /home/jason/projects/unitree_sdk2_ws/install/unitree_go/include/unitree_go/unitree_go/msg/detail/interface_config__builder.hpp
[15.955s] -- Symlinking: /home/jason/projects/unitree_sdk2_ws/install/unitree_go/include/unitree_go/unitree_go/msg/detail/interface_config__struct.hpp
[15.963s] -- Symlinking: /home/jason/projects/unitree_sdk2_ws/install/unitree_go/include/unitree_go/unitree_go/msg/detail/interface_config__traits.hpp
[15.970s] -- Symlinking: /home/jason/projects/unitree_sdk2_ws/install/unitree_go/include/unitree_go/unitree_go/msg/detail/interface_config__type_support.hpp
[15.978s] -- Symlinking: /home/jason/projects/unitree_sdk2_ws/install/unitree_go/include/unitree_go/unitree_go/msg/detail/lidar_state__builder.hpp
[15.987s] -- Symlinking: /home/jason/projects/unitree_sdk2_ws/install/unitree_go/include/unitree_go/unitree_go/msg/detail/lidar_state__struct.hpp
[15.995s] -- Symlinking: /home/jason/projects/unitree_sdk2_ws/install/unitree_go/include/unitree_go/unitree_go/msg/detail/lidar_state__traits.hpp
[16.002s] -- Symlinking: /home/jason/projects/unitree_sdk2_ws/install/unitree_go/include/unitree_go/unitree_go/msg/detail/lidar_state__type_support.hpp
[16.012s] -- Symlinking: /home/jason/projects/unitree_sdk2_ws/install/unitree_go/include/unitree_go/unitree_go/msg/detail/low_cmd__builder.hpp
[16.022s] -- Symlinking: /home/jason/projects/unitree_sdk2_ws/install/unitree_go/include/unitree_go/unitree_go/msg/detail/low_cmd__struct.hpp
[16.034s] -- Symlinking: /home/jason/projects/unitree_sdk2_ws/install/unitree_go/include/unitree_go/unitree_go/msg/detail/low_cmd__traits.hpp
[16.045s] -- Symlinking: /home/jason/projects/unitree_sdk2_ws/install/unitree_go/include/unitree_go/unitree_go/msg/detail/low_cmd__type_support.hpp
[16.055s] -- Symlinking: /home/jason/projects/unitree_sdk2_ws/install/unitree_go/include/unitree_go/unitree_go/msg/detail/low_state__builder.hpp
[16.059s] -- Symlinking: /home/jason/projects/unitree_sdk2_ws/install/unitree_go/include/unitree_go/unitree_go/msg/detail/low_state__struct.hpp
[16.066s] -- Symlinking: /home/jason/projects/unitree_sdk2_ws/install/unitree_go/include/unitree_go/unitree_go/msg/detail/low_state__traits.hpp
[16.071s] -- Symlinking: /home/jason/projects/unitree_sdk2_ws/install/unitree_go/include/unitree_go/unitree_go/msg/detail/low_state__type_support.hpp
[16.082s] -- Symlinking: /home/jason/projects/unitree_sdk2_ws/install/unitree_go/include/unitree_go/unitree_go/msg/detail/motor_cmd__builder.hpp
[16.092s] -- Symlinking: /home/jason/projects/unitree_sdk2_ws/install/unitree_go/include/unitree_go/unitree_go/msg/detail/motor_cmd__struct.hpp
[16.103s] -- Symlinking: /home/jason/projects/unitree_sdk2_ws/install/unitree_go/include/unitree_go/unitree_go/msg/detail/motor_cmd__traits.hpp
[16.109s] -- Symlinking: /home/jason/projects/unitree_sdk2_ws/install/unitree_go/include/unitree_go/unitree_go/msg/detail/motor_cmd__type_support.hpp
[16.121s] -- Symlinking: /home/jason/projects/unitree_sdk2_ws/install/unitree_go/include/unitree_go/unitree_go/msg/detail/motor_cmds__builder.hpp
[16.133s] -- Symlinking: /home/jason/projects/unitree_sdk2_ws/install/unitree_go/include/unitree_go/unitree_go/msg/detail/motor_cmds__struct.hpp
[16.143s] -- Symlinking: /home/jason/projects/unitree_sdk2_ws/install/unitree_go/include/unitree_go/unitree_go/msg/detail/motor_cmds__traits.hpp
[16.154s] -- Symlinking: /home/jason/projects/unitree_sdk2_ws/install/unitree_go/include/unitree_go/unitree_go/msg/detail/motor_cmds__type_support.hpp
[16.165s] -- Symlinking: /home/jason/projects/unitree_sdk2_ws/install/unitree_go/include/unitree_go/unitree_go/msg/detail/motor_state__builder.hpp
[16.175s] -- Symlinking: /home/jason/projects/unitree_sdk2_ws/install/unitree_go/include/unitree_go/unitree_go/msg/detail/motor_state__struct.hpp
[16.185s] -- Symlinking: /home/jason/projects/unitree_sdk2_ws/install/unitree_go/include/unitree_go/unitree_go/msg/detail/motor_state__traits.hpp
[16.195s] -- Symlinking: /home/jason/projects/unitree_sdk2_ws/install/unitree_go/include/unitree_go/unitree_go/msg/detail/motor_state__type_support.hpp
[16.201s] -- Symlinking: /home/jason/projects/unitree_sdk2_ws/install/unitree_go/include/unitree_go/unitree_go/msg/detail/motor_states__builder.hpp
[16.211s] -- Symlinking: /home/jason/projects/unitree_sdk2_ws/install/unitree_go/include/unitree_go/unitree_go/msg/detail/motor_states__struct.hpp
[16.216s] -- Symlinking: /home/jason/projects/unitree_sdk2_ws/install/unitree_go/include/unitree_go/unitree_go/msg/detail/motor_states__traits.hpp
[16.221s] -- Symlinking: /home/jason/projects/unitree_sdk2_ws/install/unitree_go/include/unitree_go/unitree_go/msg/detail/motor_states__type_support.hpp
[16.229s] -- Symlinking: /home/jason/projects/unitree_sdk2_ws/install/unitree_go/include/unitree_go/unitree_go/msg/detail/path_point__builder.hpp
[16.235s] -- Symlinking: /home/jason/projects/unitree_sdk2_ws/install/unitree_go/include/unitree_go/unitree_go/msg/detail/path_point__struct.hpp
[16.249s] -- Symlinking: /home/jason/projects/unitree_sdk2_ws/install/unitree_go/include/unitree_go/unitree_go/msg/detail/path_point__traits.hpp
[16.257s] -- Symlinking: /home/jason/projects/unitree_sdk2_ws/install/unitree_go/include/unitree_go/unitree_go/msg/detail/path_point__type_support.hpp
[16.263s] -- Symlinking: /home/jason/projects/unitree_sdk2_ws/install/unitree_go/include/unitree_go/unitree_go/msg/detail/req__builder.hpp
[16.278s] -- Symlinking: /home/jason/projects/unitree_sdk2_ws/install/unitree_go/include/unitree_go/unitree_go/msg/detail/req__struct.hpp
[16.288s] -- Symlinking: /home/jason/projects/unitree_sdk2_ws/install/unitree_go/include/unitree_go/unitree_go/msg/detail/req__traits.hpp
[16.294s] -- Symlinking: /home/jason/projects/unitree_sdk2_ws/install/unitree_go/include/unitree_go/unitree_go/msg/detail/req__type_support.hpp
[16.304s] -- Symlinking: /home/jason/projects/unitree_sdk2_ws/install/unitree_go/include/unitree_go/unitree_go/msg/detail/res__builder.hpp
[16.313s] -- Symlinking: /home/jason/projects/unitree_sdk2_ws/install/unitree_go/include/unitree_go/unitree_go/msg/detail/res__struct.hpp
[16.326s] -- Symlinking: /home/jason/projects/unitree_sdk2_ws/install/unitree_go/include/unitree_go/unitree_go/msg/detail/res__traits.hpp
[16.334s] -- Symlinking: /home/jason/projects/unitree_sdk2_ws/install/unitree_go/include/unitree_go/unitree_go/msg/detail/res__type_support.hpp
[16.343s] -- Symlinking: /home/jason/projects/unitree_sdk2_ws/install/unitree_go/include/unitree_go/unitree_go/msg/detail/sport_mode_cmd__builder.hpp
[16.353s] -- Symlinking: /home/jason/projects/unitree_sdk2_ws/install/unitree_go/include/unitree_go/unitree_go/msg/detail/sport_mode_cmd__struct.hpp
[16.363s] -- Symlinking: /home/jason/projects/unitree_sdk2_ws/install/unitree_go/include/unitree_go/unitree_go/msg/detail/sport_mode_cmd__traits.hpp
[16.371s] -- Symlinking: /home/jason/projects/unitree_sdk2_ws/install/unitree_go/include/unitree_go/unitree_go/msg/detail/sport_mode_cmd__type_support.hpp
[16.380s] -- Symlinking: /home/jason/projects/unitree_sdk2_ws/install/unitree_go/include/unitree_go/unitree_go/msg/detail/sport_mode_state__builder.hpp
[16.388s] -- Symlinking: /home/jason/projects/unitree_sdk2_ws/install/unitree_go/include/unitree_go/unitree_go/msg/detail/sport_mode_state__struct.hpp
[16.397s] -- Symlinking: /home/jason/projects/unitree_sdk2_ws/install/unitree_go/include/unitree_go/unitree_go/msg/detail/sport_mode_state__traits.hpp
[16.406s] -- Symlinking: /home/jason/projects/unitree_sdk2_ws/install/unitree_go/include/unitree_go/unitree_go/msg/detail/sport_mode_state__type_support.hpp
[16.410s] -- Symlinking: /home/jason/projects/unitree_sdk2_ws/install/unitree_go/include/unitree_go/unitree_go/msg/detail/time_spec__builder.hpp
[16.419s] -- Symlinking: /home/jason/projects/unitree_sdk2_ws/install/unitree_go/include/unitree_go/unitree_go/msg/detail/time_spec__struct.hpp
[16.431s] -- Symlinking: /home/jason/projects/unitree_sdk2_ws/install/unitree_go/include/unitree_go/unitree_go/msg/detail/time_spec__traits.hpp
[16.442s] -- Symlinking: /home/jason/projects/unitree_sdk2_ws/install/unitree_go/include/unitree_go/unitree_go/msg/detail/time_spec__type_support.hpp
[16.451s] -- Symlinking: /home/jason/projects/unitree_sdk2_ws/install/unitree_go/include/unitree_go/unitree_go/msg/detail/uwb_state__builder.hpp
[16.461s] -- Symlinking: /home/jason/projects/unitree_sdk2_ws/install/unitree_go/include/unitree_go/unitree_go/msg/detail/uwb_state__struct.hpp
[16.469s] -- Symlinking: /home/jason/projects/unitree_sdk2_ws/install/unitree_go/include/unitree_go/unitree_go/msg/detail/uwb_state__traits.hpp
[16.479s] -- Symlinking: /home/jason/projects/unitree_sdk2_ws/install/unitree_go/include/unitree_go/unitree_go/msg/detail/uwb_state__type_support.hpp
[16.489s] -- Symlinking: /home/jason/projects/unitree_sdk2_ws/install/unitree_go/include/unitree_go/unitree_go/msg/detail/uwb_switch__builder.hpp
[16.498s] -- Symlinking: /home/jason/projects/unitree_sdk2_ws/install/unitree_go/include/unitree_go/unitree_go/msg/detail/uwb_switch__struct.hpp
[16.508s] -- Symlinking: /home/jason/projects/unitree_sdk2_ws/install/unitree_go/include/unitree_go/unitree_go/msg/detail/uwb_switch__traits.hpp
[16.514s] -- Symlinking: /home/jason/projects/unitree_sdk2_ws/install/unitree_go/include/unitree_go/unitree_go/msg/detail/uwb_switch__type_support.hpp
[16.523s] -- Symlinking: /home/jason/projects/unitree_sdk2_ws/install/unitree_go/include/unitree_go/unitree_go/msg/detail/wireless_controller__builder.hpp
[16.534s] -- Symlinking: /home/jason/projects/unitree_sdk2_ws/install/unitree_go/include/unitree_go/unitree_go/msg/detail/wireless_controller__struct.hpp
[16.545s] -- Symlinking: /home/jason/projects/unitree_sdk2_ws/install/unitree_go/include/unitree_go/unitree_go/msg/detail/wireless_controller__traits.hpp
[16.550s] -- Symlinking: /home/jason/projects/unitree_sdk2_ws/install/unitree_go/include/unitree_go/unitree_go/msg/detail/wireless_controller__type_support.hpp
[16.561s] -- Symlinking: /home/jason/projects/unitree_sdk2_ws/install/unitree_go/include/unitree_go/unitree_go/msg/error.hpp
[16.572s] -- Symlinking: /home/jason/projects/unitree_sdk2_ws/install/unitree_go/include/unitree_go/unitree_go/msg/go2_front_video_data.hpp
[16.582s] -- Symlinking: /home/jason/projects/unitree_sdk2_ws/install/unitree_go/include/unitree_go/unitree_go/msg/height_map.hpp
[16.591s] -- Symlinking: /home/jason/projects/unitree_sdk2_ws/install/unitree_go/include/unitree_go/unitree_go/msg/imu_state.hpp
[16.600s] -- Symlinking: /home/jason/projects/unitree_sdk2_ws/install/unitree_go/include/unitree_go/unitree_go/msg/interface_config.hpp
[16.609s] -- Symlinking: /home/jason/projects/unitree_sdk2_ws/install/unitree_go/include/unitree_go/unitree_go/msg/lidar_state.hpp
[16.616s] -- Symlinking: /home/jason/projects/unitree_sdk2_ws/install/unitree_go/include/unitree_go/unitree_go/msg/low_cmd.hpp
[16.625s] -- Symlinking: /home/jason/projects/unitree_sdk2_ws/install/unitree_go/include/unitree_go/unitree_go/msg/low_state.hpp
[16.632s] -- Symlinking: /home/jason/projects/unitree_sdk2_ws/install/unitree_go/include/unitree_go/unitree_go/msg/motor_cmd.hpp
[16.642s] -- Symlinking: /home/jason/projects/unitree_sdk2_ws/install/unitree_go/include/unitree_go/unitree_go/msg/motor_cmds.hpp
[16.652s] -- Symlinking: /home/jason/projects/unitree_sdk2_ws/install/unitree_go/include/unitree_go/unitree_go/msg/motor_state.hpp
[16.664s] -- Symlinking: /home/jason/projects/unitree_sdk2_ws/install/unitree_go/include/unitree_go/unitree_go/msg/motor_states.hpp
[16.673s] -- Symlinking: /home/jason/projects/unitree_sdk2_ws/install/unitree_go/include/unitree_go/unitree_go/msg/path_point.hpp
[16.682s] -- Symlinking: /home/jason/projects/unitree_sdk2_ws/install/unitree_go/include/unitree_go/unitree_go/msg/req.hpp
[16.690s] -- Symlinking: /home/jason/projects/unitree_sdk2_ws/install/unitree_go/include/unitree_go/unitree_go/msg/res.hpp
[16.700s] -- Symlinking: /home/jason/projects/unitree_sdk2_ws/install/unitree_go/include/unitree_go/unitree_go/msg/rosidl_generator_cpp__visibility_control.hpp
[16.707s] -- Symlinking: /home/jason/projects/unitree_sdk2_ws/install/unitree_go/include/unitree_go/unitree_go/msg/sport_mode_cmd.hpp
[16.717s] -- Symlinking: /home/jason/projects/unitree_sdk2_ws/install/unitree_go/include/unitree_go/unitree_go/msg/sport_mode_state.hpp
[16.726s] -- Symlinking: /home/jason/projects/unitree_sdk2_ws/install/unitree_go/include/unitree_go/unitree_go/msg/time_spec.hpp
[16.737s] -- Symlinking: /home/jason/projects/unitree_sdk2_ws/install/unitree_go/include/unitree_go/unitree_go/msg/uwb_state.hpp
[16.747s] -- Symlinking: /home/jason/projects/unitree_sdk2_ws/install/unitree_go/include/unitree_go/unitree_go/msg/uwb_switch.hpp
[16.757s] -- Symlinking: /home/jason/projects/unitree_sdk2_ws/install/unitree_go/include/unitree_go/unitree_go/msg/wireless_controller.hpp
[16.763s] -- Symlinking: /home/jason/projects/unitree_sdk2_ws/install/unitree_go/include/unitree_go/unitree_go/msg/detail/audio_data__rosidl_typesupport_fastrtps_cpp.hpp
[16.772s] -- Symlinking: /home/jason/projects/unitree_sdk2_ws/install/unitree_go/include/unitree_go/unitree_go/msg/detail/bms_cmd__rosidl_typesupport_fastrtps_cpp.hpp
[16.781s] -- Symlinking: /home/jason/projects/unitree_sdk2_ws/install/unitree_go/include/unitree_go/unitree_go/msg/detail/bms_state__rosidl_typesupport_fastrtps_cpp.hpp
[16.790s] -- Symlinking: /home/jason/projects/unitree_sdk2_ws/install/unitree_go/include/unitree_go/unitree_go/msg/detail/error__rosidl_typesupport_fastrtps_cpp.hpp
[16.799s] -- Symlinking: /home/jason/projects/unitree_sdk2_ws/install/unitree_go/include/unitree_go/unitree_go/msg/detail/go2_front_video_data__rosidl_typesupport_fastrtps_cpp.hpp
[16.808s] -- Symlinking: /home/jason/projects/unitree_sdk2_ws/install/unitree_go/include/unitree_go/unitree_go/msg/detail/height_map__rosidl_typesupport_fastrtps_cpp.hpp
[16.812s] -- Symlinking: /home/jason/projects/unitree_sdk2_ws/install/unitree_go/include/unitree_go/unitree_go/msg/detail/imu_state__rosidl_typesupport_fastrtps_cpp.hpp
[16.818s] -- Symlinking: /home/jason/projects/unitree_sdk2_ws/install/unitree_go/include/unitree_go/unitree_go/msg/detail/interface_config__rosidl_typesupport_fastrtps_cpp.hpp
[16.826s] -- Symlinking: /home/jason/projects/unitree_sdk2_ws/install/unitree_go/include/unitree_go/unitree_go/msg/detail/lidar_state__rosidl_typesupport_fastrtps_cpp.hpp
[16.832s] -- Symlinking: /home/jason/projects/unitree_sdk2_ws/install/unitree_go/include/unitree_go/unitree_go/msg/detail/low_cmd__rosidl_typesupport_fastrtps_cpp.hpp
[16.840s] -- Symlinking: /home/jason/projects/unitree_sdk2_ws/install/unitree_go/include/unitree_go/unitree_go/msg/detail/low_state__rosidl_typesupport_fastrtps_cpp.hpp
[16.847s] -- Symlinking: /home/jason/projects/unitree_sdk2_ws/install/unitree_go/include/unitree_go/unitree_go/msg/detail/motor_cmd__rosidl_typesupport_fastrtps_cpp.hpp
[16.853s] -- Symlinking: /home/jason/projects/unitree_sdk2_ws/install/unitree_go/include/unitree_go/unitree_go/msg/detail/motor_cmds__rosidl_typesupport_fastrtps_cpp.hpp
[16.862s] -- Symlinking: /home/jason/projects/unitree_sdk2_ws/install/unitree_go/include/unitree_go/unitree_go/msg/detail/motor_state__rosidl_typesupport_fastrtps_cpp.hpp
[16.871s] -- Symlinking: /home/jason/projects/unitree_sdk2_ws/install/unitree_go/include/unitree_go/unitree_go/msg/detail/motor_states__rosidl_typesupport_fastrtps_cpp.hpp
[16.876s] -- Symlinking: /home/jason/projects/unitree_sdk2_ws/install/unitree_go/include/unitree_go/unitree_go/msg/detail/path_point__rosidl_typesupport_fastrtps_cpp.hpp
[16.883s] -- Symlinking: /home/jason/projects/unitree_sdk2_ws/install/unitree_go/include/unitree_go/unitree_go/msg/detail/req__rosidl_typesupport_fastrtps_cpp.hpp
[16.892s] -- Symlinking: /home/jason/projects/unitree_sdk2_ws/install/unitree_go/include/unitree_go/unitree_go/msg/detail/res__rosidl_typesupport_fastrtps_cpp.hpp
[16.899s] -- Symlinking: /home/jason/projects/unitree_sdk2_ws/install/unitree_go/include/unitree_go/unitree_go/msg/detail/sport_mode_cmd__rosidl_typesupport_fastrtps_cpp.hpp
[16.908s] -- Symlinking: /home/jason/projects/unitree_sdk2_ws/install/unitree_go/include/unitree_go/unitree_go/msg/detail/sport_mode_state__rosidl_typesupport_fastrtps_cpp.hpp
[16.917s] -- Symlinking: /home/jason/projects/unitree_sdk2_ws/install/unitree_go/include/unitree_go/unitree_go/msg/detail/time_spec__rosidl_typesupport_fastrtps_cpp.hpp
[16.923s] -- Symlinking: /home/jason/projects/unitree_sdk2_ws/install/unitree_go/include/unitree_go/unitree_go/msg/detail/uwb_state__rosidl_typesupport_fastrtps_cpp.hpp
[16.933s] -- Symlinking: /home/jason/projects/unitree_sdk2_ws/install/unitree_go/include/unitree_go/unitree_go/msg/detail/uwb_switch__rosidl_typesupport_fastrtps_cpp.hpp
[16.939s] -- Symlinking: /home/jason/projects/unitree_sdk2_ws/install/unitree_go/include/unitree_go/unitree_go/msg/detail/wireless_controller__rosidl_typesupport_fastrtps_cpp.hpp
[16.948s] -- Symlinking: /home/jason/projects/unitree_sdk2_ws/install/unitree_go/include/unitree_go/unitree_go/msg/rosidl_typesupport_fastrtps_cpp__visibility_control.h
[16.958s] -- Symlinking: /home/jason/projects/unitree_sdk2_ws/install/unitree_go/include/unitree_go/unitree_go/msg/detail/audio_data__rosidl_typesupport_introspection_c.h
[16.968s] -- Symlinking: /home/jason/projects/unitree_sdk2_ws/install/unitree_go/include/unitree_go/unitree_go/msg/detail/bms_cmd__rosidl_typesupport_introspection_c.h
[16.976s] -- Symlinking: /home/jason/projects/unitree_sdk2_ws/install/unitree_go/include/unitree_go/unitree_go/msg/detail/bms_state__rosidl_typesupport_introspection_c.h
[16.986s] -- Symlinking: /home/jason/projects/unitree_sdk2_ws/install/unitree_go/include/unitree_go/unitree_go/msg/detail/error__rosidl_typesupport_introspection_c.h
[16.996s] -- Symlinking: /home/jason/projects/unitree_sdk2_ws/install/unitree_go/include/unitree_go/unitree_go/msg/detail/go2_front_video_data__rosidl_typesupport_introspection_c.h
[17.005s] -- Symlinking: /home/jason/projects/unitree_sdk2_ws/install/unitree_go/include/unitree_go/unitree_go/msg/detail/height_map__rosidl_typesupport_introspection_c.h
[17.015s] -- Symlinking: /home/jason/projects/unitree_sdk2_ws/install/unitree_go/include/unitree_go/unitree_go/msg/detail/imu_state__rosidl_typesupport_introspection_c.h
[17.024s] -- Symlinking: /home/jason/projects/unitree_sdk2_ws/install/unitree_go/include/unitree_go/unitree_go/msg/detail/interface_config__rosidl_typesupport_introspection_c.h
[17.029s] -- Symlinking: /home/jason/projects/unitree_sdk2_ws/install/unitree_go/include/unitree_go/unitree_go/msg/detail/lidar_state__rosidl_typesupport_introspection_c.h
[17.039s] -- Symlinking: /home/jason/projects/unitree_sdk2_ws/install/unitree_go/include/unitree_go/unitree_go/msg/detail/low_cmd__rosidl_typesupport_introspection_c.h
[17.049s] -- Symlinking: /home/jason/projects/unitree_sdk2_ws/install/unitree_go/include/unitree_go/unitree_go/msg/detail/low_state__rosidl_typesupport_introspection_c.h
[17.056s] -- Symlinking: /home/jason/projects/unitree_sdk2_ws/install/unitree_go/include/unitree_go/unitree_go/msg/detail/motor_cmd__rosidl_typesupport_introspection_c.h
[17.065s] -- Symlinking: /home/jason/projects/unitree_sdk2_ws/install/unitree_go/include/unitree_go/unitree_go/msg/detail/motor_cmds__rosidl_typesupport_introspection_c.h
[17.075s] -- Symlinking: /home/jason/projects/unitree_sdk2_ws/install/unitree_go/include/unitree_go/unitree_go/msg/detail/motor_state__rosidl_typesupport_introspection_c.h
[17.084s] -- Symlinking: /home/jason/projects/unitree_sdk2_ws/install/unitree_go/include/unitree_go/unitree_go/msg/detail/motor_states__rosidl_typesupport_introspection_c.h
[17.089s] -- Symlinking: /home/jason/projects/unitree_sdk2_ws/install/unitree_go/include/unitree_go/unitree_go/msg/detail/path_point__rosidl_typesupport_introspection_c.h
[17.097s] -- Symlinking: /home/jason/projects/unitree_sdk2_ws/install/unitree_go/include/unitree_go/unitree_go/msg/detail/req__rosidl_typesupport_introspection_c.h
[17.106s] -- Symlinking: /home/jason/projects/unitree_sdk2_ws/install/unitree_go/include/unitree_go/unitree_go/msg/detail/res__rosidl_typesupport_introspection_c.h
[17.115s] -- Symlinking: /home/jason/projects/unitree_sdk2_ws/install/unitree_go/include/unitree_go/unitree_go/msg/detail/sport_mode_cmd__rosidl_typesupport_introspection_c.h
[17.124s] -- Symlinking: /home/jason/projects/unitree_sdk2_ws/install/unitree_go/include/unitree_go/unitree_go/msg/detail/sport_mode_state__rosidl_typesupport_introspection_c.h
[17.134s] -- Symlinking: /home/jason/projects/unitree_sdk2_ws/install/unitree_go/include/unitree_go/unitree_go/msg/detail/time_spec__rosidl_typesupport_introspection_c.h
[17.144s] -- Symlinking: /home/jason/projects/unitree_sdk2_ws/install/unitree_go/include/unitree_go/unitree_go/msg/detail/uwb_state__rosidl_typesupport_introspection_c.h
[17.152s] -- Symlinking: /home/jason/projects/unitree_sdk2_ws/install/unitree_go/include/unitree_go/unitree_go/msg/detail/uwb_switch__rosidl_typesupport_introspection_c.h
[17.161s] -- Symlinking: /home/jason/projects/unitree_sdk2_ws/install/unitree_go/include/unitree_go/unitree_go/msg/detail/wireless_controller__rosidl_typesupport_introspection_c.h
[17.171s] -- Symlinking: /home/jason/projects/unitree_sdk2_ws/install/unitree_go/include/unitree_go/unitree_go/msg/rosidl_typesupport_introspection_c__visibility_control.h
[17.183s] -- Symlinking: /home/jason/projects/unitree_sdk2_ws/install/unitree_go/include/unitree_go/unitree_go/msg/detail/audio_data__rosidl_typesupport_introspection_cpp.hpp
[17.192s] -- Symlinking: /home/jason/projects/unitree_sdk2_ws/install/unitree_go/include/unitree_go/unitree_go/msg/detail/bms_cmd__rosidl_typesupport_introspection_cpp.hpp
[17.201s] -- Symlinking: /home/jason/projects/unitree_sdk2_ws/install/unitree_go/include/unitree_go/unitree_go/msg/detail/bms_state__rosidl_typesupport_introspection_cpp.hpp
[17.208s] -- Symlinking: /home/jason/projects/unitree_sdk2_ws/install/unitree_go/include/unitree_go/unitree_go/msg/detail/error__rosidl_typesupport_introspection_cpp.hpp
[17.218s] -- Symlinking: /home/jason/projects/unitree_sdk2_ws/install/unitree_go/include/unitree_go/unitree_go/msg/detail/go2_front_video_data__rosidl_typesupport_introspection_cpp.hpp
[17.226s] -- Symlinking: /home/jason/projects/unitree_sdk2_ws/install/unitree_go/include/unitree_go/unitree_go/msg/detail/height_map__rosidl_typesupport_introspection_cpp.hpp
[17.236s] -- Symlinking: /home/jason/projects/unitree_sdk2_ws/install/unitree_go/include/unitree_go/unitree_go/msg/detail/imu_state__rosidl_typesupport_introspection_cpp.hpp
[17.244s] -- Symlinking: /home/jason/projects/unitree_sdk2_ws/install/unitree_go/include/unitree_go/unitree_go/msg/detail/interface_config__rosidl_typesupport_introspection_cpp.hpp
[17.253s] -- Symlinking: /home/jason/projects/unitree_sdk2_ws/install/unitree_go/include/unitree_go/unitree_go/msg/detail/lidar_state__rosidl_typesupport_introspection_cpp.hpp
[17.261s] -- Symlinking: /home/jason/projects/unitree_sdk2_ws/install/unitree_go/include/unitree_go/unitree_go/msg/detail/low_cmd__rosidl_typesupport_introspection_cpp.hpp
[17.270s] -- Symlinking: /home/jason/projects/unitree_sdk2_ws/install/unitree_go/include/unitree_go/unitree_go/msg/detail/low_state__rosidl_typesupport_introspection_cpp.hpp
[17.278s] -- Symlinking: /home/jason/projects/unitree_sdk2_ws/install/unitree_go/include/unitree_go/unitree_go/msg/detail/motor_cmd__rosidl_typesupport_introspection_cpp.hpp
[17.286s] -- Symlinking: /home/jason/projects/unitree_sdk2_ws/install/unitree_go/include/unitree_go/unitree_go/msg/detail/motor_cmds__rosidl_typesupport_introspection_cpp.hpp
[17.295s] -- Symlinking: /home/jason/projects/unitree_sdk2_ws/install/unitree_go/include/unitree_go/unitree_go/msg/detail/motor_state__rosidl_typesupport_introspection_cpp.hpp
[17.304s] -- Symlinking: /home/jason/projects/unitree_sdk2_ws/install/unitree_go/include/unitree_go/unitree_go/msg/detail/motor_states__rosidl_typesupport_introspection_cpp.hpp
[17.313s] -- Symlinking: /home/jason/projects/unitree_sdk2_ws/install/unitree_go/include/unitree_go/unitree_go/msg/detail/path_point__rosidl_typesupport_introspection_cpp.hpp
[17.322s] -- Symlinking: /home/jason/projects/unitree_sdk2_ws/install/unitree_go/include/unitree_go/unitree_go/msg/detail/req__rosidl_typesupport_introspection_cpp.hpp
[17.327s] -- Symlinking: /home/jason/projects/unitree_sdk2_ws/install/unitree_go/include/unitree_go/unitree_go/msg/detail/res__rosidl_typesupport_introspection_cpp.hpp
[17.336s] -- Symlinking: /home/jason/projects/unitree_sdk2_ws/install/unitree_go/include/unitree_go/unitree_go/msg/detail/sport_mode_cmd__rosidl_typesupport_introspection_cpp.hpp
[17.344s] -- Symlinking: /home/jason/projects/unitree_sdk2_ws/install/unitree_go/include/unitree_go/unitree_go/msg/detail/sport_mode_state__rosidl_typesupport_introspection_cpp.hpp
[17.354s] -- Symlinking: /home/jason/projects/unitree_sdk2_ws/install/unitree_go/include/unitree_go/unitree_go/msg/detail/time_spec__rosidl_typesupport_introspection_cpp.hpp
[17.362s] -- Symlinking: /home/jason/projects/unitree_sdk2_ws/install/unitree_go/include/unitree_go/unitree_go/msg/detail/uwb_state__rosidl_typesupport_introspection_cpp.hpp
[17.373s] -- Symlinking: /home/jason/projects/unitree_sdk2_ws/install/unitree_go/include/unitree_go/unitree_go/msg/detail/uwb_switch__rosidl_typesupport_introspection_cpp.hpp
[17.382s] -- Symlinking: /home/jason/projects/unitree_sdk2_ws/install/unitree_go/include/unitree_go/unitree_go/msg/detail/wireless_controller__rosidl_typesupport_introspection_cpp.hpp
[17.391s] -- Symlinking: /home/jason/projects/unitree_sdk2_ws/install/unitree_go/share/unitree_go/environment/pythonpath.sh
[17.397s] -- Symlinking: /home/jason/projects/unitree_sdk2_ws/install/unitree_go/share/unitree_go/environment/pythonpath.dsv
[17.403s] -- Symlinking: /home/jason/projects/unitree_sdk2_ws/install/unitree_go/local/lib/python3.10/dist-packages/unitree_go-0.0.0-py3.10.egg-info/PKG-INFO
[17.412s] -- Symlinking: /home/jason/projects/unitree_sdk2_ws/install/unitree_go/local/lib/python3.10/dist-packages/unitree_go-0.0.0-py3.10.egg-info/SOURCES.txt
[17.419s] -- Symlinking: /home/jason/projects/unitree_sdk2_ws/install/unitree_go/local/lib/python3.10/dist-packages/unitree_go-0.0.0-py3.10.egg-info/dependency_links.txt
[17.427s] -- Symlinking: /home/jason/projects/unitree_sdk2_ws/install/unitree_go/local/lib/python3.10/dist-packages/unitree_go-0.0.0-py3.10.egg-info/top_level.txt
[17.435s] -- Symlinking: /home/jason/projects/unitree_sdk2_ws/install/unitree_go/local/lib/python3.10/dist-packages/unitree_go/__init__.py
[17.445s] -- Symlinking: /home/jason/projects/unitree_sdk2_ws/install/unitree_go/local/lib/python3.10/dist-packages/unitree_go/_unitree_go_s.ep.rosidl_typesupport_c.c
[17.456s] -- Symlinking: /home/jason/projects/unitree_sdk2_ws/install/unitree_go/local/lib/python3.10/dist-packages/unitree_go/_unitree_go_s.ep.rosidl_typesupport_fastrtps_c.c
[17.464s] -- Symlinking: /home/jason/projects/unitree_sdk2_ws/install/unitree_go/local/lib/python3.10/dist-packages/unitree_go/_unitree_go_s.ep.rosidl_typesupport_introspection_c.c
[17.471s] -- Symlinking: /home/jason/projects/unitree_sdk2_ws/install/unitree_go/local/lib/python3.10/dist-packages/unitree_go/libunitree_go__rosidl_generator_py.so
[17.481s] -- Symlinking: /home/jason/projects/unitree_sdk2_ws/install/unitree_go/local/lib/python3.10/dist-packages/unitree_go/msg/__init__.py
[17.489s] -- Symlinking: /home/jason/projects/unitree_sdk2_ws/install/unitree_go/local/lib/python3.10/dist-packages/unitree_go/msg/_audio_data.py
[17.498s] -- Symlinking: /home/jason/projects/unitree_sdk2_ws/install/unitree_go/local/lib/python3.10/dist-packages/unitree_go/msg/_audio_data_s.c
[17.507s] -- Symlinking: /home/jason/projects/unitree_sdk2_ws/install/unitree_go/local/lib/python3.10/dist-packages/unitree_go/msg/_bms_cmd.py
[17.512s] -- Symlinking: /home/jason/projects/unitree_sdk2_ws/install/unitree_go/local/lib/python3.10/dist-packages/unitree_go/msg/_bms_cmd_s.c
[17.521s] -- Symlinking: /home/jason/projects/unitree_sdk2_ws/install/unitree_go/local/lib/python3.10/dist-packages/unitree_go/msg/_bms_state.py
[17.531s] -- Symlinking: /home/jason/projects/unitree_sdk2_ws/install/unitree_go/local/lib/python3.10/dist-packages/unitree_go/msg/_bms_state_s.c
[17.540s] -- Symlinking: /home/jason/projects/unitree_sdk2_ws/install/unitree_go/local/lib/python3.10/dist-packages/unitree_go/msg/_error.py
[17.545s] -- Symlinking: /home/jason/projects/unitree_sdk2_ws/install/unitree_go/local/lib/python3.10/dist-packages/unitree_go/msg/_error_s.c
[17.554s] -- Symlinking: /home/jason/projects/unitree_sdk2_ws/install/unitree_go/local/lib/python3.10/dist-packages/unitree_go/msg/_go2_front_video_data.py
[17.561s] -- Symlinking: /home/jason/projects/unitree_sdk2_ws/install/unitree_go/local/lib/python3.10/dist-packages/unitree_go/msg/_go2_front_video_data_s.c
[17.569s] -- Symlinking: /home/jason/projects/unitree_sdk2_ws/install/unitree_go/local/lib/python3.10/dist-packages/unitree_go/msg/_height_map.py
[17.577s] -- Symlinking: /home/jason/projects/unitree_sdk2_ws/install/unitree_go/local/lib/python3.10/dist-packages/unitree_go/msg/_height_map_s.c
[17.587s] -- Symlinking: /home/jason/projects/unitree_sdk2_ws/install/unitree_go/local/lib/python3.10/dist-packages/unitree_go/msg/_imu_state.py
[17.596s] -- Symlinking: /home/jason/projects/unitree_sdk2_ws/install/unitree_go/local/lib/python3.10/dist-packages/unitree_go/msg/_imu_state_s.c
[17.605s] -- Symlinking: /home/jason/projects/unitree_sdk2_ws/install/unitree_go/local/lib/python3.10/dist-packages/unitree_go/msg/_interface_config.py
[17.610s] -- Symlinking: /home/jason/projects/unitree_sdk2_ws/install/unitree_go/local/lib/python3.10/dist-packages/unitree_go/msg/_interface_config_s.c
[17.618s] -- Symlinking: /home/jason/projects/unitree_sdk2_ws/install/unitree_go/local/lib/python3.10/dist-packages/unitree_go/msg/_lidar_state.py
[17.628s] -- Symlinking: /home/jason/projects/unitree_sdk2_ws/install/unitree_go/local/lib/python3.10/dist-packages/unitree_go/msg/_lidar_state_s.c
[17.638s] -- Symlinking: /home/jason/projects/unitree_sdk2_ws/install/unitree_go/local/lib/python3.10/dist-packages/unitree_go/msg/_low_cmd.py
[17.647s] -- Symlinking: /home/jason/projects/unitree_sdk2_ws/install/unitree_go/local/lib/python3.10/dist-packages/unitree_go/msg/_low_cmd_s.c
[17.656s] -- Symlinking: /home/jason/projects/unitree_sdk2_ws/install/unitree_go/local/lib/python3.10/dist-packages/unitree_go/msg/_low_state.py
[17.663s] -- Symlinking: /home/jason/projects/unitree_sdk2_ws/install/unitree_go/local/lib/python3.10/dist-packages/unitree_go/msg/_low_state_s.c
[17.668s] -- Symlinking: /home/jason/projects/unitree_sdk2_ws/install/unitree_go/local/lib/python3.10/dist-packages/unitree_go/msg/_motor_cmd.py
[17.674s] -- Symlinking: /home/jason/projects/unitree_sdk2_ws/install/unitree_go/local/lib/python3.10/dist-packages/unitree_go/msg/_motor_cmd_s.c
[17.683s] -- Symlinking: /home/jason/projects/unitree_sdk2_ws/install/unitree_go/local/lib/python3.10/dist-packages/unitree_go/msg/_motor_cmds.py
[17.691s] -- Symlinking: /home/jason/projects/unitree_sdk2_ws/install/unitree_go/local/lib/python3.10/dist-packages/unitree_go/msg/_motor_cmds_s.c
[17.696s] -- Symlinking: /home/jason/projects/unitree_sdk2_ws/install/unitree_go/local/lib/python3.10/dist-packages/unitree_go/msg/_motor_state.py
[17.702s] -- Symlinking: /home/jason/projects/unitree_sdk2_ws/install/unitree_go/local/lib/python3.10/dist-packages/unitree_go/msg/_motor_state_s.c
[17.711s] -- Symlinking: /home/jason/projects/unitree_sdk2_ws/install/unitree_go/local/lib/python3.10/dist-packages/unitree_go/msg/_motor_states.py
[17.720s] -- Symlinking: /home/jason/projects/unitree_sdk2_ws/install/unitree_go/local/lib/python3.10/dist-packages/unitree_go/msg/_motor_states_s.c
[17.730s] -- Symlinking: /home/jason/projects/unitree_sdk2_ws/install/unitree_go/local/lib/python3.10/dist-packages/unitree_go/msg/_path_point.py
[17.737s] -- Symlinking: /home/jason/projects/unitree_sdk2_ws/install/unitree_go/local/lib/python3.10/dist-packages/unitree_go/msg/_path_point_s.c
[17.745s] -- Symlinking: /home/jason/projects/unitree_sdk2_ws/install/unitree_go/local/lib/python3.10/dist-packages/unitree_go/msg/_req.py
[17.749s] -- Symlinking: /home/jason/projects/unitree_sdk2_ws/install/unitree_go/local/lib/python3.10/dist-packages/unitree_go/msg/_req_s.c
[17.755s] -- Symlinking: /home/jason/projects/unitree_sdk2_ws/install/unitree_go/local/lib/python3.10/dist-packages/unitree_go/msg/_res.py
[17.764s] -- Symlinking: /home/jason/projects/unitree_sdk2_ws/install/unitree_go/local/lib/python3.10/dist-packages/unitree_go/msg/_res_s.c
[17.773s] -- Symlinking: /home/jason/projects/unitree_sdk2_ws/install/unitree_go/local/lib/python3.10/dist-packages/unitree_go/msg/_sport_mode_cmd.py
[17.782s] -- Symlinking: /home/jason/projects/unitree_sdk2_ws/install/unitree_go/local/lib/python3.10/dist-packages/unitree_go/msg/_sport_mode_cmd_s.c
[17.791s] -- Symlinking: /home/jason/projects/unitree_sdk2_ws/install/unitree_go/local/lib/python3.10/dist-packages/unitree_go/msg/_sport_mode_state.py
[17.796s] -- Symlinking: /home/jason/projects/unitree_sdk2_ws/install/unitree_go/local/lib/python3.10/dist-packages/unitree_go/msg/_sport_mode_state_s.c
[17.805s] -- Symlinking: /home/jason/projects/unitree_sdk2_ws/install/unitree_go/local/lib/python3.10/dist-packages/unitree_go/msg/_time_spec.py
[17.815s] -- Symlinking: /home/jason/projects/unitree_sdk2_ws/install/unitree_go/local/lib/python3.10/dist-packages/unitree_go/msg/_time_spec_s.c
[17.826s] -- Symlinking: /home/jason/projects/unitree_sdk2_ws/install/unitree_go/local/lib/python3.10/dist-packages/unitree_go/msg/_uwb_state.py
[17.837s] -- Symlinking: /home/jason/projects/unitree_sdk2_ws/install/unitree_go/local/lib/python3.10/dist-packages/unitree_go/msg/_uwb_state_s.c
[17.847s] -- Symlinking: /home/jason/projects/unitree_sdk2_ws/install/unitree_go/local/lib/python3.10/dist-packages/unitree_go/msg/_uwb_switch.py
[17.853s] -- Symlinking: /home/jason/projects/unitree_sdk2_ws/install/unitree_go/local/lib/python3.10/dist-packages/unitree_go/msg/_uwb_switch_s.c
[17.862s] -- Symlinking: /home/jason/projects/unitree_sdk2_ws/install/unitree_go/local/lib/python3.10/dist-packages/unitree_go/msg/_wireless_controller.py
[17.869s] -- Symlinking: /home/jason/projects/unitree_sdk2_ws/install/unitree_go/local/lib/python3.10/dist-packages/unitree_go/msg/_wireless_controller_s.c
[17.880s] -- Symlinking: /home/jason/projects/unitree_sdk2_ws/install/unitree_go/local/lib/python3.10/dist-packages/unitree_go/unitree_go_s__rosidl_typesupport_c.cpython-310-x86_64-linux-gnu.so
[17.889s] -- Symlinking: /home/jason/projects/unitree_sdk2_ws/install/unitree_go/local/lib/python3.10/dist-packages/unitree_go/unitree_go_s__rosidl_typesupport_fastrtps_c.cpython-310-x86_64-linux-gnu.so
[17.898s] -- Symlinking: /home/jason/projects/unitree_sdk2_ws/install/unitree_go/local/lib/python3.10/dist-packages/unitree_go/unitree_go_s__rosidl_typesupport_introspection_c.cpython-310-x86_64-linux-gnu.so
[17.908s] -- Up-to-date symlink: /home/jason/projects/unitree_sdk2_ws/install/unitree_go/local/lib/python3.10/dist-packages/unitree_go/unitree_go_s__rosidl_typesupport_fastrtps_c.cpython-310-x86_64-linux-gnu.so
[17.908s] -- Up-to-date symlink: /home/jason/projects/unitree_sdk2_ws/install/unitree_go/local/lib/python3.10/dist-packages/unitree_go/unitree_go_s__rosidl_typesupport_introspection_c.cpython-310-x86_64-linux-gnu.so
[17.908s] -- Up-to-date symlink: /home/jason/projects/unitree_sdk2_ws/install/unitree_go/local/lib/python3.10/dist-packages/unitree_go/unitree_go_s__rosidl_typesupport_c.cpython-310-x86_64-linux-gnu.so
[17.909s] -- Symlinking: /home/jason/projects/unitree_sdk2_ws/install/unitree_go/share/unitree_go/msg/AudioData.idl
[17.917s] -- Symlinking: /home/jason/projects/unitree_sdk2_ws/install/unitree_go/share/unitree_go/msg/BmsCmd.idl
[17.925s] -- Symlinking: /home/jason/projects/unitree_sdk2_ws/install/unitree_go/share/unitree_go/msg/BmsState.idl
[17.934s] -- Symlinking: /home/jason/projects/unitree_sdk2_ws/install/unitree_go/share/unitree_go/msg/Error.idl
[17.943s] -- Symlinking: /home/jason/projects/unitree_sdk2_ws/install/unitree_go/share/unitree_go/msg/Go2FrontVideoData.idl
[17.952s] -- Symlinking: /home/jason/projects/unitree_sdk2_ws/install/unitree_go/share/unitree_go/msg/HeightMap.idl
[17.960s] -- Symlinking: /home/jason/projects/unitree_sdk2_ws/install/unitree_go/share/unitree_go/msg/IMUState.idl
[17.969s] -- Symlinking: /home/jason/projects/unitree_sdk2_ws/install/unitree_go/share/unitree_go/msg/InterfaceConfig.idl
[17.977s] -- Symlinking: /home/jason/projects/unitree_sdk2_ws/install/unitree_go/share/unitree_go/msg/LidarState.idl
[17.985s] -- Symlinking: /home/jason/projects/unitree_sdk2_ws/install/unitree_go/share/unitree_go/msg/LowCmd.idl
[17.994s] -- Symlinking: /home/jason/projects/unitree_sdk2_ws/install/unitree_go/share/unitree_go/msg/LowState.idl
[18.002s] -- Symlinking: /home/jason/projects/unitree_sdk2_ws/install/unitree_go/share/unitree_go/msg/MotorCmd.idl
[18.010s] -- Symlinking: /home/jason/projects/unitree_sdk2_ws/install/unitree_go/share/unitree_go/msg/MotorCmds.idl
[18.018s] -- Symlinking: /home/jason/projects/unitree_sdk2_ws/install/unitree_go/share/unitree_go/msg/MotorState.idl
[18.027s] -- Symlinking: /home/jason/projects/unitree_sdk2_ws/install/unitree_go/share/unitree_go/msg/MotorStates.idl
[18.036s] -- Symlinking: /home/jason/projects/unitree_sdk2_ws/install/unitree_go/share/unitree_go/msg/PathPoint.idl
[18.045s] -- Symlinking: /home/jason/projects/unitree_sdk2_ws/install/unitree_go/share/unitree_go/msg/Req.idl
[18.055s] -- Symlinking: /home/jason/projects/unitree_sdk2_ws/install/unitree_go/share/unitree_go/msg/Res.idl
[18.064s] -- Symlinking: /home/jason/projects/unitree_sdk2_ws/install/unitree_go/share/unitree_go/msg/SportModeCmd.idl
[18.074s] -- Symlinking: /home/jason/projects/unitree_sdk2_ws/install/unitree_go/share/unitree_go/msg/SportModeState.idl
[18.083s] -- Symlinking: /home/jason/projects/unitree_sdk2_ws/install/unitree_go/share/unitree_go/msg/TimeSpec.idl
[18.092s] -- Symlinking: /home/jason/projects/unitree_sdk2_ws/install/unitree_go/share/unitree_go/msg/UwbState.idl
[18.102s] -- Symlinking: /home/jason/projects/unitree_sdk2_ws/install/unitree_go/share/unitree_go/msg/UwbSwitch.idl
[18.111s] -- Symlinking: /home/jason/projects/unitree_sdk2_ws/install/unitree_go/share/unitree_go/msg/WirelessController.idl
[18.120s] -- Symlinking: /home/jason/projects/unitree_sdk2_ws/install/unitree_go/share/unitree_go/msg/AudioData.msg
[18.128s] -- Symlinking: /home/jason/projects/unitree_sdk2_ws/install/unitree_go/share/unitree_go/msg/BmsCmd.msg
[18.138s] -- Symlinking: /home/jason/projects/unitree_sdk2_ws/install/unitree_go/share/unitree_go/msg/BmsState.msg
[18.147s] -- Symlinking: /home/jason/projects/unitree_sdk2_ws/install/unitree_go/share/unitree_go/msg/Error.msg
[18.156s] -- Symlinking: /home/jason/projects/unitree_sdk2_ws/install/unitree_go/share/unitree_go/msg/Go2FrontVideoData.msg
[18.165s] -- Symlinking: /home/jason/projects/unitree_sdk2_ws/install/unitree_go/share/unitree_go/msg/HeightMap.msg
[18.174s] -- Symlinking: /home/jason/projects/unitree_sdk2_ws/install/unitree_go/share/unitree_go/msg/IMUState.msg
[18.183s] -- Symlinking: /home/jason/projects/unitree_sdk2_ws/install/unitree_go/share/unitree_go/msg/InterfaceConfig.msg
[18.192s] -- Symlinking: /home/jason/projects/unitree_sdk2_ws/install/unitree_go/share/unitree_go/msg/LidarState.msg
[18.200s] -- Symlinking: /home/jason/projects/unitree_sdk2_ws/install/unitree_go/share/unitree_go/msg/LowCmd.msg
[18.209s] -- Symlinking: /home/jason/projects/unitree_sdk2_ws/install/unitree_go/share/unitree_go/msg/LowState.msg
[18.213s] -- Symlinking: /home/jason/projects/unitree_sdk2_ws/install/unitree_go/share/unitree_go/msg/MotorCmd.msg
[18.223s] -- Symlinking: /home/jason/projects/unitree_sdk2_ws/install/unitree_go/share/unitree_go/msg/MotorCmds.msg
[18.232s] -- Symlinking: /home/jason/projects/unitree_sdk2_ws/install/unitree_go/share/unitree_go/msg/MotorState.msg
[18.242s] -- Symlinking: /home/jason/projects/unitree_sdk2_ws/install/unitree_go/share/unitree_go/msg/MotorStates.msg
[18.250s] -- Symlinking: /home/jason/projects/unitree_sdk2_ws/install/unitree_go/share/unitree_go/msg/PathPoint.msg
[18.259s] -- Symlinking: /home/jason/projects/unitree_sdk2_ws/install/unitree_go/share/unitree_go/msg/Req.msg
[18.264s] -- Symlinking: /home/jason/projects/unitree_sdk2_ws/install/unitree_go/share/unitree_go/msg/Res.msg
[18.273s] -- Symlinking: /home/jason/projects/unitree_sdk2_ws/install/unitree_go/share/unitree_go/msg/SportModeCmd.msg
[18.282s] -- Symlinking: /home/jason/projects/unitree_sdk2_ws/install/unitree_go/share/unitree_go/msg/SportModeState.msg
[18.290s] -- Symlinking: /home/jason/projects/unitree_sdk2_ws/install/unitree_go/share/unitree_go/msg/TimeSpec.msg
[18.299s] -- Symlinking: /home/jason/projects/unitree_sdk2_ws/install/unitree_go/share/unitree_go/msg/UwbState.msg
[18.308s] -- Symlinking: /home/jason/projects/unitree_sdk2_ws/install/unitree_go/share/unitree_go/msg/UwbSwitch.msg
[18.317s] -- Symlinking: /home/jason/projects/unitree_sdk2_ws/install/unitree_go/share/unitree_go/msg/WirelessController.msg
[18.326s] -- Symlinking: /home/jason/projects/unitree_sdk2_ws/install/unitree_go/share/unitree_go/msg/dds_connext/AudioData_.idl
[18.335s] -- Symlinking: /home/jason/projects/unitree_sdk2_ws/install/unitree_go/share/unitree_go/msg/dds_connext/BmsCmd_.idl
[18.344s] -- Symlinking: /home/jason/projects/unitree_sdk2_ws/install/unitree_go/share/unitree_go/msg/dds_connext/BmsState_.idl
[18.353s] -- Symlinking: /home/jason/projects/unitree_sdk2_ws/install/unitree_go/share/unitree_go/msg/dds_connext/Error_.idl
[18.362s] -- Symlinking: /home/jason/projects/unitree_sdk2_ws/install/unitree_go/share/unitree_go/msg/dds_connext/Go2FrontVideoData_.idl
[18.367s] -- Symlinking: /home/jason/projects/unitree_sdk2_ws/install/unitree_go/share/unitree_go/msg/dds_connext/HeightMap_.idl
[18.376s] -- Symlinking: /home/jason/projects/unitree_sdk2_ws/install/unitree_go/share/unitree_go/msg/dds_connext/IMUState_.idl
[18.385s] -- Symlinking: /home/jason/projects/unitree_sdk2_ws/install/unitree_go/share/unitree_go/msg/dds_connext/InterfaceConfig_.idl
[18.394s] -- Symlinking: /home/jason/projects/unitree_sdk2_ws/install/unitree_go/share/unitree_go/msg/dds_connext/LidarState_.idl
[18.403s] -- Symlinking: /home/jason/projects/unitree_sdk2_ws/install/unitree_go/share/unitree_go/msg/dds_connext/LowCmd_.idl
[18.412s] -- Symlinking: /home/jason/projects/unitree_sdk2_ws/install/unitree_go/share/unitree_go/msg/dds_connext/LowState_.idl
[18.422s] -- Symlinking: /home/jason/projects/unitree_sdk2_ws/install/unitree_go/share/unitree_go/msg/dds_connext/MotorCmd_.idl
[18.431s] -- Symlinking: /home/jason/projects/unitree_sdk2_ws/install/unitree_go/share/unitree_go/msg/dds_connext/MotorCmds_.idl
[18.440s] -- Symlinking: /home/jason/projects/unitree_sdk2_ws/install/unitree_go/share/unitree_go/msg/dds_connext/MotorState_.idl
[18.444s] -- Symlinking: /home/jason/projects/unitree_sdk2_ws/install/unitree_go/share/unitree_go/msg/dds_connext/MotorStates_.idl
[18.452s] -- Symlinking: /home/jason/projects/unitree_sdk2_ws/install/unitree_go/share/unitree_go/msg/dds_connext/PathPoint_.idl
[18.460s] -- Symlinking: /home/jason/projects/unitree_sdk2_ws/install/unitree_go/share/unitree_go/msg/dds_connext/Req_.idl
[18.469s] -- Symlinking: /home/jason/projects/unitree_sdk2_ws/install/unitree_go/share/unitree_go/msg/dds_connext/Res_.idl
[18.474s] -- Symlinking: /home/jason/projects/unitree_sdk2_ws/install/unitree_go/share/unitree_go/msg/dds_connext/SportModeCmd_.idl
[18.482s] -- Symlinking: /home/jason/projects/unitree_sdk2_ws/install/unitree_go/share/unitree_go/msg/dds_connext/SportModeState_.idl
[18.491s] -- Symlinking: /home/jason/projects/unitree_sdk2_ws/install/unitree_go/share/unitree_go/msg/dds_connext/TimeSpec_.idl
[18.499s] -- Symlinking: /home/jason/projects/unitree_sdk2_ws/install/unitree_go/share/unitree_go/msg/dds_connext/UwbState_.idl
[18.504s] -- Symlinking: /home/jason/projects/unitree_sdk2_ws/install/unitree_go/share/unitree_go/msg/dds_connext/UwbSwitch_.idl
[18.513s] -- Symlinking: /home/jason/projects/unitree_sdk2_ws/install/unitree_go/share/unitree_go/msg/dds_connext/WirelessController_.idl
[18.522s] -- Symlinking: /home/jason/projects/unitree_sdk2_ws/install/unitree_go/share/ament_index/resource_index/package_run_dependencies/unitree_go
[18.531s] -- Symlinking: /home/jason/projects/unitree_sdk2_ws/install/unitree_go/share/ament_index/resource_index/parent_prefix_path/unitree_go
[18.544s] -- Symlinking: /home/jason/projects/unitree_sdk2_ws/install/unitree_go/share/unitree_go/environment/ament_prefix_path.sh
[18.553s] -- Symlinking: /home/jason/projects/unitree_sdk2_ws/install/unitree_go/share/unitree_go/environment/ament_prefix_path.dsv
[18.563s] -- Symlinking: /home/jason/projects/unitree_sdk2_ws/install/unitree_go/share/unitree_go/environment/path.sh
[18.572s] -- Symlinking: /home/jason/projects/unitree_sdk2_ws/install/unitree_go/share/unitree_go/environment/path.dsv
[18.581s] -- Symlinking: /home/jason/projects/unitree_sdk2_ws/install/unitree_go/share/unitree_go/local_setup.bash
[18.587s] -- Symlinking: /home/jason/projects/unitree_sdk2_ws/install/unitree_go/share/unitree_go/local_setup.sh
[18.596s] -- Symlinking: /home/jason/projects/unitree_sdk2_ws/install/unitree_go/share/unitree_go/local_setup.zsh
[18.604s] -- Symlinking: /home/jason/projects/unitree_sdk2_ws/install/unitree_go/share/unitree_go/local_setup.dsv
[18.613s] -- Symlinking: /home/jason/projects/unitree_sdk2_ws/install/unitree_go/share/unitree_go/package.dsv
[18.619s] -- Symlinking: /home/jason/projects/unitree_sdk2_ws/install/unitree_go/share/ament_index/resource_index/packages/unitree_go
[18.628s] -- Symlinking: /home/jason/projects/unitree_sdk2_ws/install/unitree_go/share/unitree_go/cmake/rosidl_cmake-extras.cmake
[18.637s] -- Symlinking: /home/jason/projects/unitree_sdk2_ws/install/unitree_go/share/unitree_go/cmake/ament_cmake_export_dependencies-extras.cmake
[18.647s] -- Symlinking: /home/jason/projects/unitree_sdk2_ws/install/unitree_go/share/unitree_go/cmake/ament_cmake_export_include_directories-extras.cmake
[18.656s] -- Symlinking: /home/jason/projects/unitree_sdk2_ws/install/unitree_go/share/unitree_go/cmake/ament_cmake_export_libraries-extras.cmake
[18.663s] -- Symlinking: /home/jason/projects/unitree_sdk2_ws/install/unitree_go/share/unitree_go/cmake/ament_cmake_export_targets-extras.cmake
[18.668s] -- Symlinking: /home/jason/projects/unitree_sdk2_ws/install/unitree_go/share/unitree_go/cmake/rosidl_cmake_export_typesupport_targets-extras.cmake
[18.677s] -- Symlinking: /home/jason/projects/unitree_sdk2_ws/install/unitree_go/share/unitree_go/cmake/rosidl_cmake_export_typesupport_libraries-extras.cmake
[18.686s] -- Symlinking: /home/jason/projects/unitree_sdk2_ws/install/unitree_go/share/unitree_go/cmake/unitree_goConfig.cmake
[18.693s] -- Symlinking: /home/jason/projects/unitree_sdk2_ws/install/unitree_go/share/unitree_go/cmake/unitree_goConfig-version.cmake
[18.697s] -- Symlinking: /home/jason/projects/unitree_sdk2_ws/install/unitree_go/share/unitree_go/package.xml
[18.703s] -- Installing: /home/jason/projects/unitree_sdk2_ws/install/unitree_go/lib/libunitree_go__rosidl_generator_c.so
[18.704s] -- Set runtime path of "/home/jason/projects/unitree_sdk2_ws/install/unitree_go/lib/libunitree_go__rosidl_generator_c.so" to ""
[18.704s] -- Installing: /home/jason/projects/unitree_sdk2_ws/install/unitree_go/lib/libunitree_go__rosidl_typesupport_fastrtps_c.so
[18.704s] -- Set runtime path of "/home/jason/projects/unitree_sdk2_ws/install/unitree_go/lib/libunitree_go__rosidl_typesupport_fastrtps_c.so" to ""
[18.704s] -- Installing: /home/jason/projects/unitree_sdk2_ws/install/unitree_go/lib/libunitree_go__rosidl_typesupport_fastrtps_cpp.so
[18.705s] -- Set runtime path of "/home/jason/projects/unitree_sdk2_ws/install/unitree_go/lib/libunitree_go__rosidl_typesupport_fastrtps_cpp.so" to ""
[18.705s] -- Installing: /home/jason/projects/unitree_sdk2_ws/install/unitree_go/lib/libunitree_go__rosidl_typesupport_introspection_c.so
[18.705s] -- Set runtime path of "/home/jason/projects/unitree_sdk2_ws/install/unitree_go/lib/libunitree_go__rosidl_typesupport_introspection_c.so" to ""
[18.705s] -- Installing: /home/jason/projects/unitree_sdk2_ws/install/unitree_go/lib/libunitree_go__rosidl_typesupport_c.so
[18.706s] -- Set runtime path of "/home/jason/projects/unitree_sdk2_ws/install/unitree_go/lib/libunitree_go__rosidl_typesupport_c.so" to ""
[18.706s] -- Installing: /home/jason/projects/unitree_sdk2_ws/install/unitree_go/lib/libunitree_go__rosidl_typesupport_introspection_cpp.so
[18.706s] -- Set runtime path of "/home/jason/projects/unitree_sdk2_ws/install/unitree_go/lib/libunitree_go__rosidl_typesupport_introspection_cpp.so" to ""
[18.706s] -- Installing: /home/jason/projects/unitree_sdk2_ws/install/unitree_go/lib/libunitree_go__rosidl_typesupport_cpp.so
[18.706s] -- Set runtime path of "/home/jason/projects/unitree_sdk2_ws/install/unitree_go/lib/libunitree_go__rosidl_typesupport_cpp.so" to ""
[18.745s] Listing '/home/jason/projects/unitree_sdk2_ws/install/unitree_go/local/lib/python3.10/dist-packages/unitree_go'...
[18.745s] Compiling '/home/jason/projects/unitree_sdk2_ws/install/unitree_go/local/lib/python3.10/dist-packages/unitree_go/__init__.py'...
[18.745s] Listing '/home/jason/projects/unitree_sdk2_ws/install/unitree_go/local/lib/python3.10/dist-packages/unitree_go/msg'...
[18.745s] Compiling '/home/jason/projects/unitree_sdk2_ws/install/unitree_go/local/lib/python3.10/dist-packages/unitree_go/msg/__init__.py'...
[18.745s] Compiling '/home/jason/projects/unitree_sdk2_ws/install/unitree_go/local/lib/python3.10/dist-packages/unitree_go/msg/_audio_data.py'...
[18.745s] Compiling '/home/jason/projects/unitree_sdk2_ws/install/unitree_go/local/lib/python3.10/dist-packages/unitree_go/msg/_bms_cmd.py'...
[18.745s] Compiling '/home/jason/projects/unitree_sdk2_ws/install/unitree_go/local/lib/python3.10/dist-packages/unitree_go/msg/_bms_state.py'...
[18.746s] Compiling '/home/jason/projects/unitree_sdk2_ws/install/unitree_go/local/lib/python3.10/dist-packages/unitree_go/msg/_error.py'...
[18.746s] Compiling '/home/jason/projects/unitree_sdk2_ws/install/unitree_go/local/lib/python3.10/dist-packages/unitree_go/msg/_go2_front_video_data.py'...
[18.746s] Compiling '/home/jason/projects/unitree_sdk2_ws/install/unitree_go/local/lib/python3.10/dist-packages/unitree_go/msg/_height_map.py'...
[18.746s] Compiling '/home/jason/projects/unitree_sdk2_ws/install/unitree_go/local/lib/python3.10/dist-packages/unitree_go/msg/_imu_state.py'...
[18.746s] Compiling '/home/jason/projects/unitree_sdk2_ws/install/unitree_go/local/lib/python3.10/dist-packages/unitree_go/msg/_interface_config.py'...
[18.746s] Compiling '/home/jason/projects/unitree_sdk2_ws/install/unitree_go/local/lib/python3.10/dist-packages/unitree_go/msg/_lidar_state.py'...
[18.746s] Compiling '/home/jason/projects/unitree_sdk2_ws/install/unitree_go/local/lib/python3.10/dist-packages/unitree_go/msg/_low_cmd.py'...
[18.746s] Compiling '/home/jason/projects/unitree_sdk2_ws/install/unitree_go/local/lib/python3.10/dist-packages/unitree_go/msg/_low_state.py'...
[18.746s] Compiling '/home/jason/projects/unitree_sdk2_ws/install/unitree_go/local/lib/python3.10/dist-packages/unitree_go/msg/_motor_cmd.py'...
[18.746s] Compiling '/home/jason/projects/unitree_sdk2_ws/install/unitree_go/local/lib/python3.10/dist-packages/unitree_go/msg/_motor_cmds.py'...
[18.746s] Compiling '/home/jason/projects/unitree_sdk2_ws/install/unitree_go/local/lib/python3.10/dist-packages/unitree_go/msg/_motor_state.py'...
[18.746s] Compiling '/home/jason/projects/unitree_sdk2_ws/install/unitree_go/local/lib/python3.10/dist-packages/unitree_go/msg/_motor_states.py'...
[18.746s] Compiling '/home/jason/projects/unitree_sdk2_ws/install/unitree_go/local/lib/python3.10/dist-packages/unitree_go/msg/_path_point.py'...
[18.746s] Compiling '/home/jason/projects/unitree_sdk2_ws/install/unitree_go/local/lib/python3.10/dist-packages/unitree_go/msg/_req.py'...
[18.746s] Compiling '/home/jason/projects/unitree_sdk2_ws/install/unitree_go/local/lib/python3.10/dist-packages/unitree_go/msg/_res.py'...
[18.746s] Compiling '/home/jason/projects/unitree_sdk2_ws/install/unitree_go/local/lib/python3.10/dist-packages/unitree_go/msg/_sport_mode_cmd.py'...
[18.746s] Compiling '/home/jason/projects/unitree_sdk2_ws/install/unitree_go/local/lib/python3.10/dist-packages/unitree_go/msg/_sport_mode_state.py'...
[18.746s] Compiling '/home/jason/projects/unitree_sdk2_ws/install/unitree_go/local/lib/python3.10/dist-packages/unitree_go/msg/_time_spec.py'...
[18.746s] Compiling '/home/jason/projects/unitree_sdk2_ws/install/unitree_go/local/lib/python3.10/dist-packages/unitree_go/msg/_uwb_state.py'...
[18.746s] Compiling '/home/jason/projects/unitree_sdk2_ws/install/unitree_go/local/lib/python3.10/dist-packages/unitree_go/msg/_uwb_switch.py'...
[18.746s] Compiling '/home/jason/projects/unitree_sdk2_ws/install/unitree_go/local/lib/python3.10/dist-packages/unitree_go/msg/_wireless_controller.py'...
[18.748s] -- Installing: /home/jason/projects/unitree_sdk2_ws/install/unitree_go/lib/libunitree_go__rosidl_generator_py.so
[18.749s] -- Set runtime path of "/home/jason/projects/unitree_sdk2_ws/install/unitree_go/lib/libunitree_go__rosidl_generator_py.so" to ""
[18.749s] -- Installing: /home/jason/projects/unitree_sdk2_ws/install/unitree_go/share/unitree_go/cmake/export_unitree_go__rosidl_generator_cExport.cmake
[18.749s] -- Installing: /home/jason/projects/unitree_sdk2_ws/install/unitree_go/share/unitree_go/cmake/export_unitree_go__rosidl_generator_cExport-noconfig.cmake
[18.749s] -- Installing: /home/jason/projects/unitree_sdk2_ws/install/unitree_go/share/unitree_go/cmake/export_unitree_go__rosidl_typesupport_fastrtps_cExport.cmake
[18.750s] -- Installing: /home/jason/projects/unitree_sdk2_ws/install/unitree_go/share/unitree_go/cmake/export_unitree_go__rosidl_typesupport_fastrtps_cExport-noconfig.cmake
[18.750s] -- Installing: /home/jason/projects/unitree_sdk2_ws/install/unitree_go/share/unitree_go/cmake/export_unitree_go__rosidl_generator_cppExport.cmake
[18.750s] -- Installing: /home/jason/projects/unitree_sdk2_ws/install/unitree_go/share/unitree_go/cmake/export_unitree_go__rosidl_typesupport_fastrtps_cppExport.cmake
[18.750s] -- Installing: /home/jason/projects/unitree_sdk2_ws/install/unitree_go/share/unitree_go/cmake/export_unitree_go__rosidl_typesupport_fastrtps_cppExport-noconfig.cmake
[18.750s] -- Installing: /home/jason/projects/unitree_sdk2_ws/install/unitree_go/share/unitree_go/cmake/unitree_go__rosidl_typesupport_introspection_cExport.cmake
[18.750s] -- Installing: /home/jason/projects/unitree_sdk2_ws/install/unitree_go/share/unitree_go/cmake/unitree_go__rosidl_typesupport_introspection_cExport-noconfig.cmake
[18.750s] -- Installing: /home/jason/projects/unitree_sdk2_ws/install/unitree_go/share/unitree_go/cmake/unitree_go__rosidl_typesupport_cExport.cmake
[18.750s] -- Installing: /home/jason/projects/unitree_sdk2_ws/install/unitree_go/share/unitree_go/cmake/unitree_go__rosidl_typesupport_cExport-noconfig.cmake
[18.750s] -- Installing: /home/jason/projects/unitree_sdk2_ws/install/unitree_go/share/unitree_go/cmake/unitree_go__rosidl_typesupport_introspection_cppExport.cmake
[18.750s] -- Installing: /home/jason/projects/unitree_sdk2_ws/install/unitree_go/share/unitree_go/cmake/unitree_go__rosidl_typesupport_introspection_cppExport-noconfig.cmake
[18.750s] -- Installing: /home/jason/projects/unitree_sdk2_ws/install/unitree_go/share/unitree_go/cmake/unitree_go__rosidl_typesupport_cppExport.cmake
[18.750s] -- Installing: /home/jason/projects/unitree_sdk2_ws/install/unitree_go/share/unitree_go/cmake/unitree_go__rosidl_typesupport_cppExport-noconfig.cmake
[18.750s] -- Installing: /home/jason/projects/unitree_sdk2_ws/install/unitree_go/share/unitree_go/cmake/export_unitree_go__rosidl_generator_pyExport.cmake
[18.750s] -- Installing: /home/jason/projects/unitree_sdk2_ws/install/unitree_go/share/unitree_go/cmake/export_unitree_go__rosidl_generator_pyExport-noconfig.cmake
[18.753s] Invoked command in '/home/jason/projects/unitree_sdk2_ws/build/unitree_go' returned '0': CMAKE_PREFIX_PATH=${CMAKE_PREFIX_PATH}:/opt/ros/humble /usr/bin/cmake --install /home/jason/projects/unitree_sdk2_ws/build/unitree_go
