[0.016s] Invoking command in '/home/jason/projects/motion_control_go2/build/unitree_go': CMAKE_PREFIX_PATH=${CMAKE_PREFIX_PATH}:/opt/ros/humble /usr/bin/cmake --build /home/jason/projects/motion_control_go2/build/unitree_go -- -j16 -l16
[0.056s] [  0%] [34m[1mGenerating C code for ROS interfaces[0m
[0.072s] [  0%] [34m[1mGenerating C++ code for ROS interfaces[0m
[0.072s] [  0%] Built target ament_cmake_python_symlink_unitree_go
[0.073s] [  0%] [34m[1mGenerating DDS interfaces[0m
[0.349s] running egg_info
[0.349s] creating unitree_go.egg-info
[0.349s] writing unitree_go.egg-info/PKG-INFO
[0.349s] writing dependency_links to unitree_go.egg-info/dependency_links.txt
[0.349s] writing top-level names to unitree_go.egg-info/top_level.txt
[0.349s] writing manifest file 'unitree_go.egg-info/SOURCES.txt'
[0.355s] reading manifest file 'unitree_go.egg-info/SOURCES.txt'
[0.355s] writing manifest file 'unitree_go.egg-info/SOURCES.txt'
[0.413s] [  0%] Built target ament_cmake_python_build_unitree_go_egg
[1.476s] [  0%] Built target unitree_go__dds_connext_idl
[1.958s] [  1%] [32mBuilding C object CMakeFiles/unitree_go__rosidl_generator_c.dir/rosidl_generator_c/unitree_go/msg/detail/audio_data__functions.c.o[0m
[1.960s] [  1%] [32mBuilding C object CMakeFiles/unitree_go__rosidl_generator_c.dir/rosidl_generator_c/unitree_go/msg/detail/error__functions.c.o[0m
[1.967s] [  1%] [32mBuilding C object CMakeFiles/unitree_go__rosidl_generator_c.dir/rosidl_generator_c/unitree_go/msg/detail/bms_cmd__functions.c.o[0m
[1.972s] [  1%] [32mBuilding C object CMakeFiles/unitree_go__rosidl_generator_c.dir/rosidl_generator_c/unitree_go/msg/detail/height_map__functions.c.o[0m
[1.974s] [  2%] [32mBuilding C object CMakeFiles/unitree_go__rosidl_generator_c.dir/rosidl_generator_c/unitree_go/msg/detail/bms_state__functions.c.o[0m
[1.983s] [  3%] [32mBuilding C object CMakeFiles/unitree_go__rosidl_generator_c.dir/rosidl_generator_c/unitree_go/msg/detail/interface_config__functions.c.o[0m
[1.983s] [  3%] [32mBuilding C object CMakeFiles/unitree_go__rosidl_generator_c.dir/rosidl_generator_c/unitree_go/msg/detail/go2_front_video_data__functions.c.o[0m
[1.983s] [  4%] [32mBuilding C object CMakeFiles/unitree_go__rosidl_generator_c.dir/rosidl_generator_c/unitree_go/msg/detail/lidar_state__functions.c.o[0m
[1.983s] [  5%] [32mBuilding C object CMakeFiles/unitree_go__rosidl_generator_c.dir/rosidl_generator_c/unitree_go/msg/detail/imu_state__functions.c.o[0m
[1.994s] [  5%] [32mBuilding C object CMakeFiles/unitree_go__rosidl_generator_c.dir/rosidl_generator_c/unitree_go/msg/detail/low_cmd__functions.c.o[0m
[2.043s] [  5%] [32mBuilding C object CMakeFiles/unitree_go__rosidl_generator_c.dir/rosidl_generator_c/unitree_go/msg/detail/low_state__functions.c.o[0m
[2.055s] [  6%] [32mBuilding C object CMakeFiles/unitree_go__rosidl_generator_c.dir/rosidl_generator_c/unitree_go/msg/detail/motor_cmd__functions.c.o[0m
[2.061s] [  6%] [32mBuilding C object CMakeFiles/unitree_go__rosidl_generator_c.dir/rosidl_generator_c/unitree_go/msg/detail/motor_cmds__functions.c.o[0m
[2.069s] [  7%] [32mBuilding C object CMakeFiles/unitree_go__rosidl_generator_c.dir/rosidl_generator_c/unitree_go/msg/detail/motor_state__functions.c.o[0m
[2.079s] [  7%] [32mBuilding C object CMakeFiles/unitree_go__rosidl_generator_c.dir/rosidl_generator_c/unitree_go/msg/detail/motor_states__functions.c.o[0m
[2.092s] [  8%] [32mBuilding C object CMakeFiles/unitree_go__rosidl_generator_c.dir/rosidl_generator_c/unitree_go/msg/detail/path_point__functions.c.o[0m
[2.137s] [  9%] [32mBuilding C object CMakeFiles/unitree_go__rosidl_generator_c.dir/rosidl_generator_c/unitree_go/msg/detail/res__functions.c.o[0m
[2.137s] [  9%] [32mBuilding C object CMakeFiles/unitree_go__rosidl_generator_c.dir/rosidl_generator_c/unitree_go/msg/detail/sport_mode_cmd__functions.c.o[0m
[2.139s] [ 10%] [32mBuilding C object CMakeFiles/unitree_go__rosidl_generator_c.dir/rosidl_generator_c/unitree_go/msg/detail/sport_mode_state__functions.c.o[0m
[2.148s] [ 11%] [32mBuilding C object CMakeFiles/unitree_go__rosidl_generator_c.dir/rosidl_generator_c/unitree_go/msg/detail/uwb_state__functions.c.o[0m
[2.150s] [ 11%] [32mBuilding C object CMakeFiles/unitree_go__rosidl_generator_c.dir/rosidl_generator_c/unitree_go/msg/detail/req__functions.c.o[0m
[2.160s] [ 11%] [32mBuilding C object CMakeFiles/unitree_go__rosidl_generator_c.dir/rosidl_generator_c/unitree_go/msg/detail/time_spec__functions.c.o[0m
[2.190s] [ 11%] [32mBuilding C object CMakeFiles/unitree_go__rosidl_generator_c.dir/rosidl_generator_c/unitree_go/msg/detail/uwb_switch__functions.c.o[0m
[2.213s] [ 11%] [32mBuilding C object CMakeFiles/unitree_go__rosidl_generator_c.dir/rosidl_generator_c/unitree_go/msg/detail/wireless_controller__functions.c.o[0m
[2.364s] [ 12%] [32m[1mLinking C shared library libunitree_go__rosidl_generator_c.so[0m
[2.448s] [ 12%] Built target unitree_go__cpp
[2.483s] [ 12%] Built target unitree_go__rosidl_generator_c
[2.509s] [ 13%] [34m[1mGenerating C++ type support for eProsima Fast-RTPS[0m
[2.517s] [ 14%] [34m[1mGenerating C++ introspection for ROS interfaces[0m
[2.526s] [ 15%] [34m[1mGenerating C++ type support dispatch for ROS interfaces[0m
[2.562s] [ 15%] [34m[1mGenerating C type support for eProsima Fast-RTPS[0m
[2.563s] [ 15%] [34m[1mGenerating C introspection for ROS interfaces[0m
[2.569s] [ 15%] [34m[1mGenerating C type support dispatch for ROS interfaces[0m
[4.341s] [ 15%] [32mBuilding CXX object CMakeFiles/unitree_go__rosidl_typesupport_cpp.dir/rosidl_typesupport_cpp/unitree_go/msg/audio_data__type_support.cpp.o[0m
[4.352s] [ 16%] [32mBuilding CXX object CMakeFiles/unitree_go__rosidl_typesupport_cpp.dir/rosidl_typesupport_cpp/unitree_go/msg/bms_cmd__type_support.cpp.o[0m
[4.358s] [ 16%] [32mBuilding CXX object CMakeFiles/unitree_go__rosidl_typesupport_cpp.dir/rosidl_typesupport_cpp/unitree_go/msg/bms_state__type_support.cpp.o[0m
[4.364s] [ 17%] [32mBuilding CXX object CMakeFiles/unitree_go__rosidl_typesupport_cpp.dir/rosidl_typesupport_cpp/unitree_go/msg/error__type_support.cpp.o[0m
[4.391s] [ 18%] [32mBuilding CXX object CMakeFiles/unitree_go__rosidl_typesupport_cpp.dir/rosidl_typesupport_cpp/unitree_go/msg/height_map__type_support.cpp.o[0m
[4.392s] [ 18%] [32mBuilding CXX object CMakeFiles/unitree_go__rosidl_typesupport_cpp.dir/rosidl_typesupport_cpp/unitree_go/msg/go2_front_video_data__type_support.cpp.o[0m
[4.408s] [ 19%] [32mBuilding CXX object CMakeFiles/unitree_go__rosidl_typesupport_cpp.dir/rosidl_typesupport_cpp/unitree_go/msg/interface_config__type_support.cpp.o[0m
[4.429s] [ 19%] [32mBuilding CXX object CMakeFiles/unitree_go__rosidl_typesupport_cpp.dir/rosidl_typesupport_cpp/unitree_go/msg/imu_state__type_support.cpp.o[0m
[4.446s] [ 19%] [32mBuilding CXX object CMakeFiles/unitree_go__rosidl_typesupport_cpp.dir/rosidl_typesupport_cpp/unitree_go/msg/lidar_state__type_support.cpp.o[0m
[4.458s] [ 20%] [32mBuilding CXX object CMakeFiles/unitree_go__rosidl_typesupport_cpp.dir/rosidl_typesupport_cpp/unitree_go/msg/low_cmd__type_support.cpp.o[0m
[4.713s] [ 20%] [32mBuilding CXX object CMakeFiles/unitree_go__rosidl_typesupport_cpp.dir/rosidl_typesupport_cpp/unitree_go/msg/low_state__type_support.cpp.o[0m
[4.767s] [ 20%] [32mBuilding CXX object CMakeFiles/unitree_go__rosidl_typesupport_c.dir/rosidl_typesupport_c/unitree_go/msg/audio_data__type_support.cpp.o[0m
[4.776s] [ 21%] [32mBuilding CXX object CMakeFiles/unitree_go__rosidl_typesupport_c.dir/rosidl_typesupport_c/unitree_go/msg/bms_cmd__type_support.cpp.o[0m
[4.791s] [ 21%] [32mBuilding C object CMakeFiles/unitree_go__rosidl_typesupport_introspection_c.dir/rosidl_typesupport_introspection_c/unitree_go/msg/detail/audio_data__type_support.c.o[0m
[4.826s] [ 21%] [32mBuilding CXX object CMakeFiles/unitree_go__rosidl_typesupport_c.dir/rosidl_typesupport_c/unitree_go/msg/bms_state__type_support.cpp.o[0m
[4.829s] [ 22%] [32mBuilding CXX object CMakeFiles/unitree_go__rosidl_typesupport_c.dir/rosidl_typesupport_c/unitree_go/msg/error__type_support.cpp.o[0m
[4.845s] [ 23%] [32mBuilding C object CMakeFiles/unitree_go__rosidl_typesupport_introspection_c.dir/rosidl_typesupport_introspection_c/unitree_go/msg/detail/bms_cmd__type_support.c.o[0m
[4.876s] [ 23%] [32mBuilding CXX object CMakeFiles/unitree_go__rosidl_typesupport_c.dir/rosidl_typesupport_c/unitree_go/msg/go2_front_video_data__type_support.cpp.o[0m
[4.880s] [ 24%] [32mBuilding CXX object CMakeFiles/unitree_go__rosidl_typesupport_c.dir/rosidl_typesupport_c/unitree_go/msg/height_map__type_support.cpp.o[0m
[4.882s] [ 24%] [32mBuilding C object CMakeFiles/unitree_go__rosidl_typesupport_introspection_c.dir/rosidl_typesupport_introspection_c/unitree_go/msg/detail/bms_state__type_support.c.o[0m
[4.885s] [ 24%] [32mBuilding CXX object CMakeFiles/unitree_go__rosidl_typesupport_cpp.dir/rosidl_typesupport_cpp/unitree_go/msg/motor_cmd__type_support.cpp.o[0m
[4.891s] [ 24%] [32mBuilding CXX object CMakeFiles/unitree_go__rosidl_typesupport_c.dir/rosidl_typesupport_c/unitree_go/msg/imu_state__type_support.cpp.o[0m
[4.919s] [ 25%] [32mBuilding C object CMakeFiles/unitree_go__rosidl_typesupport_introspection_c.dir/rosidl_typesupport_introspection_c/unitree_go/msg/detail/error__type_support.c.o[0m
[4.927s] [ 26%] [32mBuilding CXX object CMakeFiles/unitree_go__rosidl_typesupport_c.dir/rosidl_typesupport_c/unitree_go/msg/interface_config__type_support.cpp.o[0m
[4.933s] [ 27%] [32mBuilding CXX object CMakeFiles/unitree_go__rosidl_typesupport_c.dir/rosidl_typesupport_c/unitree_go/msg/low_cmd__type_support.cpp.o[0m
[4.942s] [ 27%] [32mBuilding CXX object CMakeFiles/unitree_go__rosidl_typesupport_c.dir/rosidl_typesupport_c/unitree_go/msg/lidar_state__type_support.cpp.o[0m
[4.942s] [ 27%] [32mBuilding C object CMakeFiles/unitree_go__rosidl_typesupport_introspection_c.dir/rosidl_typesupport_introspection_c/unitree_go/msg/detail/go2_front_video_data__type_support.c.o[0m
[4.946s] [ 27%] [32mBuilding CXX object CMakeFiles/unitree_go__rosidl_typesupport_c.dir/rosidl_typesupport_c/unitree_go/msg/low_state__type_support.cpp.o[0m
[4.950s] [ 28%] [32mBuilding C object CMakeFiles/unitree_go__rosidl_typesupport_introspection_c.dir/rosidl_typesupport_introspection_c/unitree_go/msg/detail/height_map__type_support.c.o[0m
[4.961s] [ 29%] [32mBuilding CXX object CMakeFiles/unitree_go__rosidl_typesupport_cpp.dir/rosidl_typesupport_cpp/unitree_go/msg/motor_cmds__type_support.cpp.o[0m
[4.970s] [ 30%] [32mBuilding CXX object CMakeFiles/unitree_go__rosidl_typesupport_c.dir/rosidl_typesupport_c/unitree_go/msg/motor_cmd__type_support.cpp.o[0m
[4.972s] [ 30%] [32mBuilding CXX object CMakeFiles/unitree_go__rosidl_typesupport_cpp.dir/rosidl_typesupport_cpp/unitree_go/msg/motor_state__type_support.cpp.o[0m
[4.986s] [ 30%] [32mBuilding CXX object CMakeFiles/unitree_go__rosidl_typesupport_c.dir/rosidl_typesupport_c/unitree_go/msg/motor_cmds__type_support.cpp.o[0m
[4.997s] [ 30%] [32mBuilding CXX object CMakeFiles/unitree_go__rosidl_typesupport_cpp.dir/rosidl_typesupport_cpp/unitree_go/msg/path_point__type_support.cpp.o[0m
[5.001s] [ 31%] [32mBuilding CXX object CMakeFiles/unitree_go__rosidl_typesupport_cpp.dir/rosidl_typesupport_cpp/unitree_go/msg/motor_states__type_support.cpp.o[0m
[5.009s] [ 31%] [32mBuilding CXX object CMakeFiles/unitree_go__rosidl_typesupport_c.dir/rosidl_typesupport_c/unitree_go/msg/motor_state__type_support.cpp.o[0m
[5.016s] [ 32%] [32mBuilding CXX object CMakeFiles/unitree_go__rosidl_typesupport_c.dir/rosidl_typesupport_c/unitree_go/msg/motor_states__type_support.cpp.o[0m
[5.020s] [ 32%] [32mBuilding CXX object CMakeFiles/unitree_go__rosidl_typesupport_c.dir/rosidl_typesupport_c/unitree_go/msg/path_point__type_support.cpp.o[0m
[5.043s] [ 32%] [32mBuilding C object CMakeFiles/unitree_go__rosidl_typesupport_introspection_c.dir/rosidl_typesupport_introspection_c/unitree_go/msg/detail/imu_state__type_support.c.o[0m
[5.046s] [ 33%] [32mBuilding CXX object CMakeFiles/unitree_go__rosidl_typesupport_c.dir/rosidl_typesupport_c/unitree_go/msg/req__type_support.cpp.o[0m
[5.046s] [ 34%] [32mBuilding C object CMakeFiles/unitree_go__rosidl_typesupport_introspection_c.dir/rosidl_typesupport_introspection_c/unitree_go/msg/detail/interface_config__type_support.c.o[0m
[5.055s] [ 34%] [32mBuilding CXX object CMakeFiles/unitree_go__rosidl_typesupport_c.dir/rosidl_typesupport_c/unitree_go/msg/res__type_support.cpp.o[0m
[5.055s] [ 35%] [32mBuilding CXX object CMakeFiles/unitree_go__rosidl_typesupport_cpp.dir/rosidl_typesupport_cpp/unitree_go/msg/req__type_support.cpp.o[0m
[5.055s] [ 35%] [32mBuilding CXX object CMakeFiles/unitree_go__rosidl_typesupport_cpp.dir/rosidl_typesupport_cpp/unitree_go/msg/res__type_support.cpp.o[0m
[5.071s] [ 36%] [32mBuilding CXX object CMakeFiles/unitree_go__rosidl_typesupport_c.dir/rosidl_typesupport_c/unitree_go/msg/sport_mode_cmd__type_support.cpp.o[0m
[5.074s] [ 36%] [32mBuilding CXX object CMakeFiles/unitree_go__rosidl_typesupport_c.dir/rosidl_typesupport_c/unitree_go/msg/sport_mode_state__type_support.cpp.o[0m
[5.082s] [ 36%] [32mBuilding C object CMakeFiles/unitree_go__rosidl_typesupport_introspection_c.dir/rosidl_typesupport_introspection_c/unitree_go/msg/detail/lidar_state__type_support.c.o[0m
[5.090s] [ 37%] [32mBuilding CXX object CMakeFiles/unitree_go__rosidl_typesupport_cpp.dir/rosidl_typesupport_cpp/unitree_go/msg/sport_mode_cmd__type_support.cpp.o[0m
[5.094s] [ 37%] [32mBuilding CXX object CMakeFiles/unitree_go__rosidl_typesupport_fastrtps_c.dir/rosidl_typesupport_fastrtps_c/unitree_go/msg/detail/audio_data__type_support_c.cpp.o[0m
[5.098s] [ 37%] [32mBuilding CXX object CMakeFiles/unitree_go__rosidl_typesupport_introspection_cpp.dir/rosidl_typesupport_introspection_cpp/unitree_go/msg/detail/audio_data__type_support.cpp.o[0m
[5.103s] [ 38%] [32mBuilding C object CMakeFiles/unitree_go__rosidl_typesupport_introspection_c.dir/rosidl_typesupport_introspection_c/unitree_go/msg/detail/low_cmd__type_support.c.o[0m
[5.111s] [ 39%] [32mBuilding CXX object CMakeFiles/unitree_go__rosidl_typesupport_c.dir/rosidl_typesupport_c/unitree_go/msg/time_spec__type_support.cpp.o[0m
[5.119s] [ 39%] [32mBuilding CXX object CMakeFiles/unitree_go__rosidl_typesupport_c.dir/rosidl_typesupport_c/unitree_go/msg/uwb_state__type_support.cpp.o[0m
[5.147s] [ 40%] [32mBuilding CXX object CMakeFiles/unitree_go__rosidl_typesupport_c.dir/rosidl_typesupport_c/unitree_go/msg/uwb_switch__type_support.cpp.o[0m
[5.154s] [ 41%] [32mBuilding CXX object CMakeFiles/unitree_go__rosidl_typesupport_fastrtps_c.dir/rosidl_typesupport_fastrtps_c/unitree_go/msg/detail/bms_cmd__type_support_c.cpp.o[0m
[5.164s] [ 41%] [32mBuilding CXX object CMakeFiles/unitree_go__rosidl_typesupport_fastrtps_c.dir/rosidl_typesupport_fastrtps_c/unitree_go/msg/detail/bms_state__type_support_c.cpp.o[0m
[5.168s] [ 42%] [32mBuilding CXX object CMakeFiles/unitree_go__rosidl_typesupport_fastrtps_c.dir/rosidl_typesupport_fastrtps_c/unitree_go/msg/detail/error__type_support_c.cpp.o[0m
[5.189s] [ 42%] [32mBuilding CXX object CMakeFiles/unitree_go__rosidl_typesupport_c.dir/rosidl_typesupport_c/unitree_go/msg/wireless_controller__type_support.cpp.o[0m
[5.226s] [ 42%] [32mBuilding CXX object CMakeFiles/unitree_go__rosidl_typesupport_cpp.dir/rosidl_typesupport_cpp/unitree_go/msg/sport_mode_state__type_support.cpp.o[0m
[5.229s] [ 42%] [32mBuilding C object CMakeFiles/unitree_go__rosidl_typesupport_introspection_c.dir/rosidl_typesupport_introspection_c/unitree_go/msg/detail/low_state__type_support.c.o[0m
[5.235s] [ 43%] [32m[1mLinking CXX shared library libunitree_go__rosidl_typesupport_c.so[0m
[5.259s] [ 44%] [32mBuilding CXX object CMakeFiles/unitree_go__rosidl_typesupport_introspection_cpp.dir/rosidl_typesupport_introspection_cpp/unitree_go/msg/detail/bms_cmd__type_support.cpp.o[0m
[5.306s] [ 45%] [32mBuilding C object CMakeFiles/unitree_go__rosidl_typesupport_introspection_c.dir/rosidl_typesupport_introspection_c/unitree_go/msg/detail/motor_cmd__type_support.c.o[0m
[5.307s] [ 45%] Built target unitree_go__rosidl_typesupport_c
[5.323s] [ 45%] [32mBuilding CXX object CMakeFiles/unitree_go__rosidl_typesupport_introspection_cpp.dir/rosidl_typesupport_introspection_cpp/unitree_go/msg/detail/bms_state__type_support.cpp.o[0m
[5.350s] [ 45%] [32mBuilding C object CMakeFiles/unitree_go__rosidl_typesupport_introspection_c.dir/rosidl_typesupport_introspection_c/unitree_go/msg/detail/motor_cmds__type_support.c.o[0m
[5.404s] [ 45%] [32mBuilding C object CMakeFiles/unitree_go__rosidl_typesupport_introspection_c.dir/rosidl_typesupport_introspection_c/unitree_go/msg/detail/motor_state__type_support.c.o[0m
[5.404s] [ 46%] [32mBuilding CXX object CMakeFiles/unitree_go__rosidl_typesupport_cpp.dir/rosidl_typesupport_cpp/unitree_go/msg/time_spec__type_support.cpp.o[0m
[5.414s] [ 46%] [32mBuilding CXX object CMakeFiles/unitree_go__rosidl_typesupport_fastrtps_cpp.dir/rosidl_typesupport_fastrtps_cpp/unitree_go/msg/detail/dds_fastrtps/audio_data__type_support.cpp.o[0m
[5.436s] [ 47%] [32mBuilding CXX object CMakeFiles/unitree_go__rosidl_typesupport_fastrtps_cpp.dir/rosidl_typesupport_fastrtps_cpp/unitree_go/msg/detail/dds_fastrtps/bms_cmd__type_support.cpp.o[0m
[5.453s] [ 48%] [32mBuilding C object CMakeFiles/unitree_go__rosidl_typesupport_introspection_c.dir/rosidl_typesupport_introspection_c/unitree_go/msg/detail/motor_states__type_support.c.o[0m
[5.456s] [ 48%] [32mBuilding CXX object CMakeFiles/unitree_go__rosidl_typesupport_fastrtps_cpp.dir/rosidl_typesupport_fastrtps_cpp/unitree_go/msg/detail/dds_fastrtps/bms_state__type_support.cpp.o[0m
[5.461s] [ 48%] [32mBuilding CXX object CMakeFiles/unitree_go__rosidl_typesupport_cpp.dir/rosidl_typesupport_cpp/unitree_go/msg/uwb_state__type_support.cpp.o[0m
[5.488s] [ 49%] [32mBuilding CXX object CMakeFiles/unitree_go__rosidl_typesupport_cpp.dir/rosidl_typesupport_cpp/unitree_go/msg/uwb_switch__type_support.cpp.o[0m
[5.505s] [ 49%] [32mBuilding C object CMakeFiles/unitree_go__rosidl_typesupport_introspection_c.dir/rosidl_typesupport_introspection_c/unitree_go/msg/detail/path_point__type_support.c.o[0m
[5.515s] [ 49%] [32mBuilding CXX object CMakeFiles/unitree_go__rosidl_typesupport_fastrtps_c.dir/rosidl_typesupport_fastrtps_c/unitree_go/msg/detail/go2_front_video_data__type_support_c.cpp.o[0m
[5.533s] [ 50%] [32mBuilding CXX object CMakeFiles/unitree_go__rosidl_typesupport_introspection_cpp.dir/rosidl_typesupport_introspection_cpp/unitree_go/msg/detail/error__type_support.cpp.o[0m
[5.538s] [ 50%] [32mBuilding CXX object CMakeFiles/unitree_go__rosidl_typesupport_cpp.dir/rosidl_typesupport_cpp/unitree_go/msg/wireless_controller__type_support.cpp.o[0m
[5.571s] [ 51%] [32mBuilding C object CMakeFiles/unitree_go__rosidl_typesupport_introspection_c.dir/rosidl_typesupport_introspection_c/unitree_go/msg/detail/req__type_support.c.o[0m
[5.630s] [ 51%] [32mBuilding C object CMakeFiles/unitree_go__rosidl_typesupport_introspection_c.dir/rosidl_typesupport_introspection_c/unitree_go/msg/detail/res__type_support.c.o[0m
[5.658s] [ 51%] [32mBuilding CXX object CMakeFiles/unitree_go__rosidl_typesupport_introspection_cpp.dir/rosidl_typesupport_introspection_cpp/unitree_go/msg/detail/go2_front_video_data__type_support.cpp.o[0m
[5.701s] [ 51%] [32mBuilding C object CMakeFiles/unitree_go__rosidl_typesupport_introspection_c.dir/rosidl_typesupport_introspection_c/unitree_go/msg/detail/sport_mode_state__type_support.c.o[0m
[5.710s] [ 52%] [32mBuilding C object CMakeFiles/unitree_go__rosidl_typesupport_introspection_c.dir/rosidl_typesupport_introspection_c/unitree_go/msg/detail/sport_mode_cmd__type_support.c.o[0m
[5.715s] [ 53%] [32mBuilding CXX object CMakeFiles/unitree_go__rosidl_typesupport_introspection_cpp.dir/rosidl_typesupport_introspection_cpp/unitree_go/msg/detail/height_map__type_support.cpp.o[0m
[5.804s] [ 54%] [32mBuilding C object CMakeFiles/unitree_go__rosidl_typesupport_introspection_c.dir/rosidl_typesupport_introspection_c/unitree_go/msg/detail/time_spec__type_support.c.o[0m
[5.831s] [ 54%] [32mBuilding C object CMakeFiles/unitree_go__rosidl_typesupport_introspection_c.dir/rosidl_typesupport_introspection_c/unitree_go/msg/detail/uwb_state__type_support.c.o[0m
[5.835s] [ 55%] [32mBuilding CXX object CMakeFiles/unitree_go__rosidl_typesupport_fastrtps_c.dir/rosidl_typesupport_fastrtps_c/unitree_go/msg/detail/height_map__type_support_c.cpp.o[0m
[5.836s] [ 55%] [32mBuilding CXX object CMakeFiles/unitree_go__rosidl_typesupport_introspection_cpp.dir/rosidl_typesupport_introspection_cpp/unitree_go/msg/detail/imu_state__type_support.cpp.o[0m
[5.858s] [ 55%] [32mBuilding CXX object CMakeFiles/unitree_go__rosidl_typesupport_fastrtps_c.dir/rosidl_typesupport_fastrtps_c/unitree_go/msg/detail/imu_state__type_support_c.cpp.o[0m
[5.860s] [ 56%] [32mBuilding CXX object CMakeFiles/unitree_go__rosidl_typesupport_fastrtps_c.dir/rosidl_typesupport_fastrtps_c/unitree_go/msg/detail/interface_config__type_support_c.cpp.o[0m
[5.887s] [ 57%] [32mBuilding C object CMakeFiles/unitree_go__rosidl_typesupport_introspection_c.dir/rosidl_typesupport_introspection_c/unitree_go/msg/detail/uwb_switch__type_support.c.o[0m
[5.944s] [ 57%] [32mBuilding CXX object CMakeFiles/unitree_go__rosidl_typesupport_fastrtps_c.dir/rosidl_typesupport_fastrtps_c/unitree_go/msg/detail/lidar_state__type_support_c.cpp.o[0m
[5.944s] [ 58%] [32mBuilding CXX object CMakeFiles/unitree_go__rosidl_typesupport_fastrtps_cpp.dir/rosidl_typesupport_fastrtps_cpp/unitree_go/msg/detail/dds_fastrtps/error__type_support.cpp.o[0m
[5.945s] [ 58%] [32mBuilding C object CMakeFiles/unitree_go__rosidl_typesupport_introspection_c.dir/rosidl_typesupport_introspection_c/unitree_go/msg/detail/wireless_controller__type_support.c.o[0m
[5.999s] [ 59%] [32m[1mLinking C shared library libunitree_go__rosidl_typesupport_introspection_c.so[0m
[6.060s] [ 59%] Built target unitree_go__rosidl_typesupport_introspection_c
[6.076s] [ 59%] [32mBuilding CXX object CMakeFiles/unitree_go__rosidl_typesupport_fastrtps_cpp.dir/rosidl_typesupport_fastrtps_cpp/unitree_go/msg/detail/dds_fastrtps/go2_front_video_data__type_support.cpp.o[0m
[6.079s] [ 60%] [32mBuilding CXX object CMakeFiles/unitree_go__rosidl_typesupport_fastrtps_cpp.dir/rosidl_typesupport_fastrtps_cpp/unitree_go/msg/detail/dds_fastrtps/height_map__type_support.cpp.o[0m
[6.120s] [ 61%] [32mBuilding CXX object CMakeFiles/unitree_go__rosidl_typesupport_introspection_cpp.dir/rosidl_typesupport_introspection_cpp/unitree_go/msg/detail/interface_config__type_support.cpp.o[0m
[6.130s] [ 62%] [32mBuilding CXX object CMakeFiles/unitree_go__rosidl_typesupport_fastrtps_c.dir/rosidl_typesupport_fastrtps_c/unitree_go/msg/detail/low_cmd__type_support_c.cpp.o[0m
[6.202s] [ 62%] [32mBuilding CXX object CMakeFiles/unitree_go__rosidl_typesupport_fastrtps_cpp.dir/rosidl_typesupport_fastrtps_cpp/unitree_go/msg/detail/dds_fastrtps/imu_state__type_support.cpp.o[0m
[6.220s] [ 62%] [32mBuilding CXX object CMakeFiles/unitree_go__rosidl_typesupport_fastrtps_c.dir/rosidl_typesupport_fastrtps_c/unitree_go/msg/detail/low_state__type_support_c.cpp.o[0m
[6.237s] [ 62%] [32mBuilding CXX object CMakeFiles/unitree_go__rosidl_typesupport_introspection_cpp.dir/rosidl_typesupport_introspection_cpp/unitree_go/msg/detail/lidar_state__type_support.cpp.o[0m
[6.252s] [ 63%] [32mBuilding CXX object CMakeFiles/unitree_go__rosidl_typesupport_introspection_cpp.dir/rosidl_typesupport_introspection_cpp/unitree_go/msg/detail/low_cmd__type_support.cpp.o[0m
[6.268s] [ 64%] [32mBuilding CXX object CMakeFiles/unitree_go__rosidl_typesupport_fastrtps_c.dir/rosidl_typesupport_fastrtps_c/unitree_go/msg/detail/motor_cmd__type_support_c.cpp.o[0m
[6.434s] [ 64%] [32mBuilding CXX object CMakeFiles/unitree_go__rosidl_typesupport_fastrtps_c.dir/rosidl_typesupport_fastrtps_c/unitree_go/msg/detail/motor_cmds__type_support_c.cpp.o[0m
[6.448s] [ 64%] [32mBuilding CXX object CMakeFiles/unitree_go__rosidl_typesupport_introspection_cpp.dir/rosidl_typesupport_introspection_cpp/unitree_go/msg/detail/low_state__type_support.cpp.o[0m
[6.522s] [ 64%] [32mBuilding CXX object CMakeFiles/unitree_go__rosidl_typesupport_introspection_cpp.dir/rosidl_typesupport_introspection_cpp/unitree_go/msg/detail/motor_cmd__type_support.cpp.o[0m
[6.600s] [ 65%] [32mBuilding CXX object CMakeFiles/unitree_go__rosidl_typesupport_introspection_cpp.dir/rosidl_typesupport_introspection_cpp/unitree_go/msg/detail/motor_cmds__type_support.cpp.o[0m
[6.668s] [ 66%] [32mBuilding CXX object CMakeFiles/unitree_go__rosidl_typesupport_fastrtps_cpp.dir/rosidl_typesupport_fastrtps_cpp/unitree_go/msg/detail/dds_fastrtps/interface_config__type_support.cpp.o[0m
[6.692s] [ 66%] [32mBuilding CXX object CMakeFiles/unitree_go__rosidl_typesupport_fastrtps_cpp.dir/rosidl_typesupport_fastrtps_cpp/unitree_go/msg/detail/dds_fastrtps/lidar_state__type_support.cpp.o[0m
[6.714s] [ 66%] [32mBuilding CXX object CMakeFiles/unitree_go__rosidl_typesupport_fastrtps_c.dir/rosidl_typesupport_fastrtps_c/unitree_go/msg/detail/motor_state__type_support_c.cpp.o[0m
[6.722s] [ 67%] [32mBuilding CXX object CMakeFiles/unitree_go__rosidl_typesupport_fastrtps_cpp.dir/rosidl_typesupport_fastrtps_cpp/unitree_go/msg/detail/dds_fastrtps/low_cmd__type_support.cpp.o[0m
[6.750s] [ 67%] [32mBuilding CXX object CMakeFiles/unitree_go__rosidl_typesupport_introspection_cpp.dir/rosidl_typesupport_introspection_cpp/unitree_go/msg/detail/motor_state__type_support.cpp.o[0m
[6.772s] [ 67%] [32mBuilding CXX object CMakeFiles/unitree_go__rosidl_typesupport_fastrtps_cpp.dir/rosidl_typesupport_fastrtps_cpp/unitree_go/msg/detail/dds_fastrtps/low_state__type_support.cpp.o[0m
[6.805s] [ 68%] [32mBuilding CXX object CMakeFiles/unitree_go__rosidl_typesupport_introspection_cpp.dir/rosidl_typesupport_introspection_cpp/unitree_go/msg/detail/motor_states__type_support.cpp.o[0m
[6.821s] [ 69%] [32mBuilding CXX object CMakeFiles/unitree_go__rosidl_typesupport_fastrtps_c.dir/rosidl_typesupport_fastrtps_c/unitree_go/msg/detail/motor_states__type_support_c.cpp.o[0m
[6.828s] [ 69%] [32mBuilding CXX object CMakeFiles/unitree_go__rosidl_typesupport_introspection_cpp.dir/rosidl_typesupport_introspection_cpp/unitree_go/msg/detail/path_point__type_support.cpp.o[0m
[6.832s] [ 69%] [32mBuilding CXX object CMakeFiles/unitree_go__rosidl_typesupport_fastrtps_c.dir/rosidl_typesupport_fastrtps_c/unitree_go/msg/detail/path_point__type_support_c.cpp.o[0m
[6.869s] [ 70%] [32mBuilding CXX object CMakeFiles/unitree_go__rosidl_typesupport_fastrtps_c.dir/rosidl_typesupport_fastrtps_c/unitree_go/msg/detail/req__type_support_c.cpp.o[0m
[6.894s] [ 71%] [32m[1mLinking CXX shared library libunitree_go__rosidl_typesupport_cpp.so[0m
[6.932s] [ 72%] [32mBuilding CXX object CMakeFiles/unitree_go__rosidl_typesupport_introspection_cpp.dir/rosidl_typesupport_introspection_cpp/unitree_go/msg/detail/req__type_support.cpp.o[0m
[6.977s] [ 72%] [32mBuilding CXX object CMakeFiles/unitree_go__rosidl_typesupport_fastrtps_c.dir/rosidl_typesupport_fastrtps_c/unitree_go/msg/detail/res__type_support_c.cpp.o[0m
[6.984s] [ 72%] Built target unitree_go__rosidl_typesupport_cpp
[6.997s] [ 73%] [32mBuilding CXX object CMakeFiles/unitree_go__rosidl_typesupport_fastrtps_c.dir/rosidl_typesupport_fastrtps_c/unitree_go/msg/detail/sport_mode_cmd__type_support_c.cpp.o[0m
[7.111s] [ 73%] [32mBuilding CXX object CMakeFiles/unitree_go__rosidl_typesupport_introspection_cpp.dir/rosidl_typesupport_introspection_cpp/unitree_go/msg/detail/res__type_support.cpp.o[0m
[7.165s] [ 73%] [32mBuilding CXX object CMakeFiles/unitree_go__rosidl_typesupport_fastrtps_cpp.dir/rosidl_typesupport_fastrtps_cpp/unitree_go/msg/detail/dds_fastrtps/motor_cmd__type_support.cpp.o[0m
[7.166s] [ 73%] [32mBuilding CXX object CMakeFiles/unitree_go__rosidl_typesupport_fastrtps_c.dir/rosidl_typesupport_fastrtps_c/unitree_go/msg/detail/sport_mode_state__type_support_c.cpp.o[0m
[7.174s] [ 74%] [32mBuilding CXX object CMakeFiles/unitree_go__rosidl_typesupport_introspection_cpp.dir/rosidl_typesupport_introspection_cpp/unitree_go/msg/detail/sport_mode_cmd__type_support.cpp.o[0m
[7.191s] [ 75%] [32mBuilding CXX object CMakeFiles/unitree_go__rosidl_typesupport_fastrtps_c.dir/rosidl_typesupport_fastrtps_c/unitree_go/msg/detail/time_spec__type_support_c.cpp.o[0m
[7.201s] [ 75%] [32mBuilding CXX object CMakeFiles/unitree_go__rosidl_typesupport_introspection_cpp.dir/rosidl_typesupport_introspection_cpp/unitree_go/msg/detail/sport_mode_state__type_support.cpp.o[0m
[7.261s] [ 76%] [32mBuilding CXX object CMakeFiles/unitree_go__rosidl_typesupport_introspection_cpp.dir/rosidl_typesupport_introspection_cpp/unitree_go/msg/detail/time_spec__type_support.cpp.o[0m
[7.324s] [ 76%] [32mBuilding CXX object CMakeFiles/unitree_go__rosidl_typesupport_introspection_cpp.dir/rosidl_typesupport_introspection_cpp/unitree_go/msg/detail/uwb_state__type_support.cpp.o[0m
[7.334s] [ 77%] [32mBuilding CXX object CMakeFiles/unitree_go__rosidl_typesupport_introspection_cpp.dir/rosidl_typesupport_introspection_cpp/unitree_go/msg/detail/uwb_switch__type_support.cpp.o[0m
[7.372s] [ 77%] [32mBuilding CXX object CMakeFiles/unitree_go__rosidl_typesupport_fastrtps_c.dir/rosidl_typesupport_fastrtps_c/unitree_go/msg/detail/uwb_state__type_support_c.cpp.o[0m
[7.402s] [ 77%] [32mBuilding CXX object CMakeFiles/unitree_go__rosidl_typesupport_introspection_cpp.dir/rosidl_typesupport_introspection_cpp/unitree_go/msg/detail/wireless_controller__type_support.cpp.o[0m
[7.417s] [ 78%] [32mBuilding CXX object CMakeFiles/unitree_go__rosidl_typesupport_fastrtps_cpp.dir/rosidl_typesupport_fastrtps_cpp/unitree_go/msg/detail/dds_fastrtps/motor_cmds__type_support.cpp.o[0m
[7.469s] [ 78%] [32mBuilding CXX object CMakeFiles/unitree_go__rosidl_typesupport_fastrtps_cpp.dir/rosidl_typesupport_fastrtps_cpp/unitree_go/msg/detail/dds_fastrtps/motor_state__type_support.cpp.o[0m
[7.482s] [ 79%] [32mBuilding CXX object CMakeFiles/unitree_go__rosidl_typesupport_fastrtps_cpp.dir/rosidl_typesupport_fastrtps_cpp/unitree_go/msg/detail/dds_fastrtps/motor_states__type_support.cpp.o[0m
[7.492s] [ 80%] [32mBuilding CXX object CMakeFiles/unitree_go__rosidl_typesupport_fastrtps_c.dir/rosidl_typesupport_fastrtps_c/unitree_go/msg/detail/uwb_switch__type_support_c.cpp.o[0m
[7.562s] [ 80%] [32mBuilding CXX object CMakeFiles/unitree_go__rosidl_typesupport_fastrtps_cpp.dir/rosidl_typesupport_fastrtps_cpp/unitree_go/msg/detail/dds_fastrtps/path_point__type_support.cpp.o[0m
[7.642s] [ 80%] [32mBuilding CXX object CMakeFiles/unitree_go__rosidl_typesupport_fastrtps_c.dir/rosidl_typesupport_fastrtps_c/unitree_go/msg/detail/wireless_controller__type_support_c.cpp.o[0m
[7.704s] [ 81%] [32mBuilding CXX object CMakeFiles/unitree_go__rosidl_typesupport_fastrtps_cpp.dir/rosidl_typesupport_fastrtps_cpp/unitree_go/msg/detail/dds_fastrtps/req__type_support.cpp.o[0m
[7.756s] [ 81%] [32mBuilding CXX object CMakeFiles/unitree_go__rosidl_typesupport_fastrtps_cpp.dir/rosidl_typesupport_fastrtps_cpp/unitree_go/msg/detail/dds_fastrtps/res__type_support.cpp.o[0m
[7.805s] [ 82%] [32mBuilding CXX object CMakeFiles/unitree_go__rosidl_typesupport_fastrtps_cpp.dir/rosidl_typesupport_fastrtps_cpp/unitree_go/msg/detail/dds_fastrtps/sport_mode_cmd__type_support.cpp.o[0m
[7.875s] [ 82%] [32mBuilding CXX object CMakeFiles/unitree_go__rosidl_typesupport_fastrtps_cpp.dir/rosidl_typesupport_fastrtps_cpp/unitree_go/msg/detail/dds_fastrtps/sport_mode_state__type_support.cpp.o[0m
[7.931s] [ 83%] [32mBuilding CXX object CMakeFiles/unitree_go__rosidl_typesupport_fastrtps_cpp.dir/rosidl_typesupport_fastrtps_cpp/unitree_go/msg/detail/dds_fastrtps/time_spec__type_support.cpp.o[0m
[7.958s] [ 84%] [32mBuilding CXX object CMakeFiles/unitree_go__rosidl_typesupport_fastrtps_cpp.dir/rosidl_typesupport_fastrtps_cpp/unitree_go/msg/detail/dds_fastrtps/uwb_switch__type_support.cpp.o[0m
[7.967s] [ 84%] [32mBuilding CXX object CMakeFiles/unitree_go__rosidl_typesupport_fastrtps_cpp.dir/rosidl_typesupport_fastrtps_cpp/unitree_go/msg/detail/dds_fastrtps/uwb_state__type_support.cpp.o[0m
[7.975s] [ 84%] [32mBuilding CXX object CMakeFiles/unitree_go__rosidl_typesupport_fastrtps_cpp.dir/rosidl_typesupport_fastrtps_cpp/unitree_go/msg/detail/dds_fastrtps/wireless_controller__type_support.cpp.o[0m
[8.060s] [ 85%] [32m[1mLinking CXX shared library libunitree_go__rosidl_typesupport_introspection_cpp.so[0m
[8.234s] [ 86%] [32m[1mLinking CXX shared library libunitree_go__rosidl_typesupport_fastrtps_c.so[0m
[8.240s] [ 86%] Built target unitree_go__rosidl_typesupport_introspection_cpp
[8.399s] [ 86%] Built target unitree_go__rosidl_typesupport_fastrtps_c
[8.484s] [ 87%] [32m[1mLinking CXX shared library libunitree_go__rosidl_typesupport_fastrtps_cpp.so[0m
[8.650s] [ 87%] Built target unitree_go__rosidl_typesupport_fastrtps_cpp
[8.695s] [ 87%] Built target unitree_go
[8.729s] [ 88%] [34m[1mGenerating Python code for ROS interfaces[0m
[10.330s] [ 88%] Built target unitree_go__py
[10.369s] [ 89%] [32mBuilding C object CMakeFiles/unitree_go__rosidl_generator_py.dir/rosidl_generator_py/unitree_go/msg/_bms_cmd_s.c.o[0m
[10.372s] [ 90%] [32mBuilding C object CMakeFiles/unitree_go__rosidl_generator_py.dir/rosidl_generator_py/unitree_go/msg/_error_s.c.o[0m
[10.376s] [ 90%] [32mBuilding C object CMakeFiles/unitree_go__rosidl_generator_py.dir/rosidl_generator_py/unitree_go/msg/_bms_state_s.c.o[0m
[10.377s] [ 91%] [32mBuilding C object CMakeFiles/unitree_go__rosidl_generator_py.dir/rosidl_generator_py/unitree_go/msg/_height_map_s.c.o[0m
[10.378s] [ 91%] [32mBuilding C object CMakeFiles/unitree_go__rosidl_generator_py.dir/rosidl_generator_py/unitree_go/msg/_go2_front_video_data_s.c.o[0m
[10.385s] [ 91%] [32mBuilding C object CMakeFiles/unitree_go__rosidl_generator_py.dir/rosidl_generator_py/unitree_go/msg/_imu_state_s.c.o[0m
[10.391s] [ 91%] [32mBuilding C object CMakeFiles/unitree_go__rosidl_generator_py.dir/rosidl_generator_py/unitree_go/msg/_lidar_state_s.c.o[0m
[10.396s] [ 92%] [32mBuilding C object CMakeFiles/unitree_go__rosidl_generator_py.dir/rosidl_generator_py/unitree_go/msg/_interface_config_s.c.o[0m
[10.398s] [ 92%] [32mBuilding C object CMakeFiles/unitree_go__rosidl_generator_py.dir/rosidl_generator_py/unitree_go/msg/_audio_data_s.c.o[0m
[10.407s] [ 93%] [32mBuilding C object CMakeFiles/unitree_go__rosidl_generator_py.dir/rosidl_generator_py/unitree_go/msg/_low_cmd_s.c.o[0m
[10.414s] [ 93%] [32mBuilding C object CMakeFiles/unitree_go__rosidl_generator_py.dir/rosidl_generator_py/unitree_go/msg/_low_state_s.c.o[0m
[10.416s] [ 94%] [32mBuilding C object CMakeFiles/unitree_go__rosidl_generator_py.dir/rosidl_generator_py/unitree_go/msg/_motor_cmds_s.c.o[0m
[10.416s] [ 94%] [32mBuilding C object CMakeFiles/unitree_go__rosidl_generator_py.dir/rosidl_generator_py/unitree_go/msg/_motor_state_s.c.o[0m
[10.427s] [ 95%] [32mBuilding C object CMakeFiles/unitree_go__rosidl_generator_py.dir/rosidl_generator_py/unitree_go/msg/_motor_states_s.c.o[0m
[10.432s] [ 95%] [32mBuilding C object CMakeFiles/unitree_go__rosidl_generator_py.dir/rosidl_generator_py/unitree_go/msg/_motor_cmd_s.c.o[0m
[10.443s] [ 95%] [32mBuilding C object CMakeFiles/unitree_go__rosidl_generator_py.dir/rosidl_generator_py/unitree_go/msg/_path_point_s.c.o[0m
[10.481s] [ 96%] [32mBuilding C object CMakeFiles/unitree_go__rosidl_generator_py.dir/rosidl_generator_py/unitree_go/msg/_req_s.c.o[0m
[10.503s] [ 97%] [32mBuilding C object CMakeFiles/unitree_go__rosidl_generator_py.dir/rosidl_generator_py/unitree_go/msg/_sport_mode_cmd_s.c.o[0m
[10.503s] [ 97%] [32mBuilding C object CMakeFiles/unitree_go__rosidl_generator_py.dir/rosidl_generator_py/unitree_go/msg/_res_s.c.o[0m
[10.509s] [ 97%] [32mBuilding C object CMakeFiles/unitree_go__rosidl_generator_py.dir/rosidl_generator_py/unitree_go/msg/_sport_mode_state_s.c.o[0m
[10.521s] [ 98%] [32mBuilding C object CMakeFiles/unitree_go__rosidl_generator_py.dir/rosidl_generator_py/unitree_go/msg/_time_spec_s.c.o[0m
[10.541s] [ 98%] [32mBuilding C object CMakeFiles/unitree_go__rosidl_generator_py.dir/rosidl_generator_py/unitree_go/msg/_uwb_state_s.c.o[0m
[10.546s] [ 98%] [32mBuilding C object CMakeFiles/unitree_go__rosidl_generator_py.dir/rosidl_generator_py/unitree_go/msg/_wireless_controller_s.c.o[0m
[10.560s] [ 99%] [32mBuilding C object CMakeFiles/unitree_go__rosidl_generator_py.dir/rosidl_generator_py/unitree_go/msg/_uwb_switch_s.c.o[0m
[10.686s] [100%] [32m[1mLinking C shared library rosidl_generator_py/unitree_go/libunitree_go__rosidl_generator_py.so[0m
[10.728s] [100%] Built target unitree_go__rosidl_generator_py
[10.754s] [100%] [32mBuilding C object CMakeFiles/unitree_go__rosidl_typesupport_introspection_c__pyext.dir/rosidl_generator_py/unitree_go/_unitree_go_s.ep.rosidl_typesupport_introspection_c.c.o[0m
[10.756s] [100%] [32mBuilding C object CMakeFiles/unitree_go__rosidl_typesupport_fastrtps_c__pyext.dir/rosidl_generator_py/unitree_go/_unitree_go_s.ep.rosidl_typesupport_fastrtps_c.c.o[0m
[10.775s] [100%] [32mBuilding C object CMakeFiles/unitree_go__rosidl_typesupport_c__pyext.dir/rosidl_generator_py/unitree_go/_unitree_go_s.ep.rosidl_typesupport_c.c.o[0m
[10.877s] [100%] [32m[1mLinking C shared library rosidl_generator_py/unitree_go/unitree_go_s__rosidl_typesupport_fastrtps_c.cpython-310-x86_64-linux-gnu.so[0m
[10.886s] [100%] [32m[1mLinking C shared library rosidl_generator_py/unitree_go/unitree_go_s__rosidl_typesupport_introspection_c.cpython-310-x86_64-linux-gnu.so[0m
[10.907s] [100%] Built target unitree_go__rosidl_typesupport_fastrtps_c__pyext
[10.914s] [100%] [32m[1mLinking C shared library rosidl_generator_py/unitree_go/unitree_go_s__rosidl_typesupport_c.cpython-310-x86_64-linux-gnu.so[0m
[10.923s] [100%] Built target unitree_go__rosidl_typesupport_introspection_c__pyext
[10.940s] [100%] Built target unitree_go__rosidl_typesupport_c__pyext
[10.957s] Invoked command in '/home/jason/projects/motion_control_go2/build/unitree_go' returned '0': CMAKE_PREFIX_PATH=${CMAKE_PREFIX_PATH}:/opt/ros/humble /usr/bin/cmake --build /home/jason/projects/motion_control_go2/build/unitree_go -- -j16 -l16
[10.957s] Invoking command in '/home/jason/projects/motion_control_go2/build/unitree_go': CMAKE_PREFIX_PATH=${CMAKE_PREFIX_PATH}:/opt/ros/humble /usr/bin/cmake --install /home/jason/projects/motion_control_go2/build/unitree_go
[10.963s] -- Install configuration: ""
[10.963s] -- Execute custom install script
[10.963s] -- Symlinking: /home/jason/projects/motion_control_go2/install/unitree_go/share/ament_index/resource_index/rosidl_interfaces/unitree_go
[10.968s] -- Symlinking: /home/jason/projects/motion_control_go2/install/unitree_go/include/unitree_go/unitree_go/msg/audio_data.h
[10.975s] -- Symlinking: /home/jason/projects/motion_control_go2/install/unitree_go/include/unitree_go/unitree_go/msg/bms_cmd.h
[10.980s] -- Symlinking: /home/jason/projects/motion_control_go2/install/unitree_go/include/unitree_go/unitree_go/msg/bms_state.h
[10.986s] -- Symlinking: /home/jason/projects/motion_control_go2/install/unitree_go/include/unitree_go/unitree_go/msg/detail/audio_data__functions.h
[10.991s] -- Symlinking: /home/jason/projects/motion_control_go2/install/unitree_go/include/unitree_go/unitree_go/msg/detail/audio_data__struct.h
[10.997s] -- Symlinking: /home/jason/projects/motion_control_go2/install/unitree_go/include/unitree_go/unitree_go/msg/detail/audio_data__type_support.h
[11.006s] -- Symlinking: /home/jason/projects/motion_control_go2/install/unitree_go/include/unitree_go/unitree_go/msg/detail/bms_cmd__functions.h
[11.011s] -- Symlinking: /home/jason/projects/motion_control_go2/install/unitree_go/include/unitree_go/unitree_go/msg/detail/bms_cmd__struct.h
[11.019s] -- Symlinking: /home/jason/projects/motion_control_go2/install/unitree_go/include/unitree_go/unitree_go/msg/detail/bms_cmd__type_support.h
[11.028s] -- Symlinking: /home/jason/projects/motion_control_go2/install/unitree_go/include/unitree_go/unitree_go/msg/detail/bms_state__functions.h
[11.036s] -- Symlinking: /home/jason/projects/motion_control_go2/install/unitree_go/include/unitree_go/unitree_go/msg/detail/bms_state__struct.h
[11.043s] -- Symlinking: /home/jason/projects/motion_control_go2/install/unitree_go/include/unitree_go/unitree_go/msg/detail/bms_state__type_support.h
[11.053s] -- Symlinking: /home/jason/projects/motion_control_go2/install/unitree_go/include/unitree_go/unitree_go/msg/detail/error__functions.h
[11.062s] -- Symlinking: /home/jason/projects/motion_control_go2/install/unitree_go/include/unitree_go/unitree_go/msg/detail/error__struct.h
[11.068s] -- Symlinking: /home/jason/projects/motion_control_go2/install/unitree_go/include/unitree_go/unitree_go/msg/detail/error__type_support.h
[11.088s] -- Symlinking: /home/jason/projects/motion_control_go2/install/unitree_go/include/unitree_go/unitree_go/msg/detail/go2_front_video_data__functions.h
[11.100s] -- Symlinking: /home/jason/projects/motion_control_go2/install/unitree_go/include/unitree_go/unitree_go/msg/detail/go2_front_video_data__struct.h
[11.110s] -- Symlinking: /home/jason/projects/motion_control_go2/install/unitree_go/include/unitree_go/unitree_go/msg/detail/go2_front_video_data__type_support.h
[11.123s] -- Symlinking: /home/jason/projects/motion_control_go2/install/unitree_go/include/unitree_go/unitree_go/msg/detail/height_map__functions.h
[11.139s] -- Symlinking: /home/jason/projects/motion_control_go2/install/unitree_go/include/unitree_go/unitree_go/msg/detail/height_map__struct.h
[11.158s] -- Symlinking: /home/jason/projects/motion_control_go2/install/unitree_go/include/unitree_go/unitree_go/msg/detail/height_map__type_support.h
[11.172s] -- Symlinking: /home/jason/projects/motion_control_go2/install/unitree_go/include/unitree_go/unitree_go/msg/detail/imu_state__functions.h
[11.176s] -- Symlinking: /home/jason/projects/motion_control_go2/install/unitree_go/include/unitree_go/unitree_go/msg/detail/imu_state__struct.h
[11.188s] -- Symlinking: /home/jason/projects/motion_control_go2/install/unitree_go/include/unitree_go/unitree_go/msg/detail/imu_state__type_support.h
[11.200s] -- Symlinking: /home/jason/projects/motion_control_go2/install/unitree_go/include/unitree_go/unitree_go/msg/detail/interface_config__functions.h
[11.213s] -- Symlinking: /home/jason/projects/motion_control_go2/install/unitree_go/include/unitree_go/unitree_go/msg/detail/interface_config__struct.h
[11.221s] -- Symlinking: /home/jason/projects/motion_control_go2/install/unitree_go/include/unitree_go/unitree_go/msg/detail/interface_config__type_support.h
[11.234s] -- Symlinking: /home/jason/projects/motion_control_go2/install/unitree_go/include/unitree_go/unitree_go/msg/detail/lidar_state__functions.h
[11.241s] -- Symlinking: /home/jason/projects/motion_control_go2/install/unitree_go/include/unitree_go/unitree_go/msg/detail/lidar_state__struct.h
[11.247s] -- Symlinking: /home/jason/projects/motion_control_go2/install/unitree_go/include/unitree_go/unitree_go/msg/detail/lidar_state__type_support.h
[11.259s] -- Symlinking: /home/jason/projects/motion_control_go2/install/unitree_go/include/unitree_go/unitree_go/msg/detail/low_cmd__functions.h
[11.273s] -- Symlinking: /home/jason/projects/motion_control_go2/install/unitree_go/include/unitree_go/unitree_go/msg/detail/low_cmd__struct.h
[11.282s] -- Symlinking: /home/jason/projects/motion_control_go2/install/unitree_go/include/unitree_go/unitree_go/msg/detail/low_cmd__type_support.h
[11.293s] -- Symlinking: /home/jason/projects/motion_control_go2/install/unitree_go/include/unitree_go/unitree_go/msg/detail/low_state__functions.h
[11.303s] -- Symlinking: /home/jason/projects/motion_control_go2/install/unitree_go/include/unitree_go/unitree_go/msg/detail/low_state__struct.h
[11.318s] -- Symlinking: /home/jason/projects/motion_control_go2/install/unitree_go/include/unitree_go/unitree_go/msg/detail/low_state__type_support.h
[11.330s] -- Symlinking: /home/jason/projects/motion_control_go2/install/unitree_go/include/unitree_go/unitree_go/msg/detail/motor_cmd__functions.h
[11.343s] -- Symlinking: /home/jason/projects/motion_control_go2/install/unitree_go/include/unitree_go/unitree_go/msg/detail/motor_cmd__struct.h
[11.358s] -- Symlinking: /home/jason/projects/motion_control_go2/install/unitree_go/include/unitree_go/unitree_go/msg/detail/motor_cmd__type_support.h
[11.366s] -- Symlinking: /home/jason/projects/motion_control_go2/install/unitree_go/include/unitree_go/unitree_go/msg/detail/motor_cmds__functions.h
[11.373s] -- Symlinking: /home/jason/projects/motion_control_go2/install/unitree_go/include/unitree_go/unitree_go/msg/detail/motor_cmds__struct.h
[11.379s] -- Symlinking: /home/jason/projects/motion_control_go2/install/unitree_go/include/unitree_go/unitree_go/msg/detail/motor_cmds__type_support.h
[11.384s] -- Symlinking: /home/jason/projects/motion_control_go2/install/unitree_go/include/unitree_go/unitree_go/msg/detail/motor_state__functions.h
[11.389s] -- Symlinking: /home/jason/projects/motion_control_go2/install/unitree_go/include/unitree_go/unitree_go/msg/detail/motor_state__struct.h
[11.394s] -- Symlinking: /home/jason/projects/motion_control_go2/install/unitree_go/include/unitree_go/unitree_go/msg/detail/motor_state__type_support.h
[11.401s] -- Symlinking: /home/jason/projects/motion_control_go2/install/unitree_go/include/unitree_go/unitree_go/msg/detail/motor_states__functions.h
[11.405s] -- Symlinking: /home/jason/projects/motion_control_go2/install/unitree_go/include/unitree_go/unitree_go/msg/detail/motor_states__struct.h
[11.410s] -- Symlinking: /home/jason/projects/motion_control_go2/install/unitree_go/include/unitree_go/unitree_go/msg/detail/motor_states__type_support.h
[11.416s] -- Symlinking: /home/jason/projects/motion_control_go2/install/unitree_go/include/unitree_go/unitree_go/msg/detail/path_point__functions.h
[11.421s] -- Symlinking: /home/jason/projects/motion_control_go2/install/unitree_go/include/unitree_go/unitree_go/msg/detail/path_point__struct.h
[11.426s] -- Symlinking: /home/jason/projects/motion_control_go2/install/unitree_go/include/unitree_go/unitree_go/msg/detail/path_point__type_support.h
[11.435s] -- Symlinking: /home/jason/projects/motion_control_go2/install/unitree_go/include/unitree_go/unitree_go/msg/detail/req__functions.h
[11.437s] -- Symlinking: /home/jason/projects/motion_control_go2/install/unitree_go/include/unitree_go/unitree_go/msg/detail/req__struct.h
[11.442s] -- Symlinking: /home/jason/projects/motion_control_go2/install/unitree_go/include/unitree_go/unitree_go/msg/detail/req__type_support.h
[11.454s] -- Symlinking: /home/jason/projects/motion_control_go2/install/unitree_go/include/unitree_go/unitree_go/msg/detail/res__functions.h
[11.460s] -- Symlinking: /home/jason/projects/motion_control_go2/install/unitree_go/include/unitree_go/unitree_go/msg/detail/res__struct.h
[11.466s] -- Symlinking: /home/jason/projects/motion_control_go2/install/unitree_go/include/unitree_go/unitree_go/msg/detail/res__type_support.h
[11.474s] -- Symlinking: /home/jason/projects/motion_control_go2/install/unitree_go/include/unitree_go/unitree_go/msg/detail/sport_mode_cmd__functions.h
[11.481s] -- Symlinking: /home/jason/projects/motion_control_go2/install/unitree_go/include/unitree_go/unitree_go/msg/detail/sport_mode_cmd__struct.h
[11.495s] -- Symlinking: /home/jason/projects/motion_control_go2/install/unitree_go/include/unitree_go/unitree_go/msg/detail/sport_mode_cmd__type_support.h
[11.505s] -- Symlinking: /home/jason/projects/motion_control_go2/install/unitree_go/include/unitree_go/unitree_go/msg/detail/sport_mode_state__functions.h
[11.512s] -- Symlinking: /home/jason/projects/motion_control_go2/install/unitree_go/include/unitree_go/unitree_go/msg/detail/sport_mode_state__struct.h
[11.519s] -- Symlinking: /home/jason/projects/motion_control_go2/install/unitree_go/include/unitree_go/unitree_go/msg/detail/sport_mode_state__type_support.h
[11.530s] -- Symlinking: /home/jason/projects/motion_control_go2/install/unitree_go/include/unitree_go/unitree_go/msg/detail/time_spec__functions.h
[11.535s] -- Symlinking: /home/jason/projects/motion_control_go2/install/unitree_go/include/unitree_go/unitree_go/msg/detail/time_spec__struct.h
[11.543s] -- Symlinking: /home/jason/projects/motion_control_go2/install/unitree_go/include/unitree_go/unitree_go/msg/detail/time_spec__type_support.h
[11.556s] -- Symlinking: /home/jason/projects/motion_control_go2/install/unitree_go/include/unitree_go/unitree_go/msg/detail/uwb_state__functions.h
[11.564s] -- Symlinking: /home/jason/projects/motion_control_go2/install/unitree_go/include/unitree_go/unitree_go/msg/detail/uwb_state__struct.h
[11.574s] -- Symlinking: /home/jason/projects/motion_control_go2/install/unitree_go/include/unitree_go/unitree_go/msg/detail/uwb_state__type_support.h
[11.580s] -- Symlinking: /home/jason/projects/motion_control_go2/install/unitree_go/include/unitree_go/unitree_go/msg/detail/uwb_switch__functions.h
[11.587s] -- Symlinking: /home/jason/projects/motion_control_go2/install/unitree_go/include/unitree_go/unitree_go/msg/detail/uwb_switch__struct.h
[11.596s] -- Symlinking: /home/jason/projects/motion_control_go2/install/unitree_go/include/unitree_go/unitree_go/msg/detail/uwb_switch__type_support.h
[11.603s] -- Symlinking: /home/jason/projects/motion_control_go2/install/unitree_go/include/unitree_go/unitree_go/msg/detail/wireless_controller__functions.h
[11.610s] -- Symlinking: /home/jason/projects/motion_control_go2/install/unitree_go/include/unitree_go/unitree_go/msg/detail/wireless_controller__struct.h
[11.616s] -- Symlinking: /home/jason/projects/motion_control_go2/install/unitree_go/include/unitree_go/unitree_go/msg/detail/wireless_controller__type_support.h
[11.623s] -- Symlinking: /home/jason/projects/motion_control_go2/install/unitree_go/include/unitree_go/unitree_go/msg/error.h
[11.630s] -- Symlinking: /home/jason/projects/motion_control_go2/install/unitree_go/include/unitree_go/unitree_go/msg/go2_front_video_data.h
[11.636s] -- Symlinking: /home/jason/projects/motion_control_go2/install/unitree_go/include/unitree_go/unitree_go/msg/height_map.h
[11.646s] -- Symlinking: /home/jason/projects/motion_control_go2/install/unitree_go/include/unitree_go/unitree_go/msg/imu_state.h
[11.657s] -- Symlinking: /home/jason/projects/motion_control_go2/install/unitree_go/include/unitree_go/unitree_go/msg/interface_config.h
[11.664s] -- Symlinking: /home/jason/projects/motion_control_go2/install/unitree_go/include/unitree_go/unitree_go/msg/lidar_state.h
[11.672s] -- Symlinking: /home/jason/projects/motion_control_go2/install/unitree_go/include/unitree_go/unitree_go/msg/low_cmd.h
[11.683s] -- Symlinking: /home/jason/projects/motion_control_go2/install/unitree_go/include/unitree_go/unitree_go/msg/low_state.h
[11.689s] -- Symlinking: /home/jason/projects/motion_control_go2/install/unitree_go/include/unitree_go/unitree_go/msg/motor_cmd.h
[11.703s] -- Symlinking: /home/jason/projects/motion_control_go2/install/unitree_go/include/unitree_go/unitree_go/msg/motor_cmds.h
[11.706s] -- Symlinking: /home/jason/projects/motion_control_go2/install/unitree_go/include/unitree_go/unitree_go/msg/motor_state.h
[11.717s] -- Symlinking: /home/jason/projects/motion_control_go2/install/unitree_go/include/unitree_go/unitree_go/msg/motor_states.h
[11.723s] -- Symlinking: /home/jason/projects/motion_control_go2/install/unitree_go/include/unitree_go/unitree_go/msg/path_point.h
[11.731s] -- Symlinking: /home/jason/projects/motion_control_go2/install/unitree_go/include/unitree_go/unitree_go/msg/req.h
[11.737s] -- Symlinking: /home/jason/projects/motion_control_go2/install/unitree_go/include/unitree_go/unitree_go/msg/res.h
[11.747s] -- Symlinking: /home/jason/projects/motion_control_go2/install/unitree_go/include/unitree_go/unitree_go/msg/rosidl_generator_c__visibility_control.h
[11.755s] -- Symlinking: /home/jason/projects/motion_control_go2/install/unitree_go/include/unitree_go/unitree_go/msg/sport_mode_cmd.h
[11.765s] -- Symlinking: /home/jason/projects/motion_control_go2/install/unitree_go/include/unitree_go/unitree_go/msg/sport_mode_state.h
[11.767s] -- Symlinking: /home/jason/projects/motion_control_go2/install/unitree_go/include/unitree_go/unitree_go/msg/time_spec.h
[11.774s] -- Symlinking: /home/jason/projects/motion_control_go2/install/unitree_go/include/unitree_go/unitree_go/msg/uwb_state.h
[11.781s] -- Symlinking: /home/jason/projects/motion_control_go2/install/unitree_go/include/unitree_go/unitree_go/msg/uwb_switch.h
[11.788s] -- Symlinking: /home/jason/projects/motion_control_go2/install/unitree_go/include/unitree_go/unitree_go/msg/wireless_controller.h
[11.794s] -- Symlinking: /home/jason/projects/motion_control_go2/install/unitree_go/share/unitree_go/environment/library_path.sh
[11.801s] -- Symlinking: /home/jason/projects/motion_control_go2/install/unitree_go/share/unitree_go/environment/library_path.dsv
[11.808s] -- Symlinking: /home/jason/projects/motion_control_go2/install/unitree_go/include/unitree_go/unitree_go/msg/detail/audio_data__rosidl_typesupport_fastrtps_c.h
[11.819s] -- Symlinking: /home/jason/projects/motion_control_go2/install/unitree_go/include/unitree_go/unitree_go/msg/detail/bms_cmd__rosidl_typesupport_fastrtps_c.h
[11.826s] -- Symlinking: /home/jason/projects/motion_control_go2/install/unitree_go/include/unitree_go/unitree_go/msg/detail/bms_state__rosidl_typesupport_fastrtps_c.h
[11.833s] -- Symlinking: /home/jason/projects/motion_control_go2/install/unitree_go/include/unitree_go/unitree_go/msg/detail/error__rosidl_typesupport_fastrtps_c.h
[11.840s] -- Symlinking: /home/jason/projects/motion_control_go2/install/unitree_go/include/unitree_go/unitree_go/msg/detail/go2_front_video_data__rosidl_typesupport_fastrtps_c.h
[11.846s] -- Symlinking: /home/jason/projects/motion_control_go2/install/unitree_go/include/unitree_go/unitree_go/msg/detail/height_map__rosidl_typesupport_fastrtps_c.h
[11.851s] -- Symlinking: /home/jason/projects/motion_control_go2/install/unitree_go/include/unitree_go/unitree_go/msg/detail/imu_state__rosidl_typesupport_fastrtps_c.h
[11.859s] -- Symlinking: /home/jason/projects/motion_control_go2/install/unitree_go/include/unitree_go/unitree_go/msg/detail/interface_config__rosidl_typesupport_fastrtps_c.h
[11.866s] -- Symlinking: /home/jason/projects/motion_control_go2/install/unitree_go/include/unitree_go/unitree_go/msg/detail/lidar_state__rosidl_typesupport_fastrtps_c.h
[11.872s] -- Symlinking: /home/jason/projects/motion_control_go2/install/unitree_go/include/unitree_go/unitree_go/msg/detail/low_cmd__rosidl_typesupport_fastrtps_c.h
[11.882s] -- Symlinking: /home/jason/projects/motion_control_go2/install/unitree_go/include/unitree_go/unitree_go/msg/detail/low_state__rosidl_typesupport_fastrtps_c.h
[11.888s] -- Symlinking: /home/jason/projects/motion_control_go2/install/unitree_go/include/unitree_go/unitree_go/msg/detail/motor_cmd__rosidl_typesupport_fastrtps_c.h
[11.894s] -- Symlinking: /home/jason/projects/motion_control_go2/install/unitree_go/include/unitree_go/unitree_go/msg/detail/motor_cmds__rosidl_typesupport_fastrtps_c.h
[11.901s] -- Symlinking: /home/jason/projects/motion_control_go2/install/unitree_go/include/unitree_go/unitree_go/msg/detail/motor_state__rosidl_typesupport_fastrtps_c.h
[11.909s] -- Symlinking: /home/jason/projects/motion_control_go2/install/unitree_go/include/unitree_go/unitree_go/msg/detail/motor_states__rosidl_typesupport_fastrtps_c.h
[11.913s] -- Symlinking: /home/jason/projects/motion_control_go2/install/unitree_go/include/unitree_go/unitree_go/msg/detail/path_point__rosidl_typesupport_fastrtps_c.h
[11.920s] -- Symlinking: /home/jason/projects/motion_control_go2/install/unitree_go/include/unitree_go/unitree_go/msg/detail/req__rosidl_typesupport_fastrtps_c.h
[11.955s] -- Symlinking: /home/jason/projects/motion_control_go2/install/unitree_go/include/unitree_go/unitree_go/msg/detail/res__rosidl_typesupport_fastrtps_c.h
[11.970s] -- Symlinking: /home/jason/projects/motion_control_go2/install/unitree_go/include/unitree_go/unitree_go/msg/detail/sport_mode_cmd__rosidl_typesupport_fastrtps_c.h
[11.984s] -- Symlinking: /home/jason/projects/motion_control_go2/install/unitree_go/include/unitree_go/unitree_go/msg/detail/sport_mode_state__rosidl_typesupport_fastrtps_c.h
[12.001s] -- Symlinking: /home/jason/projects/motion_control_go2/install/unitree_go/include/unitree_go/unitree_go/msg/detail/time_spec__rosidl_typesupport_fastrtps_c.h
[12.013s] -- Symlinking: /home/jason/projects/motion_control_go2/install/unitree_go/include/unitree_go/unitree_go/msg/detail/uwb_state__rosidl_typesupport_fastrtps_c.h
[12.026s] -- Symlinking: /home/jason/projects/motion_control_go2/install/unitree_go/include/unitree_go/unitree_go/msg/detail/uwb_switch__rosidl_typesupport_fastrtps_c.h
[12.041s] -- Symlinking: /home/jason/projects/motion_control_go2/install/unitree_go/include/unitree_go/unitree_go/msg/detail/wireless_controller__rosidl_typesupport_fastrtps_c.h
[12.055s] -- Symlinking: /home/jason/projects/motion_control_go2/install/unitree_go/include/unitree_go/unitree_go/msg/rosidl_typesupport_fastrtps_c__visibility_control.h
[12.070s] -- Symlinking: /home/jason/projects/motion_control_go2/install/unitree_go/include/unitree_go/unitree_go/msg/audio_data.hpp
[12.088s] -- Symlinking: /home/jason/projects/motion_control_go2/install/unitree_go/include/unitree_go/unitree_go/msg/bms_cmd.hpp
[12.100s] -- Symlinking: /home/jason/projects/motion_control_go2/install/unitree_go/include/unitree_go/unitree_go/msg/bms_state.hpp
[12.115s] -- Symlinking: /home/jason/projects/motion_control_go2/install/unitree_go/include/unitree_go/unitree_go/msg/detail/audio_data__builder.hpp
[12.138s] -- Symlinking: /home/jason/projects/motion_control_go2/install/unitree_go/include/unitree_go/unitree_go/msg/detail/audio_data__struct.hpp
[12.152s] -- Symlinking: /home/jason/projects/motion_control_go2/install/unitree_go/include/unitree_go/unitree_go/msg/detail/audio_data__traits.hpp
[12.178s] -- Symlinking: /home/jason/projects/motion_control_go2/install/unitree_go/include/unitree_go/unitree_go/msg/detail/audio_data__type_support.hpp
[12.193s] -- Symlinking: /home/jason/projects/motion_control_go2/install/unitree_go/include/unitree_go/unitree_go/msg/detail/bms_cmd__builder.hpp
[12.207s] -- Symlinking: /home/jason/projects/motion_control_go2/install/unitree_go/include/unitree_go/unitree_go/msg/detail/bms_cmd__struct.hpp
[12.222s] -- Symlinking: /home/jason/projects/motion_control_go2/install/unitree_go/include/unitree_go/unitree_go/msg/detail/bms_cmd__traits.hpp
[12.234s] -- Symlinking: /home/jason/projects/motion_control_go2/install/unitree_go/include/unitree_go/unitree_go/msg/detail/bms_cmd__type_support.hpp
[12.246s] -- Symlinking: /home/jason/projects/motion_control_go2/install/unitree_go/include/unitree_go/unitree_go/msg/detail/bms_state__builder.hpp
[12.261s] -- Symlinking: /home/jason/projects/motion_control_go2/install/unitree_go/include/unitree_go/unitree_go/msg/detail/bms_state__struct.hpp
[12.280s] -- Symlinking: /home/jason/projects/motion_control_go2/install/unitree_go/include/unitree_go/unitree_go/msg/detail/bms_state__traits.hpp
[12.296s] -- Symlinking: /home/jason/projects/motion_control_go2/install/unitree_go/include/unitree_go/unitree_go/msg/detail/bms_state__type_support.hpp
[12.305s] -- Symlinking: /home/jason/projects/motion_control_go2/install/unitree_go/include/unitree_go/unitree_go/msg/detail/error__builder.hpp
[12.322s] -- Symlinking: /home/jason/projects/motion_control_go2/install/unitree_go/include/unitree_go/unitree_go/msg/detail/error__struct.hpp
[12.342s] -- Symlinking: /home/jason/projects/motion_control_go2/install/unitree_go/include/unitree_go/unitree_go/msg/detail/error__traits.hpp
[12.352s] -- Symlinking: /home/jason/projects/motion_control_go2/install/unitree_go/include/unitree_go/unitree_go/msg/detail/error__type_support.hpp
[12.371s] -- Symlinking: /home/jason/projects/motion_control_go2/install/unitree_go/include/unitree_go/unitree_go/msg/detail/go2_front_video_data__builder.hpp
[12.387s] -- Symlinking: /home/jason/projects/motion_control_go2/install/unitree_go/include/unitree_go/unitree_go/msg/detail/go2_front_video_data__struct.hpp
[12.398s] -- Symlinking: /home/jason/projects/motion_control_go2/install/unitree_go/include/unitree_go/unitree_go/msg/detail/go2_front_video_data__traits.hpp
[12.412s] -- Symlinking: /home/jason/projects/motion_control_go2/install/unitree_go/include/unitree_go/unitree_go/msg/detail/go2_front_video_data__type_support.hpp
[12.419s] -- Symlinking: /home/jason/projects/motion_control_go2/install/unitree_go/include/unitree_go/unitree_go/msg/detail/height_map__builder.hpp
[12.426s] -- Symlinking: /home/jason/projects/motion_control_go2/install/unitree_go/include/unitree_go/unitree_go/msg/detail/height_map__struct.hpp
[12.435s] -- Symlinking: /home/jason/projects/motion_control_go2/install/unitree_go/include/unitree_go/unitree_go/msg/detail/height_map__traits.hpp
[12.442s] -- Symlinking: /home/jason/projects/motion_control_go2/install/unitree_go/include/unitree_go/unitree_go/msg/detail/height_map__type_support.hpp
[12.454s] -- Symlinking: /home/jason/projects/motion_control_go2/install/unitree_go/include/unitree_go/unitree_go/msg/detail/imu_state__builder.hpp
[12.459s] -- Symlinking: /home/jason/projects/motion_control_go2/install/unitree_go/include/unitree_go/unitree_go/msg/detail/imu_state__struct.hpp
[12.467s] -- Symlinking: /home/jason/projects/motion_control_go2/install/unitree_go/include/unitree_go/unitree_go/msg/detail/imu_state__traits.hpp
[12.474s] -- Symlinking: /home/jason/projects/motion_control_go2/install/unitree_go/include/unitree_go/unitree_go/msg/detail/imu_state__type_support.hpp
[12.481s] -- Symlinking: /home/jason/projects/motion_control_go2/install/unitree_go/include/unitree_go/unitree_go/msg/detail/interface_config__builder.hpp
[12.488s] -- Symlinking: /home/jason/projects/motion_control_go2/install/unitree_go/include/unitree_go/unitree_go/msg/detail/interface_config__struct.hpp
[12.494s] -- Symlinking: /home/jason/projects/motion_control_go2/install/unitree_go/include/unitree_go/unitree_go/msg/detail/interface_config__traits.hpp
[12.501s] -- Symlinking: /home/jason/projects/motion_control_go2/install/unitree_go/include/unitree_go/unitree_go/msg/detail/interface_config__type_support.hpp
[12.508s] -- Symlinking: /home/jason/projects/motion_control_go2/install/unitree_go/include/unitree_go/unitree_go/msg/detail/lidar_state__builder.hpp
[12.514s] -- Symlinking: /home/jason/projects/motion_control_go2/install/unitree_go/include/unitree_go/unitree_go/msg/detail/lidar_state__struct.hpp
[12.521s] -- Symlinking: /home/jason/projects/motion_control_go2/install/unitree_go/include/unitree_go/unitree_go/msg/detail/lidar_state__traits.hpp
[12.528s] -- Symlinking: /home/jason/projects/motion_control_go2/install/unitree_go/include/unitree_go/unitree_go/msg/detail/lidar_state__type_support.hpp
[12.535s] -- Symlinking: /home/jason/projects/motion_control_go2/install/unitree_go/include/unitree_go/unitree_go/msg/detail/low_cmd__builder.hpp
[12.541s] -- Symlinking: /home/jason/projects/motion_control_go2/install/unitree_go/include/unitree_go/unitree_go/msg/detail/low_cmd__struct.hpp
[12.548s] -- Symlinking: /home/jason/projects/motion_control_go2/install/unitree_go/include/unitree_go/unitree_go/msg/detail/low_cmd__traits.hpp
[12.556s] -- Symlinking: /home/jason/projects/motion_control_go2/install/unitree_go/include/unitree_go/unitree_go/msg/detail/low_cmd__type_support.hpp
[12.564s] -- Symlinking: /home/jason/projects/motion_control_go2/install/unitree_go/include/unitree_go/unitree_go/msg/detail/low_state__builder.hpp
[12.570s] -- Symlinking: /home/jason/projects/motion_control_go2/install/unitree_go/include/unitree_go/unitree_go/msg/detail/low_state__struct.hpp
[12.577s] -- Symlinking: /home/jason/projects/motion_control_go2/install/unitree_go/include/unitree_go/unitree_go/msg/detail/low_state__traits.hpp
[12.585s] -- Symlinking: /home/jason/projects/motion_control_go2/install/unitree_go/include/unitree_go/unitree_go/msg/detail/low_state__type_support.hpp
[12.591s] -- Symlinking: /home/jason/projects/motion_control_go2/install/unitree_go/include/unitree_go/unitree_go/msg/detail/motor_cmd__builder.hpp
[12.599s] -- Symlinking: /home/jason/projects/motion_control_go2/install/unitree_go/include/unitree_go/unitree_go/msg/detail/motor_cmd__struct.hpp
[12.609s] -- Symlinking: /home/jason/projects/motion_control_go2/install/unitree_go/include/unitree_go/unitree_go/msg/detail/motor_cmd__traits.hpp
[12.617s] -- Symlinking: /home/jason/projects/motion_control_go2/install/unitree_go/include/unitree_go/unitree_go/msg/detail/motor_cmd__type_support.hpp
[12.623s] -- Symlinking: /home/jason/projects/motion_control_go2/install/unitree_go/include/unitree_go/unitree_go/msg/detail/motor_cmds__builder.hpp
[12.629s] -- Symlinking: /home/jason/projects/motion_control_go2/install/unitree_go/include/unitree_go/unitree_go/msg/detail/motor_cmds__struct.hpp
[12.634s] -- Symlinking: /home/jason/projects/motion_control_go2/install/unitree_go/include/unitree_go/unitree_go/msg/detail/motor_cmds__traits.hpp
[12.640s] -- Symlinking: /home/jason/projects/motion_control_go2/install/unitree_go/include/unitree_go/unitree_go/msg/detail/motor_cmds__type_support.hpp
[12.646s] -- Symlinking: /home/jason/projects/motion_control_go2/install/unitree_go/include/unitree_go/unitree_go/msg/detail/motor_state__builder.hpp
[12.654s] -- Symlinking: /home/jason/projects/motion_control_go2/install/unitree_go/include/unitree_go/unitree_go/msg/detail/motor_state__struct.hpp
[12.661s] -- Symlinking: /home/jason/projects/motion_control_go2/install/unitree_go/include/unitree_go/unitree_go/msg/detail/motor_state__traits.hpp
[12.662s] -- Symlinking: /home/jason/projects/motion_control_go2/install/unitree_go/include/unitree_go/unitree_go/msg/detail/motor_state__type_support.hpp
[12.669s] -- Symlinking: /home/jason/projects/motion_control_go2/install/unitree_go/include/unitree_go/unitree_go/msg/detail/motor_states__builder.hpp
[12.680s] -- Symlinking: /home/jason/projects/motion_control_go2/install/unitree_go/include/unitree_go/unitree_go/msg/detail/motor_states__struct.hpp
[12.686s] -- Symlinking: /home/jason/projects/motion_control_go2/install/unitree_go/include/unitree_go/unitree_go/msg/detail/motor_states__traits.hpp
[12.692s] -- Symlinking: /home/jason/projects/motion_control_go2/install/unitree_go/include/unitree_go/unitree_go/msg/detail/motor_states__type_support.hpp
[12.698s] -- Symlinking: /home/jason/projects/motion_control_go2/install/unitree_go/include/unitree_go/unitree_go/msg/detail/path_point__builder.hpp
[12.703s] -- Symlinking: /home/jason/projects/motion_control_go2/install/unitree_go/include/unitree_go/unitree_go/msg/detail/path_point__struct.hpp
[12.711s] -- Symlinking: /home/jason/projects/motion_control_go2/install/unitree_go/include/unitree_go/unitree_go/msg/detail/path_point__traits.hpp
[12.719s] -- Symlinking: /home/jason/projects/motion_control_go2/install/unitree_go/include/unitree_go/unitree_go/msg/detail/path_point__type_support.hpp
[12.727s] -- Symlinking: /home/jason/projects/motion_control_go2/install/unitree_go/include/unitree_go/unitree_go/msg/detail/req__builder.hpp
[12.733s] -- Symlinking: /home/jason/projects/motion_control_go2/install/unitree_go/include/unitree_go/unitree_go/msg/detail/req__struct.hpp
[12.738s] -- Symlinking: /home/jason/projects/motion_control_go2/install/unitree_go/include/unitree_go/unitree_go/msg/detail/req__traits.hpp
[12.745s] -- Symlinking: /home/jason/projects/motion_control_go2/install/unitree_go/include/unitree_go/unitree_go/msg/detail/req__type_support.hpp
[12.753s] -- Symlinking: /home/jason/projects/motion_control_go2/install/unitree_go/include/unitree_go/unitree_go/msg/detail/res__builder.hpp
[12.763s] -- Symlinking: /home/jason/projects/motion_control_go2/install/unitree_go/include/unitree_go/unitree_go/msg/detail/res__struct.hpp
[12.770s] -- Symlinking: /home/jason/projects/motion_control_go2/install/unitree_go/include/unitree_go/unitree_go/msg/detail/res__traits.hpp
[12.777s] -- Symlinking: /home/jason/projects/motion_control_go2/install/unitree_go/include/unitree_go/unitree_go/msg/detail/res__type_support.hpp
[12.789s] -- Symlinking: /home/jason/projects/motion_control_go2/install/unitree_go/include/unitree_go/unitree_go/msg/detail/sport_mode_cmd__builder.hpp
[12.794s] -- Symlinking: /home/jason/projects/motion_control_go2/install/unitree_go/include/unitree_go/unitree_go/msg/detail/sport_mode_cmd__struct.hpp
[12.801s] -- Symlinking: /home/jason/projects/motion_control_go2/install/unitree_go/include/unitree_go/unitree_go/msg/detail/sport_mode_cmd__traits.hpp
[12.808s] -- Symlinking: /home/jason/projects/motion_control_go2/install/unitree_go/include/unitree_go/unitree_go/msg/detail/sport_mode_cmd__type_support.hpp
[12.815s] -- Symlinking: /home/jason/projects/motion_control_go2/install/unitree_go/include/unitree_go/unitree_go/msg/detail/sport_mode_state__builder.hpp
[12.820s] -- Symlinking: /home/jason/projects/motion_control_go2/install/unitree_go/include/unitree_go/unitree_go/msg/detail/sport_mode_state__struct.hpp
[12.826s] -- Symlinking: /home/jason/projects/motion_control_go2/install/unitree_go/include/unitree_go/unitree_go/msg/detail/sport_mode_state__traits.hpp
[12.830s] -- Symlinking: /home/jason/projects/motion_control_go2/install/unitree_go/include/unitree_go/unitree_go/msg/detail/sport_mode_state__type_support.hpp
[12.837s] -- Symlinking: /home/jason/projects/motion_control_go2/install/unitree_go/include/unitree_go/unitree_go/msg/detail/time_spec__builder.hpp
[12.841s] -- Symlinking: /home/jason/projects/motion_control_go2/install/unitree_go/include/unitree_go/unitree_go/msg/detail/time_spec__struct.hpp
[12.846s] -- Symlinking: /home/jason/projects/motion_control_go2/install/unitree_go/include/unitree_go/unitree_go/msg/detail/time_spec__traits.hpp
[12.851s] -- Symlinking: /home/jason/projects/motion_control_go2/install/unitree_go/include/unitree_go/unitree_go/msg/detail/time_spec__type_support.hpp
[12.857s] -- Symlinking: /home/jason/projects/motion_control_go2/install/unitree_go/include/unitree_go/unitree_go/msg/detail/uwb_state__builder.hpp
[12.861s] -- Symlinking: /home/jason/projects/motion_control_go2/install/unitree_go/include/unitree_go/unitree_go/msg/detail/uwb_state__struct.hpp
[12.866s] -- Symlinking: /home/jason/projects/motion_control_go2/install/unitree_go/include/unitree_go/unitree_go/msg/detail/uwb_state__traits.hpp
[12.879s] -- Symlinking: /home/jason/projects/motion_control_go2/install/unitree_go/include/unitree_go/unitree_go/msg/detail/uwb_state__type_support.hpp
[12.886s] -- Symlinking: /home/jason/projects/motion_control_go2/install/unitree_go/include/unitree_go/unitree_go/msg/detail/uwb_switch__builder.hpp
[12.894s] -- Symlinking: /home/jason/projects/motion_control_go2/install/unitree_go/include/unitree_go/unitree_go/msg/detail/uwb_switch__struct.hpp
[12.901s] -- Symlinking: /home/jason/projects/motion_control_go2/install/unitree_go/include/unitree_go/unitree_go/msg/detail/uwb_switch__traits.hpp
[12.906s] -- Symlinking: /home/jason/projects/motion_control_go2/install/unitree_go/include/unitree_go/unitree_go/msg/detail/uwb_switch__type_support.hpp
[12.911s] -- Symlinking: /home/jason/projects/motion_control_go2/install/unitree_go/include/unitree_go/unitree_go/msg/detail/wireless_controller__builder.hpp
[12.918s] -- Symlinking: /home/jason/projects/motion_control_go2/install/unitree_go/include/unitree_go/unitree_go/msg/detail/wireless_controller__struct.hpp
[12.924s] -- Symlinking: /home/jason/projects/motion_control_go2/install/unitree_go/include/unitree_go/unitree_go/msg/detail/wireless_controller__traits.hpp
[12.931s] -- Symlinking: /home/jason/projects/motion_control_go2/install/unitree_go/include/unitree_go/unitree_go/msg/detail/wireless_controller__type_support.hpp
[12.937s] -- Symlinking: /home/jason/projects/motion_control_go2/install/unitree_go/include/unitree_go/unitree_go/msg/error.hpp
[12.943s] -- Symlinking: /home/jason/projects/motion_control_go2/install/unitree_go/include/unitree_go/unitree_go/msg/go2_front_video_data.hpp
[12.950s] -- Symlinking: /home/jason/projects/motion_control_go2/install/unitree_go/include/unitree_go/unitree_go/msg/height_map.hpp
[12.959s] -- Symlinking: /home/jason/projects/motion_control_go2/install/unitree_go/include/unitree_go/unitree_go/msg/imu_state.hpp
[12.966s] -- Symlinking: /home/jason/projects/motion_control_go2/install/unitree_go/include/unitree_go/unitree_go/msg/interface_config.hpp
[12.972s] -- Symlinking: /home/jason/projects/motion_control_go2/install/unitree_go/include/unitree_go/unitree_go/msg/lidar_state.hpp
[12.979s] -- Symlinking: /home/jason/projects/motion_control_go2/install/unitree_go/include/unitree_go/unitree_go/msg/low_cmd.hpp
[12.986s] -- Symlinking: /home/jason/projects/motion_control_go2/install/unitree_go/include/unitree_go/unitree_go/msg/low_state.hpp
[12.992s] -- Symlinking: /home/jason/projects/motion_control_go2/install/unitree_go/include/unitree_go/unitree_go/msg/motor_cmd.hpp
[12.997s] -- Symlinking: /home/jason/projects/motion_control_go2/install/unitree_go/include/unitree_go/unitree_go/msg/motor_cmds.hpp
[13.003s] -- Symlinking: /home/jason/projects/motion_control_go2/install/unitree_go/include/unitree_go/unitree_go/msg/motor_state.hpp
[13.009s] -- Symlinking: /home/jason/projects/motion_control_go2/install/unitree_go/include/unitree_go/unitree_go/msg/motor_states.hpp
[13.015s] -- Symlinking: /home/jason/projects/motion_control_go2/install/unitree_go/include/unitree_go/unitree_go/msg/path_point.hpp
[13.022s] -- Symlinking: /home/jason/projects/motion_control_go2/install/unitree_go/include/unitree_go/unitree_go/msg/req.hpp
[13.028s] -- Symlinking: /home/jason/projects/motion_control_go2/install/unitree_go/include/unitree_go/unitree_go/msg/res.hpp
[13.034s] -- Symlinking: /home/jason/projects/motion_control_go2/install/unitree_go/include/unitree_go/unitree_go/msg/rosidl_generator_cpp__visibility_control.hpp
[13.040s] -- Symlinking: /home/jason/projects/motion_control_go2/install/unitree_go/include/unitree_go/unitree_go/msg/sport_mode_cmd.hpp
[13.046s] -- Symlinking: /home/jason/projects/motion_control_go2/install/unitree_go/include/unitree_go/unitree_go/msg/sport_mode_state.hpp
[13.053s] -- Symlinking: /home/jason/projects/motion_control_go2/install/unitree_go/include/unitree_go/unitree_go/msg/time_spec.hpp
[13.058s] -- Symlinking: /home/jason/projects/motion_control_go2/install/unitree_go/include/unitree_go/unitree_go/msg/uwb_state.hpp
[13.067s] -- Symlinking: /home/jason/projects/motion_control_go2/install/unitree_go/include/unitree_go/unitree_go/msg/uwb_switch.hpp
[13.073s] -- Symlinking: /home/jason/projects/motion_control_go2/install/unitree_go/include/unitree_go/unitree_go/msg/wireless_controller.hpp
[13.079s] -- Symlinking: /home/jason/projects/motion_control_go2/install/unitree_go/include/unitree_go/unitree_go/msg/detail/audio_data__rosidl_typesupport_fastrtps_cpp.hpp
[13.084s] -- Symlinking: /home/jason/projects/motion_control_go2/install/unitree_go/include/unitree_go/unitree_go/msg/detail/bms_cmd__rosidl_typesupport_fastrtps_cpp.hpp
[13.089s] -- Symlinking: /home/jason/projects/motion_control_go2/install/unitree_go/include/unitree_go/unitree_go/msg/detail/bms_state__rosidl_typesupport_fastrtps_cpp.hpp
[13.093s] -- Symlinking: /home/jason/projects/motion_control_go2/install/unitree_go/include/unitree_go/unitree_go/msg/detail/error__rosidl_typesupport_fastrtps_cpp.hpp
[13.098s] -- Symlinking: /home/jason/projects/motion_control_go2/install/unitree_go/include/unitree_go/unitree_go/msg/detail/go2_front_video_data__rosidl_typesupport_fastrtps_cpp.hpp
[13.102s] -- Symlinking: /home/jason/projects/motion_control_go2/install/unitree_go/include/unitree_go/unitree_go/msg/detail/height_map__rosidl_typesupport_fastrtps_cpp.hpp
[13.110s] -- Symlinking: /home/jason/projects/motion_control_go2/install/unitree_go/include/unitree_go/unitree_go/msg/detail/imu_state__rosidl_typesupport_fastrtps_cpp.hpp
[13.116s] -- Symlinking: /home/jason/projects/motion_control_go2/install/unitree_go/include/unitree_go/unitree_go/msg/detail/interface_config__rosidl_typesupport_fastrtps_cpp.hpp
[13.122s] -- Symlinking: /home/jason/projects/motion_control_go2/install/unitree_go/include/unitree_go/unitree_go/msg/detail/lidar_state__rosidl_typesupport_fastrtps_cpp.hpp
[13.131s] -- Symlinking: /home/jason/projects/motion_control_go2/install/unitree_go/include/unitree_go/unitree_go/msg/detail/low_cmd__rosidl_typesupport_fastrtps_cpp.hpp
[13.138s] -- Symlinking: /home/jason/projects/motion_control_go2/install/unitree_go/include/unitree_go/unitree_go/msg/detail/low_state__rosidl_typesupport_fastrtps_cpp.hpp
[13.145s] -- Symlinking: /home/jason/projects/motion_control_go2/install/unitree_go/include/unitree_go/unitree_go/msg/detail/motor_cmd__rosidl_typesupport_fastrtps_cpp.hpp
[13.152s] -- Symlinking: /home/jason/projects/motion_control_go2/install/unitree_go/include/unitree_go/unitree_go/msg/detail/motor_cmds__rosidl_typesupport_fastrtps_cpp.hpp
[13.162s] -- Symlinking: /home/jason/projects/motion_control_go2/install/unitree_go/include/unitree_go/unitree_go/msg/detail/motor_state__rosidl_typesupport_fastrtps_cpp.hpp
[13.168s] -- Symlinking: /home/jason/projects/motion_control_go2/install/unitree_go/include/unitree_go/unitree_go/msg/detail/motor_states__rosidl_typesupport_fastrtps_cpp.hpp
[13.178s] -- Symlinking: /home/jason/projects/motion_control_go2/install/unitree_go/include/unitree_go/unitree_go/msg/detail/path_point__rosidl_typesupport_fastrtps_cpp.hpp
[13.181s] -- Symlinking: /home/jason/projects/motion_control_go2/install/unitree_go/include/unitree_go/unitree_go/msg/detail/req__rosidl_typesupport_fastrtps_cpp.hpp
[13.187s] -- Symlinking: /home/jason/projects/motion_control_go2/install/unitree_go/include/unitree_go/unitree_go/msg/detail/res__rosidl_typesupport_fastrtps_cpp.hpp
[13.193s] -- Symlinking: /home/jason/projects/motion_control_go2/install/unitree_go/include/unitree_go/unitree_go/msg/detail/sport_mode_cmd__rosidl_typesupport_fastrtps_cpp.hpp
[13.200s] -- Symlinking: /home/jason/projects/motion_control_go2/install/unitree_go/include/unitree_go/unitree_go/msg/detail/sport_mode_state__rosidl_typesupport_fastrtps_cpp.hpp
[13.205s] -- Symlinking: /home/jason/projects/motion_control_go2/install/unitree_go/include/unitree_go/unitree_go/msg/detail/time_spec__rosidl_typesupport_fastrtps_cpp.hpp
[13.210s] -- Symlinking: /home/jason/projects/motion_control_go2/install/unitree_go/include/unitree_go/unitree_go/msg/detail/uwb_state__rosidl_typesupport_fastrtps_cpp.hpp
[13.216s] -- Symlinking: /home/jason/projects/motion_control_go2/install/unitree_go/include/unitree_go/unitree_go/msg/detail/uwb_switch__rosidl_typesupport_fastrtps_cpp.hpp
[13.222s] -- Symlinking: /home/jason/projects/motion_control_go2/install/unitree_go/include/unitree_go/unitree_go/msg/detail/wireless_controller__rosidl_typesupport_fastrtps_cpp.hpp
[13.228s] -- Symlinking: /home/jason/projects/motion_control_go2/install/unitree_go/include/unitree_go/unitree_go/msg/rosidl_typesupport_fastrtps_cpp__visibility_control.h
[13.234s] -- Symlinking: /home/jason/projects/motion_control_go2/install/unitree_go/include/unitree_go/unitree_go/msg/detail/audio_data__rosidl_typesupport_introspection_c.h
[13.240s] -- Symlinking: /home/jason/projects/motion_control_go2/install/unitree_go/include/unitree_go/unitree_go/msg/detail/bms_cmd__rosidl_typesupport_introspection_c.h
[13.247s] -- Symlinking: /home/jason/projects/motion_control_go2/install/unitree_go/include/unitree_go/unitree_go/msg/detail/bms_state__rosidl_typesupport_introspection_c.h
[13.256s] -- Symlinking: /home/jason/projects/motion_control_go2/install/unitree_go/include/unitree_go/unitree_go/msg/detail/error__rosidl_typesupport_introspection_c.h
[13.265s] -- Symlinking: /home/jason/projects/motion_control_go2/install/unitree_go/include/unitree_go/unitree_go/msg/detail/go2_front_video_data__rosidl_typesupport_introspection_c.h
[13.271s] -- Symlinking: /home/jason/projects/motion_control_go2/install/unitree_go/include/unitree_go/unitree_go/msg/detail/height_map__rosidl_typesupport_introspection_c.h
[13.277s] -- Symlinking: /home/jason/projects/motion_control_go2/install/unitree_go/include/unitree_go/unitree_go/msg/detail/imu_state__rosidl_typesupport_introspection_c.h
[13.285s] -- Symlinking: /home/jason/projects/motion_control_go2/install/unitree_go/include/unitree_go/unitree_go/msg/detail/interface_config__rosidl_typesupport_introspection_c.h
[13.287s] -- Symlinking: /home/jason/projects/motion_control_go2/install/unitree_go/include/unitree_go/unitree_go/msg/detail/lidar_state__rosidl_typesupport_introspection_c.h
[13.295s] -- Symlinking: /home/jason/projects/motion_control_go2/install/unitree_go/include/unitree_go/unitree_go/msg/detail/low_cmd__rosidl_typesupport_introspection_c.h
[13.303s] -- Symlinking: /home/jason/projects/motion_control_go2/install/unitree_go/include/unitree_go/unitree_go/msg/detail/low_state__rosidl_typesupport_introspection_c.h
[13.310s] -- Symlinking: /home/jason/projects/motion_control_go2/install/unitree_go/include/unitree_go/unitree_go/msg/detail/motor_cmd__rosidl_typesupport_introspection_c.h
[13.317s] -- Symlinking: /home/jason/projects/motion_control_go2/install/unitree_go/include/unitree_go/unitree_go/msg/detail/motor_cmds__rosidl_typesupport_introspection_c.h
[13.323s] -- Symlinking: /home/jason/projects/motion_control_go2/install/unitree_go/include/unitree_go/unitree_go/msg/detail/motor_state__rosidl_typesupport_introspection_c.h
[13.327s] -- Symlinking: /home/jason/projects/motion_control_go2/install/unitree_go/include/unitree_go/unitree_go/msg/detail/motor_states__rosidl_typesupport_introspection_c.h
[13.332s] -- Symlinking: /home/jason/projects/motion_control_go2/install/unitree_go/include/unitree_go/unitree_go/msg/detail/path_point__rosidl_typesupport_introspection_c.h
[13.340s] -- Symlinking: /home/jason/projects/motion_control_go2/install/unitree_go/include/unitree_go/unitree_go/msg/detail/req__rosidl_typesupport_introspection_c.h
[13.347s] -- Symlinking: /home/jason/projects/motion_control_go2/install/unitree_go/include/unitree_go/unitree_go/msg/detail/res__rosidl_typesupport_introspection_c.h
[13.353s] -- Symlinking: /home/jason/projects/motion_control_go2/install/unitree_go/include/unitree_go/unitree_go/msg/detail/sport_mode_cmd__rosidl_typesupport_introspection_c.h
[13.360s] -- Symlinking: /home/jason/projects/motion_control_go2/install/unitree_go/include/unitree_go/unitree_go/msg/detail/sport_mode_state__rosidl_typesupport_introspection_c.h
[13.366s] -- Symlinking: /home/jason/projects/motion_control_go2/install/unitree_go/include/unitree_go/unitree_go/msg/detail/time_spec__rosidl_typesupport_introspection_c.h
[13.373s] -- Symlinking: /home/jason/projects/motion_control_go2/install/unitree_go/include/unitree_go/unitree_go/msg/detail/uwb_state__rosidl_typesupport_introspection_c.h
[13.381s] -- Symlinking: /home/jason/projects/motion_control_go2/install/unitree_go/include/unitree_go/unitree_go/msg/detail/uwb_switch__rosidl_typesupport_introspection_c.h
[13.388s] -- Symlinking: /home/jason/projects/motion_control_go2/install/unitree_go/include/unitree_go/unitree_go/msg/detail/wireless_controller__rosidl_typesupport_introspection_c.h
[13.394s] -- Symlinking: /home/jason/projects/motion_control_go2/install/unitree_go/include/unitree_go/unitree_go/msg/rosidl_typesupport_introspection_c__visibility_control.h
[13.402s] -- Symlinking: /home/jason/projects/motion_control_go2/install/unitree_go/include/unitree_go/unitree_go/msg/detail/audio_data__rosidl_typesupport_introspection_cpp.hpp
[13.411s] -- Symlinking: /home/jason/projects/motion_control_go2/install/unitree_go/include/unitree_go/unitree_go/msg/detail/bms_cmd__rosidl_typesupport_introspection_cpp.hpp
[13.418s] -- Symlinking: /home/jason/projects/motion_control_go2/install/unitree_go/include/unitree_go/unitree_go/msg/detail/bms_state__rosidl_typesupport_introspection_cpp.hpp
[13.428s] -- Symlinking: /home/jason/projects/motion_control_go2/install/unitree_go/include/unitree_go/unitree_go/msg/detail/error__rosidl_typesupport_introspection_cpp.hpp
[13.435s] -- Symlinking: /home/jason/projects/motion_control_go2/install/unitree_go/include/unitree_go/unitree_go/msg/detail/go2_front_video_data__rosidl_typesupport_introspection_cpp.hpp
[13.441s] -- Symlinking: /home/jason/projects/motion_control_go2/install/unitree_go/include/unitree_go/unitree_go/msg/detail/height_map__rosidl_typesupport_introspection_cpp.hpp
[13.448s] -- Symlinking: /home/jason/projects/motion_control_go2/install/unitree_go/include/unitree_go/unitree_go/msg/detail/imu_state__rosidl_typesupport_introspection_cpp.hpp
[13.454s] -- Symlinking: /home/jason/projects/motion_control_go2/install/unitree_go/include/unitree_go/unitree_go/msg/detail/interface_config__rosidl_typesupport_introspection_cpp.hpp
[13.461s] -- Symlinking: /home/jason/projects/motion_control_go2/install/unitree_go/include/unitree_go/unitree_go/msg/detail/lidar_state__rosidl_typesupport_introspection_cpp.hpp
[13.467s] -- Symlinking: /home/jason/projects/motion_control_go2/install/unitree_go/include/unitree_go/unitree_go/msg/detail/low_cmd__rosidl_typesupport_introspection_cpp.hpp
[13.475s] -- Symlinking: /home/jason/projects/motion_control_go2/install/unitree_go/include/unitree_go/unitree_go/msg/detail/low_state__rosidl_typesupport_introspection_cpp.hpp
[13.485s] -- Symlinking: /home/jason/projects/motion_control_go2/install/unitree_go/include/unitree_go/unitree_go/msg/detail/motor_cmd__rosidl_typesupport_introspection_cpp.hpp
[13.495s] -- Symlinking: /home/jason/projects/motion_control_go2/install/unitree_go/include/unitree_go/unitree_go/msg/detail/motor_cmds__rosidl_typesupport_introspection_cpp.hpp
[13.501s] -- Symlinking: /home/jason/projects/motion_control_go2/install/unitree_go/include/unitree_go/unitree_go/msg/detail/motor_state__rosidl_typesupport_introspection_cpp.hpp
[13.508s] -- Symlinking: /home/jason/projects/motion_control_go2/install/unitree_go/include/unitree_go/unitree_go/msg/detail/motor_states__rosidl_typesupport_introspection_cpp.hpp
[13.516s] -- Symlinking: /home/jason/projects/motion_control_go2/install/unitree_go/include/unitree_go/unitree_go/msg/detail/path_point__rosidl_typesupport_introspection_cpp.hpp
[13.518s] -- Symlinking: /home/jason/projects/motion_control_go2/install/unitree_go/include/unitree_go/unitree_go/msg/detail/req__rosidl_typesupport_introspection_cpp.hpp
[13.523s] -- Symlinking: /home/jason/projects/motion_control_go2/install/unitree_go/include/unitree_go/unitree_go/msg/detail/res__rosidl_typesupport_introspection_cpp.hpp
[13.527s] -- Symlinking: /home/jason/projects/motion_control_go2/install/unitree_go/include/unitree_go/unitree_go/msg/detail/sport_mode_cmd__rosidl_typesupport_introspection_cpp.hpp
[13.532s] -- Symlinking: /home/jason/projects/motion_control_go2/install/unitree_go/include/unitree_go/unitree_go/msg/detail/sport_mode_state__rosidl_typesupport_introspection_cpp.hpp
[13.537s] -- Symlinking: /home/jason/projects/motion_control_go2/install/unitree_go/include/unitree_go/unitree_go/msg/detail/time_spec__rosidl_typesupport_introspection_cpp.hpp
[13.543s] -- Symlinking: /home/jason/projects/motion_control_go2/install/unitree_go/include/unitree_go/unitree_go/msg/detail/uwb_state__rosidl_typesupport_introspection_cpp.hpp
[13.551s] -- Symlinking: /home/jason/projects/motion_control_go2/install/unitree_go/include/unitree_go/unitree_go/msg/detail/uwb_switch__rosidl_typesupport_introspection_cpp.hpp
[13.556s] -- Symlinking: /home/jason/projects/motion_control_go2/install/unitree_go/include/unitree_go/unitree_go/msg/detail/wireless_controller__rosidl_typesupport_introspection_cpp.hpp
[13.561s] -- Symlinking: /home/jason/projects/motion_control_go2/install/unitree_go/share/unitree_go/environment/pythonpath.sh
[13.567s] -- Symlinking: /home/jason/projects/motion_control_go2/install/unitree_go/share/unitree_go/environment/pythonpath.dsv
[13.572s] -- Symlinking: /home/jason/projects/motion_control_go2/install/unitree_go/local/lib/python3.10/dist-packages/unitree_go-0.0.0-py3.10.egg-info/PKG-INFO
[13.577s] -- Symlinking: /home/jason/projects/motion_control_go2/install/unitree_go/local/lib/python3.10/dist-packages/unitree_go-0.0.0-py3.10.egg-info/SOURCES.txt
[13.584s] -- Symlinking: /home/jason/projects/motion_control_go2/install/unitree_go/local/lib/python3.10/dist-packages/unitree_go-0.0.0-py3.10.egg-info/dependency_links.txt
[13.590s] -- Symlinking: /home/jason/projects/motion_control_go2/install/unitree_go/local/lib/python3.10/dist-packages/unitree_go-0.0.0-py3.10.egg-info/top_level.txt
[13.596s] -- Symlinking: /home/jason/projects/motion_control_go2/install/unitree_go/local/lib/python3.10/dist-packages/unitree_go/__init__.py
[13.602s] -- Symlinking: /home/jason/projects/motion_control_go2/install/unitree_go/local/lib/python3.10/dist-packages/unitree_go/_unitree_go_s.ep.rosidl_typesupport_c.c
[13.608s] -- Symlinking: /home/jason/projects/motion_control_go2/install/unitree_go/local/lib/python3.10/dist-packages/unitree_go/_unitree_go_s.ep.rosidl_typesupport_fastrtps_c.c
[13.614s] -- Symlinking: /home/jason/projects/motion_control_go2/install/unitree_go/local/lib/python3.10/dist-packages/unitree_go/_unitree_go_s.ep.rosidl_typesupport_introspection_c.c
[13.621s] -- Symlinking: /home/jason/projects/motion_control_go2/install/unitree_go/local/lib/python3.10/dist-packages/unitree_go/libunitree_go__rosidl_generator_py.so
[13.627s] -- Symlinking: /home/jason/projects/motion_control_go2/install/unitree_go/local/lib/python3.10/dist-packages/unitree_go/msg/__init__.py
[13.634s] -- Symlinking: /home/jason/projects/motion_control_go2/install/unitree_go/local/lib/python3.10/dist-packages/unitree_go/msg/_audio_data.py
[13.638s] -- Symlinking: /home/jason/projects/motion_control_go2/install/unitree_go/local/lib/python3.10/dist-packages/unitree_go/msg/_audio_data_s.c
[13.645s] -- Symlinking: /home/jason/projects/motion_control_go2/install/unitree_go/local/lib/python3.10/dist-packages/unitree_go/msg/_bms_cmd.py
[13.650s] -- Symlinking: /home/jason/projects/motion_control_go2/install/unitree_go/local/lib/python3.10/dist-packages/unitree_go/msg/_bms_cmd_s.c
[13.656s] -- Symlinking: /home/jason/projects/motion_control_go2/install/unitree_go/local/lib/python3.10/dist-packages/unitree_go/msg/_bms_state.py
[13.663s] -- Symlinking: /home/jason/projects/motion_control_go2/install/unitree_go/local/lib/python3.10/dist-packages/unitree_go/msg/_bms_state_s.c
[13.671s] -- Symlinking: /home/jason/projects/motion_control_go2/install/unitree_go/local/lib/python3.10/dist-packages/unitree_go/msg/_error.py
[13.677s] -- Symlinking: /home/jason/projects/motion_control_go2/install/unitree_go/local/lib/python3.10/dist-packages/unitree_go/msg/_error_s.c
[13.684s] -- Symlinking: /home/jason/projects/motion_control_go2/install/unitree_go/local/lib/python3.10/dist-packages/unitree_go/msg/_go2_front_video_data.py
[13.692s] -- Symlinking: /home/jason/projects/motion_control_go2/install/unitree_go/local/lib/python3.10/dist-packages/unitree_go/msg/_go2_front_video_data_s.c
[13.699s] -- Symlinking: /home/jason/projects/motion_control_go2/install/unitree_go/local/lib/python3.10/dist-packages/unitree_go/msg/_height_map.py
[13.705s] -- Symlinking: /home/jason/projects/motion_control_go2/install/unitree_go/local/lib/python3.10/dist-packages/unitree_go/msg/_height_map_s.c
[13.714s] -- Symlinking: /home/jason/projects/motion_control_go2/install/unitree_go/local/lib/python3.10/dist-packages/unitree_go/msg/_imu_state.py
[13.721s] -- Symlinking: /home/jason/projects/motion_control_go2/install/unitree_go/local/lib/python3.10/dist-packages/unitree_go/msg/_imu_state_s.c
[13.728s] -- Symlinking: /home/jason/projects/motion_control_go2/install/unitree_go/local/lib/python3.10/dist-packages/unitree_go/msg/_interface_config.py
[13.735s] -- Symlinking: /home/jason/projects/motion_control_go2/install/unitree_go/local/lib/python3.10/dist-packages/unitree_go/msg/_interface_config_s.c
[13.743s] -- Symlinking: /home/jason/projects/motion_control_go2/install/unitree_go/local/lib/python3.10/dist-packages/unitree_go/msg/_lidar_state.py
[13.751s] -- Symlinking: /home/jason/projects/motion_control_go2/install/unitree_go/local/lib/python3.10/dist-packages/unitree_go/msg/_lidar_state_s.c
[13.762s] -- Symlinking: /home/jason/projects/motion_control_go2/install/unitree_go/local/lib/python3.10/dist-packages/unitree_go/msg/_low_cmd.py
[13.768s] -- Symlinking: /home/jason/projects/motion_control_go2/install/unitree_go/local/lib/python3.10/dist-packages/unitree_go/msg/_low_cmd_s.c
[13.773s] -- Symlinking: /home/jason/projects/motion_control_go2/install/unitree_go/local/lib/python3.10/dist-packages/unitree_go/msg/_low_state.py
[13.779s] -- Symlinking: /home/jason/projects/motion_control_go2/install/unitree_go/local/lib/python3.10/dist-packages/unitree_go/msg/_low_state_s.c
[13.786s] -- Symlinking: /home/jason/projects/motion_control_go2/install/unitree_go/local/lib/python3.10/dist-packages/unitree_go/msg/_motor_cmd.py
[13.793s] -- Symlinking: /home/jason/projects/motion_control_go2/install/unitree_go/local/lib/python3.10/dist-packages/unitree_go/msg/_motor_cmd_s.c
[13.799s] -- Symlinking: /home/jason/projects/motion_control_go2/install/unitree_go/local/lib/python3.10/dist-packages/unitree_go/msg/_motor_cmds.py
[13.805s] -- Symlinking: /home/jason/projects/motion_control_go2/install/unitree_go/local/lib/python3.10/dist-packages/unitree_go/msg/_motor_cmds_s.c
[13.811s] -- Symlinking: /home/jason/projects/motion_control_go2/install/unitree_go/local/lib/python3.10/dist-packages/unitree_go/msg/_motor_state.py
[13.817s] -- Symlinking: /home/jason/projects/motion_control_go2/install/unitree_go/local/lib/python3.10/dist-packages/unitree_go/msg/_motor_state_s.c
[13.823s] -- Symlinking: /home/jason/projects/motion_control_go2/install/unitree_go/local/lib/python3.10/dist-packages/unitree_go/msg/_motor_states.py
[13.829s] -- Symlinking: /home/jason/projects/motion_control_go2/install/unitree_go/local/lib/python3.10/dist-packages/unitree_go/msg/_motor_states_s.c
[13.836s] -- Symlinking: /home/jason/projects/motion_control_go2/install/unitree_go/local/lib/python3.10/dist-packages/unitree_go/msg/_path_point.py
[13.846s] -- Symlinking: /home/jason/projects/motion_control_go2/install/unitree_go/local/lib/python3.10/dist-packages/unitree_go/msg/_path_point_s.c
[13.848s] -- Symlinking: /home/jason/projects/motion_control_go2/install/unitree_go/local/lib/python3.10/dist-packages/unitree_go/msg/_req.py
[13.854s] -- Symlinking: /home/jason/projects/motion_control_go2/install/unitree_go/local/lib/python3.10/dist-packages/unitree_go/msg/_req_s.c
[13.859s] -- Symlinking: /home/jason/projects/motion_control_go2/install/unitree_go/local/lib/python3.10/dist-packages/unitree_go/msg/_res.py
[13.868s] -- Symlinking: /home/jason/projects/motion_control_go2/install/unitree_go/local/lib/python3.10/dist-packages/unitree_go/msg/_res_s.c
[13.874s] -- Symlinking: /home/jason/projects/motion_control_go2/install/unitree_go/local/lib/python3.10/dist-packages/unitree_go/msg/_sport_mode_cmd.py
[13.880s] -- Symlinking: /home/jason/projects/motion_control_go2/install/unitree_go/local/lib/python3.10/dist-packages/unitree_go/msg/_sport_mode_cmd_s.c
[13.885s] -- Symlinking: /home/jason/projects/motion_control_go2/install/unitree_go/local/lib/python3.10/dist-packages/unitree_go/msg/_sport_mode_state.py
[13.891s] -- Symlinking: /home/jason/projects/motion_control_go2/install/unitree_go/local/lib/python3.10/dist-packages/unitree_go/msg/_sport_mode_state_s.c
[13.900s] -- Symlinking: /home/jason/projects/motion_control_go2/install/unitree_go/local/lib/python3.10/dist-packages/unitree_go/msg/_time_spec.py
[13.906s] -- Symlinking: /home/jason/projects/motion_control_go2/install/unitree_go/local/lib/python3.10/dist-packages/unitree_go/msg/_time_spec_s.c
[13.912s] -- Symlinking: /home/jason/projects/motion_control_go2/install/unitree_go/local/lib/python3.10/dist-packages/unitree_go/msg/_uwb_state.py
[13.917s] -- Symlinking: /home/jason/projects/motion_control_go2/install/unitree_go/local/lib/python3.10/dist-packages/unitree_go/msg/_uwb_state_s.c
[13.923s] -- Symlinking: /home/jason/projects/motion_control_go2/install/unitree_go/local/lib/python3.10/dist-packages/unitree_go/msg/_uwb_switch.py
[13.929s] -- Symlinking: /home/jason/projects/motion_control_go2/install/unitree_go/local/lib/python3.10/dist-packages/unitree_go/msg/_uwb_switch_s.c
[13.935s] -- Symlinking: /home/jason/projects/motion_control_go2/install/unitree_go/local/lib/python3.10/dist-packages/unitree_go/msg/_wireless_controller.py
[13.942s] -- Symlinking: /home/jason/projects/motion_control_go2/install/unitree_go/local/lib/python3.10/dist-packages/unitree_go/msg/_wireless_controller_s.c
[13.949s] -- Symlinking: /home/jason/projects/motion_control_go2/install/unitree_go/local/lib/python3.10/dist-packages/unitree_go/unitree_go_s__rosidl_typesupport_c.cpython-310-x86_64-linux-gnu.so
[13.955s] -- Symlinking: /home/jason/projects/motion_control_go2/install/unitree_go/local/lib/python3.10/dist-packages/unitree_go/unitree_go_s__rosidl_typesupport_fastrtps_c.cpython-310-x86_64-linux-gnu.so
[13.961s] -- Symlinking: /home/jason/projects/motion_control_go2/install/unitree_go/local/lib/python3.10/dist-packages/unitree_go/unitree_go_s__rosidl_typesupport_introspection_c.cpython-310-x86_64-linux-gnu.so
[13.969s] -- Up-to-date symlink: /home/jason/projects/motion_control_go2/install/unitree_go/local/lib/python3.10/dist-packages/unitree_go/unitree_go_s__rosidl_typesupport_fastrtps_c.cpython-310-x86_64-linux-gnu.so
[13.969s] -- Up-to-date symlink: /home/jason/projects/motion_control_go2/install/unitree_go/local/lib/python3.10/dist-packages/unitree_go/unitree_go_s__rosidl_typesupport_introspection_c.cpython-310-x86_64-linux-gnu.so
[13.969s] -- Up-to-date symlink: /home/jason/projects/motion_control_go2/install/unitree_go/local/lib/python3.10/dist-packages/unitree_go/unitree_go_s__rosidl_typesupport_c.cpython-310-x86_64-linux-gnu.so
[13.969s] -- Symlinking: /home/jason/projects/motion_control_go2/install/unitree_go/share/unitree_go/msg/AudioData.idl
[13.973s] -- Symlinking: /home/jason/projects/motion_control_go2/install/unitree_go/share/unitree_go/msg/BmsCmd.idl
[13.978s] -- Symlinking: /home/jason/projects/motion_control_go2/install/unitree_go/share/unitree_go/msg/BmsState.idl
[13.983s] -- Symlinking: /home/jason/projects/motion_control_go2/install/unitree_go/share/unitree_go/msg/Error.idl
[13.988s] -- Symlinking: /home/jason/projects/motion_control_go2/install/unitree_go/share/unitree_go/msg/Go2FrontVideoData.idl
[13.994s] -- Symlinking: /home/jason/projects/motion_control_go2/install/unitree_go/share/unitree_go/msg/HeightMap.idl
[14.000s] -- Symlinking: /home/jason/projects/motion_control_go2/install/unitree_go/share/unitree_go/msg/IMUState.idl
[14.006s] -- Symlinking: /home/jason/projects/motion_control_go2/install/unitree_go/share/unitree_go/msg/InterfaceConfig.idl
[14.012s] -- Symlinking: /home/jason/projects/motion_control_go2/install/unitree_go/share/unitree_go/msg/LidarState.idl
[14.017s] -- Symlinking: /home/jason/projects/motion_control_go2/install/unitree_go/share/unitree_go/msg/LowCmd.idl
[14.023s] -- Symlinking: /home/jason/projects/motion_control_go2/install/unitree_go/share/unitree_go/msg/LowState.idl
[14.028s] -- Symlinking: /home/jason/projects/motion_control_go2/install/unitree_go/share/unitree_go/msg/MotorCmd.idl
[14.033s] -- Symlinking: /home/jason/projects/motion_control_go2/install/unitree_go/share/unitree_go/msg/MotorCmds.idl
[14.039s] -- Symlinking: /home/jason/projects/motion_control_go2/install/unitree_go/share/unitree_go/msg/MotorState.idl
[14.044s] -- Symlinking: /home/jason/projects/motion_control_go2/install/unitree_go/share/unitree_go/msg/MotorStates.idl
[14.048s] -- Symlinking: /home/jason/projects/motion_control_go2/install/unitree_go/share/unitree_go/msg/PathPoint.idl
[14.054s] -- Symlinking: /home/jason/projects/motion_control_go2/install/unitree_go/share/unitree_go/msg/Req.idl
[14.063s] -- Symlinking: /home/jason/projects/motion_control_go2/install/unitree_go/share/unitree_go/msg/Res.idl
[14.068s] -- Symlinking: /home/jason/projects/motion_control_go2/install/unitree_go/share/unitree_go/msg/SportModeCmd.idl
[14.073s] -- Symlinking: /home/jason/projects/motion_control_go2/install/unitree_go/share/unitree_go/msg/SportModeState.idl
[14.078s] -- Symlinking: /home/jason/projects/motion_control_go2/install/unitree_go/share/unitree_go/msg/TimeSpec.idl
[14.084s] -- Symlinking: /home/jason/projects/motion_control_go2/install/unitree_go/share/unitree_go/msg/UwbState.idl
[14.090s] -- Symlinking: /home/jason/projects/motion_control_go2/install/unitree_go/share/unitree_go/msg/UwbSwitch.idl
[14.097s] -- Symlinking: /home/jason/projects/motion_control_go2/install/unitree_go/share/unitree_go/msg/WirelessController.idl
[14.104s] -- Symlinking: /home/jason/projects/motion_control_go2/install/unitree_go/share/unitree_go/msg/AudioData.msg
[14.109s] -- Symlinking: /home/jason/projects/motion_control_go2/install/unitree_go/share/unitree_go/msg/BmsCmd.msg
[14.116s] -- Symlinking: /home/jason/projects/motion_control_go2/install/unitree_go/share/unitree_go/msg/BmsState.msg
[14.121s] -- Symlinking: /home/jason/projects/motion_control_go2/install/unitree_go/share/unitree_go/msg/Error.msg
[14.128s] -- Symlinking: /home/jason/projects/motion_control_go2/install/unitree_go/share/unitree_go/msg/Go2FrontVideoData.msg
[14.133s] -- Symlinking: /home/jason/projects/motion_control_go2/install/unitree_go/share/unitree_go/msg/HeightMap.msg
[14.138s] -- Symlinking: /home/jason/projects/motion_control_go2/install/unitree_go/share/unitree_go/msg/IMUState.msg
[14.144s] -- Symlinking: /home/jason/projects/motion_control_go2/install/unitree_go/share/unitree_go/msg/InterfaceConfig.msg
[14.149s] -- Symlinking: /home/jason/projects/motion_control_go2/install/unitree_go/share/unitree_go/msg/LidarState.msg
[14.155s] -- Symlinking: /home/jason/projects/motion_control_go2/install/unitree_go/share/unitree_go/msg/LowCmd.msg
[14.161s] -- Symlinking: /home/jason/projects/motion_control_go2/install/unitree_go/share/unitree_go/msg/LowState.msg
[14.166s] -- Symlinking: /home/jason/projects/motion_control_go2/install/unitree_go/share/unitree_go/msg/MotorCmd.msg
[14.172s] -- Symlinking: /home/jason/projects/motion_control_go2/install/unitree_go/share/unitree_go/msg/MotorCmds.msg
[14.177s] -- Symlinking: /home/jason/projects/motion_control_go2/install/unitree_go/share/unitree_go/msg/MotorState.msg
[14.183s] -- Symlinking: /home/jason/projects/motion_control_go2/install/unitree_go/share/unitree_go/msg/MotorStates.msg
[14.189s] -- Symlinking: /home/jason/projects/motion_control_go2/install/unitree_go/share/unitree_go/msg/PathPoint.msg
[14.199s] -- Symlinking: /home/jason/projects/motion_control_go2/install/unitree_go/share/unitree_go/msg/Req.msg
[14.205s] -- Symlinking: /home/jason/projects/motion_control_go2/install/unitree_go/share/unitree_go/msg/Res.msg
[14.211s] -- Symlinking: /home/jason/projects/motion_control_go2/install/unitree_go/share/unitree_go/msg/SportModeCmd.msg
[14.215s] -- Symlinking: /home/jason/projects/motion_control_go2/install/unitree_go/share/unitree_go/msg/SportModeState.msg
[14.220s] -- Symlinking: /home/jason/projects/motion_control_go2/install/unitree_go/share/unitree_go/msg/TimeSpec.msg
[14.225s] -- Symlinking: /home/jason/projects/motion_control_go2/install/unitree_go/share/unitree_go/msg/UwbState.msg
[14.233s] -- Symlinking: /home/jason/projects/motion_control_go2/install/unitree_go/share/unitree_go/msg/UwbSwitch.msg
[14.238s] -- Symlinking: /home/jason/projects/motion_control_go2/install/unitree_go/share/unitree_go/msg/WirelessController.msg
[14.245s] -- Symlinking: /home/jason/projects/motion_control_go2/install/unitree_go/share/unitree_go/msg/dds_connext/AudioData_.idl
[14.248s] -- Symlinking: /home/jason/projects/motion_control_go2/install/unitree_go/share/unitree_go/msg/dds_connext/BmsCmd_.idl
[14.253s] -- Symlinking: /home/jason/projects/motion_control_go2/install/unitree_go/share/unitree_go/msg/dds_connext/BmsState_.idl
[14.258s] -- Symlinking: /home/jason/projects/motion_control_go2/install/unitree_go/share/unitree_go/msg/dds_connext/Error_.idl
[14.263s] -- Symlinking: /home/jason/projects/motion_control_go2/install/unitree_go/share/unitree_go/msg/dds_connext/Go2FrontVideoData_.idl
[14.268s] -- Symlinking: /home/jason/projects/motion_control_go2/install/unitree_go/share/unitree_go/msg/dds_connext/HeightMap_.idl
[14.274s] -- Symlinking: /home/jason/projects/motion_control_go2/install/unitree_go/share/unitree_go/msg/dds_connext/IMUState_.idl
[14.279s] -- Symlinking: /home/jason/projects/motion_control_go2/install/unitree_go/share/unitree_go/msg/dds_connext/InterfaceConfig_.idl
[14.283s] -- Symlinking: /home/jason/projects/motion_control_go2/install/unitree_go/share/unitree_go/msg/dds_connext/LidarState_.idl
[14.288s] -- Symlinking: /home/jason/projects/motion_control_go2/install/unitree_go/share/unitree_go/msg/dds_connext/LowCmd_.idl
[14.293s] -- Symlinking: /home/jason/projects/motion_control_go2/install/unitree_go/share/unitree_go/msg/dds_connext/LowState_.idl
[14.298s] -- Symlinking: /home/jason/projects/motion_control_go2/install/unitree_go/share/unitree_go/msg/dds_connext/MotorCmd_.idl
[14.303s] -- Symlinking: /home/jason/projects/motion_control_go2/install/unitree_go/share/unitree_go/msg/dds_connext/MotorCmds_.idl
[14.308s] -- Symlinking: /home/jason/projects/motion_control_go2/install/unitree_go/share/unitree_go/msg/dds_connext/MotorState_.idl
[14.312s] -- Symlinking: /home/jason/projects/motion_control_go2/install/unitree_go/share/unitree_go/msg/dds_connext/MotorStates_.idl
[14.317s] -- Symlinking: /home/jason/projects/motion_control_go2/install/unitree_go/share/unitree_go/msg/dds_connext/PathPoint_.idl
[14.321s] -- Symlinking: /home/jason/projects/motion_control_go2/install/unitree_go/share/unitree_go/msg/dds_connext/Req_.idl
[14.327s] -- Symlinking: /home/jason/projects/motion_control_go2/install/unitree_go/share/unitree_go/msg/dds_connext/Res_.idl
[14.332s] -- Symlinking: /home/jason/projects/motion_control_go2/install/unitree_go/share/unitree_go/msg/dds_connext/SportModeCmd_.idl
[14.337s] -- Symlinking: /home/jason/projects/motion_control_go2/install/unitree_go/share/unitree_go/msg/dds_connext/SportModeState_.idl
[14.342s] -- Symlinking: /home/jason/projects/motion_control_go2/install/unitree_go/share/unitree_go/msg/dds_connext/TimeSpec_.idl
[14.347s] -- Symlinking: /home/jason/projects/motion_control_go2/install/unitree_go/share/unitree_go/msg/dds_connext/UwbState_.idl
[14.352s] -- Symlinking: /home/jason/projects/motion_control_go2/install/unitree_go/share/unitree_go/msg/dds_connext/UwbSwitch_.idl
[14.357s] -- Symlinking: /home/jason/projects/motion_control_go2/install/unitree_go/share/unitree_go/msg/dds_connext/WirelessController_.idl
[14.361s] -- Symlinking: /home/jason/projects/motion_control_go2/install/unitree_go/share/ament_index/resource_index/package_run_dependencies/unitree_go
[14.366s] -- Symlinking: /home/jason/projects/motion_control_go2/install/unitree_go/share/ament_index/resource_index/parent_prefix_path/unitree_go
[14.373s] -- Symlinking: /home/jason/projects/motion_control_go2/install/unitree_go/share/unitree_go/environment/ament_prefix_path.sh
[14.378s] -- Symlinking: /home/jason/projects/motion_control_go2/install/unitree_go/share/unitree_go/environment/ament_prefix_path.dsv
[14.384s] -- Symlinking: /home/jason/projects/motion_control_go2/install/unitree_go/share/unitree_go/environment/path.sh
[14.390s] -- Symlinking: /home/jason/projects/motion_control_go2/install/unitree_go/share/unitree_go/environment/path.dsv
[14.399s] -- Symlinking: /home/jason/projects/motion_control_go2/install/unitree_go/share/unitree_go/local_setup.bash
[14.402s] -- Symlinking: /home/jason/projects/motion_control_go2/install/unitree_go/share/unitree_go/local_setup.sh
[14.408s] -- Symlinking: /home/jason/projects/motion_control_go2/install/unitree_go/share/unitree_go/local_setup.zsh
[14.413s] -- Symlinking: /home/jason/projects/motion_control_go2/install/unitree_go/share/unitree_go/local_setup.dsv
[14.417s] -- Symlinking: /home/jason/projects/motion_control_go2/install/unitree_go/share/unitree_go/package.dsv
[14.422s] -- Symlinking: /home/jason/projects/motion_control_go2/install/unitree_go/share/ament_index/resource_index/packages/unitree_go
[14.426s] -- Symlinking: /home/jason/projects/motion_control_go2/install/unitree_go/share/unitree_go/cmake/rosidl_cmake-extras.cmake
[14.431s] -- Symlinking: /home/jason/projects/motion_control_go2/install/unitree_go/share/unitree_go/cmake/ament_cmake_export_dependencies-extras.cmake
[14.437s] -- Symlinking: /home/jason/projects/motion_control_go2/install/unitree_go/share/unitree_go/cmake/ament_cmake_export_include_directories-extras.cmake
[14.443s] -- Symlinking: /home/jason/projects/motion_control_go2/install/unitree_go/share/unitree_go/cmake/ament_cmake_export_libraries-extras.cmake
[14.448s] -- Symlinking: /home/jason/projects/motion_control_go2/install/unitree_go/share/unitree_go/cmake/ament_cmake_export_targets-extras.cmake
[14.454s] -- Symlinking: /home/jason/projects/motion_control_go2/install/unitree_go/share/unitree_go/cmake/rosidl_cmake_export_typesupport_targets-extras.cmake
[14.464s] -- Symlinking: /home/jason/projects/motion_control_go2/install/unitree_go/share/unitree_go/cmake/rosidl_cmake_export_typesupport_libraries-extras.cmake
[14.470s] -- Symlinking: /home/jason/projects/motion_control_go2/install/unitree_go/share/unitree_go/cmake/unitree_goConfig.cmake
[14.480s] -- Symlinking: /home/jason/projects/motion_control_go2/install/unitree_go/share/unitree_go/cmake/unitree_goConfig-version.cmake
[14.486s] -- Symlinking: /home/jason/projects/motion_control_go2/install/unitree_go/share/unitree_go/package.xml
[14.499s] -- Installing: /home/jason/projects/motion_control_go2/install/unitree_go/lib/libunitree_go__rosidl_generator_c.so
[14.499s] -- Set runtime path of "/home/jason/projects/motion_control_go2/install/unitree_go/lib/libunitree_go__rosidl_generator_c.so" to ""
[14.499s] -- Installing: /home/jason/projects/motion_control_go2/install/unitree_go/lib/libunitree_go__rosidl_typesupport_fastrtps_c.so
[14.499s] -- Set runtime path of "/home/jason/projects/motion_control_go2/install/unitree_go/lib/libunitree_go__rosidl_typesupport_fastrtps_c.so" to ""
[14.499s] -- Installing: /home/jason/projects/motion_control_go2/install/unitree_go/lib/libunitree_go__rosidl_typesupport_fastrtps_cpp.so
[14.499s] -- Set runtime path of "/home/jason/projects/motion_control_go2/install/unitree_go/lib/libunitree_go__rosidl_typesupport_fastrtps_cpp.so" to ""
[14.499s] -- Installing: /home/jason/projects/motion_control_go2/install/unitree_go/lib/libunitree_go__rosidl_typesupport_introspection_c.so
[14.500s] -- Set runtime path of "/home/jason/projects/motion_control_go2/install/unitree_go/lib/libunitree_go__rosidl_typesupport_introspection_c.so" to ""
[14.500s] -- Installing: /home/jason/projects/motion_control_go2/install/unitree_go/lib/libunitree_go__rosidl_typesupport_c.so
[14.500s] -- Set runtime path of "/home/jason/projects/motion_control_go2/install/unitree_go/lib/libunitree_go__rosidl_typesupport_c.so" to ""
[14.500s] -- Installing: /home/jason/projects/motion_control_go2/install/unitree_go/lib/libunitree_go__rosidl_typesupport_introspection_cpp.so
[14.500s] -- Set runtime path of "/home/jason/projects/motion_control_go2/install/unitree_go/lib/libunitree_go__rosidl_typesupport_introspection_cpp.so" to ""
[14.500s] -- Installing: /home/jason/projects/motion_control_go2/install/unitree_go/lib/libunitree_go__rosidl_typesupport_cpp.so
[14.500s] -- Set runtime path of "/home/jason/projects/motion_control_go2/install/unitree_go/lib/libunitree_go__rosidl_typesupport_cpp.so" to ""
[14.537s] Listing '/home/jason/projects/motion_control_go2/install/unitree_go/local/lib/python3.10/dist-packages/unitree_go'...
[14.538s] Compiling '/home/jason/projects/motion_control_go2/install/unitree_go/local/lib/python3.10/dist-packages/unitree_go/__init__.py'...
[14.538s] Listing '/home/jason/projects/motion_control_go2/install/unitree_go/local/lib/python3.10/dist-packages/unitree_go/msg'...
[14.538s] Compiling '/home/jason/projects/motion_control_go2/install/unitree_go/local/lib/python3.10/dist-packages/unitree_go/msg/__init__.py'...
[14.538s] Compiling '/home/jason/projects/motion_control_go2/install/unitree_go/local/lib/python3.10/dist-packages/unitree_go/msg/_audio_data.py'...
[14.538s] Compiling '/home/jason/projects/motion_control_go2/install/unitree_go/local/lib/python3.10/dist-packages/unitree_go/msg/_bms_cmd.py'...
[14.538s] Compiling '/home/jason/projects/motion_control_go2/install/unitree_go/local/lib/python3.10/dist-packages/unitree_go/msg/_bms_state.py'...
[14.538s] Compiling '/home/jason/projects/motion_control_go2/install/unitree_go/local/lib/python3.10/dist-packages/unitree_go/msg/_error.py'...
[14.538s] Compiling '/home/jason/projects/motion_control_go2/install/unitree_go/local/lib/python3.10/dist-packages/unitree_go/msg/_go2_front_video_data.py'...
[14.538s] Compiling '/home/jason/projects/motion_control_go2/install/unitree_go/local/lib/python3.10/dist-packages/unitree_go/msg/_height_map.py'...
[14.538s] Compiling '/home/jason/projects/motion_control_go2/install/unitree_go/local/lib/python3.10/dist-packages/unitree_go/msg/_imu_state.py'...
[14.538s] Compiling '/home/jason/projects/motion_control_go2/install/unitree_go/local/lib/python3.10/dist-packages/unitree_go/msg/_interface_config.py'...
[14.538s] Compiling '/home/jason/projects/motion_control_go2/install/unitree_go/local/lib/python3.10/dist-packages/unitree_go/msg/_lidar_state.py'...
[14.538s] Compiling '/home/jason/projects/motion_control_go2/install/unitree_go/local/lib/python3.10/dist-packages/unitree_go/msg/_low_cmd.py'...
[14.538s] Compiling '/home/jason/projects/motion_control_go2/install/unitree_go/local/lib/python3.10/dist-packages/unitree_go/msg/_low_state.py'...
[14.538s] Compiling '/home/jason/projects/motion_control_go2/install/unitree_go/local/lib/python3.10/dist-packages/unitree_go/msg/_motor_cmd.py'...
[14.538s] Compiling '/home/jason/projects/motion_control_go2/install/unitree_go/local/lib/python3.10/dist-packages/unitree_go/msg/_motor_cmds.py'...
[14.538s] Compiling '/home/jason/projects/motion_control_go2/install/unitree_go/local/lib/python3.10/dist-packages/unitree_go/msg/_motor_state.py'...
[14.538s] Compiling '/home/jason/projects/motion_control_go2/install/unitree_go/local/lib/python3.10/dist-packages/unitree_go/msg/_motor_states.py'...
[14.538s] Compiling '/home/jason/projects/motion_control_go2/install/unitree_go/local/lib/python3.10/dist-packages/unitree_go/msg/_path_point.py'...
[14.538s] Compiling '/home/jason/projects/motion_control_go2/install/unitree_go/local/lib/python3.10/dist-packages/unitree_go/msg/_req.py'...
[14.538s] Compiling '/home/jason/projects/motion_control_go2/install/unitree_go/local/lib/python3.10/dist-packages/unitree_go/msg/_res.py'...
[14.538s] Compiling '/home/jason/projects/motion_control_go2/install/unitree_go/local/lib/python3.10/dist-packages/unitree_go/msg/_sport_mode_cmd.py'...
[14.538s] Compiling '/home/jason/projects/motion_control_go2/install/unitree_go/local/lib/python3.10/dist-packages/unitree_go/msg/_sport_mode_state.py'...
[14.538s] Compiling '/home/jason/projects/motion_control_go2/install/unitree_go/local/lib/python3.10/dist-packages/unitree_go/msg/_time_spec.py'...
[14.538s] Compiling '/home/jason/projects/motion_control_go2/install/unitree_go/local/lib/python3.10/dist-packages/unitree_go/msg/_uwb_state.py'...
[14.538s] Compiling '/home/jason/projects/motion_control_go2/install/unitree_go/local/lib/python3.10/dist-packages/unitree_go/msg/_uwb_switch.py'...
[14.538s] Compiling '/home/jason/projects/motion_control_go2/install/unitree_go/local/lib/python3.10/dist-packages/unitree_go/msg/_wireless_controller.py'...
[14.542s] -- Installing: /home/jason/projects/motion_control_go2/install/unitree_go/lib/libunitree_go__rosidl_generator_py.so
[14.542s] -- Set runtime path of "/home/jason/projects/motion_control_go2/install/unitree_go/lib/libunitree_go__rosidl_generator_py.so" to ""
[14.542s] -- Installing: /home/jason/projects/motion_control_go2/install/unitree_go/share/unitree_go/cmake/export_unitree_go__rosidl_generator_cExport.cmake
[14.542s] -- Installing: /home/jason/projects/motion_control_go2/install/unitree_go/share/unitree_go/cmake/export_unitree_go__rosidl_generator_cExport-noconfig.cmake
[14.542s] -- Installing: /home/jason/projects/motion_control_go2/install/unitree_go/share/unitree_go/cmake/export_unitree_go__rosidl_typesupport_fastrtps_cExport.cmake
[14.542s] -- Installing: /home/jason/projects/motion_control_go2/install/unitree_go/share/unitree_go/cmake/export_unitree_go__rosidl_typesupport_fastrtps_cExport-noconfig.cmake
[14.542s] -- Installing: /home/jason/projects/motion_control_go2/install/unitree_go/share/unitree_go/cmake/export_unitree_go__rosidl_generator_cppExport.cmake
[14.542s] -- Installing: /home/jason/projects/motion_control_go2/install/unitree_go/share/unitree_go/cmake/export_unitree_go__rosidl_typesupport_fastrtps_cppExport.cmake
[14.542s] -- Installing: /home/jason/projects/motion_control_go2/install/unitree_go/share/unitree_go/cmake/export_unitree_go__rosidl_typesupport_fastrtps_cppExport-noconfig.cmake
[14.542s] -- Installing: /home/jason/projects/motion_control_go2/install/unitree_go/share/unitree_go/cmake/unitree_go__rosidl_typesupport_introspection_cExport.cmake
[14.542s] -- Installing: /home/jason/projects/motion_control_go2/install/unitree_go/share/unitree_go/cmake/unitree_go__rosidl_typesupport_introspection_cExport-noconfig.cmake
[14.542s] -- Installing: /home/jason/projects/motion_control_go2/install/unitree_go/share/unitree_go/cmake/unitree_go__rosidl_typesupport_cExport.cmake
[14.542s] -- Installing: /home/jason/projects/motion_control_go2/install/unitree_go/share/unitree_go/cmake/unitree_go__rosidl_typesupport_cExport-noconfig.cmake
[14.542s] -- Installing: /home/jason/projects/motion_control_go2/install/unitree_go/share/unitree_go/cmake/unitree_go__rosidl_typesupport_introspection_cppExport.cmake
[14.542s] -- Installing: /home/jason/projects/motion_control_go2/install/unitree_go/share/unitree_go/cmake/unitree_go__rosidl_typesupport_introspection_cppExport-noconfig.cmake
[14.542s] -- Installing: /home/jason/projects/motion_control_go2/install/unitree_go/share/unitree_go/cmake/unitree_go__rosidl_typesupport_cppExport.cmake
[14.542s] -- Installing: /home/jason/projects/motion_control_go2/install/unitree_go/share/unitree_go/cmake/unitree_go__rosidl_typesupport_cppExport-noconfig.cmake
[14.542s] -- Installing: /home/jason/projects/motion_control_go2/install/unitree_go/share/unitree_go/cmake/export_unitree_go__rosidl_generator_pyExport.cmake
[14.542s] -- Installing: /home/jason/projects/motion_control_go2/install/unitree_go/share/unitree_go/cmake/export_unitree_go__rosidl_generator_pyExport-noconfig.cmake
[14.542s] Invoked command in '/home/jason/projects/motion_control_go2/build/unitree_go' returned '0': CMAKE_PREFIX_PATH=${CMAKE_PREFIX_PATH}:/opt/ros/humble /usr/bin/cmake --install /home/jason/projects/motion_control_go2/build/unitree_go
