[0.042s] DEBUG:colcon:Command line arguments: ['/usr/bin/colcon', 'build', '--symlink-install']
[0.042s] DEBUG:colcon:Parsed command line arguments: Namespace(log_base=None, log_level=None, verb_name='build', build_base='build', install_base='install', merge_install=False, symlink_install=True, test_result_base=None, continue_on_error=False, executor='parallel', parallel_workers=16, event_handlers=None, ignore_user_meta=False, metas=['./colcon.meta'], base_paths=['.'], packages_ignore=None, packages_ignore_regex=None, paths=None, packages_up_to=None, packages_up_to_regex=None, packages_above=None, packages_above_and_dependencies=None, packages_above_depth=None, packages_select_by_dep=None, packages_skip_by_dep=None, packages_skip_up_to=None, packages_select_build_failed=False, packages_skip_build_finished=False, packages_select_test_failures=False, packages_skip_test_passed=False, packages_select=None, packages_skip=None, packages_select_regex=None, packages_skip_regex=None, packages_start=None, packages_end=None, allow_overriding=[], cmake_args=None, cmake_target=None, cmake_target_skip_unavailable=False, cmake_clean_cache=False, cmake_clean_first=False, cmake_force_configure=False, ament_cmake_args=None, catkin_cmake_args=None, catkin_skip_building_tests=False, verb_parser=<colcon_defaults.argument_parser.defaults.DefaultArgumentsDecorator object at 0x746ae4a64400>, verb_extension=<colcon_core.verb.build.BuildVerb object at 0x746ae4a27ac0>, main=<bound method BuildVerb.main of <colcon_core.verb.build.BuildVerb object at 0x746ae4a27ac0>>)
[0.104s] Level 1:colcon.colcon_core.package_discovery:discover_packages(colcon_meta) check parameters
[0.104s] Level 1:colcon.colcon_core.package_discovery:discover_packages(recursive) check parameters
[0.104s] Level 1:colcon.colcon_core.package_discovery:discover_packages(ignore) check parameters
[0.104s] Level 1:colcon.colcon_core.package_discovery:discover_packages(path) check parameters
[0.104s] Level 1:colcon.colcon_core.package_discovery:discover_packages(colcon_meta) discover
[0.104s] Level 1:colcon.colcon_core.package_discovery:discover_packages(recursive) discover
[0.104s] INFO:colcon.colcon_core.package_discovery:Crawling recursively for packages in '/home/jason/projects/motion_control_go2'
[0.104s] Level 1:colcon.colcon_core.package_identification:_identify(.) by extensions ['ignore', 'ignore_ament_install']
[0.105s] Level 1:colcon.colcon_core.package_identification:_identify(.) by extension 'ignore'
[0.105s] Level 1:colcon.colcon_core.package_identification:_identify(.) by extension 'ignore_ament_install'
[0.105s] Level 1:colcon.colcon_core.package_identification:_identify(.) by extensions ['colcon_pkg']
[0.105s] Level 1:colcon.colcon_core.package_identification:_identify(.) by extension 'colcon_pkg'
[0.105s] Level 1:colcon.colcon_core.package_identification:_identify(.) by extensions ['colcon_meta']
[0.105s] Level 1:colcon.colcon_core.package_identification:_identify(.) by extension 'colcon_meta'
[0.105s] Level 1:colcon.colcon_core.package_identification:_identify(.) by extensions ['ros']
[0.105s] Level 1:colcon.colcon_core.package_identification:_identify(.) by extension 'ros'
[0.109s] Level 1:colcon.colcon_core.package_identification:_identify(.) by extensions ['cmake', 'python']
[0.109s] Level 1:colcon.colcon_core.package_identification:_identify(.) by extension 'cmake'
[0.109s] Level 1:colcon.colcon_core.package_identification:_identify(.) by extension 'python'
[0.109s] Level 1:colcon.colcon_core.package_identification:_identify(.) by extensions ['python_setup_py']
[0.109s] Level 1:colcon.colcon_core.package_identification:_identify(.) by extension 'python_setup_py'
[0.109s] Level 1:colcon.colcon_core.package_identification:_identify(build) by extensions ['ignore', 'ignore_ament_install']
[0.109s] Level 1:colcon.colcon_core.package_identification:_identify(build) by extension 'ignore'
[0.109s] Level 1:colcon.colcon_core.package_identification:_identify(build) ignored
[0.109s] Level 1:colcon.colcon_core.package_identification:_identify(docs) by extensions ['ignore', 'ignore_ament_install']
[0.109s] Level 1:colcon.colcon_core.package_identification:_identify(docs) by extension 'ignore'
[0.109s] Level 1:colcon.colcon_core.package_identification:_identify(docs) by extension 'ignore_ament_install'
[0.110s] Level 1:colcon.colcon_core.package_identification:_identify(docs) by extensions ['colcon_pkg']
[0.110s] Level 1:colcon.colcon_core.package_identification:_identify(docs) by extension 'colcon_pkg'
[0.110s] Level 1:colcon.colcon_core.package_identification:_identify(docs) by extensions ['colcon_meta']
[0.110s] Level 1:colcon.colcon_core.package_identification:_identify(docs) by extension 'colcon_meta'
[0.110s] Level 1:colcon.colcon_core.package_identification:_identify(docs) by extensions ['ros']
[0.110s] Level 1:colcon.colcon_core.package_identification:_identify(docs) by extension 'ros'
[0.110s] Level 1:colcon.colcon_core.package_identification:_identify(docs) by extensions ['cmake', 'python']
[0.110s] Level 1:colcon.colcon_core.package_identification:_identify(docs) by extension 'cmake'
[0.110s] Level 1:colcon.colcon_core.package_identification:_identify(docs) by extension 'python'
[0.110s] Level 1:colcon.colcon_core.package_identification:_identify(docs) by extensions ['python_setup_py']
[0.110s] Level 1:colcon.colcon_core.package_identification:_identify(docs) by extension 'python_setup_py'
[0.126s] Level 1:colcon.colcon_core.package_identification:_identify(docs/html) by extensions ['ignore', 'ignore_ament_install']
[0.127s] Level 1:colcon.colcon_core.package_identification:_identify(docs/html) by extension 'ignore'
[0.127s] Level 1:colcon.colcon_core.package_identification:_identify(docs/html) by extension 'ignore_ament_install'
[0.127s] Level 1:colcon.colcon_core.package_identification:_identify(docs/html) by extensions ['colcon_pkg']
[0.127s] Level 1:colcon.colcon_core.package_identification:_identify(docs/html) by extension 'colcon_pkg'
[0.127s] Level 1:colcon.colcon_core.package_identification:_identify(docs/html) by extensions ['colcon_meta']
[0.127s] Level 1:colcon.colcon_core.package_identification:_identify(docs/html) by extension 'colcon_meta'
[0.127s] Level 1:colcon.colcon_core.package_identification:_identify(docs/html) by extensions ['ros']
[0.127s] Level 1:colcon.colcon_core.package_identification:_identify(docs/html) by extension 'ros'
[0.127s] Level 1:colcon.colcon_core.package_identification:_identify(docs/html) by extensions ['cmake', 'python']
[0.127s] Level 1:colcon.colcon_core.package_identification:_identify(docs/html) by extension 'cmake'
[0.127s] Level 1:colcon.colcon_core.package_identification:_identify(docs/html) by extension 'python'
[0.127s] Level 1:colcon.colcon_core.package_identification:_identify(docs/html) by extensions ['python_setup_py']
[0.127s] Level 1:colcon.colcon_core.package_identification:_identify(docs/html) by extension 'python_setup_py'
[0.127s] Level 1:colcon.colcon_core.package_identification:_identify(docs/html/search) by extensions ['ignore', 'ignore_ament_install']
[0.127s] Level 1:colcon.colcon_core.package_identification:_identify(docs/html/search) by extension 'ignore'
[0.127s] Level 1:colcon.colcon_core.package_identification:_identify(docs/html/search) by extension 'ignore_ament_install'
[0.127s] Level 1:colcon.colcon_core.package_identification:_identify(docs/html/search) by extensions ['colcon_pkg']
[0.127s] Level 1:colcon.colcon_core.package_identification:_identify(docs/html/search) by extension 'colcon_pkg'
[0.127s] Level 1:colcon.colcon_core.package_identification:_identify(docs/html/search) by extensions ['colcon_meta']
[0.127s] Level 1:colcon.colcon_core.package_identification:_identify(docs/html/search) by extension 'colcon_meta'
[0.127s] Level 1:colcon.colcon_core.package_identification:_identify(docs/html/search) by extensions ['ros']
[0.127s] Level 1:colcon.colcon_core.package_identification:_identify(docs/html/search) by extension 'ros'
[0.127s] Level 1:colcon.colcon_core.package_identification:_identify(docs/html/search) by extensions ['cmake', 'python']
[0.127s] Level 1:colcon.colcon_core.package_identification:_identify(docs/html/search) by extension 'cmake'
[0.127s] Level 1:colcon.colcon_core.package_identification:_identify(docs/html/search) by extension 'python'
[0.127s] Level 1:colcon.colcon_core.package_identification:_identify(docs/html/search) by extensions ['python_setup_py']
[0.127s] Level 1:colcon.colcon_core.package_identification:_identify(docs/html/search) by extension 'python_setup_py'
[0.128s] Level 1:colcon.colcon_core.package_identification:_identify(install) by extensions ['ignore', 'ignore_ament_install']
[0.128s] Level 1:colcon.colcon_core.package_identification:_identify(install) by extension 'ignore'
[0.128s] Level 1:colcon.colcon_core.package_identification:_identify(install) ignored
[0.128s] Level 1:colcon.colcon_core.package_identification:_identify(log) by extensions ['ignore', 'ignore_ament_install']
[0.128s] Level 1:colcon.colcon_core.package_identification:_identify(log) by extension 'ignore'
[0.128s] Level 1:colcon.colcon_core.package_identification:_identify(log) ignored
[0.128s] Level 1:colcon.colcon_core.package_identification:_identify(src) by extensions ['ignore', 'ignore_ament_install']
[0.128s] Level 1:colcon.colcon_core.package_identification:_identify(src) by extension 'ignore'
[0.128s] Level 1:colcon.colcon_core.package_identification:_identify(src) by extension 'ignore_ament_install'
[0.128s] Level 1:colcon.colcon_core.package_identification:_identify(src) by extensions ['colcon_pkg']
[0.128s] Level 1:colcon.colcon_core.package_identification:_identify(src) by extension 'colcon_pkg'
[0.128s] Level 1:colcon.colcon_core.package_identification:_identify(src) by extensions ['colcon_meta']
[0.128s] Level 1:colcon.colcon_core.package_identification:_identify(src) by extension 'colcon_meta'
[0.128s] Level 1:colcon.colcon_core.package_identification:_identify(src) by extensions ['ros']
[0.128s] Level 1:colcon.colcon_core.package_identification:_identify(src) by extension 'ros'
[0.128s] Level 1:colcon.colcon_core.package_identification:_identify(src) by extensions ['cmake', 'python']
[0.128s] Level 1:colcon.colcon_core.package_identification:_identify(src) by extension 'cmake'
[0.128s] Level 1:colcon.colcon_core.package_identification:_identify(src) by extension 'python'
[0.128s] Level 1:colcon.colcon_core.package_identification:_identify(src) by extensions ['python_setup_py']
[0.128s] Level 1:colcon.colcon_core.package_identification:_identify(src) by extension 'python_setup_py'
[0.128s] Level 1:colcon.colcon_core.package_identification:_identify(src/build) by extensions ['ignore', 'ignore_ament_install']
[0.128s] Level 1:colcon.colcon_core.package_identification:_identify(src/build) by extension 'ignore'
[0.128s] Level 1:colcon.colcon_core.package_identification:_identify(src/build) by extension 'ignore_ament_install'
[0.128s] Level 1:colcon.colcon_core.package_identification:_identify(src/build) by extensions ['colcon_pkg']
[0.128s] Level 1:colcon.colcon_core.package_identification:_identify(src/build) by extension 'colcon_pkg'
[0.128s] Level 1:colcon.colcon_core.package_identification:_identify(src/build) by extensions ['colcon_meta']
[0.128s] Level 1:colcon.colcon_core.package_identification:_identify(src/build) by extension 'colcon_meta'
[0.128s] Level 1:colcon.colcon_core.package_identification:_identify(src/build) by extensions ['ros']
[0.128s] Level 1:colcon.colcon_core.package_identification:_identify(src/build) by extension 'ros'
[0.128s] Level 1:colcon.colcon_core.package_identification:_identify(src/build) by extensions ['cmake', 'python']
[0.128s] Level 1:colcon.colcon_core.package_identification:_identify(src/build) by extension 'cmake'
[0.128s] Level 1:colcon.colcon_core.package_identification:_identify(src/build) by extension 'python'
[0.128s] Level 1:colcon.colcon_core.package_identification:_identify(src/build) by extensions ['python_setup_py']
[0.128s] Level 1:colcon.colcon_core.package_identification:_identify(src/build) by extension 'python_setup_py'
[0.128s] Level 1:colcon.colcon_core.package_identification:_identify(src/mujoco) by extensions ['ignore', 'ignore_ament_install']
[0.128s] Level 1:colcon.colcon_core.package_identification:_identify(src/mujoco) by extension 'ignore'
[0.128s] Level 1:colcon.colcon_core.package_identification:_identify(src/mujoco) by extension 'ignore_ament_install'
[0.128s] Level 1:colcon.colcon_core.package_identification:_identify(src/mujoco) by extensions ['colcon_pkg']
[0.128s] Level 1:colcon.colcon_core.package_identification:_identify(src/mujoco) by extension 'colcon_pkg'
[0.128s] Level 1:colcon.colcon_core.package_identification:_identify(src/mujoco) by extensions ['colcon_meta']
[0.128s] Level 1:colcon.colcon_core.package_identification:_identify(src/mujoco) by extension 'colcon_meta'
[0.128s] Level 1:colcon.colcon_core.package_identification:_identify(src/mujoco) by extensions ['ros']
[0.128s] Level 1:colcon.colcon_core.package_identification:_identify(src/mujoco) by extension 'ros'
[0.128s] Level 1:colcon.colcon_core.package_identification:_identify(src/mujoco) by extensions ['cmake', 'python']
[0.128s] Level 1:colcon.colcon_core.package_identification:_identify(src/mujoco) by extension 'cmake'
[0.224s] Level 1:colcon.colcon_core.package_identification:_identify(src/mujoco) by extension 'python'
[0.224s] DEBUG:colcon.colcon_core.package_identification:Package 'src/mujoco' with type 'cmake' and name 'mujoco'
[0.224s] Level 1:colcon.colcon_core.package_identification:_identify(src/osgQt) by extensions ['ignore', 'ignore_ament_install']
[0.224s] Level 1:colcon.colcon_core.package_identification:_identify(src/osgQt) by extension 'ignore'
[0.224s] Level 1:colcon.colcon_core.package_identification:_identify(src/osgQt) by extension 'ignore_ament_install'
[0.224s] Level 1:colcon.colcon_core.package_identification:_identify(src/osgQt) by extensions ['colcon_pkg']
[0.224s] Level 1:colcon.colcon_core.package_identification:_identify(src/osgQt) by extension 'colcon_pkg'
[0.224s] Level 1:colcon.colcon_core.package_identification:_identify(src/osgQt) by extensions ['colcon_meta']
[0.224s] Level 1:colcon.colcon_core.package_identification:_identify(src/osgQt) by extension 'colcon_meta'
[0.224s] Level 1:colcon.colcon_core.package_identification:_identify(src/osgQt) by extensions ['ros']
[0.224s] Level 1:colcon.colcon_core.package_identification:_identify(src/osgQt) by extension 'ros'
[0.224s] Level 1:colcon.colcon_core.package_identification:_identify(src/osgQt) by extensions ['cmake', 'python']
[0.224s] Level 1:colcon.colcon_core.package_identification:_identify(src/osgQt) by extension 'cmake'
[0.229s] Level 1:colcon.colcon_core.package_identification:_identify(src/osgQt) by extension 'python'
[0.229s] DEBUG:colcon.colcon_core.package_identification:Package 'src/osgQt' with type 'cmake' and name 'osgQt'
[0.229s] Level 1:colcon.colcon_core.package_identification:_identify(src/robot_viz_cpp) by extensions ['ignore', 'ignore_ament_install']
[0.229s] Level 1:colcon.colcon_core.package_identification:_identify(src/robot_viz_cpp) by extension 'ignore'
[0.229s] Level 1:colcon.colcon_core.package_identification:_identify(src/robot_viz_cpp) by extension 'ignore_ament_install'
[0.229s] Level 1:colcon.colcon_core.package_identification:_identify(src/robot_viz_cpp) by extensions ['colcon_pkg']
[0.229s] Level 1:colcon.colcon_core.package_identification:_identify(src/robot_viz_cpp) by extension 'colcon_pkg'
[0.229s] Level 1:colcon.colcon_core.package_identification:_identify(src/robot_viz_cpp) by extensions ['colcon_meta']
[0.229s] Level 1:colcon.colcon_core.package_identification:_identify(src/robot_viz_cpp) by extension 'colcon_meta'
[0.229s] Level 1:colcon.colcon_core.package_identification:_identify(src/robot_viz_cpp) by extensions ['ros']
[0.229s] Level 1:colcon.colcon_core.package_identification:_identify(src/robot_viz_cpp) by extension 'ros'
[0.230s] DEBUG:colcon.colcon_core.package_identification:Package 'src/robot_viz_cpp' with type 'ros.ament_cmake' and name 'robot_viz_cpp'
[0.230s] Level 1:colcon.colcon_core.package_identification:_identify(src/unitree_mujoco) by extensions ['ignore', 'ignore_ament_install']
[0.230s] Level 1:colcon.colcon_core.package_identification:_identify(src/unitree_mujoco) by extension 'ignore'
[0.230s] Level 1:colcon.colcon_core.package_identification:_identify(src/unitree_mujoco) by extension 'ignore_ament_install'
[0.230s] Level 1:colcon.colcon_core.package_identification:_identify(src/unitree_mujoco) by extensions ['colcon_pkg']
[0.230s] Level 1:colcon.colcon_core.package_identification:_identify(src/unitree_mujoco) by extension 'colcon_pkg'
[0.230s] Level 1:colcon.colcon_core.package_identification:_identify(src/unitree_mujoco) by extensions ['colcon_meta']
[0.230s] Level 1:colcon.colcon_core.package_identification:_identify(src/unitree_mujoco) by extension 'colcon_meta'
[0.230s] Level 1:colcon.colcon_core.package_identification:_identify(src/unitree_mujoco) by extensions ['ros']
[0.230s] Level 1:colcon.colcon_core.package_identification:_identify(src/unitree_mujoco) by extension 'ros'
[0.230s] Level 1:colcon.colcon_core.package_identification:_identify(src/unitree_mujoco) by extensions ['cmake', 'python']
[0.231s] Level 1:colcon.colcon_core.package_identification:_identify(src/unitree_mujoco) by extension 'cmake'
[0.231s] Level 1:colcon.colcon_core.package_identification:_identify(src/unitree_mujoco) by extension 'python'
[0.231s] Level 1:colcon.colcon_core.package_identification:_identify(src/unitree_mujoco) by extensions ['python_setup_py']
[0.231s] Level 1:colcon.colcon_core.package_identification:_identify(src/unitree_mujoco) by extension 'python_setup_py'
[0.231s] Level 1:colcon.colcon_core.package_identification:_identify(src/unitree_mujoco/doc) by extensions ['ignore', 'ignore_ament_install']
[0.231s] Level 1:colcon.colcon_core.package_identification:_identify(src/unitree_mujoco/doc) by extension 'ignore'
[0.231s] Level 1:colcon.colcon_core.package_identification:_identify(src/unitree_mujoco/doc) by extension 'ignore_ament_install'
[0.231s] Level 1:colcon.colcon_core.package_identification:_identify(src/unitree_mujoco/doc) by extensions ['colcon_pkg']
[0.231s] Level 1:colcon.colcon_core.package_identification:_identify(src/unitree_mujoco/doc) by extension 'colcon_pkg'
[0.231s] Level 1:colcon.colcon_core.package_identification:_identify(src/unitree_mujoco/doc) by extensions ['colcon_meta']
[0.231s] Level 1:colcon.colcon_core.package_identification:_identify(src/unitree_mujoco/doc) by extension 'colcon_meta'
[0.231s] Level 1:colcon.colcon_core.package_identification:_identify(src/unitree_mujoco/doc) by extensions ['ros']
[0.231s] Level 1:colcon.colcon_core.package_identification:_identify(src/unitree_mujoco/doc) by extension 'ros'
[0.231s] Level 1:colcon.colcon_core.package_identification:_identify(src/unitree_mujoco/doc) by extensions ['cmake', 'python']
[0.231s] Level 1:colcon.colcon_core.package_identification:_identify(src/unitree_mujoco/doc) by extension 'cmake'
[0.231s] Level 1:colcon.colcon_core.package_identification:_identify(src/unitree_mujoco/doc) by extension 'python'
[0.231s] Level 1:colcon.colcon_core.package_identification:_identify(src/unitree_mujoco/doc) by extensions ['python_setup_py']
[0.231s] Level 1:colcon.colcon_core.package_identification:_identify(src/unitree_mujoco/doc) by extension 'python_setup_py'
[0.231s] Level 1:colcon.colcon_core.package_identification:_identify(src/unitree_mujoco/example) by extensions ['ignore', 'ignore_ament_install']
[0.231s] Level 1:colcon.colcon_core.package_identification:_identify(src/unitree_mujoco/example) by extension 'ignore'
[0.231s] Level 1:colcon.colcon_core.package_identification:_identify(src/unitree_mujoco/example) by extension 'ignore_ament_install'
[0.231s] Level 1:colcon.colcon_core.package_identification:_identify(src/unitree_mujoco/example) by extensions ['colcon_pkg']
[0.231s] Level 1:colcon.colcon_core.package_identification:_identify(src/unitree_mujoco/example) by extension 'colcon_pkg'
[0.231s] Level 1:colcon.colcon_core.package_identification:_identify(src/unitree_mujoco/example) by extensions ['colcon_meta']
[0.231s] Level 1:colcon.colcon_core.package_identification:_identify(src/unitree_mujoco/example) by extension 'colcon_meta'
[0.231s] Level 1:colcon.colcon_core.package_identification:_identify(src/unitree_mujoco/example) by extensions ['ros']
[0.231s] Level 1:colcon.colcon_core.package_identification:_identify(src/unitree_mujoco/example) by extension 'ros'
[0.231s] Level 1:colcon.colcon_core.package_identification:_identify(src/unitree_mujoco/example) by extensions ['cmake', 'python']
[0.231s] Level 1:colcon.colcon_core.package_identification:_identify(src/unitree_mujoco/example) by extension 'cmake'
[0.231s] Level 1:colcon.colcon_core.package_identification:_identify(src/unitree_mujoco/example) by extension 'python'
[0.231s] Level 1:colcon.colcon_core.package_identification:_identify(src/unitree_mujoco/example) by extensions ['python_setup_py']
[0.231s] Level 1:colcon.colcon_core.package_identification:_identify(src/unitree_mujoco/example) by extension 'python_setup_py'
[0.231s] Level 1:colcon.colcon_core.package_identification:_identify(src/unitree_mujoco/example/python) by extensions ['ignore', 'ignore_ament_install']
[0.231s] Level 1:colcon.colcon_core.package_identification:_identify(src/unitree_mujoco/example/python) by extension 'ignore'
[0.231s] Level 1:colcon.colcon_core.package_identification:_identify(src/unitree_mujoco/example/python) by extension 'ignore_ament_install'
[0.231s] Level 1:colcon.colcon_core.package_identification:_identify(src/unitree_mujoco/example/python) by extensions ['colcon_pkg']
[0.231s] Level 1:colcon.colcon_core.package_identification:_identify(src/unitree_mujoco/example/python) by extension 'colcon_pkg'
[0.231s] Level 1:colcon.colcon_core.package_identification:_identify(src/unitree_mujoco/example/python) by extensions ['colcon_meta']
[0.231s] Level 1:colcon.colcon_core.package_identification:_identify(src/unitree_mujoco/example/python) by extension 'colcon_meta'
[0.231s] Level 1:colcon.colcon_core.package_identification:_identify(src/unitree_mujoco/example/python) by extensions ['ros']
[0.231s] Level 1:colcon.colcon_core.package_identification:_identify(src/unitree_mujoco/example/python) by extension 'ros'
[0.231s] Level 1:colcon.colcon_core.package_identification:_identify(src/unitree_mujoco/example/python) by extensions ['cmake', 'python']
[0.231s] Level 1:colcon.colcon_core.package_identification:_identify(src/unitree_mujoco/example/python) by extension 'cmake'
[0.231s] Level 1:colcon.colcon_core.package_identification:_identify(src/unitree_mujoco/example/python) by extension 'python'
[0.231s] Level 1:colcon.colcon_core.package_identification:_identify(src/unitree_mujoco/example/python) by extensions ['python_setup_py']
[0.231s] Level 1:colcon.colcon_core.package_identification:_identify(src/unitree_mujoco/example/python) by extension 'python_setup_py'
[0.231s] Level 1:colcon.colcon_core.package_identification:_identify(src/unitree_mujoco/example/ros2) by extensions ['ignore', 'ignore_ament_install']
[0.231s] Level 1:colcon.colcon_core.package_identification:_identify(src/unitree_mujoco/example/ros2) by extension 'ignore'
[0.231s] Level 1:colcon.colcon_core.package_identification:_identify(src/unitree_mujoco/example/ros2) by extension 'ignore_ament_install'
[0.231s] Level 1:colcon.colcon_core.package_identification:_identify(src/unitree_mujoco/example/ros2) by extensions ['colcon_pkg']
[0.231s] Level 1:colcon.colcon_core.package_identification:_identify(src/unitree_mujoco/example/ros2) by extension 'colcon_pkg'
[0.231s] Level 1:colcon.colcon_core.package_identification:_identify(src/unitree_mujoco/example/ros2) by extensions ['colcon_meta']
[0.231s] Level 1:colcon.colcon_core.package_identification:_identify(src/unitree_mujoco/example/ros2) by extension 'colcon_meta'
[0.231s] Level 1:colcon.colcon_core.package_identification:_identify(src/unitree_mujoco/example/ros2) by extensions ['ros']
[0.231s] Level 1:colcon.colcon_core.package_identification:_identify(src/unitree_mujoco/example/ros2) by extension 'ros'
[0.232s] DEBUG:colcon.colcon_core.package_identification:Package 'src/unitree_mujoco/example/ros2' with type 'ros.ament_cmake' and name 'stand_go2'
[0.232s] Level 1:colcon.colcon_core.package_identification:_identify(src/unitree_mujoco/simulate) by extensions ['ignore', 'ignore_ament_install']
[0.232s] Level 1:colcon.colcon_core.package_identification:_identify(src/unitree_mujoco/simulate) by extension 'ignore'
[0.232s] Level 1:colcon.colcon_core.package_identification:_identify(src/unitree_mujoco/simulate) by extension 'ignore_ament_install'
[0.232s] Level 1:colcon.colcon_core.package_identification:_identify(src/unitree_mujoco/simulate) by extensions ['colcon_pkg']
[0.232s] Level 1:colcon.colcon_core.package_identification:_identify(src/unitree_mujoco/simulate) by extension 'colcon_pkg'
[0.232s] Level 1:colcon.colcon_core.package_identification:_identify(src/unitree_mujoco/simulate) by extensions ['colcon_meta']
[0.232s] Level 1:colcon.colcon_core.package_identification:_identify(src/unitree_mujoco/simulate) by extension 'colcon_meta'
[0.232s] Level 1:colcon.colcon_core.package_identification:_identify(src/unitree_mujoco/simulate) by extensions ['ros']
[0.232s] Level 1:colcon.colcon_core.package_identification:_identify(src/unitree_mujoco/simulate) by extension 'ros'
[0.232s] Level 1:colcon.colcon_core.package_identification:_identify(src/unitree_mujoco/simulate) by extensions ['cmake', 'python']
[0.232s] Level 1:colcon.colcon_core.package_identification:_identify(src/unitree_mujoco/simulate) by extension 'cmake'
[0.233s] Level 1:colcon.colcon_core.package_identification:_identify(src/unitree_mujoco/simulate) by extension 'python'
[0.233s] DEBUG:colcon.colcon_core.package_identification:Package 'src/unitree_mujoco/simulate' with type 'cmake' and name 'unitree_mujoco'
[0.233s] Level 1:colcon.colcon_core.package_identification:_identify(src/unitree_mujoco/simulate_python) by extensions ['ignore', 'ignore_ament_install']
[0.233s] Level 1:colcon.colcon_core.package_identification:_identify(src/unitree_mujoco/simulate_python) by extension 'ignore'
[0.233s] Level 1:colcon.colcon_core.package_identification:_identify(src/unitree_mujoco/simulate_python) by extension 'ignore_ament_install'
[0.233s] Level 1:colcon.colcon_core.package_identification:_identify(src/unitree_mujoco/simulate_python) by extensions ['colcon_pkg']
[0.233s] Level 1:colcon.colcon_core.package_identification:_identify(src/unitree_mujoco/simulate_python) by extension 'colcon_pkg'
[0.233s] Level 1:colcon.colcon_core.package_identification:_identify(src/unitree_mujoco/simulate_python) by extensions ['colcon_meta']
[0.233s] Level 1:colcon.colcon_core.package_identification:_identify(src/unitree_mujoco/simulate_python) by extension 'colcon_meta'
[0.233s] Level 1:colcon.colcon_core.package_identification:_identify(src/unitree_mujoco/simulate_python) by extensions ['ros']
[0.233s] Level 1:colcon.colcon_core.package_identification:_identify(src/unitree_mujoco/simulate_python) by extension 'ros'
[0.233s] Level 1:colcon.colcon_core.package_identification:_identify(src/unitree_mujoco/simulate_python) by extensions ['cmake', 'python']
[0.233s] Level 1:colcon.colcon_core.package_identification:_identify(src/unitree_mujoco/simulate_python) by extension 'cmake'
[0.233s] Level 1:colcon.colcon_core.package_identification:_identify(src/unitree_mujoco/simulate_python) by extension 'python'
[0.233s] Level 1:colcon.colcon_core.package_identification:_identify(src/unitree_mujoco/simulate_python) by extensions ['python_setup_py']
[0.233s] Level 1:colcon.colcon_core.package_identification:_identify(src/unitree_mujoco/simulate_python) by extension 'python_setup_py'
[0.233s] Level 1:colcon.colcon_core.package_identification:_identify(src/unitree_mujoco/simulate_python/__pycache__) by extensions ['ignore', 'ignore_ament_install']
[0.233s] Level 1:colcon.colcon_core.package_identification:_identify(src/unitree_mujoco/simulate_python/__pycache__) by extension 'ignore'
[0.233s] Level 1:colcon.colcon_core.package_identification:_identify(src/unitree_mujoco/simulate_python/__pycache__) by extension 'ignore_ament_install'
[0.233s] Level 1:colcon.colcon_core.package_identification:_identify(src/unitree_mujoco/simulate_python/__pycache__) by extensions ['colcon_pkg']
[0.233s] Level 1:colcon.colcon_core.package_identification:_identify(src/unitree_mujoco/simulate_python/__pycache__) by extension 'colcon_pkg'
[0.233s] Level 1:colcon.colcon_core.package_identification:_identify(src/unitree_mujoco/simulate_python/__pycache__) by extensions ['colcon_meta']
[0.233s] Level 1:colcon.colcon_core.package_identification:_identify(src/unitree_mujoco/simulate_python/__pycache__) by extension 'colcon_meta'
[0.233s] Level 1:colcon.colcon_core.package_identification:_identify(src/unitree_mujoco/simulate_python/__pycache__) by extensions ['ros']
[0.233s] Level 1:colcon.colcon_core.package_identification:_identify(src/unitree_mujoco/simulate_python/__pycache__) by extension 'ros'
[0.233s] Level 1:colcon.colcon_core.package_identification:_identify(src/unitree_mujoco/simulate_python/__pycache__) by extensions ['cmake', 'python']
[0.233s] Level 1:colcon.colcon_core.package_identification:_identify(src/unitree_mujoco/simulate_python/__pycache__) by extension 'cmake'
[0.233s] Level 1:colcon.colcon_core.package_identification:_identify(src/unitree_mujoco/simulate_python/__pycache__) by extension 'python'
[0.233s] Level 1:colcon.colcon_core.package_identification:_identify(src/unitree_mujoco/simulate_python/__pycache__) by extensions ['python_setup_py']
[0.233s] Level 1:colcon.colcon_core.package_identification:_identify(src/unitree_mujoco/simulate_python/__pycache__) by extension 'python_setup_py'
[0.234s] Level 1:colcon.colcon_core.package_identification:_identify(src/unitree_mujoco/simulate_python/test) by extensions ['ignore', 'ignore_ament_install']
[0.234s] Level 1:colcon.colcon_core.package_identification:_identify(src/unitree_mujoco/simulate_python/test) by extension 'ignore'
[0.234s] Level 1:colcon.colcon_core.package_identification:_identify(src/unitree_mujoco/simulate_python/test) by extension 'ignore_ament_install'
[0.234s] Level 1:colcon.colcon_core.package_identification:_identify(src/unitree_mujoco/simulate_python/test) by extensions ['colcon_pkg']
[0.234s] Level 1:colcon.colcon_core.package_identification:_identify(src/unitree_mujoco/simulate_python/test) by extension 'colcon_pkg'
[0.234s] Level 1:colcon.colcon_core.package_identification:_identify(src/unitree_mujoco/simulate_python/test) by extensions ['colcon_meta']
[0.234s] Level 1:colcon.colcon_core.package_identification:_identify(src/unitree_mujoco/simulate_python/test) by extension 'colcon_meta'
[0.234s] Level 1:colcon.colcon_core.package_identification:_identify(src/unitree_mujoco/simulate_python/test) by extensions ['ros']
[0.234s] Level 1:colcon.colcon_core.package_identification:_identify(src/unitree_mujoco/simulate_python/test) by extension 'ros'
[0.234s] Level 1:colcon.colcon_core.package_identification:_identify(src/unitree_mujoco/simulate_python/test) by extensions ['cmake', 'python']
[0.234s] Level 1:colcon.colcon_core.package_identification:_identify(src/unitree_mujoco/simulate_python/test) by extension 'cmake'
[0.234s] Level 1:colcon.colcon_core.package_identification:_identify(src/unitree_mujoco/simulate_python/test) by extension 'python'
[0.234s] Level 1:colcon.colcon_core.package_identification:_identify(src/unitree_mujoco/simulate_python/test) by extensions ['python_setup_py']
[0.234s] Level 1:colcon.colcon_core.package_identification:_identify(src/unitree_mujoco/simulate_python/test) by extension 'python_setup_py'
[0.234s] Level 1:colcon.colcon_core.package_identification:_identify(src/unitree_mujoco/terrain_tool) by extensions ['ignore', 'ignore_ament_install']
[0.234s] Level 1:colcon.colcon_core.package_identification:_identify(src/unitree_mujoco/terrain_tool) by extension 'ignore'
[0.234s] Level 1:colcon.colcon_core.package_identification:_identify(src/unitree_mujoco/terrain_tool) by extension 'ignore_ament_install'
[0.234s] Level 1:colcon.colcon_core.package_identification:_identify(src/unitree_mujoco/terrain_tool) by extensions ['colcon_pkg']
[0.234s] Level 1:colcon.colcon_core.package_identification:_identify(src/unitree_mujoco/terrain_tool) by extension 'colcon_pkg'
[0.234s] Level 1:colcon.colcon_core.package_identification:_identify(src/unitree_mujoco/terrain_tool) by extensions ['colcon_meta']
[0.234s] Level 1:colcon.colcon_core.package_identification:_identify(src/unitree_mujoco/terrain_tool) by extension 'colcon_meta'
[0.234s] Level 1:colcon.colcon_core.package_identification:_identify(src/unitree_mujoco/terrain_tool) by extensions ['ros']
[0.234s] Level 1:colcon.colcon_core.package_identification:_identify(src/unitree_mujoco/terrain_tool) by extension 'ros'
[0.234s] Level 1:colcon.colcon_core.package_identification:_identify(src/unitree_mujoco/terrain_tool) by extensions ['cmake', 'python']
[0.234s] Level 1:colcon.colcon_core.package_identification:_identify(src/unitree_mujoco/terrain_tool) by extension 'cmake'
[0.234s] Level 1:colcon.colcon_core.package_identification:_identify(src/unitree_mujoco/terrain_tool) by extension 'python'
[0.234s] Level 1:colcon.colcon_core.package_identification:_identify(src/unitree_mujoco/terrain_tool) by extensions ['python_setup_py']
[0.234s] Level 1:colcon.colcon_core.package_identification:_identify(src/unitree_mujoco/terrain_tool) by extension 'python_setup_py'
[0.234s] Level 1:colcon.colcon_core.package_identification:_identify(src/unitree_mujoco/unitree_robots) by extensions ['ignore', 'ignore_ament_install']
[0.234s] Level 1:colcon.colcon_core.package_identification:_identify(src/unitree_mujoco/unitree_robots) by extension 'ignore'
[0.234s] Level 1:colcon.colcon_core.package_identification:_identify(src/unitree_mujoco/unitree_robots) by extension 'ignore_ament_install'
[0.234s] Level 1:colcon.colcon_core.package_identification:_identify(src/unitree_mujoco/unitree_robots) by extensions ['colcon_pkg']
[0.234s] Level 1:colcon.colcon_core.package_identification:_identify(src/unitree_mujoco/unitree_robots) by extension 'colcon_pkg'
[0.234s] Level 1:colcon.colcon_core.package_identification:_identify(src/unitree_mujoco/unitree_robots) by extensions ['colcon_meta']
[0.234s] Level 1:colcon.colcon_core.package_identification:_identify(src/unitree_mujoco/unitree_robots) by extension 'colcon_meta'
[0.234s] Level 1:colcon.colcon_core.package_identification:_identify(src/unitree_mujoco/unitree_robots) by extensions ['ros']
[0.234s] Level 1:colcon.colcon_core.package_identification:_identify(src/unitree_mujoco/unitree_robots) by extension 'ros'
[0.234s] Level 1:colcon.colcon_core.package_identification:_identify(src/unitree_mujoco/unitree_robots) by extensions ['cmake', 'python']
[0.234s] Level 1:colcon.colcon_core.package_identification:_identify(src/unitree_mujoco/unitree_robots) by extension 'cmake'
[0.234s] Level 1:colcon.colcon_core.package_identification:_identify(src/unitree_mujoco/unitree_robots) by extension 'python'
[0.234s] Level 1:colcon.colcon_core.package_identification:_identify(src/unitree_mujoco/unitree_robots) by extensions ['python_setup_py']
[0.234s] Level 1:colcon.colcon_core.package_identification:_identify(src/unitree_mujoco/unitree_robots) by extension 'python_setup_py'
[0.234s] Level 1:colcon.colcon_core.package_identification:_identify(src/unitree_mujoco/unitree_robots/b2) by extensions ['ignore', 'ignore_ament_install']
[0.234s] Level 1:colcon.colcon_core.package_identification:_identify(src/unitree_mujoco/unitree_robots/b2) by extension 'ignore'
[0.234s] Level 1:colcon.colcon_core.package_identification:_identify(src/unitree_mujoco/unitree_robots/b2) by extension 'ignore_ament_install'
[0.234s] Level 1:colcon.colcon_core.package_identification:_identify(src/unitree_mujoco/unitree_robots/b2) by extensions ['colcon_pkg']
[0.234s] Level 1:colcon.colcon_core.package_identification:_identify(src/unitree_mujoco/unitree_robots/b2) by extension 'colcon_pkg'
[0.234s] Level 1:colcon.colcon_core.package_identification:_identify(src/unitree_mujoco/unitree_robots/b2) by extensions ['colcon_meta']
[0.234s] Level 1:colcon.colcon_core.package_identification:_identify(src/unitree_mujoco/unitree_robots/b2) by extension 'colcon_meta'
[0.234s] Level 1:colcon.colcon_core.package_identification:_identify(src/unitree_mujoco/unitree_robots/b2) by extensions ['ros']
[0.234s] Level 1:colcon.colcon_core.package_identification:_identify(src/unitree_mujoco/unitree_robots/b2) by extension 'ros'
[0.234s] Level 1:colcon.colcon_core.package_identification:_identify(src/unitree_mujoco/unitree_robots/b2) by extensions ['cmake', 'python']
[0.234s] Level 1:colcon.colcon_core.package_identification:_identify(src/unitree_mujoco/unitree_robots/b2) by extension 'cmake'
[0.234s] Level 1:colcon.colcon_core.package_identification:_identify(src/unitree_mujoco/unitree_robots/b2) by extension 'python'
[0.234s] Level 1:colcon.colcon_core.package_identification:_identify(src/unitree_mujoco/unitree_robots/b2) by extensions ['python_setup_py']
[0.234s] Level 1:colcon.colcon_core.package_identification:_identify(src/unitree_mujoco/unitree_robots/b2) by extension 'python_setup_py'
[0.234s] Level 1:colcon.colcon_core.package_identification:_identify(src/unitree_mujoco/unitree_robots/b2/assets) by extensions ['ignore', 'ignore_ament_install']
[0.235s] Level 1:colcon.colcon_core.package_identification:_identify(src/unitree_mujoco/unitree_robots/b2/assets) by extension 'ignore'
[0.235s] Level 1:colcon.colcon_core.package_identification:_identify(src/unitree_mujoco/unitree_robots/b2/assets) by extension 'ignore_ament_install'
[0.235s] Level 1:colcon.colcon_core.package_identification:_identify(src/unitree_mujoco/unitree_robots/b2/assets) by extensions ['colcon_pkg']
[0.235s] Level 1:colcon.colcon_core.package_identification:_identify(src/unitree_mujoco/unitree_robots/b2/assets) by extension 'colcon_pkg'
[0.235s] Level 1:colcon.colcon_core.package_identification:_identify(src/unitree_mujoco/unitree_robots/b2/assets) by extensions ['colcon_meta']
[0.235s] Level 1:colcon.colcon_core.package_identification:_identify(src/unitree_mujoco/unitree_robots/b2/assets) by extension 'colcon_meta'
[0.235s] Level 1:colcon.colcon_core.package_identification:_identify(src/unitree_mujoco/unitree_robots/b2/assets) by extensions ['ros']
[0.235s] Level 1:colcon.colcon_core.package_identification:_identify(src/unitree_mujoco/unitree_robots/b2/assets) by extension 'ros'
[0.235s] Level 1:colcon.colcon_core.package_identification:_identify(src/unitree_mujoco/unitree_robots/b2/assets) by extensions ['cmake', 'python']
[0.235s] Level 1:colcon.colcon_core.package_identification:_identify(src/unitree_mujoco/unitree_robots/b2/assets) by extension 'cmake'
[0.235s] Level 1:colcon.colcon_core.package_identification:_identify(src/unitree_mujoco/unitree_robots/b2/assets) by extension 'python'
[0.235s] Level 1:colcon.colcon_core.package_identification:_identify(src/unitree_mujoco/unitree_robots/b2/assets) by extensions ['python_setup_py']
[0.235s] Level 1:colcon.colcon_core.package_identification:_identify(src/unitree_mujoco/unitree_robots/b2/assets) by extension 'python_setup_py'
[0.235s] Level 1:colcon.colcon_core.package_identification:_identify(src/unitree_mujoco/unitree_robots/b2w) by extensions ['ignore', 'ignore_ament_install']
[0.235s] Level 1:colcon.colcon_core.package_identification:_identify(src/unitree_mujoco/unitree_robots/b2w) by extension 'ignore'
[0.235s] Level 1:colcon.colcon_core.package_identification:_identify(src/unitree_mujoco/unitree_robots/b2w) by extension 'ignore_ament_install'
[0.235s] Level 1:colcon.colcon_core.package_identification:_identify(src/unitree_mujoco/unitree_robots/b2w) by extensions ['colcon_pkg']
[0.235s] Level 1:colcon.colcon_core.package_identification:_identify(src/unitree_mujoco/unitree_robots/b2w) by extension 'colcon_pkg'
[0.235s] Level 1:colcon.colcon_core.package_identification:_identify(src/unitree_mujoco/unitree_robots/b2w) by extensions ['colcon_meta']
[0.235s] Level 1:colcon.colcon_core.package_identification:_identify(src/unitree_mujoco/unitree_robots/b2w) by extension 'colcon_meta'
[0.235s] Level 1:colcon.colcon_core.package_identification:_identify(src/unitree_mujoco/unitree_robots/b2w) by extensions ['ros']
[0.235s] Level 1:colcon.colcon_core.package_identification:_identify(src/unitree_mujoco/unitree_robots/b2w) by extension 'ros'
[0.235s] Level 1:colcon.colcon_core.package_identification:_identify(src/unitree_mujoco/unitree_robots/b2w) by extensions ['cmake', 'python']
[0.235s] Level 1:colcon.colcon_core.package_identification:_identify(src/unitree_mujoco/unitree_robots/b2w) by extension 'cmake'
[0.235s] Level 1:colcon.colcon_core.package_identification:_identify(src/unitree_mujoco/unitree_robots/b2w) by extension 'python'
[0.235s] Level 1:colcon.colcon_core.package_identification:_identify(src/unitree_mujoco/unitree_robots/b2w) by extensions ['python_setup_py']
[0.235s] Level 1:colcon.colcon_core.package_identification:_identify(src/unitree_mujoco/unitree_robots/b2w) by extension 'python_setup_py'
[0.235s] Level 1:colcon.colcon_core.package_identification:_identify(src/unitree_mujoco/unitree_robots/b2w/assets) by extensions ['ignore', 'ignore_ament_install']
[0.235s] Level 1:colcon.colcon_core.package_identification:_identify(src/unitree_mujoco/unitree_robots/b2w/assets) by extension 'ignore'
[0.235s] Level 1:colcon.colcon_core.package_identification:_identify(src/unitree_mujoco/unitree_robots/b2w/assets) by extension 'ignore_ament_install'
[0.235s] Level 1:colcon.colcon_core.package_identification:_identify(src/unitree_mujoco/unitree_robots/b2w/assets) by extensions ['colcon_pkg']
[0.235s] Level 1:colcon.colcon_core.package_identification:_identify(src/unitree_mujoco/unitree_robots/b2w/assets) by extension 'colcon_pkg'
[0.235s] Level 1:colcon.colcon_core.package_identification:_identify(src/unitree_mujoco/unitree_robots/b2w/assets) by extensions ['colcon_meta']
[0.235s] Level 1:colcon.colcon_core.package_identification:_identify(src/unitree_mujoco/unitree_robots/b2w/assets) by extension 'colcon_meta'
[0.235s] Level 1:colcon.colcon_core.package_identification:_identify(src/unitree_mujoco/unitree_robots/b2w/assets) by extensions ['ros']
[0.235s] Level 1:colcon.colcon_core.package_identification:_identify(src/unitree_mujoco/unitree_robots/b2w/assets) by extension 'ros'
[0.235s] Level 1:colcon.colcon_core.package_identification:_identify(src/unitree_mujoco/unitree_robots/b2w/assets) by extensions ['cmake', 'python']
[0.235s] Level 1:colcon.colcon_core.package_identification:_identify(src/unitree_mujoco/unitree_robots/b2w/assets) by extension 'cmake'
[0.235s] Level 1:colcon.colcon_core.package_identification:_identify(src/unitree_mujoco/unitree_robots/b2w/assets) by extension 'python'
[0.235s] Level 1:colcon.colcon_core.package_identification:_identify(src/unitree_mujoco/unitree_robots/b2w/assets) by extensions ['python_setup_py']
[0.235s] Level 1:colcon.colcon_core.package_identification:_identify(src/unitree_mujoco/unitree_robots/b2w/assets) by extension 'python_setup_py'
[0.235s] Level 1:colcon.colcon_core.package_identification:_identify(src/unitree_mujoco/unitree_robots/g1) by extensions ['ignore', 'ignore_ament_install']
[0.235s] Level 1:colcon.colcon_core.package_identification:_identify(src/unitree_mujoco/unitree_robots/g1) by extension 'ignore'
[0.235s] Level 1:colcon.colcon_core.package_identification:_identify(src/unitree_mujoco/unitree_robots/g1) by extension 'ignore_ament_install'
[0.235s] Level 1:colcon.colcon_core.package_identification:_identify(src/unitree_mujoco/unitree_robots/g1) by extensions ['colcon_pkg']
[0.235s] Level 1:colcon.colcon_core.package_identification:_identify(src/unitree_mujoco/unitree_robots/g1) by extension 'colcon_pkg'
[0.235s] Level 1:colcon.colcon_core.package_identification:_identify(src/unitree_mujoco/unitree_robots/g1) by extensions ['colcon_meta']
[0.235s] Level 1:colcon.colcon_core.package_identification:_identify(src/unitree_mujoco/unitree_robots/g1) by extension 'colcon_meta'
[0.235s] Level 1:colcon.colcon_core.package_identification:_identify(src/unitree_mujoco/unitree_robots/g1) by extensions ['ros']
[0.235s] Level 1:colcon.colcon_core.package_identification:_identify(src/unitree_mujoco/unitree_robots/g1) by extension 'ros'
[0.235s] Level 1:colcon.colcon_core.package_identification:_identify(src/unitree_mujoco/unitree_robots/g1) by extensions ['cmake', 'python']
[0.235s] Level 1:colcon.colcon_core.package_identification:_identify(src/unitree_mujoco/unitree_robots/g1) by extension 'cmake'
[0.235s] Level 1:colcon.colcon_core.package_identification:_identify(src/unitree_mujoco/unitree_robots/g1) by extension 'python'
[0.235s] Level 1:colcon.colcon_core.package_identification:_identify(src/unitree_mujoco/unitree_robots/g1) by extensions ['python_setup_py']
[0.235s] Level 1:colcon.colcon_core.package_identification:_identify(src/unitree_mujoco/unitree_robots/g1) by extension 'python_setup_py'
[0.235s] Level 1:colcon.colcon_core.package_identification:_identify(src/unitree_mujoco/unitree_robots/g1/images) by extensions ['ignore', 'ignore_ament_install']
[0.235s] Level 1:colcon.colcon_core.package_identification:_identify(src/unitree_mujoco/unitree_robots/g1/images) by extension 'ignore'
[0.235s] Level 1:colcon.colcon_core.package_identification:_identify(src/unitree_mujoco/unitree_robots/g1/images) by extension 'ignore_ament_install'
[0.235s] Level 1:colcon.colcon_core.package_identification:_identify(src/unitree_mujoco/unitree_robots/g1/images) by extensions ['colcon_pkg']
[0.235s] Level 1:colcon.colcon_core.package_identification:_identify(src/unitree_mujoco/unitree_robots/g1/images) by extension 'colcon_pkg'
[0.236s] Level 1:colcon.colcon_core.package_identification:_identify(src/unitree_mujoco/unitree_robots/g1/images) by extensions ['colcon_meta']
[0.236s] Level 1:colcon.colcon_core.package_identification:_identify(src/unitree_mujoco/unitree_robots/g1/images) by extension 'colcon_meta'
[0.236s] Level 1:colcon.colcon_core.package_identification:_identify(src/unitree_mujoco/unitree_robots/g1/images) by extensions ['ros']
[0.236s] Level 1:colcon.colcon_core.package_identification:_identify(src/unitree_mujoco/unitree_robots/g1/images) by extension 'ros'
[0.236s] Level 1:colcon.colcon_core.package_identification:_identify(src/unitree_mujoco/unitree_robots/g1/images) by extensions ['cmake', 'python']
[0.236s] Level 1:colcon.colcon_core.package_identification:_identify(src/unitree_mujoco/unitree_robots/g1/images) by extension 'cmake'
[0.236s] Level 1:colcon.colcon_core.package_identification:_identify(src/unitree_mujoco/unitree_robots/g1/images) by extension 'python'
[0.236s] Level 1:colcon.colcon_core.package_identification:_identify(src/unitree_mujoco/unitree_robots/g1/images) by extensions ['python_setup_py']
[0.236s] Level 1:colcon.colcon_core.package_identification:_identify(src/unitree_mujoco/unitree_robots/g1/images) by extension 'python_setup_py'
[0.236s] Level 1:colcon.colcon_core.package_identification:_identify(src/unitree_mujoco/unitree_robots/g1/meshes) by extensions ['ignore', 'ignore_ament_install']
[0.236s] Level 1:colcon.colcon_core.package_identification:_identify(src/unitree_mujoco/unitree_robots/g1/meshes) by extension 'ignore'
[0.236s] Level 1:colcon.colcon_core.package_identification:_identify(src/unitree_mujoco/unitree_robots/g1/meshes) by extension 'ignore_ament_install'
[0.236s] Level 1:colcon.colcon_core.package_identification:_identify(src/unitree_mujoco/unitree_robots/g1/meshes) by extensions ['colcon_pkg']
[0.236s] Level 1:colcon.colcon_core.package_identification:_identify(src/unitree_mujoco/unitree_robots/g1/meshes) by extension 'colcon_pkg'
[0.236s] Level 1:colcon.colcon_core.package_identification:_identify(src/unitree_mujoco/unitree_robots/g1/meshes) by extensions ['colcon_meta']
[0.236s] Level 1:colcon.colcon_core.package_identification:_identify(src/unitree_mujoco/unitree_robots/g1/meshes) by extension 'colcon_meta'
[0.236s] Level 1:colcon.colcon_core.package_identification:_identify(src/unitree_mujoco/unitree_robots/g1/meshes) by extensions ['ros']
[0.236s] Level 1:colcon.colcon_core.package_identification:_identify(src/unitree_mujoco/unitree_robots/g1/meshes) by extension 'ros'
[0.236s] Level 1:colcon.colcon_core.package_identification:_identify(src/unitree_mujoco/unitree_robots/g1/meshes) by extensions ['cmake', 'python']
[0.236s] Level 1:colcon.colcon_core.package_identification:_identify(src/unitree_mujoco/unitree_robots/g1/meshes) by extension 'cmake'
[0.236s] Level 1:colcon.colcon_core.package_identification:_identify(src/unitree_mujoco/unitree_robots/g1/meshes) by extension 'python'
[0.236s] Level 1:colcon.colcon_core.package_identification:_identify(src/unitree_mujoco/unitree_robots/g1/meshes) by extensions ['python_setup_py']
[0.236s] Level 1:colcon.colcon_core.package_identification:_identify(src/unitree_mujoco/unitree_robots/g1/meshes) by extension 'python_setup_py'
[0.236s] Level 1:colcon.colcon_core.package_identification:_identify(src/unitree_mujoco/unitree_robots/go2) by extensions ['ignore', 'ignore_ament_install']
[0.236s] Level 1:colcon.colcon_core.package_identification:_identify(src/unitree_mujoco/unitree_robots/go2) by extension 'ignore'
[0.236s] Level 1:colcon.colcon_core.package_identification:_identify(src/unitree_mujoco/unitree_robots/go2) by extension 'ignore_ament_install'
[0.236s] Level 1:colcon.colcon_core.package_identification:_identify(src/unitree_mujoco/unitree_robots/go2) by extensions ['colcon_pkg']
[0.236s] Level 1:colcon.colcon_core.package_identification:_identify(src/unitree_mujoco/unitree_robots/go2) by extension 'colcon_pkg'
[0.236s] Level 1:colcon.colcon_core.package_identification:_identify(src/unitree_mujoco/unitree_robots/go2) by extensions ['colcon_meta']
[0.236s] Level 1:colcon.colcon_core.package_identification:_identify(src/unitree_mujoco/unitree_robots/go2) by extension 'colcon_meta'
[0.236s] Level 1:colcon.colcon_core.package_identification:_identify(src/unitree_mujoco/unitree_robots/go2) by extensions ['ros']
[0.236s] Level 1:colcon.colcon_core.package_identification:_identify(src/unitree_mujoco/unitree_robots/go2) by extension 'ros'
[0.236s] Level 1:colcon.colcon_core.package_identification:_identify(src/unitree_mujoco/unitree_robots/go2) by extensions ['cmake', 'python']
[0.236s] Level 1:colcon.colcon_core.package_identification:_identify(src/unitree_mujoco/unitree_robots/go2) by extension 'cmake'
[0.236s] Level 1:colcon.colcon_core.package_identification:_identify(src/unitree_mujoco/unitree_robots/go2) by extension 'python'
[0.236s] Level 1:colcon.colcon_core.package_identification:_identify(src/unitree_mujoco/unitree_robots/go2) by extensions ['python_setup_py']
[0.236s] Level 1:colcon.colcon_core.package_identification:_identify(src/unitree_mujoco/unitree_robots/go2) by extension 'python_setup_py'
[0.236s] Level 1:colcon.colcon_core.package_identification:_identify(src/unitree_mujoco/unitree_robots/go2/assets) by extensions ['ignore', 'ignore_ament_install']
[0.236s] Level 1:colcon.colcon_core.package_identification:_identify(src/unitree_mujoco/unitree_robots/go2/assets) by extension 'ignore'
[0.236s] Level 1:colcon.colcon_core.package_identification:_identify(src/unitree_mujoco/unitree_robots/go2/assets) by extension 'ignore_ament_install'
[0.236s] Level 1:colcon.colcon_core.package_identification:_identify(src/unitree_mujoco/unitree_robots/go2/assets) by extensions ['colcon_pkg']
[0.236s] Level 1:colcon.colcon_core.package_identification:_identify(src/unitree_mujoco/unitree_robots/go2/assets) by extension 'colcon_pkg'
[0.236s] Level 1:colcon.colcon_core.package_identification:_identify(src/unitree_mujoco/unitree_robots/go2/assets) by extensions ['colcon_meta']
[0.236s] Level 1:colcon.colcon_core.package_identification:_identify(src/unitree_mujoco/unitree_robots/go2/assets) by extension 'colcon_meta'
[0.236s] Level 1:colcon.colcon_core.package_identification:_identify(src/unitree_mujoco/unitree_robots/go2/assets) by extensions ['ros']
[0.236s] Level 1:colcon.colcon_core.package_identification:_identify(src/unitree_mujoco/unitree_robots/go2/assets) by extension 'ros'
[0.236s] Level 1:colcon.colcon_core.package_identification:_identify(src/unitree_mujoco/unitree_robots/go2/assets) by extensions ['cmake', 'python']
[0.236s] Level 1:colcon.colcon_core.package_identification:_identify(src/unitree_mujoco/unitree_robots/go2/assets) by extension 'cmake'
[0.236s] Level 1:colcon.colcon_core.package_identification:_identify(src/unitree_mujoco/unitree_robots/go2/assets) by extension 'python'
[0.236s] Level 1:colcon.colcon_core.package_identification:_identify(src/unitree_mujoco/unitree_robots/go2/assets) by extensions ['python_setup_py']
[0.236s] Level 1:colcon.colcon_core.package_identification:_identify(src/unitree_mujoco/unitree_robots/go2/assets) by extension 'python_setup_py'
[0.236s] Level 1:colcon.colcon_core.package_identification:_identify(src/unitree_mujoco/unitree_robots/go2w) by extensions ['ignore', 'ignore_ament_install']
[0.236s] Level 1:colcon.colcon_core.package_identification:_identify(src/unitree_mujoco/unitree_robots/go2w) by extension 'ignore'
[0.236s] Level 1:colcon.colcon_core.package_identification:_identify(src/unitree_mujoco/unitree_robots/go2w) by extension 'ignore_ament_install'
[0.236s] Level 1:colcon.colcon_core.package_identification:_identify(src/unitree_mujoco/unitree_robots/go2w) by extensions ['colcon_pkg']
[0.236s] Level 1:colcon.colcon_core.package_identification:_identify(src/unitree_mujoco/unitree_robots/go2w) by extension 'colcon_pkg'
[0.236s] Level 1:colcon.colcon_core.package_identification:_identify(src/unitree_mujoco/unitree_robots/go2w) by extensions ['colcon_meta']
[0.236s] Level 1:colcon.colcon_core.package_identification:_identify(src/unitree_mujoco/unitree_robots/go2w) by extension 'colcon_meta'
[0.236s] Level 1:colcon.colcon_core.package_identification:_identify(src/unitree_mujoco/unitree_robots/go2w) by extensions ['ros']
[0.236s] Level 1:colcon.colcon_core.package_identification:_identify(src/unitree_mujoco/unitree_robots/go2w) by extension 'ros'
[0.237s] Level 1:colcon.colcon_core.package_identification:_identify(src/unitree_mujoco/unitree_robots/go2w) by extensions ['cmake', 'python']
[0.237s] Level 1:colcon.colcon_core.package_identification:_identify(src/unitree_mujoco/unitree_robots/go2w) by extension 'cmake'
[0.237s] Level 1:colcon.colcon_core.package_identification:_identify(src/unitree_mujoco/unitree_robots/go2w) by extension 'python'
[0.237s] Level 1:colcon.colcon_core.package_identification:_identify(src/unitree_mujoco/unitree_robots/go2w) by extensions ['python_setup_py']
[0.237s] Level 1:colcon.colcon_core.package_identification:_identify(src/unitree_mujoco/unitree_robots/go2w) by extension 'python_setup_py'
[0.237s] Level 1:colcon.colcon_core.package_identification:_identify(src/unitree_mujoco/unitree_robots/go2w/assets) by extensions ['ignore', 'ignore_ament_install']
[0.237s] Level 1:colcon.colcon_core.package_identification:_identify(src/unitree_mujoco/unitree_robots/go2w/assets) by extension 'ignore'
[0.237s] Level 1:colcon.colcon_core.package_identification:_identify(src/unitree_mujoco/unitree_robots/go2w/assets) by extension 'ignore_ament_install'
[0.237s] Level 1:colcon.colcon_core.package_identification:_identify(src/unitree_mujoco/unitree_robots/go2w/assets) by extensions ['colcon_pkg']
[0.237s] Level 1:colcon.colcon_core.package_identification:_identify(src/unitree_mujoco/unitree_robots/go2w/assets) by extension 'colcon_pkg'
[0.237s] Level 1:colcon.colcon_core.package_identification:_identify(src/unitree_mujoco/unitree_robots/go2w/assets) by extensions ['colcon_meta']
[0.237s] Level 1:colcon.colcon_core.package_identification:_identify(src/unitree_mujoco/unitree_robots/go2w/assets) by extension 'colcon_meta'
[0.237s] Level 1:colcon.colcon_core.package_identification:_identify(src/unitree_mujoco/unitree_robots/go2w/assets) by extensions ['ros']
[0.237s] Level 1:colcon.colcon_core.package_identification:_identify(src/unitree_mujoco/unitree_robots/go2w/assets) by extension 'ros'
[0.237s] Level 1:colcon.colcon_core.package_identification:_identify(src/unitree_mujoco/unitree_robots/go2w/assets) by extensions ['cmake', 'python']
[0.237s] Level 1:colcon.colcon_core.package_identification:_identify(src/unitree_mujoco/unitree_robots/go2w/assets) by extension 'cmake'
[0.237s] Level 1:colcon.colcon_core.package_identification:_identify(src/unitree_mujoco/unitree_robots/go2w/assets) by extension 'python'
[0.237s] Level 1:colcon.colcon_core.package_identification:_identify(src/unitree_mujoco/unitree_robots/go2w/assets) by extensions ['python_setup_py']
[0.237s] Level 1:colcon.colcon_core.package_identification:_identify(src/unitree_mujoco/unitree_robots/go2w/assets) by extension 'python_setup_py'
[0.237s] Level 1:colcon.colcon_core.package_identification:_identify(src/unitree_mujoco/unitree_robots/h1) by extensions ['ignore', 'ignore_ament_install']
[0.237s] Level 1:colcon.colcon_core.package_identification:_identify(src/unitree_mujoco/unitree_robots/h1) by extension 'ignore'
[0.237s] Level 1:colcon.colcon_core.package_identification:_identify(src/unitree_mujoco/unitree_robots/h1) by extension 'ignore_ament_install'
[0.237s] Level 1:colcon.colcon_core.package_identification:_identify(src/unitree_mujoco/unitree_robots/h1) by extensions ['colcon_pkg']
[0.237s] Level 1:colcon.colcon_core.package_identification:_identify(src/unitree_mujoco/unitree_robots/h1) by extension 'colcon_pkg'
[0.237s] Level 1:colcon.colcon_core.package_identification:_identify(src/unitree_mujoco/unitree_robots/h1) by extensions ['colcon_meta']
[0.237s] Level 1:colcon.colcon_core.package_identification:_identify(src/unitree_mujoco/unitree_robots/h1) by extension 'colcon_meta'
[0.237s] Level 1:colcon.colcon_core.package_identification:_identify(src/unitree_mujoco/unitree_robots/h1) by extensions ['ros']
[0.237s] Level 1:colcon.colcon_core.package_identification:_identify(src/unitree_mujoco/unitree_robots/h1) by extension 'ros'
[0.237s] Level 1:colcon.colcon_core.package_identification:_identify(src/unitree_mujoco/unitree_robots/h1) by extensions ['cmake', 'python']
[0.237s] Level 1:colcon.colcon_core.package_identification:_identify(src/unitree_mujoco/unitree_robots/h1) by extension 'cmake'
[0.237s] Level 1:colcon.colcon_core.package_identification:_identify(src/unitree_mujoco/unitree_robots/h1) by extension 'python'
[0.237s] Level 1:colcon.colcon_core.package_identification:_identify(src/unitree_mujoco/unitree_robots/h1) by extensions ['python_setup_py']
[0.237s] Level 1:colcon.colcon_core.package_identification:_identify(src/unitree_mujoco/unitree_robots/h1) by extension 'python_setup_py'
[0.237s] Level 1:colcon.colcon_core.package_identification:_identify(src/unitree_mujoco/unitree_robots/h1/assets) by extensions ['ignore', 'ignore_ament_install']
[0.237s] Level 1:colcon.colcon_core.package_identification:_identify(src/unitree_mujoco/unitree_robots/h1/assets) by extension 'ignore'
[0.237s] Level 1:colcon.colcon_core.package_identification:_identify(src/unitree_mujoco/unitree_robots/h1/assets) by extension 'ignore_ament_install'
[0.237s] Level 1:colcon.colcon_core.package_identification:_identify(src/unitree_mujoco/unitree_robots/h1/assets) by extensions ['colcon_pkg']
[0.237s] Level 1:colcon.colcon_core.package_identification:_identify(src/unitree_mujoco/unitree_robots/h1/assets) by extension 'colcon_pkg'
[0.237s] Level 1:colcon.colcon_core.package_identification:_identify(src/unitree_mujoco/unitree_robots/h1/assets) by extensions ['colcon_meta']
[0.237s] Level 1:colcon.colcon_core.package_identification:_identify(src/unitree_mujoco/unitree_robots/h1/assets) by extension 'colcon_meta'
[0.237s] Level 1:colcon.colcon_core.package_identification:_identify(src/unitree_mujoco/unitree_robots/h1/assets) by extensions ['ros']
[0.237s] Level 1:colcon.colcon_core.package_identification:_identify(src/unitree_mujoco/unitree_robots/h1/assets) by extension 'ros'
[0.237s] Level 1:colcon.colcon_core.package_identification:_identify(src/unitree_mujoco/unitree_robots/h1/assets) by extensions ['cmake', 'python']
[0.237s] Level 1:colcon.colcon_core.package_identification:_identify(src/unitree_mujoco/unitree_robots/h1/assets) by extension 'cmake'
[0.237s] Level 1:colcon.colcon_core.package_identification:_identify(src/unitree_mujoco/unitree_robots/h1/assets) by extension 'python'
[0.237s] Level 1:colcon.colcon_core.package_identification:_identify(src/unitree_mujoco/unitree_robots/h1/assets) by extensions ['python_setup_py']
[0.237s] Level 1:colcon.colcon_core.package_identification:_identify(src/unitree_mujoco/unitree_robots/h1/assets) by extension 'python_setup_py'
[0.237s] Level 1:colcon.colcon_core.package_identification:_identify(src/unitree_mujoco/unitree_robots/h1_2) by extensions ['ignore', 'ignore_ament_install']
[0.237s] Level 1:colcon.colcon_core.package_identification:_identify(src/unitree_mujoco/unitree_robots/h1_2) by extension 'ignore'
[0.237s] Level 1:colcon.colcon_core.package_identification:_identify(src/unitree_mujoco/unitree_robots/h1_2) by extension 'ignore_ament_install'
[0.237s] Level 1:colcon.colcon_core.package_identification:_identify(src/unitree_mujoco/unitree_robots/h1_2) by extensions ['colcon_pkg']
[0.237s] Level 1:colcon.colcon_core.package_identification:_identify(src/unitree_mujoco/unitree_robots/h1_2) by extension 'colcon_pkg'
[0.237s] Level 1:colcon.colcon_core.package_identification:_identify(src/unitree_mujoco/unitree_robots/h1_2) by extensions ['colcon_meta']
[0.237s] Level 1:colcon.colcon_core.package_identification:_identify(src/unitree_mujoco/unitree_robots/h1_2) by extension 'colcon_meta'
[0.237s] Level 1:colcon.colcon_core.package_identification:_identify(src/unitree_mujoco/unitree_robots/h1_2) by extensions ['ros']
[0.237s] Level 1:colcon.colcon_core.package_identification:_identify(src/unitree_mujoco/unitree_robots/h1_2) by extension 'ros'
[0.237s] Level 1:colcon.colcon_core.package_identification:_identify(src/unitree_mujoco/unitree_robots/h1_2) by extensions ['cmake', 'python']
[0.237s] Level 1:colcon.colcon_core.package_identification:_identify(src/unitree_mujoco/unitree_robots/h1_2) by extension 'cmake'
[0.237s] Level 1:colcon.colcon_core.package_identification:_identify(src/unitree_mujoco/unitree_robots/h1_2) by extension 'python'
[0.237s] Level 1:colcon.colcon_core.package_identification:_identify(src/unitree_mujoco/unitree_robots/h1_2) by extensions ['python_setup_py']
[0.238s] Level 1:colcon.colcon_core.package_identification:_identify(src/unitree_mujoco/unitree_robots/h1_2) by extension 'python_setup_py'
[0.238s] Level 1:colcon.colcon_core.package_identification:_identify(src/unitree_mujoco/unitree_robots/h1_2/meshes) by extensions ['ignore', 'ignore_ament_install']
[0.238s] Level 1:colcon.colcon_core.package_identification:_identify(src/unitree_mujoco/unitree_robots/h1_2/meshes) by extension 'ignore'
[0.238s] Level 1:colcon.colcon_core.package_identification:_identify(src/unitree_mujoco/unitree_robots/h1_2/meshes) by extension 'ignore_ament_install'
[0.238s] Level 1:colcon.colcon_core.package_identification:_identify(src/unitree_mujoco/unitree_robots/h1_2/meshes) by extensions ['colcon_pkg']
[0.238s] Level 1:colcon.colcon_core.package_identification:_identify(src/unitree_mujoco/unitree_robots/h1_2/meshes) by extension 'colcon_pkg'
[0.238s] Level 1:colcon.colcon_core.package_identification:_identify(src/unitree_mujoco/unitree_robots/h1_2/meshes) by extensions ['colcon_meta']
[0.238s] Level 1:colcon.colcon_core.package_identification:_identify(src/unitree_mujoco/unitree_robots/h1_2/meshes) by extension 'colcon_meta'
[0.238s] Level 1:colcon.colcon_core.package_identification:_identify(src/unitree_mujoco/unitree_robots/h1_2/meshes) by extensions ['ros']
[0.238s] Level 1:colcon.colcon_core.package_identification:_identify(src/unitree_mujoco/unitree_robots/h1_2/meshes) by extension 'ros'
[0.238s] Level 1:colcon.colcon_core.package_identification:_identify(src/unitree_mujoco/unitree_robots/h1_2/meshes) by extensions ['cmake', 'python']
[0.238s] Level 1:colcon.colcon_core.package_identification:_identify(src/unitree_mujoco/unitree_robots/h1_2/meshes) by extension 'cmake'
[0.238s] Level 1:colcon.colcon_core.package_identification:_identify(src/unitree_mujoco/unitree_robots/h1_2/meshes) by extension 'python'
[0.238s] Level 1:colcon.colcon_core.package_identification:_identify(src/unitree_mujoco/unitree_robots/h1_2/meshes) by extensions ['python_setup_py']
[0.238s] Level 1:colcon.colcon_core.package_identification:_identify(src/unitree_mujoco/unitree_robots/h1_2/meshes) by extension 'python_setup_py'
[0.238s] Level 1:colcon.colcon_core.package_identification:_identify(src/unitree_ros2) by extensions ['ignore', 'ignore_ament_install']
[0.238s] Level 1:colcon.colcon_core.package_identification:_identify(src/unitree_ros2) by extension 'ignore'
[0.238s] Level 1:colcon.colcon_core.package_identification:_identify(src/unitree_ros2) by extension 'ignore_ament_install'
[0.238s] Level 1:colcon.colcon_core.package_identification:_identify(src/unitree_ros2) by extensions ['colcon_pkg']
[0.238s] Level 1:colcon.colcon_core.package_identification:_identify(src/unitree_ros2) by extension 'colcon_pkg'
[0.238s] Level 1:colcon.colcon_core.package_identification:_identify(src/unitree_ros2) by extensions ['colcon_meta']
[0.238s] Level 1:colcon.colcon_core.package_identification:_identify(src/unitree_ros2) by extension 'colcon_meta'
[0.238s] Level 1:colcon.colcon_core.package_identification:_identify(src/unitree_ros2) by extensions ['ros']
[0.238s] Level 1:colcon.colcon_core.package_identification:_identify(src/unitree_ros2) by extension 'ros'
[0.238s] Level 1:colcon.colcon_core.package_identification:_identify(src/unitree_ros2) by extensions ['cmake', 'python']
[0.238s] Level 1:colcon.colcon_core.package_identification:_identify(src/unitree_ros2) by extension 'cmake'
[0.238s] Level 1:colcon.colcon_core.package_identification:_identify(src/unitree_ros2) by extension 'python'
[0.238s] Level 1:colcon.colcon_core.package_identification:_identify(src/unitree_ros2) by extensions ['python_setup_py']
[0.238s] Level 1:colcon.colcon_core.package_identification:_identify(src/unitree_ros2) by extension 'python_setup_py'
[0.238s] Level 1:colcon.colcon_core.package_identification:_identify(src/unitree_ros2/cyclonedds_ws) by extensions ['ignore', 'ignore_ament_install']
[0.238s] Level 1:colcon.colcon_core.package_identification:_identify(src/unitree_ros2/cyclonedds_ws) by extension 'ignore'
[0.238s] Level 1:colcon.colcon_core.package_identification:_identify(src/unitree_ros2/cyclonedds_ws) by extension 'ignore_ament_install'
[0.238s] Level 1:colcon.colcon_core.package_identification:_identify(src/unitree_ros2/cyclonedds_ws) by extensions ['colcon_pkg']
[0.238s] Level 1:colcon.colcon_core.package_identification:_identify(src/unitree_ros2/cyclonedds_ws) by extension 'colcon_pkg'
[0.238s] Level 1:colcon.colcon_core.package_identification:_identify(src/unitree_ros2/cyclonedds_ws) by extensions ['colcon_meta']
[0.238s] Level 1:colcon.colcon_core.package_identification:_identify(src/unitree_ros2/cyclonedds_ws) by extension 'colcon_meta'
[0.238s] Level 1:colcon.colcon_core.package_identification:_identify(src/unitree_ros2/cyclonedds_ws) by extensions ['ros']
[0.238s] Level 1:colcon.colcon_core.package_identification:_identify(src/unitree_ros2/cyclonedds_ws) by extension 'ros'
[0.238s] Level 1:colcon.colcon_core.package_identification:_identify(src/unitree_ros2/cyclonedds_ws) by extensions ['cmake', 'python']
[0.238s] Level 1:colcon.colcon_core.package_identification:_identify(src/unitree_ros2/cyclonedds_ws) by extension 'cmake'
[0.238s] Level 1:colcon.colcon_core.package_identification:_identify(src/unitree_ros2/cyclonedds_ws) by extension 'python'
[0.238s] Level 1:colcon.colcon_core.package_identification:_identify(src/unitree_ros2/cyclonedds_ws) by extensions ['python_setup_py']
[0.238s] Level 1:colcon.colcon_core.package_identification:_identify(src/unitree_ros2/cyclonedds_ws) by extension 'python_setup_py'
[0.238s] Level 1:colcon.colcon_core.package_identification:_identify(src/unitree_ros2/cyclonedds_ws/src) by extensions ['ignore', 'ignore_ament_install']
[0.238s] Level 1:colcon.colcon_core.package_identification:_identify(src/unitree_ros2/cyclonedds_ws/src) by extension 'ignore'
[0.238s] Level 1:colcon.colcon_core.package_identification:_identify(src/unitree_ros2/cyclonedds_ws/src) by extension 'ignore_ament_install'
[0.238s] Level 1:colcon.colcon_core.package_identification:_identify(src/unitree_ros2/cyclonedds_ws/src) by extensions ['colcon_pkg']
[0.238s] Level 1:colcon.colcon_core.package_identification:_identify(src/unitree_ros2/cyclonedds_ws/src) by extension 'colcon_pkg'
[0.238s] Level 1:colcon.colcon_core.package_identification:_identify(src/unitree_ros2/cyclonedds_ws/src) by extensions ['colcon_meta']
[0.238s] Level 1:colcon.colcon_core.package_identification:_identify(src/unitree_ros2/cyclonedds_ws/src) by extension 'colcon_meta'
[0.238s] Level 1:colcon.colcon_core.package_identification:_identify(src/unitree_ros2/cyclonedds_ws/src) by extensions ['ros']
[0.238s] Level 1:colcon.colcon_core.package_identification:_identify(src/unitree_ros2/cyclonedds_ws/src) by extension 'ros'
[0.238s] Level 1:colcon.colcon_core.package_identification:_identify(src/unitree_ros2/cyclonedds_ws/src) by extensions ['cmake', 'python']
[0.238s] Level 1:colcon.colcon_core.package_identification:_identify(src/unitree_ros2/cyclonedds_ws/src) by extension 'cmake'
[0.238s] Level 1:colcon.colcon_core.package_identification:_identify(src/unitree_ros2/cyclonedds_ws/src) by extension 'python'
[0.238s] Level 1:colcon.colcon_core.package_identification:_identify(src/unitree_ros2/cyclonedds_ws/src) by extensions ['python_setup_py']
[0.238s] Level 1:colcon.colcon_core.package_identification:_identify(src/unitree_ros2/cyclonedds_ws/src) by extension 'python_setup_py'
[0.238s] Level 1:colcon.colcon_core.package_identification:_identify(src/unitree_ros2/cyclonedds_ws/src/unitree) by extensions ['ignore', 'ignore_ament_install']
[0.239s] Level 1:colcon.colcon_core.package_identification:_identify(src/unitree_ros2/cyclonedds_ws/src/unitree) by extension 'ignore'
[0.239s] Level 1:colcon.colcon_core.package_identification:_identify(src/unitree_ros2/cyclonedds_ws/src/unitree) by extension 'ignore_ament_install'
[0.239s] Level 1:colcon.colcon_core.package_identification:_identify(src/unitree_ros2/cyclonedds_ws/src/unitree) by extensions ['colcon_pkg']
[0.239s] Level 1:colcon.colcon_core.package_identification:_identify(src/unitree_ros2/cyclonedds_ws/src/unitree) by extension 'colcon_pkg'
[0.239s] Level 1:colcon.colcon_core.package_identification:_identify(src/unitree_ros2/cyclonedds_ws/src/unitree) by extensions ['colcon_meta']
[0.239s] Level 1:colcon.colcon_core.package_identification:_identify(src/unitree_ros2/cyclonedds_ws/src/unitree) by extension 'colcon_meta'
[0.239s] Level 1:colcon.colcon_core.package_identification:_identify(src/unitree_ros2/cyclonedds_ws/src/unitree) by extensions ['ros']
[0.239s] Level 1:colcon.colcon_core.package_identification:_identify(src/unitree_ros2/cyclonedds_ws/src/unitree) by extension 'ros'
[0.239s] Level 1:colcon.colcon_core.package_identification:_identify(src/unitree_ros2/cyclonedds_ws/src/unitree) by extensions ['cmake', 'python']
[0.239s] Level 1:colcon.colcon_core.package_identification:_identify(src/unitree_ros2/cyclonedds_ws/src/unitree) by extension 'cmake'
[0.239s] Level 1:colcon.colcon_core.package_identification:_identify(src/unitree_ros2/cyclonedds_ws/src/unitree) by extension 'python'
[0.239s] Level 1:colcon.colcon_core.package_identification:_identify(src/unitree_ros2/cyclonedds_ws/src/unitree) by extensions ['python_setup_py']
[0.239s] Level 1:colcon.colcon_core.package_identification:_identify(src/unitree_ros2/cyclonedds_ws/src/unitree) by extension 'python_setup_py'
[0.239s] Level 1:colcon.colcon_core.package_identification:_identify(src/unitree_ros2/cyclonedds_ws/src/unitree/unitree_api) by extensions ['ignore', 'ignore_ament_install']
[0.239s] Level 1:colcon.colcon_core.package_identification:_identify(src/unitree_ros2/cyclonedds_ws/src/unitree/unitree_api) by extension 'ignore'
[0.239s] Level 1:colcon.colcon_core.package_identification:_identify(src/unitree_ros2/cyclonedds_ws/src/unitree/unitree_api) by extension 'ignore_ament_install'
[0.239s] Level 1:colcon.colcon_core.package_identification:_identify(src/unitree_ros2/cyclonedds_ws/src/unitree/unitree_api) by extensions ['colcon_pkg']
[0.239s] Level 1:colcon.colcon_core.package_identification:_identify(src/unitree_ros2/cyclonedds_ws/src/unitree/unitree_api) by extension 'colcon_pkg'
[0.239s] Level 1:colcon.colcon_core.package_identification:_identify(src/unitree_ros2/cyclonedds_ws/src/unitree/unitree_api) by extensions ['colcon_meta']
[0.239s] Level 1:colcon.colcon_core.package_identification:_identify(src/unitree_ros2/cyclonedds_ws/src/unitree/unitree_api) by extension 'colcon_meta'
[0.239s] Level 1:colcon.colcon_core.package_identification:_identify(src/unitree_ros2/cyclonedds_ws/src/unitree/unitree_api) by extensions ['ros']
[0.239s] Level 1:colcon.colcon_core.package_identification:_identify(src/unitree_ros2/cyclonedds_ws/src/unitree/unitree_api) by extension 'ros'
[0.239s] DEBUG:colcon.colcon_core.package_identification:Package 'src/unitree_ros2/cyclonedds_ws/src/unitree/unitree_api' with type 'ros.ament_cmake' and name 'unitree_api'
[0.239s] Level 1:colcon.colcon_core.package_identification:_identify(src/unitree_ros2/cyclonedds_ws/src/unitree/unitree_go) by extensions ['ignore', 'ignore_ament_install']
[0.239s] Level 1:colcon.colcon_core.package_identification:_identify(src/unitree_ros2/cyclonedds_ws/src/unitree/unitree_go) by extension 'ignore'
[0.239s] Level 1:colcon.colcon_core.package_identification:_identify(src/unitree_ros2/cyclonedds_ws/src/unitree/unitree_go) by extension 'ignore_ament_install'
[0.239s] Level 1:colcon.colcon_core.package_identification:_identify(src/unitree_ros2/cyclonedds_ws/src/unitree/unitree_go) by extensions ['colcon_pkg']
[0.239s] Level 1:colcon.colcon_core.package_identification:_identify(src/unitree_ros2/cyclonedds_ws/src/unitree/unitree_go) by extension 'colcon_pkg'
[0.239s] Level 1:colcon.colcon_core.package_identification:_identify(src/unitree_ros2/cyclonedds_ws/src/unitree/unitree_go) by extensions ['colcon_meta']
[0.239s] Level 1:colcon.colcon_core.package_identification:_identify(src/unitree_ros2/cyclonedds_ws/src/unitree/unitree_go) by extension 'colcon_meta'
[0.239s] Level 1:colcon.colcon_core.package_identification:_identify(src/unitree_ros2/cyclonedds_ws/src/unitree/unitree_go) by extensions ['ros']
[0.239s] Level 1:colcon.colcon_core.package_identification:_identify(src/unitree_ros2/cyclonedds_ws/src/unitree/unitree_go) by extension 'ros'
[0.239s] DEBUG:colcon.colcon_core.package_identification:Package 'src/unitree_ros2/cyclonedds_ws/src/unitree/unitree_go' with type 'ros.ament_cmake' and name 'unitree_go'
[0.240s] Level 1:colcon.colcon_core.package_identification:_identify(src/unitree_ros2/cyclonedds_ws/src/unitree/unitree_hg) by extensions ['ignore', 'ignore_ament_install']
[0.240s] Level 1:colcon.colcon_core.package_identification:_identify(src/unitree_ros2/cyclonedds_ws/src/unitree/unitree_hg) by extension 'ignore'
[0.240s] Level 1:colcon.colcon_core.package_identification:_identify(src/unitree_ros2/cyclonedds_ws/src/unitree/unitree_hg) by extension 'ignore_ament_install'
[0.240s] Level 1:colcon.colcon_core.package_identification:_identify(src/unitree_ros2/cyclonedds_ws/src/unitree/unitree_hg) by extensions ['colcon_pkg']
[0.240s] Level 1:colcon.colcon_core.package_identification:_identify(src/unitree_ros2/cyclonedds_ws/src/unitree/unitree_hg) by extension 'colcon_pkg'
[0.240s] Level 1:colcon.colcon_core.package_identification:_identify(src/unitree_ros2/cyclonedds_ws/src/unitree/unitree_hg) by extensions ['colcon_meta']
[0.240s] Level 1:colcon.colcon_core.package_identification:_identify(src/unitree_ros2/cyclonedds_ws/src/unitree/unitree_hg) by extension 'colcon_meta'
[0.240s] Level 1:colcon.colcon_core.package_identification:_identify(src/unitree_ros2/cyclonedds_ws/src/unitree/unitree_hg) by extensions ['ros']
[0.240s] Level 1:colcon.colcon_core.package_identification:_identify(src/unitree_ros2/cyclonedds_ws/src/unitree/unitree_hg) by extension 'ros'
[0.240s] DEBUG:colcon.colcon_core.package_identification:Package 'src/unitree_ros2/cyclonedds_ws/src/unitree/unitree_hg' with type 'ros.ament_cmake' and name 'unitree_hg'
[0.240s] Level 1:colcon.colcon_core.package_identification:_identify(src/unitree_ros2/docs) by extensions ['ignore', 'ignore_ament_install']
[0.240s] Level 1:colcon.colcon_core.package_identification:_identify(src/unitree_ros2/docs) by extension 'ignore'
[0.240s] Level 1:colcon.colcon_core.package_identification:_identify(src/unitree_ros2/docs) by extension 'ignore_ament_install'
[0.240s] Level 1:colcon.colcon_core.package_identification:_identify(src/unitree_ros2/docs) by extensions ['colcon_pkg']
[0.240s] Level 1:colcon.colcon_core.package_identification:_identify(src/unitree_ros2/docs) by extension 'colcon_pkg'
[0.240s] Level 1:colcon.colcon_core.package_identification:_identify(src/unitree_ros2/docs) by extensions ['colcon_meta']
[0.240s] Level 1:colcon.colcon_core.package_identification:_identify(src/unitree_ros2/docs) by extension 'colcon_meta'
[0.240s] Level 1:colcon.colcon_core.package_identification:_identify(src/unitree_ros2/docs) by extensions ['ros']
[0.240s] Level 1:colcon.colcon_core.package_identification:_identify(src/unitree_ros2/docs) by extension 'ros'
[0.240s] Level 1:colcon.colcon_core.package_identification:_identify(src/unitree_ros2/docs) by extensions ['cmake', 'python']
[0.240s] Level 1:colcon.colcon_core.package_identification:_identify(src/unitree_ros2/docs) by extension 'cmake'
[0.240s] Level 1:colcon.colcon_core.package_identification:_identify(src/unitree_ros2/docs) by extension 'python'
[0.240s] Level 1:colcon.colcon_core.package_identification:_identify(src/unitree_ros2/docs) by extensions ['python_setup_py']
[0.240s] Level 1:colcon.colcon_core.package_identification:_identify(src/unitree_ros2/docs) by extension 'python_setup_py'
[0.240s] Level 1:colcon.colcon_core.package_identification:_identify(src/unitree_ros2/docs/image) by extensions ['ignore', 'ignore_ament_install']
[0.240s] Level 1:colcon.colcon_core.package_identification:_identify(src/unitree_ros2/docs/image) by extension 'ignore'
[0.240s] Level 1:colcon.colcon_core.package_identification:_identify(src/unitree_ros2/docs/image) by extension 'ignore_ament_install'
[0.240s] Level 1:colcon.colcon_core.package_identification:_identify(src/unitree_ros2/docs/image) by extensions ['colcon_pkg']
[0.240s] Level 1:colcon.colcon_core.package_identification:_identify(src/unitree_ros2/docs/image) by extension 'colcon_pkg'
[0.240s] Level 1:colcon.colcon_core.package_identification:_identify(src/unitree_ros2/docs/image) by extensions ['colcon_meta']
[0.240s] Level 1:colcon.colcon_core.package_identification:_identify(src/unitree_ros2/docs/image) by extension 'colcon_meta'
[0.240s] Level 1:colcon.colcon_core.package_identification:_identify(src/unitree_ros2/docs/image) by extensions ['ros']
[0.240s] Level 1:colcon.colcon_core.package_identification:_identify(src/unitree_ros2/docs/image) by extension 'ros'
[0.240s] Level 1:colcon.colcon_core.package_identification:_identify(src/unitree_ros2/docs/image) by extensions ['cmake', 'python']
[0.240s] Level 1:colcon.colcon_core.package_identification:_identify(src/unitree_ros2/docs/image) by extension 'cmake'
[0.240s] Level 1:colcon.colcon_core.package_identification:_identify(src/unitree_ros2/docs/image) by extension 'python'
[0.240s] Level 1:colcon.colcon_core.package_identification:_identify(src/unitree_ros2/docs/image) by extensions ['python_setup_py']
[0.240s] Level 1:colcon.colcon_core.package_identification:_identify(src/unitree_ros2/docs/image) by extension 'python_setup_py'
[0.240s] Level 1:colcon.colcon_core.package_identification:_identify(src/unitree_ros2/example) by extensions ['ignore', 'ignore_ament_install']
[0.240s] Level 1:colcon.colcon_core.package_identification:_identify(src/unitree_ros2/example) by extension 'ignore'
[0.240s] Level 1:colcon.colcon_core.package_identification:_identify(src/unitree_ros2/example) by extension 'ignore_ament_install'
[0.240s] Level 1:colcon.colcon_core.package_identification:_identify(src/unitree_ros2/example) by extensions ['colcon_pkg']
[0.240s] Level 1:colcon.colcon_core.package_identification:_identify(src/unitree_ros2/example) by extension 'colcon_pkg'
[0.240s] Level 1:colcon.colcon_core.package_identification:_identify(src/unitree_ros2/example) by extensions ['colcon_meta']
[0.240s] Level 1:colcon.colcon_core.package_identification:_identify(src/unitree_ros2/example) by extension 'colcon_meta'
[0.241s] Level 1:colcon.colcon_core.package_identification:_identify(src/unitree_ros2/example) by extensions ['ros']
[0.241s] Level 1:colcon.colcon_core.package_identification:_identify(src/unitree_ros2/example) by extension 'ros'
[0.241s] Level 1:colcon.colcon_core.package_identification:_identify(src/unitree_ros2/example) by extensions ['cmake', 'python']
[0.241s] Level 1:colcon.colcon_core.package_identification:_identify(src/unitree_ros2/example) by extension 'cmake'
[0.241s] Level 1:colcon.colcon_core.package_identification:_identify(src/unitree_ros2/example) by extension 'python'
[0.241s] Level 1:colcon.colcon_core.package_identification:_identify(src/unitree_ros2/example) by extensions ['python_setup_py']
[0.241s] Level 1:colcon.colcon_core.package_identification:_identify(src/unitree_ros2/example) by extension 'python_setup_py'
[0.241s] Level 1:colcon.colcon_core.package_identification:_identify(src/unitree_ros2/example/src) by extensions ['ignore', 'ignore_ament_install']
[0.241s] Level 1:colcon.colcon_core.package_identification:_identify(src/unitree_ros2/example/src) by extension 'ignore'
[0.241s] Level 1:colcon.colcon_core.package_identification:_identify(src/unitree_ros2/example/src) by extension 'ignore_ament_install'
[0.241s] Level 1:colcon.colcon_core.package_identification:_identify(src/unitree_ros2/example/src) by extensions ['colcon_pkg']
[0.241s] Level 1:colcon.colcon_core.package_identification:_identify(src/unitree_ros2/example/src) by extension 'colcon_pkg'
[0.241s] Level 1:colcon.colcon_core.package_identification:_identify(src/unitree_ros2/example/src) by extensions ['colcon_meta']
[0.241s] Level 1:colcon.colcon_core.package_identification:_identify(src/unitree_ros2/example/src) by extension 'colcon_meta'
[0.241s] Level 1:colcon.colcon_core.package_identification:_identify(src/unitree_ros2/example/src) by extensions ['ros']
[0.241s] Level 1:colcon.colcon_core.package_identification:_identify(src/unitree_ros2/example/src) by extension 'ros'
[0.241s] DEBUG:colcon.colcon_core.package_identification:Package 'src/unitree_ros2/example/src' with type 'ros.ament_cmake' and name 'unitree_ros2_example'
[0.241s] Level 1:colcon.colcon_core.package_discovery:discover_packages(recursive) using defaults
[0.241s] Level 1:colcon.colcon_core.package_discovery:discover_packages(ignore) discover
[0.241s] Level 1:colcon.colcon_core.package_discovery:discover_packages(ignore) using defaults
[0.241s] Level 1:colcon.colcon_core.package_discovery:discover_packages(path) discover
[0.241s] Level 1:colcon.colcon_core.package_discovery:discover_packages(path) using defaults
[0.255s] Level 1:colcon.colcon_core.package_discovery:discover_packages(prefix_path) check parameters
[0.255s] Level 1:colcon.colcon_core.package_discovery:discover_packages(prefix_path) discover
[0.256s] DEBUG:colcon.colcon_installed_package_information.package_discovery:Found 316 installed packages in /opt/ros/humble
[0.257s] Level 1:colcon.colcon_core.package_discovery:discover_packages(prefix_path) using defaults
[0.271s] Level 5:colcon.colcon_core.verb:set package 'mujoco' build argument 'cmake_args' from command line to 'None'
[0.271s] Level 5:colcon.colcon_core.verb:set package 'mujoco' build argument 'cmake_target' from command line to 'None'
[0.271s] Level 5:colcon.colcon_core.verb:set package 'mujoco' build argument 'cmake_target_skip_unavailable' from command line to 'False'
[0.271s] Level 5:colcon.colcon_core.verb:set package 'mujoco' build argument 'cmake_clean_cache' from command line to 'False'
[0.271s] Level 5:colcon.colcon_core.verb:set package 'mujoco' build argument 'cmake_clean_first' from command line to 'False'
[0.271s] Level 5:colcon.colcon_core.verb:set package 'mujoco' build argument 'cmake_force_configure' from command line to 'False'
[0.271s] Level 5:colcon.colcon_core.verb:set package 'mujoco' build argument 'ament_cmake_args' from command line to 'None'
[0.271s] Level 5:colcon.colcon_core.verb:set package 'mujoco' build argument 'catkin_cmake_args' from command line to 'None'
[0.271s] Level 5:colcon.colcon_core.verb:set package 'mujoco' build argument 'catkin_skip_building_tests' from command line to 'False'
[0.271s] DEBUG:colcon.colcon_core.verb:Building package 'mujoco' with the following arguments: {'ament_cmake_args': None, 'build_base': '/home/jason/projects/motion_control_go2/build/mujoco', 'catkin_cmake_args': None, 'catkin_skip_building_tests': False, 'cmake_args': None, 'cmake_clean_cache': False, 'cmake_clean_first': False, 'cmake_force_configure': False, 'cmake_target': None, 'cmake_target_skip_unavailable': False, 'install_base': '/home/jason/projects/motion_control_go2/install/mujoco', 'merge_install': False, 'path': '/home/jason/projects/motion_control_go2/src/mujoco', 'symlink_install': True, 'test_result_base': None}
[0.271s] Level 5:colcon.colcon_core.verb:set package 'osgQt' build argument 'cmake_args' from command line to 'None'
[0.271s] Level 5:colcon.colcon_core.verb:set package 'osgQt' build argument 'cmake_target' from command line to 'None'
[0.271s] Level 5:colcon.colcon_core.verb:set package 'osgQt' build argument 'cmake_target_skip_unavailable' from command line to 'False'
[0.271s] Level 5:colcon.colcon_core.verb:set package 'osgQt' build argument 'cmake_clean_cache' from command line to 'False'
[0.271s] Level 5:colcon.colcon_core.verb:set package 'osgQt' build argument 'cmake_clean_first' from command line to 'False'
[0.271s] Level 5:colcon.colcon_core.verb:set package 'osgQt' build argument 'cmake_force_configure' from command line to 'False'
[0.271s] Level 5:colcon.colcon_core.verb:set package 'osgQt' build argument 'ament_cmake_args' from command line to 'None'
[0.271s] Level 5:colcon.colcon_core.verb:set package 'osgQt' build argument 'catkin_cmake_args' from command line to 'None'
[0.271s] Level 5:colcon.colcon_core.verb:set package 'osgQt' build argument 'catkin_skip_building_tests' from command line to 'False'
[0.271s] DEBUG:colcon.colcon_core.verb:Building package 'osgQt' with the following arguments: {'ament_cmake_args': None, 'build_base': '/home/jason/projects/motion_control_go2/build/osgQt', 'catkin_cmake_args': None, 'catkin_skip_building_tests': False, 'cmake_args': None, 'cmake_clean_cache': False, 'cmake_clean_first': False, 'cmake_force_configure': False, 'cmake_target': None, 'cmake_target_skip_unavailable': False, 'install_base': '/home/jason/projects/motion_control_go2/install/osgQt', 'merge_install': False, 'path': '/home/jason/projects/motion_control_go2/src/osgQt', 'symlink_install': True, 'test_result_base': None}
[0.272s] Level 5:colcon.colcon_core.verb:set package 'robot_viz_cpp' build argument 'cmake_args' from command line to 'None'
[0.272s] Level 5:colcon.colcon_core.verb:set package 'robot_viz_cpp' build argument 'cmake_target' from command line to 'None'
[0.272s] Level 5:colcon.colcon_core.verb:set package 'robot_viz_cpp' build argument 'cmake_target_skip_unavailable' from command line to 'False'
[0.272s] Level 5:colcon.colcon_core.verb:set package 'robot_viz_cpp' build argument 'cmake_clean_cache' from command line to 'False'
[0.272s] Level 5:colcon.colcon_core.verb:set package 'robot_viz_cpp' build argument 'cmake_clean_first' from command line to 'False'
[0.272s] Level 5:colcon.colcon_core.verb:set package 'robot_viz_cpp' build argument 'cmake_force_configure' from command line to 'False'
[0.272s] Level 5:colcon.colcon_core.verb:set package 'robot_viz_cpp' build argument 'ament_cmake_args' from command line to 'None'
[0.272s] Level 5:colcon.colcon_core.verb:set package 'robot_viz_cpp' build argument 'catkin_cmake_args' from command line to 'None'
[0.272s] Level 5:colcon.colcon_core.verb:set package 'robot_viz_cpp' build argument 'catkin_skip_building_tests' from command line to 'False'
[0.272s] DEBUG:colcon.colcon_core.verb:Building package 'robot_viz_cpp' with the following arguments: {'ament_cmake_args': None, 'build_base': '/home/jason/projects/motion_control_go2/build/robot_viz_cpp', 'catkin_cmake_args': None, 'catkin_skip_building_tests': False, 'cmake_args': None, 'cmake_clean_cache': False, 'cmake_clean_first': False, 'cmake_force_configure': False, 'cmake_target': None, 'cmake_target_skip_unavailable': False, 'install_base': '/home/jason/projects/motion_control_go2/install/robot_viz_cpp', 'merge_install': False, 'path': '/home/jason/projects/motion_control_go2/src/robot_viz_cpp', 'symlink_install': True, 'test_result_base': None}
[0.272s] Level 5:colcon.colcon_core.verb:set package 'unitree_api' build argument 'cmake_args' from command line to 'None'
[0.272s] Level 5:colcon.colcon_core.verb:set package 'unitree_api' build argument 'cmake_target' from command line to 'None'
[0.272s] Level 5:colcon.colcon_core.verb:set package 'unitree_api' build argument 'cmake_target_skip_unavailable' from command line to 'False'
[0.272s] Level 5:colcon.colcon_core.verb:set package 'unitree_api' build argument 'cmake_clean_cache' from command line to 'False'
[0.272s] Level 5:colcon.colcon_core.verb:set package 'unitree_api' build argument 'cmake_clean_first' from command line to 'False'
[0.272s] Level 5:colcon.colcon_core.verb:set package 'unitree_api' build argument 'cmake_force_configure' from command line to 'False'
[0.272s] Level 5:colcon.colcon_core.verb:set package 'unitree_api' build argument 'ament_cmake_args' from command line to 'None'
[0.272s] Level 5:colcon.colcon_core.verb:set package 'unitree_api' build argument 'catkin_cmake_args' from command line to 'None'
[0.272s] Level 5:colcon.colcon_core.verb:set package 'unitree_api' build argument 'catkin_skip_building_tests' from command line to 'False'
[0.272s] DEBUG:colcon.colcon_core.verb:Building package 'unitree_api' with the following arguments: {'ament_cmake_args': None, 'build_base': '/home/jason/projects/motion_control_go2/build/unitree_api', 'catkin_cmake_args': None, 'catkin_skip_building_tests': False, 'cmake_args': None, 'cmake_clean_cache': False, 'cmake_clean_first': False, 'cmake_force_configure': False, 'cmake_target': None, 'cmake_target_skip_unavailable': False, 'install_base': '/home/jason/projects/motion_control_go2/install/unitree_api', 'merge_install': False, 'path': '/home/jason/projects/motion_control_go2/src/unitree_ros2/cyclonedds_ws/src/unitree/unitree_api', 'symlink_install': True, 'test_result_base': None}
[0.272s] Level 5:colcon.colcon_core.verb:set package 'unitree_go' build argument 'cmake_args' from command line to 'None'
[0.272s] Level 5:colcon.colcon_core.verb:set package 'unitree_go' build argument 'cmake_target' from command line to 'None'
[0.272s] Level 5:colcon.colcon_core.verb:set package 'unitree_go' build argument 'cmake_target_skip_unavailable' from command line to 'False'
[0.272s] Level 5:colcon.colcon_core.verb:set package 'unitree_go' build argument 'cmake_clean_cache' from command line to 'False'
[0.272s] Level 5:colcon.colcon_core.verb:set package 'unitree_go' build argument 'cmake_clean_first' from command line to 'False'
[0.272s] Level 5:colcon.colcon_core.verb:set package 'unitree_go' build argument 'cmake_force_configure' from command line to 'False'
[0.272s] Level 5:colcon.colcon_core.verb:set package 'unitree_go' build argument 'ament_cmake_args' from command line to 'None'
[0.272s] Level 5:colcon.colcon_core.verb:set package 'unitree_go' build argument 'catkin_cmake_args' from command line to 'None'
[0.272s] Level 5:colcon.colcon_core.verb:set package 'unitree_go' build argument 'catkin_skip_building_tests' from command line to 'False'
[0.272s] DEBUG:colcon.colcon_core.verb:Building package 'unitree_go' with the following arguments: {'ament_cmake_args': None, 'build_base': '/home/jason/projects/motion_control_go2/build/unitree_go', 'catkin_cmake_args': None, 'catkin_skip_building_tests': False, 'cmake_args': None, 'cmake_clean_cache': False, 'cmake_clean_first': False, 'cmake_force_configure': False, 'cmake_target': None, 'cmake_target_skip_unavailable': False, 'install_base': '/home/jason/projects/motion_control_go2/install/unitree_go', 'merge_install': False, 'path': '/home/jason/projects/motion_control_go2/src/unitree_ros2/cyclonedds_ws/src/unitree/unitree_go', 'symlink_install': True, 'test_result_base': None}
[0.272s] Level 5:colcon.colcon_core.verb:set package 'unitree_hg' build argument 'cmake_args' from command line to 'None'
[0.272s] Level 5:colcon.colcon_core.verb:set package 'unitree_hg' build argument 'cmake_target' from command line to 'None'
[0.272s] Level 5:colcon.colcon_core.verb:set package 'unitree_hg' build argument 'cmake_target_skip_unavailable' from command line to 'False'
[0.272s] Level 5:colcon.colcon_core.verb:set package 'unitree_hg' build argument 'cmake_clean_cache' from command line to 'False'
[0.272s] Level 5:colcon.colcon_core.verb:set package 'unitree_hg' build argument 'cmake_clean_first' from command line to 'False'
[0.272s] Level 5:colcon.colcon_core.verb:set package 'unitree_hg' build argument 'cmake_force_configure' from command line to 'False'
[0.272s] Level 5:colcon.colcon_core.verb:set package 'unitree_hg' build argument 'ament_cmake_args' from command line to 'None'
[0.272s] Level 5:colcon.colcon_core.verb:set package 'unitree_hg' build argument 'catkin_cmake_args' from command line to 'None'
[0.272s] Level 5:colcon.colcon_core.verb:set package 'unitree_hg' build argument 'catkin_skip_building_tests' from command line to 'False'
[0.272s] DEBUG:colcon.colcon_core.verb:Building package 'unitree_hg' with the following arguments: {'ament_cmake_args': None, 'build_base': '/home/jason/projects/motion_control_go2/build/unitree_hg', 'catkin_cmake_args': None, 'catkin_skip_building_tests': False, 'cmake_args': None, 'cmake_clean_cache': False, 'cmake_clean_first': False, 'cmake_force_configure': False, 'cmake_target': None, 'cmake_target_skip_unavailable': False, 'install_base': '/home/jason/projects/motion_control_go2/install/unitree_hg', 'merge_install': False, 'path': '/home/jason/projects/motion_control_go2/src/unitree_ros2/cyclonedds_ws/src/unitree/unitree_hg', 'symlink_install': True, 'test_result_base': None}
[0.272s] Level 5:colcon.colcon_core.verb:set package 'stand_go2' build argument 'cmake_args' from command line to 'None'
[0.272s] Level 5:colcon.colcon_core.verb:set package 'stand_go2' build argument 'cmake_target' from command line to 'None'
[0.272s] Level 5:colcon.colcon_core.verb:set package 'stand_go2' build argument 'cmake_target_skip_unavailable' from command line to 'False'
[0.272s] Level 5:colcon.colcon_core.verb:set package 'stand_go2' build argument 'cmake_clean_cache' from command line to 'False'
[0.272s] Level 5:colcon.colcon_core.verb:set package 'stand_go2' build argument 'cmake_clean_first' from command line to 'False'
[0.272s] Level 5:colcon.colcon_core.verb:set package 'stand_go2' build argument 'cmake_force_configure' from command line to 'False'
[0.272s] Level 5:colcon.colcon_core.verb:set package 'stand_go2' build argument 'ament_cmake_args' from command line to 'None'
[0.272s] Level 5:colcon.colcon_core.verb:set package 'stand_go2' build argument 'catkin_cmake_args' from command line to 'None'
[0.272s] Level 5:colcon.colcon_core.verb:set package 'stand_go2' build argument 'catkin_skip_building_tests' from command line to 'False'
[0.272s] DEBUG:colcon.colcon_core.verb:Building package 'stand_go2' with the following arguments: {'ament_cmake_args': None, 'build_base': '/home/jason/projects/motion_control_go2/build/stand_go2', 'catkin_cmake_args': None, 'catkin_skip_building_tests': False, 'cmake_args': None, 'cmake_clean_cache': False, 'cmake_clean_first': False, 'cmake_force_configure': False, 'cmake_target': None, 'cmake_target_skip_unavailable': False, 'install_base': '/home/jason/projects/motion_control_go2/install/stand_go2', 'merge_install': False, 'path': '/home/jason/projects/motion_control_go2/src/unitree_mujoco/example/ros2', 'symlink_install': True, 'test_result_base': None}
[0.273s] Level 5:colcon.colcon_core.verb:set package 'unitree_mujoco' build argument 'cmake_args' from command line to 'None'
[0.273s] Level 5:colcon.colcon_core.verb:set package 'unitree_mujoco' build argument 'cmake_target' from command line to 'None'
[0.273s] Level 5:colcon.colcon_core.verb:set package 'unitree_mujoco' build argument 'cmake_target_skip_unavailable' from command line to 'False'
[0.273s] Level 5:colcon.colcon_core.verb:set package 'unitree_mujoco' build argument 'cmake_clean_cache' from command line to 'False'
[0.273s] Level 5:colcon.colcon_core.verb:set package 'unitree_mujoco' build argument 'cmake_clean_first' from command line to 'False'
[0.273s] Level 5:colcon.colcon_core.verb:set package 'unitree_mujoco' build argument 'cmake_force_configure' from command line to 'False'
[0.273s] Level 5:colcon.colcon_core.verb:set package 'unitree_mujoco' build argument 'ament_cmake_args' from command line to 'None'
[0.273s] Level 5:colcon.colcon_core.verb:set package 'unitree_mujoco' build argument 'catkin_cmake_args' from command line to 'None'
[0.273s] Level 5:colcon.colcon_core.verb:set package 'unitree_mujoco' build argument 'catkin_skip_building_tests' from command line to 'False'
[0.273s] DEBUG:colcon.colcon_core.verb:Building package 'unitree_mujoco' with the following arguments: {'ament_cmake_args': None, 'build_base': '/home/jason/projects/motion_control_go2/build/unitree_mujoco', 'catkin_cmake_args': None, 'catkin_skip_building_tests': False, 'cmake_args': None, 'cmake_clean_cache': False, 'cmake_clean_first': False, 'cmake_force_configure': False, 'cmake_target': None, 'cmake_target_skip_unavailable': False, 'install_base': '/home/jason/projects/motion_control_go2/install/unitree_mujoco', 'merge_install': False, 'path': '/home/jason/projects/motion_control_go2/src/unitree_mujoco/simulate', 'symlink_install': True, 'test_result_base': None}
[0.273s] Level 5:colcon.colcon_core.verb:set package 'unitree_ros2_example' build argument 'cmake_args' from command line to 'None'
[0.273s] Level 5:colcon.colcon_core.verb:set package 'unitree_ros2_example' build argument 'cmake_target' from command line to 'None'
[0.273s] Level 5:colcon.colcon_core.verb:set package 'unitree_ros2_example' build argument 'cmake_target_skip_unavailable' from command line to 'False'
[0.273s] Level 5:colcon.colcon_core.verb:set package 'unitree_ros2_example' build argument 'cmake_clean_cache' from command line to 'False'
[0.273s] Level 5:colcon.colcon_core.verb:set package 'unitree_ros2_example' build argument 'cmake_clean_first' from command line to 'False'
[0.273s] Level 5:colcon.colcon_core.verb:set package 'unitree_ros2_example' build argument 'cmake_force_configure' from command line to 'False'
[0.273s] Level 5:colcon.colcon_core.verb:set package 'unitree_ros2_example' build argument 'ament_cmake_args' from command line to 'None'
[0.273s] Level 5:colcon.colcon_core.verb:set package 'unitree_ros2_example' build argument 'catkin_cmake_args' from command line to 'None'
[0.273s] Level 5:colcon.colcon_core.verb:set package 'unitree_ros2_example' build argument 'catkin_skip_building_tests' from command line to 'False'
[0.273s] DEBUG:colcon.colcon_core.verb:Building package 'unitree_ros2_example' with the following arguments: {'ament_cmake_args': None, 'build_base': '/home/jason/projects/motion_control_go2/build/unitree_ros2_example', 'catkin_cmake_args': None, 'catkin_skip_building_tests': False, 'cmake_args': None, 'cmake_clean_cache': False, 'cmake_clean_first': False, 'cmake_force_configure': False, 'cmake_target': None, 'cmake_target_skip_unavailable': False, 'install_base': '/home/jason/projects/motion_control_go2/install/unitree_ros2_example', 'merge_install': False, 'path': '/home/jason/projects/motion_control_go2/src/unitree_ros2/example/src', 'symlink_install': True, 'test_result_base': None}
[0.273s] INFO:colcon.colcon_core.executor:Executing jobs using 'parallel' executor
[0.273s] DEBUG:colcon.colcon_parallel_executor.executor.parallel:run_until_complete
[0.274s] INFO:colcon.colcon_ros.task.ament_cmake.build:Building ROS package in '/home/jason/projects/motion_control_go2/src/unitree_ros2/cyclonedds_ws/src/unitree/unitree_api' with build type 'ament_cmake'
[0.274s] INFO:colcon.colcon_cmake.task.cmake.build:Building CMake package in '/home/jason/projects/motion_control_go2/src/unitree_ros2/cyclonedds_ws/src/unitree/unitree_api'
[0.275s] INFO:colcon.colcon_core.plugin_system:Skipping extension 'colcon_core.shell.bat': Not used on non-Windows systems
[0.275s] INFO:colcon.colcon_core.shell:Skip shell extension 'powershell' for command environment: Not usable outside of PowerShell
[0.275s] DEBUG:colcon.colcon_core.shell:Skip shell extension 'dsv' for command environment
[0.276s] INFO:colcon.colcon_ros.task.ament_cmake.build:Building ROS package in '/home/jason/projects/motion_control_go2/src/unitree_ros2/cyclonedds_ws/src/unitree/unitree_go' with build type 'ament_cmake'
[0.276s] INFO:colcon.colcon_cmake.task.cmake.build:Building CMake package in '/home/jason/projects/motion_control_go2/src/unitree_ros2/cyclonedds_ws/src/unitree/unitree_go'
[0.276s] INFO:colcon.colcon_core.shell:Skip shell extension 'powershell' for command environment: Not usable outside of PowerShell
[0.276s] DEBUG:colcon.colcon_core.shell:Skip shell extension 'dsv' for command environment
[0.278s] INFO:colcon.colcon_cmake.task.cmake.build:Building CMake package in '/home/jason/projects/motion_control_go2/src/mujoco'
[0.278s] INFO:colcon.colcon_core.shell:Skip shell extension 'powershell' for command environment: Not usable outside of PowerShell
[0.278s] DEBUG:colcon.colcon_core.shell:Skip shell extension 'dsv' for command environment
[0.279s] INFO:colcon.colcon_ros.task.ament_cmake.build:Building ROS package in '/home/jason/projects/motion_control_go2/src/unitree_ros2/cyclonedds_ws/src/unitree/unitree_hg' with build type 'ament_cmake'
[0.279s] INFO:colcon.colcon_cmake.task.cmake.build:Building CMake package in '/home/jason/projects/motion_control_go2/src/unitree_ros2/cyclonedds_ws/src/unitree/unitree_hg'
[0.279s] INFO:colcon.colcon_core.shell:Skip shell extension 'powershell' for command environment: Not usable outside of PowerShell
[0.279s] DEBUG:colcon.colcon_core.shell:Skip shell extension 'dsv' for command environment
[0.280s] INFO:colcon.colcon_cmake.task.cmake.build:Building CMake package in '/home/jason/projects/motion_control_go2/src/osgQt'
[0.280s] INFO:colcon.colcon_core.shell:Skip shell extension 'powershell' for command environment: Not usable outside of PowerShell
[0.280s] DEBUG:colcon.colcon_core.shell:Skip shell extension 'dsv' for command environment
[0.281s] INFO:colcon.colcon_ros.task.ament_cmake.build:Building ROS package in '/home/jason/projects/motion_control_go2/src/robot_viz_cpp' with build type 'ament_cmake'
[0.282s] INFO:colcon.colcon_cmake.task.cmake.build:Building CMake package in '/home/jason/projects/motion_control_go2/src/robot_viz_cpp'
[0.282s] INFO:colcon.colcon_core.shell:Skip shell extension 'powershell' for command environment: Not usable outside of PowerShell
[0.282s] DEBUG:colcon.colcon_core.shell:Skip shell extension 'dsv' for command environment
[0.284s] DEBUG:colcon.colcon_core.event_handler.log_command:Invoking command in '/home/jason/projects/motion_control_go2/build/unitree_api': CMAKE_PREFIX_PATH=${CMAKE_PREFIX_PATH}:/opt/ros/humble /usr/bin/cmake --build /home/jason/projects/motion_control_go2/build/unitree_api -- -j16 -l16
[0.293s] DEBUG:colcon.colcon_core.event_handler.log_command:Invoking command in '/home/jason/projects/motion_control_go2/build/unitree_go': CMAKE_PREFIX_PATH=${CMAKE_PREFIX_PATH}:/opt/ros/humble /usr/bin/cmake --build /home/jason/projects/motion_control_go2/build/unitree_go -- -j16 -l16
[0.294s] DEBUG:colcon.colcon_core.event_handler.log_command:Invoking command in '/home/jason/projects/motion_control_go2/build/mujoco': /usr/bin/cmake --build /home/jason/projects/motion_control_go2/build/mujoco -- -j16 -l16
[0.294s] DEBUG:colcon.colcon_core.event_handler.log_command:Invoking command in '/home/jason/projects/motion_control_go2/build/unitree_hg': CMAKE_PREFIX_PATH=${CMAKE_PREFIX_PATH}:/opt/ros/humble /usr/bin/cmake --build /home/jason/projects/motion_control_go2/build/unitree_hg -- -j16 -l16
[0.300s] DEBUG:colcon.colcon_core.event_handler.log_command:Invoking command in '/home/jason/projects/motion_control_go2/build/osgQt': /usr/bin/cmake --build /home/jason/projects/motion_control_go2/build/osgQt -- -j16 -l16
[0.306s] DEBUG:colcon.colcon_core.event_handler.log_command:Invoking command in '/home/jason/projects/motion_control_go2/build/robot_viz_cpp': CMAKE_PREFIX_PATH=${CMAKE_PREFIX_PATH}:/opt/ros/humble /usr/bin/cmake --build /home/jason/projects/motion_control_go2/build/robot_viz_cpp -- -j16 -l16
[0.349s] DEBUG:colcon.colcon_core.event_handler.log_command:Invoked command in '/home/jason/projects/motion_control_go2/build/robot_viz_cpp' returned '0': CMAKE_PREFIX_PATH=${CMAKE_PREFIX_PATH}:/opt/ros/humble /usr/bin/cmake --build /home/jason/projects/motion_control_go2/build/robot_viz_cpp -- -j16 -l16
[0.357s] DEBUG:colcon.colcon_core.event_handler.log_command:Invoking command in '/home/jason/projects/motion_control_go2/build/robot_viz_cpp': CMAKE_PREFIX_PATH=${CMAKE_PREFIX_PATH}:/opt/ros/humble /usr/bin/cmake --install /home/jason/projects/motion_control_go2/build/robot_viz_cpp
[0.502s] DEBUG:colcon.colcon_core.event_handler.log_command:Invoked command in '/home/jason/projects/motion_control_go2/build/osgQt' returned '0': /usr/bin/cmake --build /home/jason/projects/motion_control_go2/build/osgQt -- -j16 -l16
[0.507s] DEBUG:colcon.colcon_core.event_handler.log_command:Invoking command in '/home/jason/projects/motion_control_go2/build/osgQt': /usr/bin/cmake --install /home/jason/projects/motion_control_go2/build/osgQt
[0.525s] Level 1:colcon.colcon_core.environment:create_environment_scripts_only(osgQt)
[0.525s] DEBUG:colcon.colcon_core.event_handler.log_command:Invoked command in '/home/jason/projects/motion_control_go2/build/osgQt' returned '0': /usr/bin/cmake --install /home/jason/projects/motion_control_go2/build/osgQt
[0.526s] Level 1:colcon.colcon_core.environment:checking '/home/jason/projects/motion_control_go2/install/osgQt' for CMake module files
[0.526s] Level 1:colcon.colcon_core.environment:checking '/home/jason/projects/motion_control_go2/install/osgQt' for CMake config files
[0.527s] Level 1:colcon.colcon_core.environment:checking '/home/jason/projects/motion_control_go2/install/osgQt/lib64'
[0.527s] Level 1:colcon.colcon_core.shell:create_environment_hook('osgQt', 'ld_library_path_lib64')
[0.527s] INFO:colcon.colcon_core.shell:Creating environment hook '/home/jason/projects/motion_control_go2/install/osgQt/share/osgQt/hook/ld_library_path_lib64.ps1'
[0.528s] INFO:colcon.colcon_core.shell:Creating environment descriptor '/home/jason/projects/motion_control_go2/install/osgQt/share/osgQt/hook/ld_library_path_lib64.dsv'
[0.528s] INFO:colcon.colcon_core.shell:Creating environment hook '/home/jason/projects/motion_control_go2/install/osgQt/share/osgQt/hook/ld_library_path_lib64.sh'
[0.529s] Level 1:colcon.colcon_core.environment:checking '/home/jason/projects/motion_control_go2/install/osgQt/bin'
[0.529s] Level 1:colcon.colcon_core.environment:checking '/home/jason/projects/motion_control_go2/install/osgQt/lib/pkgconfig/osgQt.pc'
[0.529s] Level 1:colcon.colcon_core.environment:checking '/home/jason/projects/motion_control_go2/install/osgQt/lib/python3.10/site-packages'
[0.529s] Level 1:colcon.colcon_core.environment:checking '/home/jason/projects/motion_control_go2/install/osgQt/bin'
[0.529s] INFO:colcon.colcon_core.shell:Creating package script '/home/jason/projects/motion_control_go2/install/osgQt/share/osgQt/package.ps1'
[0.530s] INFO:colcon.colcon_core.shell:Creating package descriptor '/home/jason/projects/motion_control_go2/install/osgQt/share/osgQt/package.dsv'
[0.530s] INFO:colcon.colcon_core.shell:Creating package script '/home/jason/projects/motion_control_go2/install/osgQt/share/osgQt/package.sh'
[0.533s] INFO:colcon.colcon_core.shell:Creating package script '/home/jason/projects/motion_control_go2/install/osgQt/share/osgQt/package.bash'
[0.533s] INFO:colcon.colcon_core.shell:Creating package script '/home/jason/projects/motion_control_go2/install/osgQt/share/osgQt/package.zsh'
[0.534s] Level 1:colcon.colcon_core.environment:create_file_with_runtime_dependencies(/home/jason/projects/motion_control_go2/install/osgQt/share/colcon-core/packages/osgQt)
[0.618s] Level 1:colcon.colcon_core.environment:create_environment_scripts_only(robot_viz_cpp)
[0.618s] Level 1:colcon.colcon_core.environment:checking '/home/jason/projects/motion_control_go2/install/robot_viz_cpp' for CMake module files
[0.618s] DEBUG:colcon.colcon_core.event_handler.log_command:Invoked command in '/home/jason/projects/motion_control_go2/build/robot_viz_cpp' returned '0': CMAKE_PREFIX_PATH=${CMAKE_PREFIX_PATH}:/opt/ros/humble /usr/bin/cmake --install /home/jason/projects/motion_control_go2/build/robot_viz_cpp
[0.619s] Level 1:colcon.colcon_core.environment:checking '/home/jason/projects/motion_control_go2/install/robot_viz_cpp' for CMake config files
[0.619s] Level 1:colcon.colcon_core.shell:create_environment_hook('robot_viz_cpp', 'cmake_prefix_path')
[0.619s] INFO:colcon.colcon_core.shell:Creating environment hook '/home/jason/projects/motion_control_go2/install/robot_viz_cpp/share/robot_viz_cpp/hook/cmake_prefix_path.ps1'
[0.619s] INFO:colcon.colcon_core.shell:Creating environment descriptor '/home/jason/projects/motion_control_go2/install/robot_viz_cpp/share/robot_viz_cpp/hook/cmake_prefix_path.dsv'
[0.620s] INFO:colcon.colcon_core.shell:Creating environment hook '/home/jason/projects/motion_control_go2/install/robot_viz_cpp/share/robot_viz_cpp/hook/cmake_prefix_path.sh'
[0.620s] Level 1:colcon.colcon_core.environment:checking '/home/jason/projects/motion_control_go2/install/robot_viz_cpp/bin'
[0.620s] Level 1:colcon.colcon_core.environment:checking '/home/jason/projects/motion_control_go2/install/robot_viz_cpp/lib/pkgconfig/robot_viz_cpp.pc'
[0.620s] Level 1:colcon.colcon_core.environment:checking '/home/jason/projects/motion_control_go2/install/robot_viz_cpp/lib/python3.10/site-packages'
[0.620s] Level 1:colcon.colcon_core.environment:checking '/home/jason/projects/motion_control_go2/install/robot_viz_cpp/bin'
[0.620s] INFO:colcon.colcon_core.shell:Creating package script '/home/jason/projects/motion_control_go2/install/robot_viz_cpp/share/robot_viz_cpp/package.ps1'
[0.621s] INFO:colcon.colcon_core.shell:Creating package descriptor '/home/jason/projects/motion_control_go2/install/robot_viz_cpp/share/robot_viz_cpp/package.dsv'
[0.621s] INFO:colcon.colcon_core.shell:Creating package script '/home/jason/projects/motion_control_go2/install/robot_viz_cpp/share/robot_viz_cpp/package.sh'
[0.621s] INFO:colcon.colcon_core.shell:Creating package script '/home/jason/projects/motion_control_go2/install/robot_viz_cpp/share/robot_viz_cpp/package.bash'
[0.621s] INFO:colcon.colcon_core.shell:Creating package script '/home/jason/projects/motion_control_go2/install/robot_viz_cpp/share/robot_viz_cpp/package.zsh'
[0.621s] Level 1:colcon.colcon_core.environment:create_file_with_runtime_dependencies(/home/jason/projects/motion_control_go2/install/robot_viz_cpp/share/colcon-core/packages/robot_viz_cpp)
[0.625s] Level 1:colcon.colcon_core.environment:create_environment_scripts_only(robot_viz_cpp)
[0.625s] Level 1:colcon.colcon_core.environment:checking '/home/jason/projects/motion_control_go2/install/robot_viz_cpp' for CMake module files
[0.626s] Level 1:colcon.colcon_core.environment:checking '/home/jason/projects/motion_control_go2/install/robot_viz_cpp' for CMake config files
[0.626s] Level 1:colcon.colcon_core.shell:create_environment_hook('robot_viz_cpp', 'cmake_prefix_path')
[0.626s] INFO:colcon.colcon_core.shell:Creating environment hook '/home/jason/projects/motion_control_go2/install/robot_viz_cpp/share/robot_viz_cpp/hook/cmake_prefix_path.ps1'
[0.626s] INFO:colcon.colcon_core.shell:Creating environment descriptor '/home/jason/projects/motion_control_go2/install/robot_viz_cpp/share/robot_viz_cpp/hook/cmake_prefix_path.dsv'
[0.626s] INFO:colcon.colcon_core.shell:Creating environment hook '/home/jason/projects/motion_control_go2/install/robot_viz_cpp/share/robot_viz_cpp/hook/cmake_prefix_path.sh'
[0.627s] Level 1:colcon.colcon_core.environment:checking '/home/jason/projects/motion_control_go2/install/robot_viz_cpp/bin'
[0.627s] Level 1:colcon.colcon_core.environment:checking '/home/jason/projects/motion_control_go2/install/robot_viz_cpp/lib/pkgconfig/robot_viz_cpp.pc'
[0.627s] Level 1:colcon.colcon_core.environment:checking '/home/jason/projects/motion_control_go2/install/robot_viz_cpp/lib/python3.10/site-packages'
[0.627s] Level 1:colcon.colcon_core.environment:checking '/home/jason/projects/motion_control_go2/install/robot_viz_cpp/bin'
[0.627s] INFO:colcon.colcon_core.shell:Creating package script '/home/jason/projects/motion_control_go2/install/robot_viz_cpp/share/robot_viz_cpp/package.ps1'
[0.627s] INFO:colcon.colcon_core.shell:Creating package descriptor '/home/jason/projects/motion_control_go2/install/robot_viz_cpp/share/robot_viz_cpp/package.dsv'
[0.627s] INFO:colcon.colcon_core.shell:Creating package script '/home/jason/projects/motion_control_go2/install/robot_viz_cpp/share/robot_viz_cpp/package.sh'
[0.628s] INFO:colcon.colcon_core.shell:Creating package script '/home/jason/projects/motion_control_go2/install/robot_viz_cpp/share/robot_viz_cpp/package.bash'
[0.628s] INFO:colcon.colcon_core.shell:Creating package script '/home/jason/projects/motion_control_go2/install/robot_viz_cpp/share/robot_viz_cpp/package.zsh'
[0.628s] Level 1:colcon.colcon_core.environment:create_file_with_runtime_dependencies(/home/jason/projects/motion_control_go2/install/robot_viz_cpp/share/colcon-core/packages/robot_viz_cpp)
[6.923s] DEBUG:colcon.colcon_core.event_handler.log_command:Invoked command in '/home/jason/projects/motion_control_go2/build/unitree_api' returned '0': CMAKE_PREFIX_PATH=${CMAKE_PREFIX_PATH}:/opt/ros/humble /usr/bin/cmake --build /home/jason/projects/motion_control_go2/build/unitree_api -- -j16 -l16
[6.928s] DEBUG:colcon.colcon_core.event_handler.log_command:Invoking command in '/home/jason/projects/motion_control_go2/build/unitree_api': CMAKE_PREFIX_PATH=${CMAKE_PREFIX_PATH}:/opt/ros/humble /usr/bin/cmake --install /home/jason/projects/motion_control_go2/build/unitree_api
[9.730s] Level 1:colcon.colcon_core.environment:create_environment_scripts_only(unitree_api)
[9.730s] Level 1:colcon.colcon_core.environment:checking '/home/jason/projects/motion_control_go2/install/unitree_api' for CMake module files
[9.731s] DEBUG:colcon.colcon_core.event_handler.log_command:Invoked command in '/home/jason/projects/motion_control_go2/build/unitree_api' returned '0': CMAKE_PREFIX_PATH=${CMAKE_PREFIX_PATH}:/opt/ros/humble /usr/bin/cmake --install /home/jason/projects/motion_control_go2/build/unitree_api
[9.731s] Level 1:colcon.colcon_core.environment:checking '/home/jason/projects/motion_control_go2/install/unitree_api' for CMake config files
[9.732s] Level 1:colcon.colcon_core.shell:create_environment_hook('unitree_api', 'cmake_prefix_path')
[9.732s] INFO:colcon.colcon_core.shell:Creating environment hook '/home/jason/projects/motion_control_go2/install/unitree_api/share/unitree_api/hook/cmake_prefix_path.ps1'
[9.732s] INFO:colcon.colcon_core.shell:Creating environment descriptor '/home/jason/projects/motion_control_go2/install/unitree_api/share/unitree_api/hook/cmake_prefix_path.dsv'
[9.733s] INFO:colcon.colcon_core.shell:Creating environment hook '/home/jason/projects/motion_control_go2/install/unitree_api/share/unitree_api/hook/cmake_prefix_path.sh'
[9.733s] Level 1:colcon.colcon_core.environment:checking '/home/jason/projects/motion_control_go2/install/unitree_api/lib'
[9.733s] Level 1:colcon.colcon_core.shell:create_environment_hook('unitree_api', 'ld_library_path_lib')
[9.733s] INFO:colcon.colcon_core.shell:Creating environment hook '/home/jason/projects/motion_control_go2/install/unitree_api/share/unitree_api/hook/ld_library_path_lib.ps1'
[9.733s] INFO:colcon.colcon_core.shell:Creating environment descriptor '/home/jason/projects/motion_control_go2/install/unitree_api/share/unitree_api/hook/ld_library_path_lib.dsv'
[9.733s] INFO:colcon.colcon_core.shell:Creating environment hook '/home/jason/projects/motion_control_go2/install/unitree_api/share/unitree_api/hook/ld_library_path_lib.sh'
[9.734s] Level 1:colcon.colcon_core.environment:checking '/home/jason/projects/motion_control_go2/install/unitree_api/bin'
[9.734s] Level 1:colcon.colcon_core.environment:checking '/home/jason/projects/motion_control_go2/install/unitree_api/lib/pkgconfig/unitree_api.pc'
[9.734s] Level 1:colcon.colcon_core.environment:checking '/home/jason/projects/motion_control_go2/install/unitree_api/lib/python3.10/site-packages'
[9.734s] Level 1:colcon.colcon_core.environment:checking '/home/jason/projects/motion_control_go2/install/unitree_api/bin'
[9.734s] INFO:colcon.colcon_core.shell:Creating package script '/home/jason/projects/motion_control_go2/install/unitree_api/share/unitree_api/package.ps1'
[9.734s] INFO:colcon.colcon_core.shell:Creating package descriptor '/home/jason/projects/motion_control_go2/install/unitree_api/share/unitree_api/package.dsv'
[9.738s] INFO:colcon.colcon_core.shell:Creating package script '/home/jason/projects/motion_control_go2/install/unitree_api/share/unitree_api/package.sh'
[9.738s] INFO:colcon.colcon_core.shell:Creating package script '/home/jason/projects/motion_control_go2/install/unitree_api/share/unitree_api/package.bash'
[9.738s] INFO:colcon.colcon_core.shell:Creating package script '/home/jason/projects/motion_control_go2/install/unitree_api/share/unitree_api/package.zsh'
[9.738s] Level 1:colcon.colcon_core.environment:create_file_with_runtime_dependencies(/home/jason/projects/motion_control_go2/install/unitree_api/share/colcon-core/packages/unitree_api)
[9.739s] Level 1:colcon.colcon_core.environment:create_environment_scripts_only(unitree_api)
[9.739s] Level 1:colcon.colcon_core.environment:checking '/home/jason/projects/motion_control_go2/install/unitree_api' for CMake module files
[9.739s] Level 1:colcon.colcon_core.environment:checking '/home/jason/projects/motion_control_go2/install/unitree_api' for CMake config files
[9.740s] Level 1:colcon.colcon_core.shell:create_environment_hook('unitree_api', 'cmake_prefix_path')
[9.740s] INFO:colcon.colcon_core.shell:Creating environment hook '/home/jason/projects/motion_control_go2/install/unitree_api/share/unitree_api/hook/cmake_prefix_path.ps1'
[9.740s] INFO:colcon.colcon_core.shell:Creating environment descriptor '/home/jason/projects/motion_control_go2/install/unitree_api/share/unitree_api/hook/cmake_prefix_path.dsv'
[9.744s] INFO:colcon.colcon_core.shell:Creating environment hook '/home/jason/projects/motion_control_go2/install/unitree_api/share/unitree_api/hook/cmake_prefix_path.sh'
[9.744s] Level 1:colcon.colcon_core.environment:checking '/home/jason/projects/motion_control_go2/install/unitree_api/lib'
[9.744s] Level 1:colcon.colcon_core.shell:create_environment_hook('unitree_api', 'ld_library_path_lib')
[9.744s] INFO:colcon.colcon_core.shell:Creating environment hook '/home/jason/projects/motion_control_go2/install/unitree_api/share/unitree_api/hook/ld_library_path_lib.ps1'
[9.745s] INFO:colcon.colcon_core.shell:Creating environment descriptor '/home/jason/projects/motion_control_go2/install/unitree_api/share/unitree_api/hook/ld_library_path_lib.dsv'
[9.745s] INFO:colcon.colcon_core.shell:Creating environment hook '/home/jason/projects/motion_control_go2/install/unitree_api/share/unitree_api/hook/ld_library_path_lib.sh'
[9.745s] Level 1:colcon.colcon_core.environment:checking '/home/jason/projects/motion_control_go2/install/unitree_api/bin'
[9.745s] Level 1:colcon.colcon_core.environment:checking '/home/jason/projects/motion_control_go2/install/unitree_api/lib/pkgconfig/unitree_api.pc'
[9.745s] Level 1:colcon.colcon_core.environment:checking '/home/jason/projects/motion_control_go2/install/unitree_api/lib/python3.10/site-packages'
[9.745s] Level 1:colcon.colcon_core.environment:checking '/home/jason/projects/motion_control_go2/install/unitree_api/bin'
[9.745s] INFO:colcon.colcon_core.shell:Creating package script '/home/jason/projects/motion_control_go2/install/unitree_api/share/unitree_api/package.ps1'
[9.746s] INFO:colcon.colcon_core.shell:Creating package descriptor '/home/jason/projects/motion_control_go2/install/unitree_api/share/unitree_api/package.dsv'
[9.746s] INFO:colcon.colcon_core.shell:Creating package script '/home/jason/projects/motion_control_go2/install/unitree_api/share/unitree_api/package.sh'
[9.746s] INFO:colcon.colcon_core.shell:Creating package script '/home/jason/projects/motion_control_go2/install/unitree_api/share/unitree_api/package.bash'
[9.746s] INFO:colcon.colcon_core.shell:Creating package script '/home/jason/projects/motion_control_go2/install/unitree_api/share/unitree_api/package.zsh'
[9.746s] Level 1:colcon.colcon_core.environment:create_file_with_runtime_dependencies(/home/jason/projects/motion_control_go2/install/unitree_api/share/colcon-core/packages/unitree_api)
[9.860s] DEBUG:colcon.colcon_core.event_handler.log_command:Invoked command in '/home/jason/projects/motion_control_go2/build/unitree_hg' returned '0': CMAKE_PREFIX_PATH=${CMAKE_PREFIX_PATH}:/opt/ros/humble /usr/bin/cmake --build /home/jason/projects/motion_control_go2/build/unitree_hg -- -j16 -l16
[9.860s] DEBUG:colcon.colcon_core.event_handler.log_command:Invoking command in '/home/jason/projects/motion_control_go2/build/unitree_hg': CMAKE_PREFIX_PATH=${CMAKE_PREFIX_PATH}:/opt/ros/humble /usr/bin/cmake --install /home/jason/projects/motion_control_go2/build/unitree_hg
[11.234s] DEBUG:colcon.colcon_core.event_handler.log_command:Invoked command in '/home/jason/projects/motion_control_go2/build/unitree_go' returned '0': CMAKE_PREFIX_PATH=${CMAKE_PREFIX_PATH}:/opt/ros/humble /usr/bin/cmake --build /home/jason/projects/motion_control_go2/build/unitree_go -- -j16 -l16
[11.234s] DEBUG:colcon.colcon_core.event_handler.log_command:Invoking command in '/home/jason/projects/motion_control_go2/build/unitree_go': CMAKE_PREFIX_PATH=${CMAKE_PREFIX_PATH}:/opt/ros/humble /usr/bin/cmake --install /home/jason/projects/motion_control_go2/build/unitree_go
[12.039s] Level 1:colcon.colcon_core.environment:create_environment_scripts_only(unitree_hg)
[12.040s] Level 1:colcon.colcon_core.environment:checking '/home/jason/projects/motion_control_go2/install/unitree_hg' for CMake module files
[12.040s] Level 1:colcon.colcon_core.environment:checking '/home/jason/projects/motion_control_go2/install/unitree_hg' for CMake config files
[12.042s] Level 1:colcon.colcon_core.shell:create_environment_hook('unitree_hg', 'cmake_prefix_path')
[12.042s] INFO:colcon.colcon_core.shell:Creating environment hook '/home/jason/projects/motion_control_go2/install/unitree_hg/share/unitree_hg/hook/cmake_prefix_path.ps1'
[12.043s] DEBUG:colcon.colcon_core.event_handler.log_command:Invoked command in '/home/jason/projects/motion_control_go2/build/unitree_hg' returned '0': CMAKE_PREFIX_PATH=${CMAKE_PREFIX_PATH}:/opt/ros/humble /usr/bin/cmake --install /home/jason/projects/motion_control_go2/build/unitree_hg
[12.043s] INFO:colcon.colcon_core.shell:Creating environment descriptor '/home/jason/projects/motion_control_go2/install/unitree_hg/share/unitree_hg/hook/cmake_prefix_path.dsv'
[12.043s] INFO:colcon.colcon_core.shell:Creating environment hook '/home/jason/projects/motion_control_go2/install/unitree_hg/share/unitree_hg/hook/cmake_prefix_path.sh'
[12.043s] Level 1:colcon.colcon_core.environment:checking '/home/jason/projects/motion_control_go2/install/unitree_hg/lib'
[12.043s] Level 1:colcon.colcon_core.shell:create_environment_hook('unitree_hg', 'ld_library_path_lib')
[12.044s] INFO:colcon.colcon_core.shell:Creating environment hook '/home/jason/projects/motion_control_go2/install/unitree_hg/share/unitree_hg/hook/ld_library_path_lib.ps1'
[12.044s] INFO:colcon.colcon_core.shell:Creating environment descriptor '/home/jason/projects/motion_control_go2/install/unitree_hg/share/unitree_hg/hook/ld_library_path_lib.dsv'
[12.044s] INFO:colcon.colcon_core.shell:Creating environment hook '/home/jason/projects/motion_control_go2/install/unitree_hg/share/unitree_hg/hook/ld_library_path_lib.sh'
[12.045s] Level 1:colcon.colcon_core.environment:checking '/home/jason/projects/motion_control_go2/install/unitree_hg/bin'
[12.045s] Level 1:colcon.colcon_core.environment:checking '/home/jason/projects/motion_control_go2/install/unitree_hg/lib/pkgconfig/unitree_hg.pc'
[12.045s] Level 1:colcon.colcon_core.environment:checking '/home/jason/projects/motion_control_go2/install/unitree_hg/lib/python3.10/site-packages'
[12.045s] Level 1:colcon.colcon_core.environment:checking '/home/jason/projects/motion_control_go2/install/unitree_hg/bin'
[12.045s] INFO:colcon.colcon_core.shell:Creating package script '/home/jason/projects/motion_control_go2/install/unitree_hg/share/unitree_hg/package.ps1'
[12.045s] INFO:colcon.colcon_core.shell:Creating package descriptor '/home/jason/projects/motion_control_go2/install/unitree_hg/share/unitree_hg/package.dsv'
[12.046s] INFO:colcon.colcon_core.shell:Creating package script '/home/jason/projects/motion_control_go2/install/unitree_hg/share/unitree_hg/package.sh'
[12.046s] INFO:colcon.colcon_core.shell:Creating package script '/home/jason/projects/motion_control_go2/install/unitree_hg/share/unitree_hg/package.bash'
[12.046s] INFO:colcon.colcon_core.shell:Creating package script '/home/jason/projects/motion_control_go2/install/unitree_hg/share/unitree_hg/package.zsh'
[12.046s] Level 1:colcon.colcon_core.environment:create_file_with_runtime_dependencies(/home/jason/projects/motion_control_go2/install/unitree_hg/share/colcon-core/packages/unitree_hg)
[12.047s] Level 1:colcon.colcon_core.environment:create_environment_scripts_only(unitree_hg)
[12.047s] Level 1:colcon.colcon_core.environment:checking '/home/jason/projects/motion_control_go2/install/unitree_hg' for CMake module files
[12.050s] Level 1:colcon.colcon_core.environment:checking '/home/jason/projects/motion_control_go2/install/unitree_hg' for CMake config files
[12.052s] Level 1:colcon.colcon_core.shell:create_environment_hook('unitree_hg', 'cmake_prefix_path')
[12.052s] INFO:colcon.colcon_core.shell:Creating environment hook '/home/jason/projects/motion_control_go2/install/unitree_hg/share/unitree_hg/hook/cmake_prefix_path.ps1'
[12.053s] INFO:colcon.colcon_core.shell:Creating environment descriptor '/home/jason/projects/motion_control_go2/install/unitree_hg/share/unitree_hg/hook/cmake_prefix_path.dsv'
[12.053s] INFO:colcon.colcon_core.shell:Creating environment hook '/home/jason/projects/motion_control_go2/install/unitree_hg/share/unitree_hg/hook/cmake_prefix_path.sh'
[12.053s] Level 1:colcon.colcon_core.environment:checking '/home/jason/projects/motion_control_go2/install/unitree_hg/lib'
[12.053s] Level 1:colcon.colcon_core.shell:create_environment_hook('unitree_hg', 'ld_library_path_lib')
[12.053s] INFO:colcon.colcon_core.shell:Creating environment hook '/home/jason/projects/motion_control_go2/install/unitree_hg/share/unitree_hg/hook/ld_library_path_lib.ps1'
[12.054s] INFO:colcon.colcon_core.shell:Creating environment descriptor '/home/jason/projects/motion_control_go2/install/unitree_hg/share/unitree_hg/hook/ld_library_path_lib.dsv'
[12.054s] INFO:colcon.colcon_core.shell:Creating environment hook '/home/jason/projects/motion_control_go2/install/unitree_hg/share/unitree_hg/hook/ld_library_path_lib.sh'
[12.054s] Level 1:colcon.colcon_core.environment:checking '/home/jason/projects/motion_control_go2/install/unitree_hg/bin'
[12.054s] Level 1:colcon.colcon_core.environment:checking '/home/jason/projects/motion_control_go2/install/unitree_hg/lib/pkgconfig/unitree_hg.pc'
[12.054s] Level 1:colcon.colcon_core.environment:checking '/home/jason/projects/motion_control_go2/install/unitree_hg/lib/python3.10/site-packages'
[12.054s] Level 1:colcon.colcon_core.environment:checking '/home/jason/projects/motion_control_go2/install/unitree_hg/bin'
[12.055s] INFO:colcon.colcon_core.shell:Creating package script '/home/jason/projects/motion_control_go2/install/unitree_hg/share/unitree_hg/package.ps1'
[12.055s] INFO:colcon.colcon_core.shell:Creating package descriptor '/home/jason/projects/motion_control_go2/install/unitree_hg/share/unitree_hg/package.dsv'
[12.056s] INFO:colcon.colcon_core.shell:Creating package script '/home/jason/projects/motion_control_go2/install/unitree_hg/share/unitree_hg/package.sh'
[12.056s] INFO:colcon.colcon_core.shell:Creating package script '/home/jason/projects/motion_control_go2/install/unitree_hg/share/unitree_hg/package.bash'
[12.056s] INFO:colcon.colcon_core.shell:Creating package script '/home/jason/projects/motion_control_go2/install/unitree_hg/share/unitree_hg/package.zsh'
[12.056s] Level 1:colcon.colcon_core.environment:create_file_with_runtime_dependencies(/home/jason/projects/motion_control_go2/install/unitree_hg/share/colcon-core/packages/unitree_hg)
[14.818s] Level 1:colcon.colcon_core.environment:create_environment_scripts_only(unitree_go)
[14.818s] Level 1:colcon.colcon_core.environment:checking '/home/jason/projects/motion_control_go2/install/unitree_go' for CMake module files
[14.819s] DEBUG:colcon.colcon_core.event_handler.log_command:Invoked command in '/home/jason/projects/motion_control_go2/build/unitree_go' returned '0': CMAKE_PREFIX_PATH=${CMAKE_PREFIX_PATH}:/opt/ros/humble /usr/bin/cmake --install /home/jason/projects/motion_control_go2/build/unitree_go
[14.819s] Level 1:colcon.colcon_core.environment:checking '/home/jason/projects/motion_control_go2/install/unitree_go' for CMake config files
[14.821s] Level 1:colcon.colcon_core.shell:create_environment_hook('unitree_go', 'cmake_prefix_path')
[14.821s] INFO:colcon.colcon_core.shell:Creating environment hook '/home/jason/projects/motion_control_go2/install/unitree_go/share/unitree_go/hook/cmake_prefix_path.ps1'
[14.821s] INFO:colcon.colcon_core.shell:Creating environment descriptor '/home/jason/projects/motion_control_go2/install/unitree_go/share/unitree_go/hook/cmake_prefix_path.dsv'
[14.821s] INFO:colcon.colcon_core.shell:Creating environment hook '/home/jason/projects/motion_control_go2/install/unitree_go/share/unitree_go/hook/cmake_prefix_path.sh'
[14.822s] Level 1:colcon.colcon_core.environment:checking '/home/jason/projects/motion_control_go2/install/unitree_go/lib'
[14.822s] Level 1:colcon.colcon_core.shell:create_environment_hook('unitree_go', 'ld_library_path_lib')
[14.822s] INFO:colcon.colcon_core.shell:Creating environment hook '/home/jason/projects/motion_control_go2/install/unitree_go/share/unitree_go/hook/ld_library_path_lib.ps1'
[14.822s] INFO:colcon.colcon_core.shell:Creating environment descriptor '/home/jason/projects/motion_control_go2/install/unitree_go/share/unitree_go/hook/ld_library_path_lib.dsv'
[14.822s] INFO:colcon.colcon_core.shell:Creating environment hook '/home/jason/projects/motion_control_go2/install/unitree_go/share/unitree_go/hook/ld_library_path_lib.sh'
[14.822s] Level 1:colcon.colcon_core.environment:checking '/home/jason/projects/motion_control_go2/install/unitree_go/bin'
[14.822s] Level 1:colcon.colcon_core.environment:checking '/home/jason/projects/motion_control_go2/install/unitree_go/lib/pkgconfig/unitree_go.pc'
[14.822s] Level 1:colcon.colcon_core.environment:checking '/home/jason/projects/motion_control_go2/install/unitree_go/lib/python3.10/site-packages'
[14.822s] Level 1:colcon.colcon_core.environment:checking '/home/jason/projects/motion_control_go2/install/unitree_go/bin'
[14.822s] INFO:colcon.colcon_core.shell:Creating package script '/home/jason/projects/motion_control_go2/install/unitree_go/share/unitree_go/package.ps1'
[14.823s] INFO:colcon.colcon_core.shell:Creating package descriptor '/home/jason/projects/motion_control_go2/install/unitree_go/share/unitree_go/package.dsv'
[14.823s] INFO:colcon.colcon_core.shell:Creating package script '/home/jason/projects/motion_control_go2/install/unitree_go/share/unitree_go/package.sh'
[14.823s] INFO:colcon.colcon_core.shell:Creating package script '/home/jason/projects/motion_control_go2/install/unitree_go/share/unitree_go/package.bash'
[14.823s] INFO:colcon.colcon_core.shell:Creating package script '/home/jason/projects/motion_control_go2/install/unitree_go/share/unitree_go/package.zsh'
[14.823s] Level 1:colcon.colcon_core.environment:create_file_with_runtime_dependencies(/home/jason/projects/motion_control_go2/install/unitree_go/share/colcon-core/packages/unitree_go)
[14.824s] Level 1:colcon.colcon_core.environment:create_environment_scripts_only(unitree_go)
[14.824s] Level 1:colcon.colcon_core.environment:checking '/home/jason/projects/motion_control_go2/install/unitree_go' for CMake module files
[14.824s] Level 1:colcon.colcon_core.environment:checking '/home/jason/projects/motion_control_go2/install/unitree_go' for CMake config files
[14.825s] Level 1:colcon.colcon_core.shell:create_environment_hook('unitree_go', 'cmake_prefix_path')
[14.825s] INFO:colcon.colcon_core.shell:Creating environment hook '/home/jason/projects/motion_control_go2/install/unitree_go/share/unitree_go/hook/cmake_prefix_path.ps1'
[14.826s] INFO:colcon.colcon_core.shell:Creating environment descriptor '/home/jason/projects/motion_control_go2/install/unitree_go/share/unitree_go/hook/cmake_prefix_path.dsv'
[14.826s] INFO:colcon.colcon_core.shell:Creating environment hook '/home/jason/projects/motion_control_go2/install/unitree_go/share/unitree_go/hook/cmake_prefix_path.sh'
[14.826s] Level 1:colcon.colcon_core.environment:checking '/home/jason/projects/motion_control_go2/install/unitree_go/lib'
[14.826s] Level 1:colcon.colcon_core.shell:create_environment_hook('unitree_go', 'ld_library_path_lib')
[14.826s] INFO:colcon.colcon_core.shell:Creating environment hook '/home/jason/projects/motion_control_go2/install/unitree_go/share/unitree_go/hook/ld_library_path_lib.ps1'
[14.826s] INFO:colcon.colcon_core.shell:Creating environment descriptor '/home/jason/projects/motion_control_go2/install/unitree_go/share/unitree_go/hook/ld_library_path_lib.dsv'
[14.826s] INFO:colcon.colcon_core.shell:Creating environment hook '/home/jason/projects/motion_control_go2/install/unitree_go/share/unitree_go/hook/ld_library_path_lib.sh'
[14.826s] Level 1:colcon.colcon_core.environment:checking '/home/jason/projects/motion_control_go2/install/unitree_go/bin'
[14.827s] Level 1:colcon.colcon_core.environment:checking '/home/jason/projects/motion_control_go2/install/unitree_go/lib/pkgconfig/unitree_go.pc'
[14.827s] Level 1:colcon.colcon_core.environment:checking '/home/jason/projects/motion_control_go2/install/unitree_go/lib/python3.10/site-packages'
[14.827s] Level 1:colcon.colcon_core.environment:checking '/home/jason/projects/motion_control_go2/install/unitree_go/bin'
[14.827s] INFO:colcon.colcon_core.shell:Creating package script '/home/jason/projects/motion_control_go2/install/unitree_go/share/unitree_go/package.ps1'
[14.827s] INFO:colcon.colcon_core.shell:Creating package descriptor '/home/jason/projects/motion_control_go2/install/unitree_go/share/unitree_go/package.dsv'
[14.827s] INFO:colcon.colcon_core.shell:Creating package script '/home/jason/projects/motion_control_go2/install/unitree_go/share/unitree_go/package.sh'
[14.827s] INFO:colcon.colcon_core.shell:Creating package script '/home/jason/projects/motion_control_go2/install/unitree_go/share/unitree_go/package.bash'
[14.828s] INFO:colcon.colcon_core.shell:Creating package script '/home/jason/projects/motion_control_go2/install/unitree_go/share/unitree_go/package.zsh'
[14.828s] Level 1:colcon.colcon_core.environment:create_file_with_runtime_dependencies(/home/jason/projects/motion_control_go2/install/unitree_go/share/colcon-core/packages/unitree_go)
[14.828s] INFO:colcon.colcon_ros.task.ament_cmake.build:Building ROS package in '/home/jason/projects/motion_control_go2/src/unitree_mujoco/example/ros2' with build type 'ament_cmake'
[14.828s] INFO:colcon.colcon_cmake.task.cmake.build:Building CMake package in '/home/jason/projects/motion_control_go2/src/unitree_mujoco/example/ros2'
[14.828s] INFO:colcon.colcon_core.shell:Skip shell extension 'powershell' for command environment: Not usable outside of PowerShell
[14.828s] DEBUG:colcon.colcon_core.shell:Skip shell extension 'dsv' for command environment
[14.834s] INFO:colcon.colcon_ros.task.ament_cmake.build:Building ROS package in '/home/jason/projects/motion_control_go2/src/unitree_ros2/example/src' with build type 'ament_cmake'
[14.834s] INFO:colcon.colcon_cmake.task.cmake.build:Building CMake package in '/home/jason/projects/motion_control_go2/src/unitree_ros2/example/src'
[14.834s] INFO:colcon.colcon_core.shell:Skip shell extension 'powershell' for command environment: Not usable outside of PowerShell
[14.835s] DEBUG:colcon.colcon_core.shell:Skip shell extension 'dsv' for command environment
[14.842s] DEBUG:colcon.colcon_core.event_handler.log_command:Invoking command in '/home/jason/projects/motion_control_go2/build/stand_go2': AMENT_PREFIX_PATH=/home/jason/projects/motion_control_go2/install/unitree_go:/home/jason/projects/motion_control_go2/install/unitree_api:${AMENT_PREFIX_PATH} CMAKE_PREFIX_PATH=/home/jason/projects/motion_control_go2/install/unitree_go:/home/jason/projects/motion_control_go2/install/unitree_api:/usr/local:/usr/local:/usr/local:/opt/ros/humble LD_LIBRARY_PATH=/home/jason/projects/motion_control_go2/install/unitree_go/lib:/home/jason/projects/motion_control_go2/install/unitree_api/lib:${LD_LIBRARY_PATH} PYTHONPATH=/home/jason/projects/motion_control_go2/install/unitree_go/local/lib/python3.10/dist-packages:/home/jason/projects/motion_control_go2/install/unitree_api/local/lib/python3.10/dist-packages:${PYTHONPATH} /usr/bin/cmake /home/jason/projects/motion_control_go2/src/unitree_mujoco/example/ros2 -DAMENT_CMAKE_SYMLINK_INSTALL=1 -DCMAKE_INSTALL_PREFIX=/home/jason/projects/motion_control_go2/install/stand_go2
[14.849s] DEBUG:colcon.colcon_core.event_handler.log_command:Invoking command in '/home/jason/projects/motion_control_go2/build/unitree_ros2_example': AMENT_PREFIX_PATH=/home/jason/projects/motion_control_go2/install/unitree_hg:/home/jason/projects/motion_control_go2/install/unitree_go:/home/jason/projects/motion_control_go2/install/unitree_api:${AMENT_PREFIX_PATH} CMAKE_PREFIX_PATH=/home/jason/projects/motion_control_go2/install/unitree_hg:/home/jason/projects/motion_control_go2/install/unitree_go:/home/jason/projects/motion_control_go2/install/unitree_api:/usr/local:/usr/local:/usr/local:/opt/ros/humble LD_LIBRARY_PATH=/home/jason/projects/motion_control_go2/install/unitree_hg/lib:/home/jason/projects/motion_control_go2/install/unitree_go/lib:/home/jason/projects/motion_control_go2/install/unitree_api/lib:${LD_LIBRARY_PATH} PYTHONPATH=/home/jason/projects/motion_control_go2/install/unitree_hg/local/lib/python3.10/dist-packages:/home/jason/projects/motion_control_go2/install/unitree_go/local/lib/python3.10/dist-packages:/home/jason/projects/motion_control_go2/install/unitree_api/local/lib/python3.10/dist-packages:${PYTHONPATH} /usr/bin/cmake /home/jason/projects/motion_control_go2/src/unitree_ros2/example/src -DAMENT_CMAKE_SYMLINK_INSTALL=1 -DCMAKE_INSTALL_PREFIX=/home/jason/projects/motion_control_go2/install/unitree_ros2_example
[15.635s] DEBUG:colcon.colcon_core.event_handler.log_command:Invoked command in '/home/jason/projects/motion_control_go2/build/stand_go2' returned '0': AMENT_PREFIX_PATH=/home/jason/projects/motion_control_go2/install/unitree_go:/home/jason/projects/motion_control_go2/install/unitree_api:${AMENT_PREFIX_PATH} CMAKE_PREFIX_PATH=/home/jason/projects/motion_control_go2/install/unitree_go:/home/jason/projects/motion_control_go2/install/unitree_api:/usr/local:/usr/local:/usr/local:/opt/ros/humble LD_LIBRARY_PATH=/home/jason/projects/motion_control_go2/install/unitree_go/lib:/home/jason/projects/motion_control_go2/install/unitree_api/lib:${LD_LIBRARY_PATH} PYTHONPATH=/home/jason/projects/motion_control_go2/install/unitree_go/local/lib/python3.10/dist-packages:/home/jason/projects/motion_control_go2/install/unitree_api/local/lib/python3.10/dist-packages:${PYTHONPATH} /usr/bin/cmake /home/jason/projects/motion_control_go2/src/unitree_mujoco/example/ros2 -DAMENT_CMAKE_SYMLINK_INSTALL=1 -DCMAKE_INSTALL_PREFIX=/home/jason/projects/motion_control_go2/install/stand_go2
[15.639s] DEBUG:colcon.colcon_core.event_handler.log_command:Invoking command in '/home/jason/projects/motion_control_go2/build/stand_go2': AMENT_PREFIX_PATH=/home/jason/projects/motion_control_go2/install/unitree_go:/home/jason/projects/motion_control_go2/install/unitree_api:${AMENT_PREFIX_PATH} CMAKE_PREFIX_PATH=/home/jason/projects/motion_control_go2/install/unitree_go:/home/jason/projects/motion_control_go2/install/unitree_api:/usr/local:/usr/local:/usr/local:/opt/ros/humble LD_LIBRARY_PATH=/home/jason/projects/motion_control_go2/install/unitree_go/lib:/home/jason/projects/motion_control_go2/install/unitree_api/lib:${LD_LIBRARY_PATH} PYTHONPATH=/home/jason/projects/motion_control_go2/install/unitree_go/local/lib/python3.10/dist-packages:/home/jason/projects/motion_control_go2/install/unitree_api/local/lib/python3.10/dist-packages:${PYTHONPATH} /usr/bin/cmake --build /home/jason/projects/motion_control_go2/build/stand_go2 -- -j16 -l16
[15.688s] DEBUG:colcon.colcon_core.event_handler.log_command:Invoked command in '/home/jason/projects/motion_control_go2/build/unitree_ros2_example' returned '0': AMENT_PREFIX_PATH=/home/jason/projects/motion_control_go2/install/unitree_hg:/home/jason/projects/motion_control_go2/install/unitree_go:/home/jason/projects/motion_control_go2/install/unitree_api:${AMENT_PREFIX_PATH} CMAKE_PREFIX_PATH=/home/jason/projects/motion_control_go2/install/unitree_hg:/home/jason/projects/motion_control_go2/install/unitree_go:/home/jason/projects/motion_control_go2/install/unitree_api:/usr/local:/usr/local:/usr/local:/opt/ros/humble LD_LIBRARY_PATH=/home/jason/projects/motion_control_go2/install/unitree_hg/lib:/home/jason/projects/motion_control_go2/install/unitree_go/lib:/home/jason/projects/motion_control_go2/install/unitree_api/lib:${LD_LIBRARY_PATH} PYTHONPATH=/home/jason/projects/motion_control_go2/install/unitree_hg/local/lib/python3.10/dist-packages:/home/jason/projects/motion_control_go2/install/unitree_go/local/lib/python3.10/dist-packages:/home/jason/projects/motion_control_go2/install/unitree_api/local/lib/python3.10/dist-packages:${PYTHONPATH} /usr/bin/cmake /home/jason/projects/motion_control_go2/src/unitree_ros2/example/src -DAMENT_CMAKE_SYMLINK_INSTALL=1 -DCMAKE_INSTALL_PREFIX=/home/jason/projects/motion_control_go2/install/unitree_ros2_example
[15.689s] DEBUG:colcon.colcon_core.event_handler.log_command:Invoking command in '/home/jason/projects/motion_control_go2/build/unitree_ros2_example': AMENT_PREFIX_PATH=/home/jason/projects/motion_control_go2/install/unitree_hg:/home/jason/projects/motion_control_go2/install/unitree_go:/home/jason/projects/motion_control_go2/install/unitree_api:${AMENT_PREFIX_PATH} CMAKE_PREFIX_PATH=/home/jason/projects/motion_control_go2/install/unitree_hg:/home/jason/projects/motion_control_go2/install/unitree_go:/home/jason/projects/motion_control_go2/install/unitree_api:/usr/local:/usr/local:/usr/local:/opt/ros/humble LD_LIBRARY_PATH=/home/jason/projects/motion_control_go2/install/unitree_hg/lib:/home/jason/projects/motion_control_go2/install/unitree_go/lib:/home/jason/projects/motion_control_go2/install/unitree_api/lib:${LD_LIBRARY_PATH} PYTHONPATH=/home/jason/projects/motion_control_go2/install/unitree_hg/local/lib/python3.10/dist-packages:/home/jason/projects/motion_control_go2/install/unitree_go/local/lib/python3.10/dist-packages:/home/jason/projects/motion_control_go2/install/unitree_api/local/lib/python3.10/dist-packages:${PYTHONPATH} /usr/bin/cmake --build /home/jason/projects/motion_control_go2/build/unitree_ros2_example -- -j16 -l16
[19.837s] DEBUG:colcon.colcon_core.event_handler.log_command:Invoked command in '/home/jason/projects/motion_control_go2/build/stand_go2' returned '0': AMENT_PREFIX_PATH=/home/jason/projects/motion_control_go2/install/unitree_go:/home/jason/projects/motion_control_go2/install/unitree_api:${AMENT_PREFIX_PATH} CMAKE_PREFIX_PATH=/home/jason/projects/motion_control_go2/install/unitree_go:/home/jason/projects/motion_control_go2/install/unitree_api:/usr/local:/usr/local:/usr/local:/opt/ros/humble LD_LIBRARY_PATH=/home/jason/projects/motion_control_go2/install/unitree_go/lib:/home/jason/projects/motion_control_go2/install/unitree_api/lib:${LD_LIBRARY_PATH} PYTHONPATH=/home/jason/projects/motion_control_go2/install/unitree_go/local/lib/python3.10/dist-packages:/home/jason/projects/motion_control_go2/install/unitree_api/local/lib/python3.10/dist-packages:${PYTHONPATH} /usr/bin/cmake --build /home/jason/projects/motion_control_go2/build/stand_go2 -- -j16 -l16
[19.840s] DEBUG:colcon.colcon_core.event_handler.log_command:Invoking command in '/home/jason/projects/motion_control_go2/build/stand_go2': AMENT_PREFIX_PATH=/home/jason/projects/motion_control_go2/install/unitree_go:/home/jason/projects/motion_control_go2/install/unitree_api:${AMENT_PREFIX_PATH} CMAKE_PREFIX_PATH=/home/jason/projects/motion_control_go2/install/unitree_go:/home/jason/projects/motion_control_go2/install/unitree_api:/usr/local:/usr/local:/usr/local:/opt/ros/humble LD_LIBRARY_PATH=/home/jason/projects/motion_control_go2/install/unitree_go/lib:/home/jason/projects/motion_control_go2/install/unitree_api/lib:${LD_LIBRARY_PATH} PYTHONPATH=/home/jason/projects/motion_control_go2/install/unitree_go/local/lib/python3.10/dist-packages:/home/jason/projects/motion_control_go2/install/unitree_api/local/lib/python3.10/dist-packages:${PYTHONPATH} /usr/bin/cmake --install /home/jason/projects/motion_control_go2/build/stand_go2
[20.103s] Level 1:colcon.colcon_core.environment:create_environment_scripts_only(stand_go2)
[20.103s] Level 1:colcon.colcon_core.environment:checking '/home/jason/projects/motion_control_go2/install/stand_go2' for CMake module files
[20.103s] DEBUG:colcon.colcon_core.event_handler.log_command:Invoked command in '/home/jason/projects/motion_control_go2/build/stand_go2' returned '0': AMENT_PREFIX_PATH=/home/jason/projects/motion_control_go2/install/unitree_go:/home/jason/projects/motion_control_go2/install/unitree_api:${AMENT_PREFIX_PATH} CMAKE_PREFIX_PATH=/home/jason/projects/motion_control_go2/install/unitree_go:/home/jason/projects/motion_control_go2/install/unitree_api:/usr/local:/usr/local:/usr/local:/opt/ros/humble LD_LIBRARY_PATH=/home/jason/projects/motion_control_go2/install/unitree_go/lib:/home/jason/projects/motion_control_go2/install/unitree_api/lib:${LD_LIBRARY_PATH} PYTHONPATH=/home/jason/projects/motion_control_go2/install/unitree_go/local/lib/python3.10/dist-packages:/home/jason/projects/motion_control_go2/install/unitree_api/local/lib/python3.10/dist-packages:${PYTHONPATH} /usr/bin/cmake --install /home/jason/projects/motion_control_go2/build/stand_go2
[20.103s] Level 1:colcon.colcon_core.environment:checking '/home/jason/projects/motion_control_go2/install/stand_go2' for CMake config files
[20.103s] Level 1:colcon.colcon_core.shell:create_environment_hook('stand_go2', 'cmake_prefix_path')
[20.104s] INFO:colcon.colcon_core.shell:Creating environment hook '/home/jason/projects/motion_control_go2/install/stand_go2/share/stand_go2/hook/cmake_prefix_path.ps1'
[20.104s] INFO:colcon.colcon_core.shell:Creating environment descriptor '/home/jason/projects/motion_control_go2/install/stand_go2/share/stand_go2/hook/cmake_prefix_path.dsv'
[20.104s] INFO:colcon.colcon_core.shell:Creating environment hook '/home/jason/projects/motion_control_go2/install/stand_go2/share/stand_go2/hook/cmake_prefix_path.sh'
[20.104s] Level 1:colcon.colcon_core.environment:checking '/home/jason/projects/motion_control_go2/install/stand_go2/bin'
[20.104s] Level 1:colcon.colcon_core.environment:checking '/home/jason/projects/motion_control_go2/install/stand_go2/lib/pkgconfig/stand_go2.pc'
[20.105s] Level 1:colcon.colcon_core.environment:checking '/home/jason/projects/motion_control_go2/install/stand_go2/lib/python3.10/site-packages'
[20.105s] Level 1:colcon.colcon_core.environment:checking '/home/jason/projects/motion_control_go2/install/stand_go2/bin'
[20.105s] INFO:colcon.colcon_core.shell:Creating package script '/home/jason/projects/motion_control_go2/install/stand_go2/share/stand_go2/package.ps1'
[20.105s] INFO:colcon.colcon_core.shell:Creating package descriptor '/home/jason/projects/motion_control_go2/install/stand_go2/share/stand_go2/package.dsv'
[20.105s] INFO:colcon.colcon_core.shell:Creating package script '/home/jason/projects/motion_control_go2/install/stand_go2/share/stand_go2/package.sh'
[20.106s] INFO:colcon.colcon_core.shell:Creating package script '/home/jason/projects/motion_control_go2/install/stand_go2/share/stand_go2/package.bash'
[20.106s] INFO:colcon.colcon_core.shell:Creating package script '/home/jason/projects/motion_control_go2/install/stand_go2/share/stand_go2/package.zsh'
[20.106s] Level 1:colcon.colcon_core.environment:create_file_with_runtime_dependencies(/home/jason/projects/motion_control_go2/install/stand_go2/share/colcon-core/packages/stand_go2)
[20.106s] Level 1:colcon.colcon_core.environment:create_environment_scripts_only(stand_go2)
[20.106s] Level 1:colcon.colcon_core.environment:checking '/home/jason/projects/motion_control_go2/install/stand_go2' for CMake module files
[20.106s] Level 1:colcon.colcon_core.environment:checking '/home/jason/projects/motion_control_go2/install/stand_go2' for CMake config files
[20.106s] Level 1:colcon.colcon_core.shell:create_environment_hook('stand_go2', 'cmake_prefix_path')
[20.110s] INFO:colcon.colcon_core.shell:Creating environment hook '/home/jason/projects/motion_control_go2/install/stand_go2/share/stand_go2/hook/cmake_prefix_path.ps1'
[20.110s] INFO:colcon.colcon_core.shell:Creating environment descriptor '/home/jason/projects/motion_control_go2/install/stand_go2/share/stand_go2/hook/cmake_prefix_path.dsv'
[20.110s] INFO:colcon.colcon_core.shell:Creating environment hook '/home/jason/projects/motion_control_go2/install/stand_go2/share/stand_go2/hook/cmake_prefix_path.sh'
[20.111s] Level 1:colcon.colcon_core.environment:checking '/home/jason/projects/motion_control_go2/install/stand_go2/bin'
[20.111s] Level 1:colcon.colcon_core.environment:checking '/home/jason/projects/motion_control_go2/install/stand_go2/lib/pkgconfig/stand_go2.pc'
[20.111s] Level 1:colcon.colcon_core.environment:checking '/home/jason/projects/motion_control_go2/install/stand_go2/lib/python3.10/site-packages'
[20.111s] Level 1:colcon.colcon_core.environment:checking '/home/jason/projects/motion_control_go2/install/stand_go2/bin'
[20.111s] INFO:colcon.colcon_core.shell:Creating package script '/home/jason/projects/motion_control_go2/install/stand_go2/share/stand_go2/package.ps1'
[20.111s] INFO:colcon.colcon_core.shell:Creating package descriptor '/home/jason/projects/motion_control_go2/install/stand_go2/share/stand_go2/package.dsv'
[20.115s] INFO:colcon.colcon_core.shell:Creating package script '/home/jason/projects/motion_control_go2/install/stand_go2/share/stand_go2/package.sh'
[20.115s] INFO:colcon.colcon_core.shell:Creating package script '/home/jason/projects/motion_control_go2/install/stand_go2/share/stand_go2/package.bash'
[20.115s] INFO:colcon.colcon_core.shell:Creating package script '/home/jason/projects/motion_control_go2/install/stand_go2/share/stand_go2/package.zsh'
[20.116s] Level 1:colcon.colcon_core.environment:create_file_with_runtime_dependencies(/home/jason/projects/motion_control_go2/install/stand_go2/share/colcon-core/packages/stand_go2)
[32.826s] DEBUG:colcon.colcon_core.event_handler.log_command:Invoked command in '/home/jason/projects/motion_control_go2/build/unitree_ros2_example' returned '0': AMENT_PREFIX_PATH=/home/jason/projects/motion_control_go2/install/unitree_hg:/home/jason/projects/motion_control_go2/install/unitree_go:/home/jason/projects/motion_control_go2/install/unitree_api:${AMENT_PREFIX_PATH} CMAKE_PREFIX_PATH=/home/jason/projects/motion_control_go2/install/unitree_hg:/home/jason/projects/motion_control_go2/install/unitree_go:/home/jason/projects/motion_control_go2/install/unitree_api:/usr/local:/usr/local:/usr/local:/opt/ros/humble LD_LIBRARY_PATH=/home/jason/projects/motion_control_go2/install/unitree_hg/lib:/home/jason/projects/motion_control_go2/install/unitree_go/lib:/home/jason/projects/motion_control_go2/install/unitree_api/lib:${LD_LIBRARY_PATH} PYTHONPATH=/home/jason/projects/motion_control_go2/install/unitree_hg/local/lib/python3.10/dist-packages:/home/jason/projects/motion_control_go2/install/unitree_go/local/lib/python3.10/dist-packages:/home/jason/projects/motion_control_go2/install/unitree_api/local/lib/python3.10/dist-packages:${PYTHONPATH} /usr/bin/cmake --build /home/jason/projects/motion_control_go2/build/unitree_ros2_example -- -j16 -l16
[32.827s] DEBUG:colcon.colcon_core.event_handler.log_command:Invoking command in '/home/jason/projects/motion_control_go2/build/unitree_ros2_example': AMENT_PREFIX_PATH=/home/jason/projects/motion_control_go2/install/unitree_hg:/home/jason/projects/motion_control_go2/install/unitree_go:/home/jason/projects/motion_control_go2/install/unitree_api:${AMENT_PREFIX_PATH} CMAKE_PREFIX_PATH=/home/jason/projects/motion_control_go2/install/unitree_hg:/home/jason/projects/motion_control_go2/install/unitree_go:/home/jason/projects/motion_control_go2/install/unitree_api:/usr/local:/usr/local:/usr/local:/opt/ros/humble LD_LIBRARY_PATH=/home/jason/projects/motion_control_go2/install/unitree_hg/lib:/home/jason/projects/motion_control_go2/install/unitree_go/lib:/home/jason/projects/motion_control_go2/install/unitree_api/lib:${LD_LIBRARY_PATH} PYTHONPATH=/home/jason/projects/motion_control_go2/install/unitree_hg/local/lib/python3.10/dist-packages:/home/jason/projects/motion_control_go2/install/unitree_go/local/lib/python3.10/dist-packages:/home/jason/projects/motion_control_go2/install/unitree_api/local/lib/python3.10/dist-packages:${PYTHONPATH} /usr/bin/cmake --install /home/jason/projects/motion_control_go2/build/unitree_ros2_example
[33.066s] Level 1:colcon.colcon_core.environment:create_environment_scripts_only(unitree_ros2_example)
[33.066s] DEBUG:colcon.colcon_core.event_handler.log_command:Invoked command in '/home/jason/projects/motion_control_go2/build/unitree_ros2_example' returned '0': AMENT_PREFIX_PATH=/home/jason/projects/motion_control_go2/install/unitree_hg:/home/jason/projects/motion_control_go2/install/unitree_go:/home/jason/projects/motion_control_go2/install/unitree_api:${AMENT_PREFIX_PATH} CMAKE_PREFIX_PATH=/home/jason/projects/motion_control_go2/install/unitree_hg:/home/jason/projects/motion_control_go2/install/unitree_go:/home/jason/projects/motion_control_go2/install/unitree_api:/usr/local:/usr/local:/usr/local:/opt/ros/humble LD_LIBRARY_PATH=/home/jason/projects/motion_control_go2/install/unitree_hg/lib:/home/jason/projects/motion_control_go2/install/unitree_go/lib:/home/jason/projects/motion_control_go2/install/unitree_api/lib:${LD_LIBRARY_PATH} PYTHONPATH=/home/jason/projects/motion_control_go2/install/unitree_hg/local/lib/python3.10/dist-packages:/home/jason/projects/motion_control_go2/install/unitree_go/local/lib/python3.10/dist-packages:/home/jason/projects/motion_control_go2/install/unitree_api/local/lib/python3.10/dist-packages:${PYTHONPATH} /usr/bin/cmake --install /home/jason/projects/motion_control_go2/build/unitree_ros2_example
[33.067s] Level 1:colcon.colcon_core.environment:checking '/home/jason/projects/motion_control_go2/install/unitree_ros2_example' for CMake module files
[33.067s] Level 1:colcon.colcon_core.environment:checking '/home/jason/projects/motion_control_go2/install/unitree_ros2_example' for CMake config files
[33.068s] Level 1:colcon.colcon_core.shell:create_environment_hook('unitree_ros2_example', 'cmake_prefix_path')
[33.068s] INFO:colcon.colcon_core.shell:Creating environment hook '/home/jason/projects/motion_control_go2/install/unitree_ros2_example/share/unitree_ros2_example/hook/cmake_prefix_path.ps1'
[33.069s] INFO:colcon.colcon_core.shell:Creating environment descriptor '/home/jason/projects/motion_control_go2/install/unitree_ros2_example/share/unitree_ros2_example/hook/cmake_prefix_path.dsv'
[33.069s] INFO:colcon.colcon_core.shell:Creating environment hook '/home/jason/projects/motion_control_go2/install/unitree_ros2_example/share/unitree_ros2_example/hook/cmake_prefix_path.sh'
[33.069s] Level 1:colcon.colcon_core.environment:checking '/home/jason/projects/motion_control_go2/install/unitree_ros2_example/bin'
[33.070s] Level 1:colcon.colcon_core.environment:checking '/home/jason/projects/motion_control_go2/install/unitree_ros2_example/lib/pkgconfig/unitree_ros2_example.pc'
[33.070s] Level 1:colcon.colcon_core.environment:checking '/home/jason/projects/motion_control_go2/install/unitree_ros2_example/lib/python3.10/site-packages'
[33.070s] Level 1:colcon.colcon_core.environment:checking '/home/jason/projects/motion_control_go2/install/unitree_ros2_example/bin'
[33.070s] INFO:colcon.colcon_core.shell:Creating package script '/home/jason/projects/motion_control_go2/install/unitree_ros2_example/share/unitree_ros2_example/package.ps1'
[33.071s] INFO:colcon.colcon_core.shell:Creating package descriptor '/home/jason/projects/motion_control_go2/install/unitree_ros2_example/share/unitree_ros2_example/package.dsv'
[33.072s] INFO:colcon.colcon_core.shell:Creating package script '/home/jason/projects/motion_control_go2/install/unitree_ros2_example/share/unitree_ros2_example/package.sh'
[33.072s] INFO:colcon.colcon_core.shell:Creating package script '/home/jason/projects/motion_control_go2/install/unitree_ros2_example/share/unitree_ros2_example/package.bash'
[33.072s] INFO:colcon.colcon_core.shell:Creating package script '/home/jason/projects/motion_control_go2/install/unitree_ros2_example/share/unitree_ros2_example/package.zsh'
[33.073s] Level 1:colcon.colcon_core.environment:create_file_with_runtime_dependencies(/home/jason/projects/motion_control_go2/install/unitree_ros2_example/share/colcon-core/packages/unitree_ros2_example)
[33.073s] Level 1:colcon.colcon_core.environment:create_environment_scripts_only(unitree_ros2_example)
[33.073s] Level 1:colcon.colcon_core.environment:checking '/home/jason/projects/motion_control_go2/install/unitree_ros2_example' for CMake module files
[33.074s] Level 1:colcon.colcon_core.environment:checking '/home/jason/projects/motion_control_go2/install/unitree_ros2_example' for CMake config files
[33.074s] Level 1:colcon.colcon_core.shell:create_environment_hook('unitree_ros2_example', 'cmake_prefix_path')
[33.074s] INFO:colcon.colcon_core.shell:Creating environment hook '/home/jason/projects/motion_control_go2/install/unitree_ros2_example/share/unitree_ros2_example/hook/cmake_prefix_path.ps1'
[33.075s] INFO:colcon.colcon_core.shell:Creating environment descriptor '/home/jason/projects/motion_control_go2/install/unitree_ros2_example/share/unitree_ros2_example/hook/cmake_prefix_path.dsv'
[33.075s] INFO:colcon.colcon_core.shell:Creating environment hook '/home/jason/projects/motion_control_go2/install/unitree_ros2_example/share/unitree_ros2_example/hook/cmake_prefix_path.sh'
[33.076s] Level 1:colcon.colcon_core.environment:checking '/home/jason/projects/motion_control_go2/install/unitree_ros2_example/bin'
[33.076s] Level 1:colcon.colcon_core.environment:checking '/home/jason/projects/motion_control_go2/install/unitree_ros2_example/lib/pkgconfig/unitree_ros2_example.pc'
[33.076s] Level 1:colcon.colcon_core.environment:checking '/home/jason/projects/motion_control_go2/install/unitree_ros2_example/lib/python3.10/site-packages'
[33.076s] Level 1:colcon.colcon_core.environment:checking '/home/jason/projects/motion_control_go2/install/unitree_ros2_example/bin'
[33.076s] INFO:colcon.colcon_core.shell:Creating package script '/home/jason/projects/motion_control_go2/install/unitree_ros2_example/share/unitree_ros2_example/package.ps1'
[33.077s] INFO:colcon.colcon_core.shell:Creating package descriptor '/home/jason/projects/motion_control_go2/install/unitree_ros2_example/share/unitree_ros2_example/package.dsv'
[33.077s] INFO:colcon.colcon_core.shell:Creating package script '/home/jason/projects/motion_control_go2/install/unitree_ros2_example/share/unitree_ros2_example/package.sh'
[33.078s] INFO:colcon.colcon_core.shell:Creating package script '/home/jason/projects/motion_control_go2/install/unitree_ros2_example/share/unitree_ros2_example/package.bash'
[33.078s] INFO:colcon.colcon_core.shell:Creating package script '/home/jason/projects/motion_control_go2/install/unitree_ros2_example/share/unitree_ros2_example/package.zsh'
[33.078s] Level 1:colcon.colcon_core.environment:create_file_with_runtime_dependencies(/home/jason/projects/motion_control_go2/install/unitree_ros2_example/share/colcon-core/packages/unitree_ros2_example)
[85.353s] DEBUG:colcon.colcon_core.event_handler.log_command:Invoked command in '/home/jason/projects/motion_control_go2/build/mujoco' returned '0': /usr/bin/cmake --build /home/jason/projects/motion_control_go2/build/mujoco -- -j16 -l16
[85.357s] DEBUG:colcon.colcon_core.event_handler.log_command:Invoking command in '/home/jason/projects/motion_control_go2/build/mujoco': /usr/bin/cmake --install /home/jason/projects/motion_control_go2/build/mujoco
[85.391s] Level 1:colcon.colcon_core.environment:create_environment_scripts_only(mujoco)
[85.391s] Level 1:colcon.colcon_core.environment:checking '/home/jason/projects/motion_control_go2/install/mujoco' for CMake module files
[85.392s] Level 1:colcon.colcon_core.environment:checking '/home/jason/projects/motion_control_go2/install/mujoco' for CMake config files
[85.393s] DEBUG:colcon.colcon_core.event_handler.log_command:Invoked command in '/home/jason/projects/motion_control_go2/build/mujoco' returned '0': /usr/bin/cmake --install /home/jason/projects/motion_control_go2/build/mujoco
[85.393s] Level 1:colcon.colcon_core.shell:create_environment_hook('mujoco', 'cmake_prefix_path')
[85.393s] INFO:colcon.colcon_core.shell:Creating environment hook '/home/jason/projects/motion_control_go2/install/mujoco/share/mujoco/hook/cmake_prefix_path.ps1'
[85.393s] INFO:colcon.colcon_core.shell:Creating environment descriptor '/home/jason/projects/motion_control_go2/install/mujoco/share/mujoco/hook/cmake_prefix_path.dsv'
[85.394s] INFO:colcon.colcon_core.shell:Creating environment hook '/home/jason/projects/motion_control_go2/install/mujoco/share/mujoco/hook/cmake_prefix_path.sh'
[85.394s] Level 1:colcon.colcon_core.environment:checking '/home/jason/projects/motion_control_go2/install/mujoco/lib'
[85.394s] Level 1:colcon.colcon_core.shell:create_environment_hook('mujoco', 'ld_library_path_lib')
[85.394s] INFO:colcon.colcon_core.shell:Creating environment hook '/home/jason/projects/motion_control_go2/install/mujoco/share/mujoco/hook/ld_library_path_lib.ps1'
[85.394s] INFO:colcon.colcon_core.shell:Creating environment descriptor '/home/jason/projects/motion_control_go2/install/mujoco/share/mujoco/hook/ld_library_path_lib.dsv'
[85.394s] INFO:colcon.colcon_core.shell:Creating environment hook '/home/jason/projects/motion_control_go2/install/mujoco/share/mujoco/hook/ld_library_path_lib.sh'
[85.394s] Level 1:colcon.colcon_core.environment:checking '/home/jason/projects/motion_control_go2/install/mujoco/bin'
[85.394s] Level 1:colcon.colcon_core.shell:create_environment_hook('mujoco', 'path')
[85.394s] INFO:colcon.colcon_core.shell:Creating environment hook '/home/jason/projects/motion_control_go2/install/mujoco/share/mujoco/hook/path.ps1'
[85.394s] INFO:colcon.colcon_core.shell:Creating environment descriptor '/home/jason/projects/motion_control_go2/install/mujoco/share/mujoco/hook/path.dsv'
[85.395s] INFO:colcon.colcon_core.shell:Creating environment hook '/home/jason/projects/motion_control_go2/install/mujoco/share/mujoco/hook/path.sh'
[85.395s] Level 1:colcon.colcon_core.environment:checking '/home/jason/projects/motion_control_go2/install/mujoco/lib/pkgconfig/mujoco.pc'
[85.395s] Level 1:colcon.colcon_core.environment:checking '/home/jason/projects/motion_control_go2/install/mujoco/lib/python3.10/site-packages'
[85.395s] Level 1:colcon.colcon_core.environment:checking '/home/jason/projects/motion_control_go2/install/mujoco/bin'
[85.395s] Level 1:colcon.colcon_core.shell:create_environment_hook('mujoco', 'pythonscriptspath')
[85.395s] INFO:colcon.colcon_core.shell:Creating environment hook '/home/jason/projects/motion_control_go2/install/mujoco/share/mujoco/hook/pythonscriptspath.ps1'
[85.395s] INFO:colcon.colcon_core.shell:Creating environment descriptor '/home/jason/projects/motion_control_go2/install/mujoco/share/mujoco/hook/pythonscriptspath.dsv'
[85.395s] INFO:colcon.colcon_core.shell:Creating environment hook '/home/jason/projects/motion_control_go2/install/mujoco/share/mujoco/hook/pythonscriptspath.sh'
[85.395s] INFO:colcon.colcon_core.shell:Creating package script '/home/jason/projects/motion_control_go2/install/mujoco/share/mujoco/package.ps1'
[85.396s] INFO:colcon.colcon_core.shell:Creating package descriptor '/home/jason/projects/motion_control_go2/install/mujoco/share/mujoco/package.dsv'
[85.396s] INFO:colcon.colcon_core.shell:Creating package script '/home/jason/projects/motion_control_go2/install/mujoco/share/mujoco/package.sh'
[85.396s] INFO:colcon.colcon_core.shell:Creating package script '/home/jason/projects/motion_control_go2/install/mujoco/share/mujoco/package.bash'
[85.396s] INFO:colcon.colcon_core.shell:Creating package script '/home/jason/projects/motion_control_go2/install/mujoco/share/mujoco/package.zsh'
[85.396s] Level 1:colcon.colcon_core.environment:create_file_with_runtime_dependencies(/home/jason/projects/motion_control_go2/install/mujoco/share/colcon-core/packages/mujoco)
[85.396s] INFO:colcon.colcon_cmake.task.cmake.build:Building CMake package in '/home/jason/projects/motion_control_go2/src/unitree_mujoco/simulate'
[85.396s] INFO:colcon.colcon_core.shell:Skip shell extension 'powershell' for command environment: Not usable outside of PowerShell
[85.396s] DEBUG:colcon.colcon_core.shell:Skip shell extension 'dsv' for command environment
[85.407s] DEBUG:colcon.colcon_core.event_handler.log_command:Invoking command in '/home/jason/projects/motion_control_go2/build/unitree_mujoco': CMAKE_PREFIX_PATH=/home/jason/projects/motion_control_go2/install/mujoco:/usr/local:/usr/local:/usr/local LD_LIBRARY_PATH=/home/jason/projects/motion_control_go2/install/mujoco/lib:${LD_LIBRARY_PATH} PATH=/home/jason/projects/motion_control_go2/install/mujoco/bin:${PATH} /usr/bin/cmake /home/jason/projects/motion_control_go2/src/unitree_mujoco/simulate -DCMAKE_INSTALL_PREFIX=/home/jason/projects/motion_control_go2/install/unitree_mujoco
[85.931s] DEBUG:colcon.colcon_core.event_handler.log_command:Invoked command in '/home/jason/projects/motion_control_go2/build/unitree_mujoco' returned '0': CMAKE_PREFIX_PATH=/home/jason/projects/motion_control_go2/install/mujoco:/usr/local:/usr/local:/usr/local LD_LIBRARY_PATH=/home/jason/projects/motion_control_go2/install/mujoco/lib:${LD_LIBRARY_PATH} PATH=/home/jason/projects/motion_control_go2/install/mujoco/bin:${PATH} /usr/bin/cmake /home/jason/projects/motion_control_go2/src/unitree_mujoco/simulate -DCMAKE_INSTALL_PREFIX=/home/jason/projects/motion_control_go2/install/unitree_mujoco
[85.933s] DEBUG:colcon.colcon_core.event_handler.log_command:Invoking command in '/home/jason/projects/motion_control_go2/build/unitree_mujoco': CMAKE_PREFIX_PATH=/home/jason/projects/motion_control_go2/install/mujoco:/usr/local:/usr/local:/usr/local LD_LIBRARY_PATH=/home/jason/projects/motion_control_go2/install/mujoco/lib:${LD_LIBRARY_PATH} PATH=/home/jason/projects/motion_control_go2/install/mujoco/bin:${PATH} /usr/bin/cmake --build /home/jason/projects/motion_control_go2/build/unitree_mujoco -- -j16 -l16
[90.341s] DEBUG:colcon.colcon_core.event_handler.log_command:Invoked command in '/home/jason/projects/motion_control_go2/build/unitree_mujoco' returned '2': CMAKE_PREFIX_PATH=/home/jason/projects/motion_control_go2/install/mujoco:/usr/local:/usr/local:/usr/local LD_LIBRARY_PATH=/home/jason/projects/motion_control_go2/install/mujoco/lib:${LD_LIBRARY_PATH} PATH=/home/jason/projects/motion_control_go2/install/mujoco/bin:${PATH} /usr/bin/cmake --build /home/jason/projects/motion_control_go2/build/unitree_mujoco -- -j16 -l16
[90.351s] DEBUG:colcon.colcon_parallel_executor.executor.parallel:closing loop
[90.351s] DEBUG:colcon.colcon_parallel_executor.executor.parallel:loop closed
[90.351s] DEBUG:colcon.colcon_parallel_executor.executor.parallel:run_until_complete finished with '2'
[90.352s] DEBUG:colcon.colcon_core.event_reactor:joining thread
[90.359s] INFO:colcon.colcon_core.plugin_system:Skipping extension 'colcon_notification.desktop_notification.terminal_notifier': Not used on non-Darwin systems
[90.360s] INFO:colcon.colcon_core.plugin_system:Skipping extension 'colcon_notification.desktop_notification.win32': Not used on non-Windows systems
[90.360s] INFO:colcon.colcon_notification.desktop_notification:Sending desktop notification using 'notify2'
[90.375s] DEBUG:colcon.colcon_core.event_reactor:joined thread
[90.376s] INFO:colcon.colcon_core.shell:Creating prefix script '/home/jason/projects/motion_control_go2/install/local_setup.ps1'
[90.377s] INFO:colcon.colcon_core.shell:Creating prefix util module '/home/jason/projects/motion_control_go2/install/_local_setup_util_ps1.py'
[90.379s] INFO:colcon.colcon_core.shell:Creating prefix chain script '/home/jason/projects/motion_control_go2/install/setup.ps1'
[90.379s] INFO:colcon.colcon_core.shell:Creating prefix script '/home/jason/projects/motion_control_go2/install/local_setup.sh'
[90.380s] INFO:colcon.colcon_core.shell:Creating prefix util module '/home/jason/projects/motion_control_go2/install/_local_setup_util_sh.py'
[90.381s] INFO:colcon.colcon_core.shell:Creating prefix chain script '/home/jason/projects/motion_control_go2/install/setup.sh'
[90.382s] INFO:colcon.colcon_core.shell:Creating prefix script '/home/jason/projects/motion_control_go2/install/local_setup.bash'
[90.382s] INFO:colcon.colcon_core.shell:Creating prefix chain script '/home/jason/projects/motion_control_go2/install/setup.bash'
[90.383s] INFO:colcon.colcon_core.shell:Creating prefix script '/home/jason/projects/motion_control_go2/install/local_setup.zsh'
[90.383s] INFO:colcon.colcon_core.shell:Creating prefix chain script '/home/jason/projects/motion_control_go2/install/setup.zsh'
