#{"t_start": 1760907604.3554823, "env_id": "Humanoid-v5"}
r,l,t
289.018922,58,0.494106
324.171617,65,0.522146
469.606378,93,0.5621
531.767664,98,0.604225
389.539602,77,0.638659
540.002298,119,0.694811
415.148767,77,0.72853
574.183815,106,0.774337
410.632722,77,0.807868
467.180236,89,0.847965
374.282213,74,0.880595
505.328663,102,0.925084
610.112493,117,0.977794
363.258017,68,1.006598
408.018725,77,1.039065
307.621359,71,1.069419
487.572592,95,1.109653
403.788093,81,1.143987
474.314633,96,1.185308
398.322313,77,1.218448
286.782498,55,1.242726
861.901577,160,1.313496
409.825605,85,1.350316
403.840213,76,1.870183
337.522985,65,1.897573
484.674523,106,1.944828
417.072296,87,1.982959
446.639458,90,2.020478
442.908476,94,2.06044
503.747521,98,2.102701
696.288992,152,2.169451
346.666601,75,2.202002
443.101612,87,2.239817
326.740576,62,2.265893
334.196128,71,2.297036
524.386359,103,2.34125
663.207736,131,2.397759
411.447133,76,2.430471
348.130626,73,2.461311
309.100155,61,2.488574
581.866436,116,2.5392
335.816936,63,2.566593
565.221985,112,2.615811
691.103166,133,2.675359
600.492261,123,2.730638
325.684924,63,3.20603
424.518815,79,3.239618
544.097661,101,3.296949
377.887165,73,3.32822
574.626775,111,3.373775
487.042644,101,3.416509
416.564562,79,3.451557
391.274339,73,3.482798
391.936087,80,3.517746
576.155782,111,3.56793
474.979661,97,3.611526
353.134891,72,3.642509
286.14374,61,3.669076
338.036439,77,3.702534
375.842978,80,3.737626
420.988946,80,3.773586
581.415688,110,3.821072
504.223717,98,3.86858
366.759807,72,3.89845
414.282661,76,3.932069
582.769713,110,3.981426
343.973579,66,4.00989
411.223005,84,4.046165
770.695117,146,4.581995
479.884821,101,4.625791
449.421217,86,4.663892
485.98595,92,4.702813
449.498875,94,4.744513
349.364592,66,4.773027
317.741874,73,4.803782
422.073386,82,4.83963
336.249645,64,4.867032
585.639249,112,4.916756
383.048099,79,4.951648
348.177499,77,4.98427
522.664675,100,5.040464
405.370093,76,5.078221
470.808275,94,5.120216
714.011292,139,5.182744
279.261528,65,5.212026
558.450957,119,5.26429
496.404519,94,5.305318
632.059896,124,5.360358
430.320356,83,5.395504
751.250788,149,5.459544
328.310013,62,5.986606
525.122686,99,6.030852
430.300291,79,6.063599
400.737053,79,6.102792
387.447251,79,6.137074
292.208064,56,6.159917
299.349875,67,6.18868
326.226633,68,6.218954
517.318009,97,6.263509
410.469083,78,6.299575
473.542242,96,6.341751
500.807654,94,6.382094
396.151655,84,6.41661
402.130236,81,6.451201
692.619958,129,6.50806
443.38212,83,6.546171
305.928099,60,6.572929
306.244601,61,6.599415
557.5602,113,6.649173
487.881058,106,6.696347
451.814226,87,6.734737
332.703992,64,6.763162
322.515952,61,6.789296
309.068208,59,6.814857
350.901384,67,6.84479
309.785883,58,6.869394
408.866948,89,7.782766
342.851347,65,7.812897
633.403843,117,7.865131
401.881107,75,7.898221
478.252212,94,7.938974
364.062153,69,7.969032
335.660872,63,7.9962
372.228161,71,8.025691
368.612205,70,8.055818
595.626182,117,8.107001
531.748152,104,8.152474
240.079116,51,8.17283
555.208459,112,8.222583
460.368568,87,8.261083
427.218592,81,8.29838
629.268575,135,8.358852
404.065387,75,8.392545
382.160782,71,8.42308
324.720834,61,8.449645
353.009087,66,8.478517
428.825747,81,8.51476
618.415792,118,8.56679
667.315841,131,8.624617
453.182902,84,9.10057
488.160221,92,9.140333
343.671485,73,9.17301
400.386803,81,9.208175
483.403861,95,9.249324
487.510653,92,9.288688
704.09838,130,9.344355
604.252266,112,9.392376
486.256118,95,9.434833
283.571755,64,9.461177
447.588631,83,9.496788
506.198508,99,9.540096
413.396002,86,9.578256
419.5523,79,9.613008
394.981131,76,9.643789
458.426374,85,9.679969
473.087362,99,9.722197
416.280575,86,9.758562
350.6313,65,9.78655
488.847887,90,9.825462
485.265148,100,9.870734
632.194821,118,9.921462
385.59746,77,9.954485
535.058052,108,10.428112
492.936494,93,10.46892
581.037318,110,10.516999
572.439043,117,10.56853
625.835913,129,10.62454
443.075048,88,10.661621
448.782176,83,10.697427
472.631494,90,10.73737
374.376167,69,10.767404
866.183496,164,10.838046
349.650844,67,10.866656
444.907682,83,10.902934
342.776461,70,10.931947
509.978228,99,10.974769
478.886062,90,11.012408
348.056433,67,11.041138
378.288315,73,11.071593
319.092552,70,11.100861
462.913085,85,11.137277
314.963332,68,11.166674
356.53883,68,11.195531
409.87071,79,11.229391
321.680292,67,11.257786
306.716498,59,11.282601
400.646321,77,11.741857
586.114686,115,11.792111
417.510508,80,11.825763
661.286566,130,11.882384
415.550484,79,11.916556
479.060753,88,11.953539
458.141657,90,11.99145
473.020222,94,12.032868
440.289914,97,12.075802
344.026005,65,12.102973
481.520776,89,12.140162
452.739557,98,12.183505
522.63473,98,12.227827
404.117493,88,12.266271
891.150656,171,12.339586
377.297295,81,12.373704
351.336382,76,12.40685
372.134763,71,12.436543
448.222907,91,12.476081
287.984054,55,12.499269
538.162053,102,12.545173
412.219618,83,12.579709
509.827051,109,13.052407
320.959188,70,13.082273
446.563349,95,13.12195
336.834632,63,13.149506
629.822668,118,13.200815
638.848558,124,13.254434
285.424259,57,13.278286
330.747117,68,13.307457
840.925295,164,13.380551
374.108648,71,13.411518
572.70503,126,13.466948
521.725362,96,13.508369
268.302864,51,13.529505
449.582005,96,13.571572
402.132419,75,13.603634
391.315437,80,13.638417
454.554041,94,13.6784
428.010604,83,13.713538
395.479536,75,13.744024
522.679612,113,13.79325
353.507459,69,13.822786
675.625937,131,13.879615
347.5313,65,13.907906
393.214721,73,14.475703
369.153273,70,14.506262
747.190213,139,14.568034
600.804712,123,14.622035
534.905639,100,14.66552
546.17769,108,14.712437
620.690846,119,14.764928
481.345217,112,14.816533
357.935575,67,14.845224
518.292847,95,14.888615
656.155679,127,14.94988
393.894709,76,14.984105
297.452338,57,15.008981
506.766028,111,15.056699
403.938206,91,15.097255
438.378643,84,15.133436
338.053795,72,15.164474
631.501402,119,15.216224
291.597924,56,15.240369
672.077494,136,15.298893
325.999947,64,15.326253
254.298657,53,15.96951
306.128965,58,15.996894
445.256824,89,16.037151
384.248233,73,16.069257
540.508364,107,16.11701
333.046636,63,16.144884
541.944209,104,16.189268
603.612204,110,16.237113
509.209622,94,16.277762
318.893042,63,16.304355
312.806615,66,16.332839
439.889065,82,16.369384
540.492585,99,16.412516
395.896015,77,16.446708
310.155686,59,16.473539
464.011265,86,16.513025
688.742076,133,16.572392
472.535545,86,16.609684
474.360343,97,16.652225
385.08656,72,16.682764
661.568236,127,16.737954
366.951475,69,16.7662
353.591548,70,16.796363
330.674738,64,16.824042
439.68351,83,16.861161
500.688011,103,17.421786
349.627543,65,17.450058
335.523456,70,17.480902
543.079678,104,17.526648
354.318806,67,17.556016
496.418568,94,17.59848
398.77684,75,17.630693
384.293949,69,17.660933
308.775657,73,17.693249
510.931296,97,17.736202
363.692255,69,17.765741
551.985411,102,17.812159
516.907724,96,17.855648
371.007333,75,17.890582
686.942854,128,17.949827
461.538737,94,17.991284
640.499292,121,18.044561
394.339933,75,18.080423
594.703783,114,18.12968
375.023202,72,18.160238
408.886424,86,18.198561
352.169716,66,18.228441
312.331472,66,18.257922
584.310783,111,18.941045
364.584525,68,18.970379
308.107207,62,18.996348
486.647532,100,19.041313
455.254797,88,19.07976
338.760775,65,19.106621
266.868229,57,19.129537
654.988458,130,19.188273
546.804667,102,19.232473
467.817122,89,19.270276
459.141132,87,19.307421
573.198947,111,19.356413
408.196995,77,19.389573
435.89722,80,19.423614
405.822207,75,19.456017
423.144996,79,19.490517
545.554067,107,19.536422
432.076727,81,19.57172
397.309732,74,19.603894
357.370894,68,19.632729
284.679475,53,19.654409
531.682198,100,19.696747
590.896061,116,19.748032
576.290699,108,19.795472
526.361196,104,20.291939
574.85912,113,20.341868
572.116409,125,20.397654
345.726079,66,20.427515
307.630369,69,20.457657
823.134009,154,20.528548
509.794913,95,20.570577
348.059078,66,20.599298
471.845729,90,20.637398
304.486704,59,20.662221
651.58679,120,20.715033
427.588269,86,20.751939
667.767378,130,20.807134
297.298506,67,20.83397
297.755552,60,20.859795
392.402883,75,20.890682
525.524897,98,20.933587
347.498225,71,20.962313
780.798692,151,21.029296
394.55764,73,21.061203
628.756944,122,21.118252
450.268604,84,21.155509
368.016814,84,21.666998
549.81814,103,21.711705
396.661688,76,21.745604
598.171379,110,21.794106
586.907954,113,21.843754
617.125434,122,21.8992
309.877304,68,21.926858
727.060201,139,21.988708
392.71799,74,22.021275
439.742395,82,22.057534
501.386103,92,22.097572
761.076764,151,22.164018
508.154772,94,22.204402
428.647811,84,22.24757
417.412005,76,22.281165
274.087319,61,22.307319
442.620632,82,22.343837
512.671214,111,22.39365
297.266651,65,22.422513
386.478536,73,22.455453
450.680346,89,22.494913
398.758533,76,22.529483
454.795477,86,23.448557
757.181084,140,23.521923
523.971572,97,23.565601
463.392083,88,23.604439
449.773214,82,23.640189
529.566273,111,23.690134
482.491356,91,23.731374
370.961115,69,23.760232
428.936064,84,23.796267
364.07397,76,23.830319
483.78958,91,23.869486
432.214387,80,23.902085
404.49875,84,23.939185
300.262099,59,23.964329
625.775502,130,24.026719
305.740516,66,24.053146
468.082832,90,24.092265
338.887911,75,24.1258
369.346561,82,24.162198
461.958682,86,24.201436
594.488715,113,24.251605
613.714865,116,24.303882
489.32129,99,24.794485
562.823973,106,24.839579
392.512121,81,24.873713
463.546115,94,24.914053
405.689497,78,24.94786
417.596722,77,24.980669
435.548322,90,25.020293
413.976643,75,25.051988
513.324721,100,25.095386
353.453269,75,25.127017
471.666155,87,25.163742
521.384915,112,25.211739
423.962371,85,25.248849
458.768675,86,25.285137
513.198558,104,25.330472
643.160713,141,25.395048
407.341488,76,25.429952
301.79505,57,25.455517
488.773604,98,25.499279
451.019758,85,25.537409
408.9341,85,25.575897
484.651167,90,25.61525
392.632674,75,25.648283
389.775739,75,25.681073
567.366968,118,26.376144
775.615896,149,26.442054
368.494605,70,26.471386
424.163937,80,26.506929
454.137027,87,26.544467
409.488913,77,26.577207
371.461765,68,26.606532
536.123542,101,26.649534
299.673621,60,26.680279
552.780774,114,26.731335
374.862753,69,26.760644
443.165559,89,26.798774
428.220295,80,26.834452
508.469664,95,26.875958
318.859698,75,26.907344
514.240929,104,26.952252
458.102134,95,26.991977
552.499924,104,27.03657
474.978214,95,27.076597
525.704365,99,27.119004
387.920189,82,27.153532
506.203324,95,27.195313
509.059651,94,27.702253
339.183206,69,27.733335
667.153447,127,27.789584
390.157259,80,27.824503
547.167511,102,27.868165
334.556709,64,27.896157
327.212658,62,27.923949
386.365402,74,27.956686
402.213068,75,27.990771
381.824956,84,28.027967
455.391722,88,28.06623
438.700332,82,28.105572
531.444576,107,28.154329
402.223932,75,28.187214
334.482412,63,28.21516
357.348846,71,28.245998
518.289698,104,28.292013
703.440117,137,28.35247
446.414093,85,28.388494
302.211049,59,28.414313
405.43452,81,28.450109
440.199783,86,28.487683
418.497214,78,28.520431
408.649057,88,28.558875
391.180965,76,29.111632
466.182124,100,29.158067
353.569446,76,29.203574
314.882625,60,29.230459
443.177513,82,29.265509
734.948139,151,29.332997
435.590958,82,29.368566
563.473804,102,29.413223
589.380091,111,29.461291
787.009412,158,29.533911
331.013967,64,29.56268
511.654157,99,29.608267
484.521744,99,29.651355
330.373231,69,29.682058
394.501553,74,29.714557
331.054007,71,29.74546
591.642888,118,29.797365
303.218406,59,29.823033
598.437818,118,29.877373
331.678944,64,29.906328
488.016339,87,29.94429
568.3012,107,29.992705
543.845606,100,30.679482
412.260375,78,30.714347
306.256795,63,30.754239
330.915798,64,30.783128
630.55945,121,30.836423
460.725805,84,30.873421
579.480382,112,30.924887
376.989641,72,30.956764
743.208957,162,31.032079
534.004472,104,31.078875
373.020465,76,31.113085
320.891693,66,31.142882
391.840734,87,31.182364
593.221482,123,31.239494
427.882273,83,31.275586
462.577334,95,31.318362
396.681857,75,31.350468
353.18113,68,31.380733
504.653534,103,31.425493
459.175938,87,31.464068
554.127438,101,31.508021
364.210558,71,31.539137
398.279194,76,31.572934
808.921149,162,32.145334
481.58031,98,32.190019
333.441994,65,32.224052
418.455406,79,32.264207
292.837272,63,32.293461
373.625703,71,32.325895
376.531632,73,32.359017
411.26662,76,32.391564
833.608981,166,32.46823
367.470769,72,32.498429
746.229528,166,32.572752
448.533499,85,32.607538
251.084625,58,32.631027
305.195239,67,32.659326
559.966223,105,32.705532
488.887435,91,32.74495
369.376044,71,32.776258
385.770493,77,32.809971
720.332352,160,32.881202
669.468969,124,32.935186
312.449643,69,32.964828
482.574475,92,33.004938
608.532245,113,33.508635
721.181777,138,33.570889
541.86248,107,33.62349
340.927097,64,33.654994
376.486735,70,33.700359
403.251251,92,33.741789
299.150345,67,33.773414
437.708147,84,33.811208
446.470417,80,33.845687
533.791644,100,33.890281
430.957823,88,33.928243
441.483173,85,33.96453
446.470568,85,34.002568
287.948984,55,34.025517
705.490125,144,34.089271
378.924736,72,34.12099
699.979578,133,34.179258
429.427547,82,34.216763
576.262567,109,34.265308
616.707746,113,34.314828
576.353129,117,34.366603
307.442603,59,34.391158
398.05153,74,35.030731
399.025265,77,35.063328
417.246467,78,35.097756
515.618101,114,35.151514
486.507499,105,35.197987
482.339379,106,35.246108
609.875761,110,35.29723
401.54683,88,35.335131
383.0404,90,35.375048
450.645545,88,35.413337
334.197384,64,35.439883
349.707914,66,35.468374
385.779148,79,35.501831
558.836633,106,35.547671
392.873072,74,35.57869
492.29543,94,35.619239
604.910376,116,35.669764
710.252101,134,35.729794
370.911942,70,35.761768
322.87084,63,35.788849
328.122245,72,35.820535
616.906365,114,35.869322
423.103613,86,36.508769
421.873086,81,36.543962
448.747918,90,36.586726
299.82505,59,36.61352
311.462447,73,36.64564
409.931495,77,36.677947
393.355503,79,36.713282
342.792726,70,36.742596
538.391841,108,36.789683
774.351925,142,36.852954
482.936188,90,36.893881
402.393406,83,36.946492
411.83403,83,36.982569
512.09898,93,37.022731
319.395364,63,37.04911
361.022581,82,37.083765
357.058843,67,37.111752
362.683212,81,37.145863
576.951251,124,37.200122
324.9502,71,37.230041
438.43233,92,37.269041
465.061233,88,37.305452
447.280894,92,37.34526
473.492156,95,37.385738
357.374584,67,37.903202
357.707011,67,37.93209
472.22937,89,37.969872
277.359259,54,37.992954
611.513201,120,38.043582
571.24202,111,38.098487
472.360346,90,38.137914
373.403233,71,38.16886
367.154842,68,38.202387
530.616813,113,38.254141
400.49355,76,38.287175
428.053409,82,38.322696
526.815852,99,38.366355
535.077408,100,38.410777
387.452543,74,38.442685
365.330606,71,38.473636
373.82255,71,38.503736
342.996574,65,38.531666
433.071464,81,38.566586
386.264043,89,38.605479
819.81002,160,38.677008
422.491167,79,38.711612
480.332516,90,38.751462
437.387166,82,38.786708
424.288986,81,39.438344
543.971084,99,39.480564
450.946596,82,39.518842
356.630036,71,39.550222
533.338071,99,39.592764
481.001205,91,39.632681
592.367349,118,39.685972
521.021138,99,39.730649
313.348733,67,39.760692
394.683259,74,39.792092
380.431458,74,39.82395
407.65034,85,39.862904
358.423412,78,39.897471
420.11366,78,39.930333
458.587164,87,39.967441
358.051571,81,40.003029
397.6674,77,40.036968
322.174852,61,40.062435
504.127183,98,40.105417
414.501477,77,40.139356
439.244147,99,40.183308
567.147954,105,40.229102
396.930927,74,40.261599
592.17507,114,40.309723
579.251648,121,41.127378
270.879601,62,41.160296
353.384519,67,41.189721
437.246575,82,41.226433
204.564409,46,41.245253
453.696873,85,41.282491
513.907319,101,41.337416
426.970928,79,41.372211
384.304756,72,41.404505
376.610483,71,41.435166
486.266288,91,41.474317
340.103203,66,41.50386
388.205908,72,41.535253
458.46292,87,41.573569
316.195071,70,41.604182
436.617977,83,41.640276
472.971988,101,41.687836
258.613229,59,41.713563
585.432713,117,41.763793
455.565715,90,41.80487
527.162489,99,41.8481
334.543462,62,41.875143
409.122658,78,41.911138
490.232162,90,41.951812
475.488942,93,41.992558
408.52784,81,42.561846
595.709232,113,42.610292
470.163539,91,42.653975
795.597648,152,42.721386
363.755838,67,42.75006
532.242866,109,42.797416
358.485382,68,42.826487
360.331214,67,42.855165
570.307631,110,42.905003
674.880246,122,42.957679
435.055544,83,42.993911
424.815213,79,43.029011
363.934886,76,43.063287
400.368388,80,43.098648
424.922591,84,43.136285
214.672363,49,43.156487
532.614812,101,43.200407
784.993963,152,43.268982
362.74685,74,43.300545
804.336123,160,43.374455
459.066655,94,43.416061
336.634898,76,43.992646
391.048257,74,44.025316
383.423723,73,44.057612
394.915457,80,44.093797
342.321982,73,44.12581
411.982411,84,44.162154
367.977628,70,44.194983
639.531522,130,44.254744
500.498274,104,44.301075
350.959768,66,44.329427
375.518954,79,44.365146
579.074422,115,44.417401
594.971299,118,44.47107
415.483062,89,44.508985
393.904391,79,44.543349
504.06452,95,44.584021
384.125744,73,44.615513
438.104932,96,44.658138
331.356356,65,44.687459
423.799059,78,44.723003
280.128027,53,44.746762
442.973165,89,44.786649
665.668624,126,44.8429
459.368311,89,44.884045
433.73418,80,45.610526
474.752186,90,45.662413
384.516215,82,45.697951
290.942723,63,45.724663
362.701026,74,45.757389
520.16109,95,45.799326
536.322955,99,45.843752
358.060315,80,45.879821
464.706843,93,45.91959
452.934931,86,45.958925
398.334496,75,45.990382
767.054792,148,46.0574
434.766261,84,46.093901
698.434023,147,46.158679
525.45425,97,46.20447
384.949362,74,46.236207
495.475839,94,46.278217
436.901115,83,46.315682
667.681968,125,46.370296
504.021202,95,46.410451
350.228539,72,46.441971
294.1168,63,46.467436
433.845762,87,47.085856
587.967247,110,47.135794
457.670988,89,47.17556
291.366976,59,47.200149
384.41168,71,47.231559
426.254884,86,47.27472
454.685522,92,47.316349
675.382664,124,47.371207
502.427048,92,47.411522
493.081863,94,47.456801
399.777525,78,47.491984
599.636749,111,47.541595
544.723193,103,47.586317
363.848148,76,47.620219
340.49974,63,47.648094
556.85943,108,47.69433
260.991267,55,47.717338
442.902618,84,47.754692
482.440191,91,47.794916
360.088158,76,47.828345
393.981697,93,47.869103
366.184886,71,47.899704
428.854881,97,47.942352
387.81016,74,47.97472
434.319352,82,48.458231
521.699388,100,48.502367
451.505207,98,48.543995
517.800792,104,48.589346
449.475689,83,48.624943
328.911881,63,48.653357
568.33995,106,48.715694
591.094177,110,48.763743
410.379212,94,48.809375
591.3298,126,48.867972
374.533512,71,48.898759
577.443321,115,48.950556
555.570049,104,48.996311
383.534376,72,49.026781
318.311145,68,49.056918
410.422297,79,49.090763
479.288081,90,49.13055
303.798739,58,49.155272
380.270883,71,49.186207
593.066432,110,49.234973
463.085123,94,49.277398
585.524604,115,49.328749
293.426895,56,49.352799
341.163554,66,49.951217
451.709731,86,49.98856
534.318228,100,50.032265
272.529632,53,50.05547
475.24142,89,50.094474
499.241412,94,50.134323
397.512316,75,50.166104
584.046517,106,50.211196
392.408807,74,50.243253
449.608757,89,50.281685
684.609496,131,50.339124
371.558189,71,50.369891
749.585429,138,50.430993
383.043191,75,50.463517
447.281626,95,50.508888
441.685081,93,50.553717
363.983241,72,50.586553
522.971674,97,50.63188
379.412493,71,50.66334
498.779026,97,50.706016
457.145624,83,50.741675
415.606599,75,50.773524
326.48976,71,50.804102
445.76963,96,51.295151
325.823879,65,51.323608
622.602054,116,51.374831
431.71774,85,51.411214
436.465449,97,51.454689
439.19508,94,51.495164
577.597462,113,51.546214
609.03924,113,51.596136
401.703833,76,51.629304
447.331871,86,51.666543
527.61192,101,51.712019
453.888932,92,51.75197
448.958824,85,51.789521
492.664313,98,51.83292
524.757909,105,51.879451
554.148136,105,51.925268
432.616216,93,51.965834
299.251686,65,51.993418
457.446326,93,52.032927
408.529477,76,52.066386
512.528064,106,52.113149
467.809615,91,52.15344
766.0443,147,52.64854
326.163482,73,52.681075
385.241089,72,52.712657
565.16707,107,52.759584
406.581978,90,52.798567
316.471102,60,52.823452
348.273805,78,52.858029
333.264526,63,52.885319
574.076934,107,52.933281
489.884127,99,52.977654
546.497067,103,53.021891
404.246757,83,53.058429
321.363103,61,53.085611
418.683437,81,53.122895
310.095093,60,53.149756
630.672101,117,53.20243
509.359771,94,53.244192
616.96081,117,53.295885
339.908311,68,53.325101
608.261966,128,53.380821
450.433183,97,53.421122
463.747105,89,53.460981
396.592882,81,53.495335
363.88139,82,54.010655
490.969679,98,54.054142
424.006171,79,54.095198
376.69849,71,54.124728
770.68531,148,54.190516
455.534534,84,54.227147
461.951068,102,54.274264
500.718657,101,54.319381
611.965425,127,54.375333
557.397724,106,54.422073
536.585371,102,54.463785
447.636908,84,54.500185
499.947626,97,54.543037
502.139784,105,54.589022
330.152435,65,54.61649
372.886476,77,54.650224
386.117941,81,54.685509
473.866669,98,54.728404
712.448014,134,54.78721
549.888688,106,54.833323
365.287894,68,54.863012
625.570351,117,55.444805
547.478857,105,55.501892
280.202263,53,55.544962
262.181585,57,55.569482
756.928764,142,55.631964
569.099036,112,55.680552
399.954925,76,55.715497
388.193992,72,55.747103
391.103083,90,55.787479
639.55893,124,55.842703
577.167318,109,55.88923
684.49997,130,55.947152
372.817745,71,55.978321
527.102474,100,56.021253
428.043262,80,56.055351
351.089622,74,56.08638
472.56232,98,56.129338
392.664721,81,56.165499
370.513543,70,56.195545
483.906636,102,56.239206
362.282245,68,56.268128
397.121256,76,56.30124
352.108953,66,56.328987
528.236854,96,57.015881
328.368775,63,57.043859
411.515299,81,57.083862
404.336417,84,57.129309
455.578091,89,57.167355
439.767292,94,57.206884
470.82476,95,57.248266
311.49693,60,57.273324
928.993538,176,57.350627
241.977098,52,57.371801
292.108795,56,57.395777
477.624116,89,57.434635
366.671246,76,57.467577
568.567115,107,57.514283
468.245526,86,57.551837
291.246676,65,57.579108
626.333816,124,57.632674
449.014284,92,57.673395
432.98315,87,57.712413
404.496529,79,57.748097
332.929915,74,57.779225
352.711046,71,57.809726
434.115568,80,57.845107
543.375255,103,57.890279
336.293994,69,58.46567
419.6267,79,58.500739
311.417755,62,58.542054
389.689958,73,58.574246
717.511318,144,58.656163
400.18302,76,58.690742
389.123342,84,58.728511
422.872524,80,58.763291
499.901116,93,58.804223
393.858424,78,58.837835
486.235662,89,58.87668
415.998817,77,58.909781
409.147508,79,58.943987
525.866016,97,58.986647
669.910072,125,59.04058
389.4854,74,59.072381
623.40599,115,59.122265
447.667996,84,59.158954
433.001775,95,59.200217
526.321173,103,59.244995
459.276256,89,59.28278
388.395954,71,59.312507
431.305507,83,59.347564
309.540196,62,60.082316
368.435765,71,60.112909
346.253359,67,60.141657
364.350984,69,60.188321
644.396761,121,60.2412
401.670704,76,60.279451
362.901979,68,60.309114
322.57147,62,60.335303
406.832102,90,60.374763
505.354232,94,60.41708
751.797658,148,60.481972
429.149762,79,60.516751
467.433575,88,60.555379
322.413743,61,60.581417
363.836189,69,60.611482
506.786674,92,60.65127
731.141544,146,60.715728
363.794291,77,60.748752
455.552168,97,60.792567
1003.084507,189,60.876137
479.783847,90,60.914234
446.70714,82,60.951261
719.876796,137,61.56834
531.743565,113,61.617962
374.937644,81,61.656348
396.492461,75,61.692754
308.04496,61,61.718005
471.915423,91,61.757513
431.627622,93,61.797744
354.195995,77,61.831569
802.029794,161,61.906956
695.875715,145,61.974033
467.570726,87,62.013048
546.596334,111,62.066137
596.302902,120,62.123005
310.621757,70,62.155899
719.204251,137,62.216549
439.46991,88,62.253799
383.222872,72,62.28453
346.068431,65,62.314854
435.842892,81,62.349957
338.057547,73,62.381787
339.565679,73,62.414915
421.862762,81,62.451481
789.508941,153,63.036512
420.841029,89,63.075842
367.606414,74,63.108426
519.580383,114,63.155447
276.670017,52,63.177553
358.544524,70,63.206778
540.023876,102,63.251182
448.289642,87,63.289917
322.620122,71,63.319509
563.524787,104,63.363394
463.269019,87,63.401875
666.619567,126,63.456805
453.543824,84,63.491209
509.545004,107,63.538525
313.297239,73,63.571419
414.435688,78,63.605223
348.359231,71,63.635923
672.925389,131,63.693176
759.123167,151,63.757689
815.401144,170,63.835375
360.68562,69,63.866437
412.554178,77,64.443323
377.077075,71,64.473468
471.473301,86,64.50913
297.936503,57,64.533487
526.910073,97,64.578937
498.713271,93,64.619533
469.641048,98,64.662442
578.217694,118,64.713577
275.272308,60,64.739543
354.835354,76,64.771508
562.784649,109,64.818403
533.436004,104,64.862494
357.471658,75,64.894382
383.695918,72,64.924551
400.643965,87,64.961998
266.717547,53,64.985503
587.890246,112,65.035213
454.367357,84,65.069464
484.545637,105,65.115216
400.92896,73,65.145117
553.40747,113,65.19913
332.715822,62,65.22497
640.095402,119,65.27789
401.923874,77,65.777669
543.327372,105,65.825072
359.153525,76,65.864652
466.66829,89,65.905166
417.591748,80,65.940165
403.307403,76,65.973799
350.747977,74,66.011918
305.899749,69,66.040905
455.82958,85,66.078085
387.489103,72,66.107862
383.479427,74,66.139815
429.187192,91,66.180924
371.589926,71,66.210474
628.340402,122,66.263673
622.945562,117,66.315228
515.085886,110,66.363667
237.928337,54,66.385885
336.788301,73,66.416903
395.260234,74,66.448808
609.281579,116,66.499458
614.559826,114,66.546535
765.889373,158,66.61618
560.577641,112,66.66461
296.979871,62,67.337965
418.636047,85,67.385421
390.114658,75,67.419106
501.498564,92,67.459041
397.972187,74,67.491452
365.122719,75,67.523487
524.323431,102,67.568187
268.97539,60,67.59397
444.17801,96,67.636017
336.917799,65,67.665253
378.930727,73,67.698269
548.007121,113,67.749866
449.011597,84,67.786618
452.741791,84,67.822021
439.473114,90,67.861522
379.64248,75,67.892989
459.772481,87,67.930943
453.222924,101,67.977173
438.92132,81,68.012004
429.703746,81,68.045844
530.494883,99,68.088557
485.168157,91,68.128857
732.065654,137,68.20614
431.344895,84,68.242062
511.389065,110,68.805863
802.395461,157,68.878519
433.924924,93,68.934629
420.119217,78,68.968482
686.307178,135,69.02926
575.420047,115,69.079473
433.930927,94,69.119855
355.75923,67,69.147596
478.405563,87,69.185853
317.372041,62,69.213164
520.306536,102,69.259184
566.623352,110,69.306036
436.749031,83,69.342491
632.994197,134,69.404473
624.188577,119,69.458607
620.047124,121,69.513104
405.297558,76,69.54738
391.441705,74,69.580776
366.423276,74,69.611809
398.125551,91,69.652025
426.166474,84,71.049794
421.464834,92,71.092256
493.328844,92,71.132866
778.346174,148,71.196945
513.36066,96,71.238059
319.21285,66,71.264671
652.119142,129,71.322924
348.533067,66,71.351591
336.582696,71,71.382792
626.046115,122,71.435824
531.510715,100,71.480105
435.325716,86,71.51854
331.971797,72,71.5514
404.851382,80,71.585972
439.323306,85,71.623876
445.95784,85,71.660329
555.558355,123,71.716532
608.818245,122,71.770044
404.67401,77,71.825891
460.359264,100,71.870499
516.168518,95,71.912051
231.010657,53,71.935339
485.785351,92,72.494525
477.333901,94,72.535334
560.809514,112,72.590775
393.166765,73,72.625236
351.703386,75,72.65785
604.965662,115,72.708474
468.164976,93,72.749081
424.594037,90,72.786908
378.006232,71,72.816922
444.68291,82,72.851794
716.588245,134,72.908055
483.364168,93,72.949193
514.540486,99,72.992337
459.022521,84,73.027216
492.017475,103,73.071979
499.117898,105,73.117362
966.954984,184,73.199133
395.617057,74,73.230732
328.845872,66,73.258792
363.241635,77,73.293034
430.738699,82,73.327536
341.941149,64,73.354654
350.604386,71,73.386118
488.627644,103,74.122304
531.846699,99,74.168662
630.721472,118,74.221736
338.682966,75,74.256439
657.946074,121,74.31187
479.131832,92,74.354009
341.496409,64,74.38208
561.169998,108,74.431954
422.504877,84,74.468062
699.656304,134,74.526604
411.511529,79,74.560407
447.332191,82,74.595867
470.346105,87,74.63361
376.001698,81,74.667932
508.81925,95,74.708511
454.058993,87,74.747914
478.350895,89,74.786522
291.06356,57,74.810739
312.439831,60,74.836367
614.002062,115,74.888127
483.247806,90,74.929959
577.90295,105,74.978003
420.759903,88,75.564197
920.479807,178,75.64447
579.690784,106,75.690901
557.778119,104,75.759019
419.201475,80,75.796047
363.598811,72,75.826175
353.274273,82,75.862191
663.050087,127,75.918069
788.746316,158,75.987509
683.523705,133,76.045159
576.681737,117,76.096033
383.834737,86,76.13335
392.161902,77,76.166553
330.052545,63,76.192909
365.459655,69,76.222609
579.122245,116,76.274222
338.886966,75,76.307165
365.393361,78,76.342551
455.718987,85,76.378974
404.052701,83,76.415726
454.992677,84,76.452042
740.778235,148,77.078243
611.335218,115,77.130218
437.585179,85,77.167793
393.111414,73,77.200801
698.987865,134,77.259394
258.356644,50,77.281633
402.503214,90,77.321096
265.756342,55,77.344809
415.081645,83,77.381646
371.189578,75,77.414748
608.843123,118,77.466801
444.131158,88,77.505427
380.220915,72,77.536726
284.383599,54,77.561354
476.968413,99,77.605588
415.904656,77,77.639431
629.517496,122,77.691189
331.912025,64,77.719293
312.593211,59,77.74388
454.302309,88,77.781509
346.818036,67,77.810744
365.32314,77,77.843678
308.053268,67,77.873188
591.71162,110,78.402771
267.632368,62,78.429834
385.752304,83,78.467293
510.287441,99,78.511268
642.530765,127,78.567368
656.490155,134,78.627913
404.639545,75,78.661031
390.889337,77,78.69628
617.37615,133,78.754699
303.513522,63,78.781632
361.544913,69,78.812226
221.318865,45,78.830275
429.294772,82,78.867435
605.944277,130,78.925861
521.457893,97,78.969588
486.782285,93,79.014583
445.739457,93,79.056525
571.122668,106,79.105456
456.117368,91,79.147033
658.564167,131,79.206003
371.464753,70,79.236619
397.795778,74,79.269739
365.09125,73,79.300687
475.21081,96,80.209526
335.190539,65,80.238934
529.070789,99,80.282336
445.915716,83,80.31937
372.787938,75,80.351497
534.838385,105,80.397211
472.865544,92,80.436248
792.91077,155,80.505481
367.079835,83,80.543497
281.982883,54,80.566757
580.256448,111,80.615738
371.02663,69,80.645536
304.231944,58,80.672035
323.478685,61,80.699748
457.551666,87,80.738198
483.390682,96,80.780886
492.128797,94,80.822476
420.710968,79,80.858456
675.488121,141,80.920088
577.431006,107,80.965048
411.456427,76,80.999147
346.917519,69,81.03045
377.763426,71,81.061362
465.638121,88,81.642007
454.416052,87,81.680624
618.217821,115,81.749582
410.888675,91,81.788056
356.275143,73,81.820554
459.134287,85,81.857144
456.144859,94,81.897376
665.31238,126,81.953653
337.046959,64,81.981424
394.955102,75,82.014339
418.663433,78,82.049841
697.808075,135,82.109868
411.53117,77,82.143561
618.24016,116,82.195646
487.740889,93,82.236864
498.866345,91,82.278498
702.080693,138,82.338722
434.258921,80,82.374456
431.484371,81,82.411006
398.335698,74,82.443551
757.475056,146,82.506933
540.316674,100,83.252412
506.874057,109,83.302737
351.835039,76,83.335737
420.489293,79,83.370488
400.283734,88,83.408472
478.828342,101,83.453798
400.568377,73,83.48603
501.999995,99,83.529068
446.208061,91,83.569056
554.880576,111,83.618965
449.806811,84,83.654289
366.168368,71,83.684997
363.070108,69,83.71557
376.744562,71,83.746324
479.201053,97,83.789504
440.94595,84,83.826255
425.546342,88,83.865336
444.15546,90,83.905643
523.257429,97,83.947405
467.310593,90,83.986176
551.545266,104,84.031774
469.814168,102,84.075454
623.884641,114,84.125875
448.039473,84,84.868732
390.978068,74,84.909178
492.87058,106,84.955422
397.951905,74,84.988077
446.476755,93,85.028697
317.711271,67,85.0614
555.544372,121,85.115287
408.321912,79,85.14905
477.618561,102,85.193882
568.771538,116,85.242855
537.853865,122,85.293917
282.455406,54,85.317517
258.524037,60,85.345807
460.286039,86,85.382752
609.603549,115,85.433092
646.774212,132,85.490417
255.732574,61,85.515697
351.213216,65,85.543219
436.442257,83,85.581691
408.283492,77,85.617537
519.103876,118,85.670716
485.579738,97,85.712446
430.891466,82,85.748131
479.678383,102,86.512785
533.160842,100,86.55686
385.770021,71,86.587369
366.85252,68,86.617151
347.95875,67,86.645939
469.732822,96,86.688064
421.855251,80,86.722936
388.378606,81,86.757999
631.711189,117,86.809028
480.375307,105,86.854716
580.651141,113,86.904467
427.935792,92,86.945023
280.325163,52,86.968001
410.284618,86,87.003773
257.706435,53,87.026563
357.201747,67,87.054137
585.578604,127,87.109629
386.305289,87,87.147485
355.815261,69,87.178258
280.243981,55,87.202448
382.032134,78,87.236655
342.828941,78,87.270136
569.769753,108,87.318795
452.3519,97,87.361231
481.491941,91,88.010178
677.605208,140,88.071713
605.825291,114,88.120975
415.71738,79,88.154801
407.796768,76,88.193007
515.087276,107,88.242922
399.886425,77,88.277829
480.191276,88,88.317281
436.132143,83,88.355285
473.702173,87,88.393453
483.388033,98,88.43661
477.770428,93,88.477574
594.004233,111,88.528095
372.042965,70,88.560232
458.742546,92,88.601746
360.159589,66,88.630746
375.259425,74,88.662484
364.09968,78,88.697072
636.281553,118,88.749128
690.055319,127,88.805204
409.333299,79,88.839396
497.914916,96,88.881579
400.471306,85,89.463261
476.893183,98,89.507125
429.016888,78,89.543464
378.907774,73,89.579526
596.424295,109,89.628108
480.188586,88,89.666791
454.739559,86,89.704846
520.859319,111,89.751686
364.815487,68,89.780934
408.171874,91,89.820292
562.190643,114,89.871249
340.113205,65,89.900933
364.297268,74,89.934434
520.198431,106,89.981028
504.235996,96,90.023352
577.956007,115,90.073907
470.5129,89,90.113629
431.382339,100,90.158772
441.11929,85,90.197983
462.672055,86,90.234862
549.527994,104,90.279874
337.123154,65,90.307601
572.760285,109,91.057801
423.20155,80,91.093009
511.101853,98,91.134325
453.771176,85,91.174461
407.397746,75,91.207567
428.632201,87,91.245103
376.920517,72,91.276988
395.570323,89,91.319942
286.756982,59,91.345507
329.960055,67,91.374153
633.605647,119,91.42758
284.211623,54,91.451313
487.942353,92,91.492099
474.482477,89,91.531285
374.021243,78,91.566532
877.309969,166,91.644386
436.095523,84,91.678295
541.326988,102,91.725206
435.717341,80,91.75925
511.748427,94,91.800086
522.028362,98,91.844588
607.118368,129,91.900974
562.832578,110,91.949455
444.727478,83,92.598102
501.131834,93,92.64004
455.825389,95,92.682261
458.380653,87,92.720102
297.809453,60,92.744582
375.683029,86,92.800551
390.560048,89,92.84206
645.82785,131,92.900272
469.862528,87,92.93689
445.183398,84,92.972596
443.903426,85,93.011758
544.344364,114,93.06165
427.733482,85,93.098628
456.608088,84,93.135895
395.451748,73,93.168609
660.730745,120,93.221183
569.527472,106,93.268099
446.325804,85,93.304795
326.189177,62,93.330695
414.694937,88,93.368288
432.661179,88,93.406921
445.92871,91,93.446484
375.535282,74,93.478869
538.807109,102,94.006181
282.865086,58,94.030646
502.702272,110,94.078833
328.094248,64,94.106913
317.431108,71,94.137429
344.256599,81,94.174399
483.41296,100,94.217723
341.031086,64,94.244558
404.261625,76,94.278531
560.964272,114,94.329131
361.618135,80,94.365229
334.806392,64,94.392901
585.161969,115,94.444746
316.615658,73,94.47669
385.067988,82,94.512213
549.705245,112,94.561409
419.847324,80,94.596153
391.430069,76,94.628036
492.482895,96,94.672286
760.280675,145,94.737178
342.83179,71,94.768661
520.358227,105,94.814203
420.941797,87,94.852686
533.415318,106,95.351422
492.250157,90,95.390364
405.975735,78,95.424402
401.671074,77,95.457577
526.957881,106,95.503988
688.96508,140,95.565617
625.166824,124,95.625925
245.59385,54,95.648224
595.753825,117,95.69782
737.093561,136,95.757824
592.683971,111,95.805462
590.253645,109,95.851938
505.130569,93,95.893157
484.355164,105,95.940096
449.909678,92,95.979309
621.379177,112,96.028947
677.330436,128,96.085518
436.458988,93,96.125775
490.768012,100,96.168088
370.380569,78,96.200982
442.322837,82,96.737474
505.089961,97,96.779675
564.998163,107,96.826724
481.557614,90,96.865999
442.044113,90,96.903881
531.881174,99,96.948217
761.533937,152,97.012771
406.984761,75,97.045969
408.876961,75,97.078137
300.929353,65,97.106725
435.907022,84,97.142063
660.713404,121,97.194013
370.801687,72,97.226389
360.084771,74,97.257936
588.820957,109,97.304215
377.505065,78,97.337801
414.242181,91,97.377182
467.397096,90,97.418252
377.991791,85,97.456228
402.748215,77,97.489348
537.714685,106,97.535248
679.235435,133,97.59292
533.007311,103,98.301038
474.502281,99,98.364444
465.595459,85,98.400541
468.611896,98,98.443998
567.108897,107,98.489762
338.863457,65,98.517341
479.540785,88,98.555351
489.92272,97,98.596577
459.997922,96,98.641411
442.727912,85,98.679571
415.521137,81,98.715507
437.504822,87,98.754601
649.680967,133,98.813536
393.950782,86,98.851919
401.065934,73,98.883462
582.481115,118,98.934556
814.710005,161,99.006004
549.800671,102,99.05035
474.331802,89,99.089195
610.769449,115,99.138623
559.538684,108,99.186203
309.551178,62,99.711179
598.809536,116,99.765081
450.592045,98,99.809849
507.618718,95,99.851117
459.50829,94,99.893424
715.715874,145,99.957386
427.652892,98,99.999463
487.089099,98,100.042969
346.193594,74,100.074433
408.271871,78,100.108106
337.234687,77,100.142575
456.880569,84,100.180196
497.754436,91,100.218854
425.884157,80,100.254163
613.396005,121,100.306915
304.246221,59,100.332501
404.488076,79,100.366727
396.695193,76,100.39929
488.05728,91,100.440567
482.892575,92,100.480406
359.657004,68,100.508555
449.202685,94,100.548534
480.045302,98,102.492011
613.910903,115,102.542464
445.763937,84,102.581395
551.396888,102,102.675565
491.056519,93,102.725219
378.159566,84,102.762567
308.322768,59,102.787701
713.445736,135,102.848854
479.593042,89,102.889433
382.377419,80,102.924947
599.44915,110,102.975688
442.024923,85,103.014063
525.796844,98,103.056874
706.189417,133,103.115367
320.063209,62,103.142711
575.436503,110,103.190668
485.909694,102,103.23483
392.014102,87,103.272224
652.676681,120,103.324329
367.512123,76,103.355454
688.092148,148,103.419499
381.822334,77,104.088518
305.582279,62,104.115265
421.753705,79,104.150157
383.409149,70,104.18171
393.589147,73,104.212886
313.804864,58,104.2385
501.478891,92,104.295156
325.791713,61,104.326043
308.787141,60,104.351232
779.754726,144,104.41448
478.928535,88,104.452453
622.335633,114,104.506873
570.56609,112,104.571251
479.585532,92,104.611569
393.131531,74,104.64284
392.121238,75,104.67384
423.236614,89,104.711906
567.282718,110,104.760454
233.046542,55,104.782984
427.564385,93,104.822683
459.01236,84,104.859671
457.478242,86,104.897784
386.312148,76,104.931367
462.510346,88,104.969248
512.841529,113,105.572676
354.979418,77,105.606431
382.362135,82,105.64221
475.199029,90,105.68148
398.545442,89,105.719355
536.057362,100,105.763159
427.466699,90,105.802422
450.704664,82,105.837857
481.406591,93,105.876685
520.158359,99,105.919047
270.742091,61,105.944628
531.61817,100,105.989241
353.488991,84,106.026155
563.992682,132,106.08632
515.486037,102,106.130151
535.413196,98,106.172797
642.736411,118,106.224841
563.807368,107,106.272152
458.328297,85,106.309296
350.174667,67,106.339055
550.017592,111,106.388494
370.383143,81,106.425115
402.615809,74,106.456762
486.676029,97,107.003484
421.434573,78,107.037715
388.401464,74,107.069475
392.731203,80,107.103582
314.531018,60,107.129884
996.809185,189,107.213192
742.449475,148,107.280123
331.675767,64,107.308206
332.769899,74,107.340561
497.09907,102,107.387289
588.860225,111,107.435941
508.02083,100,107.479388
410.519758,77,107.514061
614.317692,125,107.572283
359.579292,74,107.604782
457.051077,94,107.645502
492.087396,93,107.68645
552.073641,104,107.732092
559.606102,112,107.784195
370.326655,79,107.818613
309.200863,60,107.844297
494.801979,103,108.474207
355.873941,68,108.503379
318.757784,60,108.530406
729.868051,157,108.608112
610.337853,124,108.667117
536.825134,112,108.716896
456.434725,100,108.760113
486.246778,112,108.80951
566.760817,107,108.856602
365.117757,69,108.886962
296.159999,67,108.914636
489.820706,96,108.957415
583.90291,111,109.006829
295.128671,57,109.03284
360.872909,68,109.06355
417.477664,85,109.099869
376.074697,70,109.13109
424.464633,78,109.165258
678.107629,131,109.22195
436.442953,80,109.256055
574.633379,109,109.30322
463.97736,87,109.342847
618.221471,115,109.963025
335.066173,78,109.998989
377.099344,70,110.030962
558.055724,105,110.077402
373.531665,73,110.109368
474.646503,90,110.14904
427.11891,88,110.18693
545.822035,108,110.241025
363.81985,68,110.27152
500.400657,96,110.313288
379.171417,71,110.343408
318.093354,68,110.371723
429.773718,80,110.408023
502.361774,98,110.452244
319.406425,66,110.483165
594.218972,113,110.532614
405.424145,81,110.568904
488.768784,90,110.608558
336.063711,62,110.634678
444.880619,98,110.675411
375.249079,72,110.706808
397.875828,76,110.739972
646.211672,125,110.793365
438.036285,82,110.829718
452.032113,96,112.301331
409.409622,81,112.338369
336.795826,72,112.371219
368.561396,70,112.401894
639.230928,141,112.468496
447.408337,82,112.504792
381.017548,76,112.539951
517.045008,99,112.584825
693.950747,135,112.644132
457.357055,95,112.686744
395.182535,77,112.720459
609.737806,117,112.774869
502.044925,104,112.822407
444.066946,86,112.860281
399.233761,76,112.89378
567.606692,109,112.94302
424.319783,99,112.987218
345.712057,73,113.018818
489.368997,92,113.058609
341.598486,65,113.087022
422.837903,81,113.123524
386.860599,74,113.155954
404.225673,83,113.192111
492.965662,94,113.781137
506.392188,110,113.844891
421.182549,78,113.881875
500.65858,94,113.924691
469.239405,90,113.965063
283.081186,54,113.989081
503.098511,97,114.034283
524.033382,98,114.079468
409.069053,78,114.115343
497.216099,91,114.155106
348.847504,78,114.189523
403.401604,75,114.221906
678.995895,136,114.282377
443.007914,85,114.320078
430.065729,81,114.355903
362.022255,75,114.38872
556.921322,108,114.438966
399.830663,82,114.474943
570.328163,114,114.525106
743.632882,141,114.587236
485.052351,91,114.626587
381.971842,83,114.663544
471.506782,102,115.852559
427.39503,85,115.891363
538.635705,100,115.934503
293.107861,60,115.95877
419.595475,78,115.992776
626.993384,131,116.051059
649.187924,122,116.105052
446.460573,83,116.141149
544.250378,103,116.186985
341.478652,77,116.221471
594.231949,118,116.274439
525.728481,109,116.323774
462.44102,88,116.36408
572.439943,107,116.411599
286.279107,55,116.435374
303.839171,60,116.460979
449.680684,96,116.504012
431.749987,90,116.542733
438.410066,80,116.577234
322.358824,60,116.603264
474.675767,94,116.646728
362.979332,76,116.680401
625.343443,119,117.642736
408.934377,77,117.679968
642.855625,120,117.736158
260.741411,61,117.761964
339.886204,67,117.791308
434.022294,83,117.828672
403.441596,78,117.863897
676.083224,126,117.918913
467.323435,89,117.957859
496.215888,92,117.998325
431.782931,82,118.035224
647.589618,120,118.088795
436.544119,97,118.131555
535.686414,97,118.173607
532.705237,97,118.217189
592.233886,114,118.265792
708.210977,144,118.329925
346.499906,76,118.363727
557.925384,107,118.41812
430.293172,81,118.457319
429.147224,81,118.493033
417.34659,80,118.528176
347.286622,67,119.55161
730.067934,133,119.61288
406.762712,85,119.650541
549.385527,103,119.696724
375.078884,71,119.728405
500.421245,104,119.774572
490.91441,98,119.817323
565.632398,103,119.863003
669.863699,136,119.923545
480.452819,92,119.965466
762.663105,140,120.027469
552.912273,105,120.073176
331.023918,62,120.10137
528.55987,98,120.145161
504.664065,98,120.186965
548.411396,104,120.230808
533.392546,103,120.275604
748.328174,153,120.346302
316.471236,66,120.376943
515.097396,118,120.429159
503.311889,92,121.415661
376.946698,71,121.453199
516.244941,97,121.495529
389.29734,79,121.534625
421.966859,79,121.570991
432.004755,83,121.60639
545.919069,110,121.653659
408.788522,78,121.686191
660.164783,122,121.741332
528.324825,103,121.787567
285.670748,55,121.812004
512.948492,94,121.853891
473.062937,90,121.894277
587.367643,115,121.945139
476.385163,99,121.988877
416.777586,79,122.023023
503.372042,92,122.06304
346.248854,66,122.0919
358.396238,67,122.120507
565.248383,107,122.168055
408.791476,87,122.20436
434.012705,100,122.249441
365.745798,76,122.282735
348.286003,65,122.311458
462.964924,98,123.14262
391.297819,81,123.176893
512.457251,104,123.224678
648.020852,126,123.279401
379.664558,87,123.318575
370.067657,73,123.349855
441.354715,83,123.386485
312.984463,69,123.416796
409.04064,80,123.451617
411.632037,82,123.487833
321.225212,61,123.514387
561.12244,104,123.558966
587.709752,115,123.608875
357.869842,68,123.63826
333.59566,70,123.668554
354.081459,65,123.697593
412.490496,78,123.731309
679.307448,126,123.787516
460.838938,87,123.825568
536.461572,100,123.870236
492.500506,97,123.913044
466.464446,86,123.952415
431.967783,81,123.988236
339.51011,73,125.0523
482.491184,93,125.105038
449.4637,96,125.151229
733.815348,137,125.212376
566.437087,112,125.262173
513.503106,97,125.30586
479.266548,91,125.346118
704.446482,132,125.405792
379.608172,71,125.436797
495.292555,95,125.478232
343.107091,67,125.50628
468.689701,91,125.545651
512.041664,99,125.590611
505.492905,97,125.631151
562.502142,111,125.680045
652.365001,123,125.735941
402.29954,75,125.769641
496.012754,93,125.813303
432.492782,80,125.85008
471.884427,97,125.89378
484.497513,100,125.938689
655.889188,123,127.135164
303.507459,64,127.163608
285.833106,64,127.192391
700.093585,130,127.250555
393.031335,81,127.284766
473.308826,101,127.329404
610.274581,120,127.382527
523.755505,101,127.425501
717.783479,140,127.489947
494.537646,96,127.531241
716.526335,138,127.593333
514.393594,96,127.634747
583.983613,118,127.687758
387.682619,78,127.722501
532.530323,103,127.768421
429.310249,91,127.808668
552.496288,110,127.856858
337.782669,75,127.890223
836.918794,164,127.965881
464.353742,87,128.004928
574.705149,105,129.063457
460.124306,99,129.11225
436.51046,92,129.169236
415.496636,100,129.213389
525.114974,99,129.257026
546.930836,105,129.303961
474.977164,87,129.342727
496.326326,99,129.386472
372.876302,70,129.418292
503.678525,95,129.460966
437.270041,83,129.496658
543.626277,102,129.541662
406.129927,86,129.577907
542.839629,110,129.625637
258.506144,57,129.651678
584.099436,111,129.701274
560.286716,106,129.7506
525.833854,116,129.804226
518.789365,98,129.846912
457.582635,88,129.884898
573.599332,109,129.933737
627.341186,121,130.449276
626.067254,117,130.500259
274.024471,57,130.524338
369.707924,71,130.55467
272.006494,61,130.581779
423.71118,82,130.616772
513.147152,95,130.658629
532.857466,105,130.704618
556.610955,110,130.753757
359.02576,67,130.782546
439.045995,95,130.826544
367.801621,70,130.856955
329.623223,62,130.88318
483.893236,93,130.923622
559.70657,121,130.975796
541.30041,104,131.021761
514.86621,105,131.067458
435.949877,88,131.105017
533.60251,104,131.149409
445.889253,85,131.187918
408.874625,77,131.221833
534.520191,111,131.268872
805.195929,154,131.837949
430.971055,85,131.875836
697.489086,133,131.936699
416.461142,86,131.973628
556.526828,110,132.021857
491.056961,103,132.067384
395.733739,75,132.100656
384.544189,83,132.13588
550.814848,114,132.184692
416.81622,86,132.222128
342.068108,63,132.249759
361.535029,67,132.279108
416.773286,81,132.314182
369.802479,69,132.344161
386.056866,84,132.380858
591.394007,111,132.430184
408.887309,79,132.465796
312.501212,60,132.492414
510.766796,104,132.539332
582.277946,121,132.591871
526.323775,114,132.641202
555.867472,104,132.687004
385.300222,82,133.169014
515.390702,95,133.21081
585.343142,112,133.260038
566.718605,112,133.309939
509.680081,103,133.354112
568.143738,110,133.401783
407.102905,76,133.434738
462.778751,88,133.471636
394.372416,73,133.502913
392.016626,75,133.534382
540.463751,104,133.58026
402.781379,75,133.613369
535.069304,98,133.657125
653.171335,125,133.713181
483.168659,91,133.752396
632.321257,130,133.809026
503.904276,94,133.850593
510.455357,102,133.895314
522.604927,98,133.937953
420.029426,78,133.971727
335.119256,72,134.002309
564.74346,105,134.049704
426.795804,80,134.54947
426.053577,81,134.584996
502.0103,96,134.626299
354.892699,66,134.654845
630.18185,119,134.707092
417.674661,95,134.748944
441.134149,82,134.785273
453.931234,88,134.823621
378.302193,81,134.858253
409.202389,76,134.89291
280.058968,56,134.917285
773.803736,147,134.983885
381.01473,73,135.017008
660.87498,120,135.069879
594.545059,113,135.120349
367.150112,81,135.155675
450.962991,96,135.199224
321.727368,61,135.226531
791.1213,150,135.292315
569.059224,109,135.341728
554.345367,104,135.387516
550.205059,104,135.878171
451.093869,85,135.915282
684.109573,132,135.974853
390.10077,81,136.01146
445.549023,85,136.048502
437.692901,81,136.084334
248.836973,57,136.10852
596.563434,123,136.162783
474.950908,89,136.200044
331.820582,64,136.228776
362.810598,68,136.258151
851.824859,167,136.33249
617.05829,115,136.383622
431.367244,89,136.423522
260.406525,63,136.450792
451.559472,83,136.487045
414.028675,79,136.521443
445.129937,97,136.565004
432.324832,81,136.601233
524.612616,98,136.645566
472.650103,94,136.68886
406.749763,78,136.72333
602.821439,118,136.776044
603.574938,119,137.293713
412.042806,78,137.327765
443.462991,83,137.363935
352.871612,69,137.392978
398.25978,84,137.429932
374.216311,73,137.461766
376.996566,73,137.49442
460.873029,104,137.540815
348.709297,81,137.577128
361.378378,78,137.610198
452.442849,82,137.645572
359.429688,68,137.675841
507.263366,93,137.717195
505.318405,94,137.758528
590.175546,113,137.807781
508.840641,101,137.852528
300.830205,57,137.877206
439.536945,83,137.91401
529.066481,97,137.957369
420.515568,80,137.992801
399.881839,76,138.026101
545.650943,103,138.070813
562.854034,105,138.11625
508.345698,104,138.64797
395.718446,87,138.685048
669.77624,124,138.739337
667.235721,124,138.794748
491.695499,106,138.844575
490.959525,91,138.889507
383.665738,79,138.925294
424.385831,88,138.968479
346.493686,66,138.998717
391.229035,86,139.037592
732.299164,137,139.100474
600.957356,113,139.152785
496.209919,94,139.195599
359.807428,71,139.227394
435.425899,82,139.263978
546.027429,107,139.31212
377.977091,72,139.344899
461.014057,86,139.382121
300.227703,68,139.412133
407.30644,85,139.449786
474.285018,88,139.487809
418.962769,81,139.522758
444.836828,95,140.024044
414.41061,85,140.061393
554.748861,105,140.109244
426.009163,86,140.148015
736.668107,137,140.209266
379.049162,70,140.239159
689.506067,127,140.2966
430.501927,82,140.332951
557.470928,114,140.38289
640.661134,126,140.441747
393.208876,77,140.474761
330.388238,66,140.504078
652.318406,121,140.557519
418.337203,77,140.590853
290.522851,56,140.614413
910.646655,168,140.689804
361.620411,68,140.719389
600.561925,116,140.772584
521.823378,100,140.817358
518.052242,99,140.862997
392.995262,73,140.897429
375.885315,77,141.533407
419.581793,80,141.570045
485.472813,99,141.615122
707.608965,141,141.681245
348.032259,66,141.711384
381.207751,71,141.742253
356.553936,77,141.777858
635.663219,124,141.832897
524.924512,98,141.876628
415.373573,90,141.916412
452.828168,85,141.953778
347.962569,71,141.984349
372.479859,75,142.017853
423.082163,77,142.051786
430.543502,87,142.08893
394.76231,86,142.126362
458.584748,99,142.170781
432.68728,86,142.208758
712.344009,144,142.271874
490.18261,102,142.316314
318.390631,66,142.344166
256.929648,56,142.366964
512.643934,108,142.415406
535.596016,107,142.922559
482.260685,98,142.963666
406.182608,86,143.001293
366.543096,69,143.031604
387.449165,75,143.064497
461.8063,86,143.103672
402.411496,80,143.138903
487.61701,99,143.182015
484.572912,93,143.22382
364.750712,74,143.255253
679.541301,136,143.313816
387.066733,78,143.347564
513.013066,95,143.389271
407.806676,76,143.421733
484.351379,89,143.461229
428.176825,90,143.499242
378.912804,81,143.537036
447.163447,85,143.573884
591.923099,124,143.626698
522.381201,99,143.670431
402.563976,84,143.706067
420.709282,93,143.74678
747.884041,142,144.569016
746.849395,147,144.634392
480.986712,88,144.673321
499.224284,92,144.713644
525.965483,100,144.757161
716.0445,153,144.832907
508.397944,107,144.883776
308.230149,62,144.911134
604.346095,111,144.961837
382.00101,72,144.993419
507.028804,112,145.043322
425.790129,83,145.080683
542.904269,104,145.127194
584.964682,118,145.179377
469.655944,90,145.218714
560.390928,105,145.264427
320.82834,60,145.290949
420.345244,79,145.324241
361.737978,68,145.352668
440.630567,95,145.393342
397.487484,81,145.427437
376.61207,91,145.913079
576.359269,117,145.964059
314.701675,71,145.994845
518.949383,101,146.037665
393.94338,75,146.069625
412.852143,78,146.102983
611.708434,117,146.156348
347.425309,65,146.183336
443.899488,88,146.222687
354.18752,78,146.256671
344.821268,78,146.289868
355.850351,67,146.318975
432.179625,91,146.357832
425.15188,80,146.392329
343.127808,65,146.420837
440.764347,84,146.457058
448.231994,84,146.492851
557.562702,119,146.547469
669.088107,146,146.613121
547.714131,101,146.657456
560.665135,114,146.706573
406.326498,78,146.741002
360.648442,68,146.769498
451.927472,96,147.249587
708.275857,133,147.308944
349.751332,69,147.339371
531.333081,99,147.383603
473.603781,85,147.419711
798.066791,158,147.489153
542.909097,103,147.533039
514.943374,94,147.573229
368.43327,68,147.603001
513.265414,96,147.645144
500.505233,99,147.688461
446.254819,83,147.725227
480.398456,89,147.763839
306.75041,61,147.790318
412.746056,78,147.823854
324.306244,67,147.851421
617.378958,116,147.902498
436.762997,81,147.936834
654.879937,139,147.997142
379.020359,77,148.031184
516.068065,95,148.072568
465.955343,89,148.111803
342.900711,65,148.594532
488.399952,96,148.63588
463.548036,92,148.675345
504.162192,99,148.719218
553.020148,102,148.764151
396.731954,84,148.79932
354.016955,66,148.826613
513.749809,102,148.869945
516.760776,95,148.911372
357.96536,69,148.940586
414.475705,91,148.979657
329.313009,62,149.006917
329.41566,63,149.032396
500.830427,97,149.073834
468.91089,86,149.11135
377.866132,78,149.145463
357.473025,68,149.179491
396.29577,74,149.212155
458.858774,88,149.250315
398.718033,74,149.282724
530.772707,98,149.324534
397.510342,76,149.357803
474.931624,89,149.39582
560.150484,115,149.446934
402.225471,86,149.915696
599.932241,115,149.965433
261.356623,55,149.987785
589.388957,119,150.039656
603.172924,115,150.089683
585.070687,112,150.139412
540.100624,98,150.182682
446.572243,94,150.223846
459.589965,86,150.261432
341.000925,76,150.294186
515.436797,96,150.33582
356.129729,69,150.365119
439.808699,91,150.405726
395.053018,77,150.438549
492.415146,110,150.486279
745.289456,138,150.547309
607.301891,118,150.59927
335.644425,67,150.628174
469.234627,88,150.666644
532.06146,103,150.713451
456.464116,87,150.751984
663.800166,121,151.247463
483.388554,98,151.292205
528.237934,119,151.344503
504.538673,116,151.39626
299.36883,71,151.426692
452.365849,82,151.461509
420.583285,80,151.496076
581.958192,110,151.544735
704.070258,134,151.602895
419.748253,85,151.639108
380.275428,79,151.672791
369.026494,69,151.701808
347.130925,81,151.7373
457.142701,102,151.782514
796.299671,151,151.84969
526.894837,106,151.895505
638.035863,119,151.94946
461.023988,92,151.988815
484.316752,99,152.032948
435.337552,82,152.069279
503.945743,95,152.11088
505.184791,109,152.589925
520.801594,96,152.631843
395.368781,75,152.663135
431.534185,85,152.699872
496.827292,93,152.739855
478.014315,88,152.778642
400.010376,81,152.815611
468.848119,91,152.854058
458.531327,86,152.891729
553.497801,105,152.939839
443.433652,81,152.974453
855.850928,176,153.051902
294.119804,67,153.083313
556.73314,106,153.129416
405.426102,90,153.169117
509.567346,95,153.209675
352.068842,69,153.240833
482.026141,92,153.280851
772.942645,146,153.344595
467.043561,103,153.388731
489.45165,92,153.429266
648.151772,125,153.948623
423.959445,79,153.984925
409.411333,91,154.029688
352.652621,65,154.060074
430.478481,86,154.099123
653.879371,123,154.156073
430.646851,90,154.195738
481.154797,94,154.237184
406.738271,77,154.270843
436.549282,80,154.305892
463.444979,87,154.347024
417.205008,79,154.38204
412.167805,76,154.415674
546.979723,101,154.459524
314.729699,60,154.485711
350.228341,67,154.514855
509.837629,97,154.558364
499.737939,96,154.603071
486.462183,90,154.642108
700.960324,138,154.704577
319.672181,63,154.732141
413.359617,85,154.769535
509.585518,105,154.816044
392.101845,85,154.852894
380.458202,71,155.389328
321.183799,69,155.418564
378.246357,72,155.450117
395.977577,75,155.482073
446.061453,82,155.518051
487.325967,90,155.557546
511.334474,101,155.602314
543.957497,108,155.650165
369.012671,71,155.680862
376.681998,81,155.716074
450.618121,85,155.754095
419.833838,77,155.787761
496.039253,93,155.828244
496.786299,90,155.868806
344.161624,67,155.897873
461.351963,88,155.937146
500.764754,92,155.977421
535.506295,104,156.023504
570.180805,109,156.07154
610.998112,129,156.128413
420.444014,78,156.161347
563.675363,105,156.205618
367.643405,70,156.234476
524.041452,98,156.738535
297.478574,58,156.763185
484.778684,96,156.804706
390.500319,74,156.837384
457.813898,94,156.879051
459.317676,87,156.916251
438.559243,94,156.957036
509.127366,98,157.000677
429.40322,81,157.035695
462.24793,88,157.074079
509.780622,99,157.117382
547.823621,101,157.160963
589.970305,114,157.210671
708.711132,146,157.27705
485.373534,99,157.319871
557.928508,104,157.365865
498.69368,99,157.410007
470.333127,88,157.447696
347.656557,66,157.476758
431.026958,85,157.51386
730.684045,138,157.57386
408.85452,79,157.608698
569.778056,105,158.095154
518.45347,96,158.137361
545.36861,106,158.183361
399.342678,87,158.220825
362.253862,67,158.248647
413.439701,79,158.283636
374.579722,71,158.313549
629.801329,129,158.372174
497.612987,93,158.414757
424.09813,88,158.454113
449.021385,94,158.495001
434.132478,87,158.534285
279.955445,54,158.557748
454.799729,83,158.593459
392.778329,78,158.628767
506.738225,107,158.675009
515.304546,101,158.718282
436.872206,85,158.755767
424.910269,78,158.788973
440.520896,83,158.825938
397.447285,80,158.860919
691.172794,130,158.918046
480.265353,89,159.424815
660.867343,124,159.481413
390.709727,76,159.515285
462.133908,98,159.560265
356.658897,69,159.590991
583.405842,108,159.63815
604.520343,113,159.686983
496.337293,93,159.727614
527.420401,103,159.772951
354.773779,73,159.805339
373.857134,71,159.835855
494.496479,103,159.881101
616.599206,119,159.934777
684.339919,128,159.99133
614.39031,120,160.044297
386.021176,73,160.075566
553.77863,109,160.123078
697.80071,129,160.179987
567.992141,126,160.239082
490.945112,90,160.277704
719.965303,135,160.866571
455.850285,84,160.905526
422.591175,78,160.941723
492.923482,99,160.987925
485.467265,94,161.031783
682.528583,129,161.090335
399.453013,78,161.126277
393.819172,86,161.163402
484.154788,92,161.204228
325.916068,64,161.232884
744.389859,153,161.300827
745.063472,144,161.366359
382.076395,82,161.401232
462.063811,85,161.437871
516.640714,96,161.47876
490.843907,90,161.518156
468.193224,93,161.562764
449.980716,96,161.608275
327.205602,62,161.634765
565.169966,106,161.683311
366.810775,77,161.717451
632.813474,118,161.768722
450.237409,88,162.519264
385.008176,77,162.569555
586.636824,109,162.61863
435.814183,81,162.654187
611.903081,122,162.710089
594.10957,111,162.758309
385.109274,81,162.795325
549.441132,103,162.838775
352.702594,74,162.870929
407.827575,84,162.909399
343.519315,65,162.938124
379.170778,71,162.969491
274.827919,56,162.994491
505.929585,102,163.04019
360.919287,73,163.070966
517.004667,105,163.118062
545.747198,105,163.165087
545.530685,120,163.219669
396.695136,75,163.250912
432.134329,87,163.288333
570.735427,116,163.339502
385.172415,72,163.371105
404.306795,81,163.405247
536.969859,102,163.888129
385.910703,71,163.919251
346.726204,65,163.948659
403.126026,77,163.981244
534.310873,100,164.024535
437.409922,83,164.060845
444.138208,84,164.097496
400.296589,81,164.133737
479.252209,100,164.177363
461.977953,87,164.21589
515.421607,98,164.25916
392.776175,77,164.293736
592.806226,111,164.344038
503.620393,96,164.385787
584.190092,109,164.433453
399.340175,73,164.465118
361.964664,67,164.494756
365.399345,70,164.525025
727.101292,146,164.59008
576.934717,128,164.646109
438.61809,82,164.682361
496.049946,105,164.728416
391.233228,71,165.212783
524.669821,97,165.25577
410.972568,78,165.291944
468.793345,85,165.330097
319.689909,61,165.356942
424.567777,79,165.392414
450.398356,83,165.430475
411.096415,75,165.462991
575.456722,108,165.51221
361.688354,68,165.541295
243.010586,54,165.563795
492.453097,93,165.603575
584.643055,107,165.651713
424.817874,89,165.690094
711.938483,143,165.754429
497.794411,100,165.799259
411.504674,85,165.837042
311.211804,70,165.866795
551.349135,106,165.913306
473.734279,89,165.951692
527.904645,98,165.995004
415.08322,77,166.028734
406.201289,80,166.063091
441.283497,88,166.103053
594.725163,111,166.603397
477.61696,106,166.652254
543.73447,105,166.698941
329.351151,63,166.726077
438.217385,84,166.763218
638.112437,128,166.819389
595.927648,109,166.867305
544.305224,99,166.911573
410.705,86,166.948869
462.617596,86,166.987911
664.487949,137,167.048458
494.378343,92,167.088559
547.606517,104,167.134044
462.579888,84,167.170841
524.084759,100,167.214629
680.329005,125,167.269754
470.053874,90,167.30863
551.709523,106,167.35467
338.064542,71,167.385305
481.931062,100,167.430261
455.576775,91,167.939088
629.965711,119,167.991668
436.127236,81,168.027073
403.907524,85,168.065146
557.536096,102,168.11072
456.587553,88,168.148517
462.216964,94,168.190934
331.831563,72,168.221854
501.390208,95,168.262896
435.797266,82,168.298813
368.280681,69,168.328899
343.396146,68,168.357999
373.254144,77,168.391636
476.608166,95,168.431635
447.895257,84,168.467473
623.01814,117,168.520295
450.380332,86,168.557811
491.330825,96,168.600043
507.558298,94,168.641686
344.402603,66,168.671407
527.24481,103,168.715851
541.048767,103,168.760761
688.840751,127,168.817198
592.027894,118,169.466765
603.236856,110,169.51574
328.282635,63,169.544154
517.548255,95,169.587103
501.395946,91,169.628742
446.852321,85,169.667234
562.739408,104,169.71418
574.909065,115,169.765244
496.053157,98,169.807968
294.100225,63,169.833787
875.303427,177,169.912627
504.084149,95,169.95378
437.637096,96,169.996028
319.722418,61,170.022774
352.23696,67,170.05293
369.49262,70,170.084893
430.323798,88,170.123946
364.161275,67,170.15451
336.630083,73,170.186086
493.877462,92,170.225748
313.481038,62,170.252327
643.508364,123,170.306884
610.825457,125,170.82579
349.593429,71,170.855987
535.885372,97,170.898679
336.903194,63,170.926023
709.95301,129,170.983575
501.284282,94,171.024661
453.906395,86,171.061585
450.924406,84,171.098658
443.510661,82,171.134291
365.474404,69,171.164451
633.16656,118,171.215852
411.624174,79,171.250116
405.873889,76,171.282828
434.239898,81,171.31796
342.47844,65,171.346792
386.575704,72,171.377945
465.487761,95,171.41835
407.976352,83,171.454246
556.55883,102,171.500575
396.567652,89,171.539854
408.620113,77,171.574032
379.49499,74,171.604554
553.617754,107,171.651933
585.788872,111,172.168466
397.079029,73,172.201415
541.997012,98,172.24486
519.546569,97,172.289615
335.763598,64,172.318162
550.39719,107,172.365367
414.080705,78,172.399846
422.361232,80,172.434633
514.519629,97,172.477683
662.840116,128,172.5343
241.028408,46,172.555032
293.776281,66,172.58389
433.206451,92,172.623827
441.604247,82,172.660723
498.066131,98,172.704475
654.635848,123,172.760332
538.81483,107,172.8076
518.528003,96,172.849846
325.17412,61,172.877399
420.308616,82,172.914269
506.644399,101,172.960621
680.326058,135,173.019565
325.279884,64,173.048207
513.470552,97,173.55613
376.712348,72,173.586883
706.326729,136,173.647835
540.908017,105,173.693253
576.455504,109,173.741219
389.732153,73,173.772998
465.051055,96,173.816407
382.911038,78,173.851544
517.796668,96,173.895157
493.163331,93,173.936021
341.52683,65,173.964942
524.11767,97,174.007115
488.190485,91,174.046962
551.545843,101,174.091798
444.642849,86,174.128114
337.354469,74,174.159971
455.254213,91,174.200251
370.675319,71,174.231618
538.701548,104,174.277443
601.139404,126,174.333518
363.176041,81,174.368493
450.814252,86,174.406444
465.164287,87,174.907206
533.165494,113,174.957393
414.222224,86,174.995327
519.50548,113,175.050422
516.815332,103,175.096904
400.262296,75,175.130895
563.247776,105,175.177216
448.710026,85,175.215256
619.698389,121,175.267227
424.049127,90,175.306225
387.260414,78,175.339253
506.408236,93,175.37831
451.149502,83,175.414047
319.505251,70,175.44393
420.672289,83,175.480178
360.649259,69,175.509915
456.617663,86,175.547661
704.338715,131,175.606421
432.961675,81,175.640789
360.1554,69,175.670567
470.311593,89,175.709379
324.417862,73,175.740881
351.178207,71,175.771973
281.075064,55,175.795024
430.987479,84,176.26778
300.463563,66,176.297103
374.053344,79,176.330844
654.514312,149,176.395598
601.334981,115,176.445309
412.383624,84,176.481843
362.356023,84,176.517888
402.697063,76,176.550599
372.439527,69,176.580156
659.1488,123,176.634455
436.657374,81,176.669107
362.669658,73,176.699111
364.691177,67,176.728357
650.143968,146,176.793427
500.630669,108,176.841262
596.555365,111,176.89071
554.658354,104,176.937636
522.648669,98,176.982322
432.794598,80,177.017369
635.55646,124,177.072896
499.594395,101,177.116672
368.536351,71,177.583411
433.154795,82,177.619992
341.457861,70,177.649188
339.203805,64,177.677257
342.508649,65,177.704937
436.602553,87,177.743075
610.906361,127,177.800657
457.771902,91,177.839032
401.299853,83,177.874375
477.608717,93,177.913763
506.439419,111,177.962374
416.28326,78,177.995604
331.630631,66,178.022773
704.271094,145,178.089013
425.195875,89,178.126934
714.722948,133,178.1851
369.373342,68,178.214866
373.551989,71,178.246835
320.978718,60,178.272745
399.841498,74,178.304639
396.915119,75,178.337936
368.227879,72,178.368174
545.482964,100,178.412676
385.933404,72,178.444474
481.703478,90,178.941191
547.122508,109,178.988605
427.125761,79,179.025002
419.275856,82,179.059992
441.465033,81,179.095409
315.72249,59,179.120653
395.509868,86,179.159481
421.092182,79,179.194904
265.654851,56,179.218592
443.483208,88,179.25638
446.932925,97,179.299367
388.458342,72,179.330551
432.531505,79,179.364244
454.375308,93,179.405134
441.712903,82,179.443037
744.401726,144,179.507787
384.525143,78,179.542983
531.480986,106,179.591215
493.652334,113,179.643603
476.425381,88,179.681703
405.637532,75,179.715125
464.947144,89,179.753306
426.802625,87,179.792018
377.732852,70,180.283994
445.927495,83,180.320879
493.916712,91,180.360771
342.335099,64,180.389021
327.427668,76,180.422447
643.274133,119,180.477209
414.241929,89,180.517343
583.420763,112,180.566913
610.405367,119,180.619664
414.312259,76,180.651738
337.809572,68,180.682055
561.152336,105,180.727956
408.414899,76,180.762272
527.299385,97,180.805021
426.666716,82,180.839804
383.814365,74,180.87254
526.238363,97,180.915091
548.558547,112,180.964139
495.922119,101,181.008621
609.992002,115,181.059833
603.095003,123,181.111212
329.270957,64,181.139601
322.718717,69,181.170573
516.052841,95,181.657103
214.520536,50,181.678663
275.295546,59,181.704635
443.468284,81,181.741192
303.9708,63,181.768067
421.585255,78,181.802417
519.324363,99,181.845827
709.84371,133,181.9043
383.164563,74,181.93636
760.425313,146,181.999959
456.95592,89,182.038724
668.474266,127,182.094734
662.582969,134,182.154885
453.526915,90,182.194113
353.890814,66,182.222506
436.606014,81,182.258107
610.512785,133,182.315418
404.405639,85,182.352153
649.77847,143,182.415062
564.710138,114,182.466821
557.93891,114,182.516729
626.321628,131,183.031023
470.43725,87,183.06978
413.225448,77,183.103075
798.408104,175,183.182095
316.812115,60,183.207941
361.933724,70,183.239926
439.631375,80,183.275134
591.028848,109,183.323083
516.63723,96,183.364449
395.093496,83,183.401409
606.250209,123,183.456566
327.698462,62,183.485246
373.883889,76,183.519298
374.32041,72,183.550935
421.709518,98,183.59455
380.403468,77,183.62606
608.277882,110,183.673565
456.960209,86,183.711863
356.031016,77,183.744844
449.196623,85,183.781899
257.23041,59,183.806648
440.510493,93,183.847364
386.534651,72,183.879022
511.75248,109,184.372783
449.790548,84,184.411284
494.489733,94,184.453594
375.267995,76,184.485871
624.535086,116,184.540666
830.559272,162,184.613719
594.463835,116,184.666399
579.452056,107,184.714723
410.881869,77,184.749947
370.169867,70,184.780226
392.609737,76,184.812941
505.410619,96,184.856079
477.240052,101,184.900315
471.360899,102,184.94498
335.991895,69,184.973824
558.285427,104,185.018417
376.460315,82,185.053895
419.266259,81,185.090705
379.056726,77,185.124753
593.035306,110,185.173445
467.520043,104,185.223032
486.440075,95,185.73099
512.227648,115,185.784862
248.892723,48,185.806014
252.381879,50,185.827625
333.20447,68,185.85755
651.546462,123,185.932395
528.139075,104,185.98004
463.650244,87,186.019534
394.993563,79,186.0546
318.755147,71,186.084677
442.771365,88,186.122223
661.710866,123,186.176574
471.150886,87,186.214232
245.44798,49,186.235355
452.060307,101,186.278319
400.862363,77,186.312944
358.464783,67,186.342912
469.61409,103,186.387747
273.973118,54,186.411769
314.626637,61,186.439446
430.750391,84,186.476734
440.867634,87,186.515766
646.065256,125,186.569143
385.966419,74,186.602001
541.480818,108,187.111903
608.315508,129,187.169116
549.981664,106,187.216459
586.823268,109,187.265331
454.098156,87,187.304183
411.537498,82,187.339959
628.916587,117,187.390942
516.254243,104,187.43769
730.018156,139,187.499382
588.626797,120,187.551564
508.121421,103,187.597971
505.867338,96,187.639867
351.888513,66,187.667671
519.313484,96,187.71056
557.037832,103,187.756605
475.079742,94,187.798908
515.587354,94,187.839581
798.541954,167,187.913779
434.575239,98,187.958247
401.496003,85,187.995908
396.43034,76,188.50312
373.106249,70,188.533701
377.266343,77,188.566281
671.374219,128,188.623549
372.466598,70,188.653043
790.756995,146,188.717591
451.020306,83,188.755165
558.957308,112,188.804898
614.405741,117,188.85786
615.643025,116,188.909837
400.857898,91,188.950385
376.097081,70,188.98101
363.031743,79,189.015019
536.730318,113,189.06441
460.950893,92,189.105586
624.999717,119,189.158783
407.770132,75,189.191774
364.81542,80,189.226414
391.32214,74,189.258571
444.419245,87,189.295212
726.874719,134,189.371496
514.36041,94,190.056201
682.22683,134,190.11606
539.507935,102,190.161927
579.120552,112,190.216172
293.962793,66,190.243899
373.600751,72,190.277493
337.484725,64,190.305918
433.836757,84,190.342567
414.826806,90,190.383581
479.58887,90,190.423474
474.866401,87,190.463777
540.039996,104,190.509884
353.968926,78,190.542181
467.228003,88,190.582735
561.939166,112,190.632442
488.282227,112,190.684749
367.498353,68,190.714937
449.513201,84,190.751754
545.267237,114,190.803661
450.419542,98,190.847215
614.377123,114,190.897858
313.91361,62,190.923805
463.454687,92,191.6537
621.72666,116,191.707731
340.13326,68,191.73701
525.041473,99,191.780739
479.767685,91,191.82129
874.55105,171,191.896765
493.212112,102,191.939187
473.655029,89,191.977465
454.608063,85,192.01673
300.805771,57,192.041674
650.498941,121,192.094857
478.628752,90,192.134981
476.902216,91,192.17526
408.679095,81,192.212023
424.66905,86,192.250671
462.825426,91,192.290858
638.499191,118,192.343472
357.19133,72,192.373071
488.015651,112,192.421849
590.35853,111,192.470241
633.197333,126,192.525132
365.959862,68,193.179301
493.350812,91,193.218415
451.704399,82,193.254119
585.667419,111,193.301953
359.324134,68,193.331876
567.755354,105,193.377079
654.272648,134,193.436026
269.602881,55,193.459309
485.583136,93,193.500699
410.890053,76,193.542331
453.005173,94,193.584142
671.726631,134,193.643862
333.861937,64,193.673418
496.350877,101,193.720136
578.03795,107,193.769441
459.350387,85,193.807143
504.388778,94,193.849014
697.239017,135,193.911285
446.514595,92,193.951946
356.099975,67,193.98134
389.903606,73,194.013514
596.937374,109,194.06119
476.00907,88,194.740788
404.726109,92,194.781355
442.380313,82,194.818085
511.415511,101,194.864064
351.928984,67,194.902694
359.000337,69,194.939298
565.420742,108,194.988111
558.330057,103,195.035938
393.122639,82,195.073668
623.659048,116,195.126944
422.916976,77,195.160539
392.401124,74,195.192005
385.748959,84,195.228058
422.637249,79,195.263073
377.524356,73,195.294804
558.503571,104,195.340655
424.178821,96,195.381766
607.592073,119,195.435177
342.855429,66,195.463608
454.009505,84,195.500742
455.150387,97,195.542304
439.337328,83,195.577815
367.497315,76,195.610631
396.21069,72,195.64332
448.396472,83,196.539384
467.980618,93,196.580915
461.853416,87,196.619395
751.554209,151,196.689378
495.897832,92,196.732612
682.581874,133,196.790834
359.140755,81,196.827121
579.849119,108,196.875623
296.016723,57,196.899736
375.695844,85,196.938285
338.053212,63,196.966538
768.709506,151,197.034575
456.977113,86,197.07208
398.357147,74,197.103833
419.655707,78,197.137239
424.094422,79,197.172436
636.508197,117,197.223263
526.078025,96,197.264277
472.829198,98,197.30828
559.933639,115,197.361428
364.945036,70,197.394461
493.426183,91,197.94429
463.293653,89,197.983776
377.529629,82,198.019858
754.084328,139,198.082023
500.440961,93,198.124185
416.517398,77,198.157436
679.553821,140,198.219926
635.859661,119,198.271826
645.138258,121,198.326562
618.246574,114,198.376867
388.865328,74,198.40915
344.361774,76,198.442884
651.84303,127,198.501067
640.790963,133,198.560759
533.059265,103,198.606215
588.683483,111,198.654731
522.21072,97,198.698998
456.910614,92,198.739088
378.363048,70,198.770135
556.107912,104,198.815951
408.800558,79,199.312728
475.612853,90,199.353158
549.097608,102,199.398085
426.868504,80,199.432706
478.761423,90,199.472008
430.906975,79,199.506097
348.726153,65,199.533711
765.272643,142,199.596765
601.067538,118,199.649985
440.226671,95,199.693363
863.401662,170,199.769238
453.120224,86,199.805861
354.374748,76,199.839491
360.511124,70,199.869042
255.565932,49,199.889672
393.184578,73,199.922111
495.726554,98,199.965014
519.596572,97,200.008618
583.848093,111,200.057566
376.309675,81,200.091758
403.191553,75,200.1245
618.160505,118,200.175503
655.600589,120,200.728741
325.284083,61,200.7554
391.013407,82,200.790961
352.501888,75,200.82181
419.080696,80,200.855989
287.307848,57,200.881738
740.243804,153,200.949241
463.81608,91,200.988062
409.81738,74,201.021295
403.182028,74,201.05452
387.749923,74,201.088279
494.583903,92,201.131333
494.966684,93,201.17366
408.296232,84,201.210257
415.2185,98,201.256356
602.507358,119,201.311799
409.828688,83,201.348112
758.581772,155,201.419336
392.183291,73,201.451853
357.563958,77,201.487031
616.389168,122,201.541478
477.381626,87,201.580058
646.30614,123,202.109431
416.902194,79,202.146085
325.934828,62,202.173009
387.89017,71,202.204583
612.460372,134,202.278267
485.452616,95,202.319377
410.162183,80,202.355377
383.094701,72,202.386024
438.174518,91,202.425725
541.50429,106,202.472747
334.87201,63,202.500642
535.855177,102,202.544294
404.471404,86,202.581429
453.801574,95,202.626601
443.352445,90,202.664894
561.479783,109,202.714467
738.32951,149,202.780572
385.807827,73,202.812704
413.469267,78,202.847185
404.480932,77,202.881166
404.442747,85,202.918003
531.182158,98,202.960147
339.956284,65,202.988292
504.699234,91,203.601041
561.48251,105,203.652834
488.972907,90,203.695179
385.448536,73,203.728403
755.502212,151,203.794483
448.509722,90,203.83358
454.321049,83,203.868809
413.959139,76,203.902176
396.071747,75,203.935503
479.537457,90,203.973537
566.37255,104,204.020243
328.115521,61,204.047009
547.398209,104,204.09181
338.518624,65,204.118841
607.123656,113,204.168195
341.290971,70,204.197743
529.630384,100,204.242245
513.373159,95,204.28368
395.206311,75,204.317419
304.884795,61,204.342935
623.332828,133,204.403499
348.131991,71,204.43422
300.198744,66,204.46091
601.475489,113,205.183643
830.464808,160,205.255418
392.687584,73,205.28813
326.2722,62,205.314736
318.814655,63,205.341844
870.485967,164,205.415524
435.026275,92,205.456505
553.348182,101,205.499604
477.933865,88,205.537393
430.073605,79,205.571172
563.811335,111,205.61904
422.504002,84,205.655955
300.323748,64,205.683034
362.845183,67,205.711881
471.12948,90,205.751671
586.350997,108,205.799433
490.134742,90,205.839508
340.663019,65,205.867728
466.244336,91,205.90628
529.201217,100,205.950223
507.207538,93,205.990603
394.894057,84,206.025632
489.42396,104,206.629035
643.403112,121,206.68746
603.868785,110,206.736976
462.773468,88,206.781197
585.81259,119,206.833785
520.185808,96,206.875447
439.767587,98,206.917819
504.689647,99,206.960586
594.89812,108,207.007241
566.404403,107,207.054316
467.723659,85,207.091663
437.518665,101,207.137348
410.390081,78,207.171957
454.316878,95,207.213004
463.653944,92,207.254784
587.315846,110,207.300414
555.177363,114,207.350357
456.891253,85,207.387673
513.77829,92,207.427319
475.989318,92,207.46861
376.682908,83,207.503871
922.109724,182,208.134589
555.373363,109,208.184057
656.556009,122,208.243614
448.851153,84,208.28115
608.930939,115,208.332541
422.125019,80,208.366796
456.627034,83,208.403746
334.11984,69,208.43372
591.792018,112,208.48259
472.871323,87,208.521446
590.482084,126,208.576063
509.430744,98,208.619121
887.667259,175,208.696219
557.202249,102,208.740257
692.261353,133,208.798527
403.104438,81,208.83391
450.768281,88,208.872937
504.002006,93,208.913527
378.437272,80,208.947091
580.774854,121,209.548153
462.193995,85,209.586269
435.504263,89,209.626903
518.138093,99,209.669528
232.407147,52,209.689945
408.284872,74,209.722217
392.703574,74,209.753723
340.064833,63,209.781245
441.282088,80,209.816656
433.099585,81,209.850931
439.486254,81,209.886193
418.507453,86,209.922327
426.793243,81,209.956288
362.967195,69,209.985223
493.838589,89,210.023623
595.686668,112,210.072771
444.699679,92,210.112607
470.318464,88,210.150792
361.393276,70,210.181383
368.779665,83,210.216162
843.67676,160,210.287329
407.97151,93,210.328582
570.97489,108,210.37638
518.369493,107,211.013191
491.663614,95,211.054653
447.914174,83,211.090836
518.363107,98,211.134018
443.930635,94,211.177144
490.582069,105,211.22671
478.91395,98,211.269777
445.21935,83,211.30544
382.020126,70,211.336194
329.390587,75,211.369542
906.416839,175,211.446269
466.397146,94,211.486607
339.179273,68,211.517924
558.991823,110,211.566371
483.949142,92,211.606077
612.976725,113,211.658109
672.44213,131,211.714519
508.739567,94,211.755786
441.536055,84,211.793347
279.260845,55,211.817801
398.829062,81,211.853521
399.546647,82,211.88988
536.852376,101,212.609582
587.005938,109,212.658831
332.962506,75,212.692465
344.11683,74,212.72447
495.003268,94,212.766632
516.018382,104,212.81258
585.100222,121,212.872221
473.335643,88,212.914931
574.711321,104,212.959139
631.413863,126,213.012976
288.569624,55,213.040765
745.293715,160,213.113092
504.026388,93,213.153632
414.115861,79,213.186479
910.267359,167,213.258844
413.140513,87,213.297222
306.909586,63,213.324606
550.378812,105,213.370153
565.813824,118,213.42206
447.281839,91,213.461871
439.272557,85,213.498733
558.784783,105,214.022
359.886207,69,214.055721
459.801994,86,214.095155
355.629198,71,214.128482
430.179821,79,214.163409
545.293453,104,214.210102
596.649967,114,214.263856
365.351533,71,214.295409
645.933585,123,214.351399
370.004158,81,214.387708
334.736427,65,214.414133
395.422211,85,214.45126
508.26854,94,214.493194
467.824872,87,214.530483
420.265055,79,214.565048
795.331809,154,214.63497
678.831519,125,214.688965
416.897532,79,214.722505
827.157279,159,214.794261
633.595387,142,214.856326
397.276687,78,214.890017
540.069843,102,215.401542
479.967388,92,215.441841
394.284203,74,215.474533
341.399445,64,215.502405
332.098915,63,215.533431
710.85585,131,215.590389
516.479264,120,215.643004
383.150041,72,215.67442
395.635523,74,215.706151
435.6286,91,215.746182
463.868942,86,215.783587
432.512596,80,215.818147
443.455367,81,215.852659
574.088045,115,215.902735
726.65036,149,215.968426
685.747527,127,216.023874
398.229274,76,216.056525
442.187089,86,216.094657
705.443667,153,216.161075
622.610865,118,216.212377
355.435927,70,216.241437
472.18951,86,217.218637
512.575067,97,217.260782
617.294719,126,217.317972
391.19305,74,217.349165
311.880214,59,217.375453
709.662965,134,217.433764
558.060443,114,217.483287
513.834761,94,217.525414
488.211231,89,217.5642
435.807453,100,217.608139
361.120369,68,217.656031
429.933807,81,217.689367
696.931398,127,217.743726
309.998281,59,217.769678
403.469675,74,217.800906
478.853173,100,217.848608
405.096275,75,217.881477
411.632548,78,217.915315
267.152463,61,217.940094
327.074532,62,217.965639
419.001383,86,218.002429
505.293693,93,218.042741
611.813849,121,218.094938
426.793426,81,218.747541
485.33992,91,218.786412
388.480411,74,218.819808
493.241378,97,218.860781
397.023412,74,218.891184
431.63632,80,218.924896
612.938299,117,218.977488
451.453182,85,219.014264
449.905129,92,219.056224
365.039551,73,219.088136
376.247873,73,219.119364
386.990759,77,219.153132
353.928048,79,219.192203
428.183408,79,219.226506
527.028528,98,219.269382
391.198675,73,219.301842
369.01139,69,219.330916
547.549868,100,219.375066
589.563301,107,219.423803
263.641229,53,219.448154
367.53455,77,219.480636
673.976296,135,219.538296
388.730234,77,219.569979
453.651966,95,219.610905
496.825066,95,220.124862
526.343185,110,220.178366
419.701073,80,220.215567
682.730523,128,220.274724
382.519964,86,220.313626
401.713661,84,220.351049
489.422377,94,220.392101
683.406655,123,220.445939
432.188624,81,220.481875
448.850529,83,220.51864
547.252925,100,220.562155
790.455758,155,220.630332
459.387125,97,220.673795
559.395387,117,220.724171
435.349957,80,220.758395
477.235961,93,220.798461
572.530301,125,220.854558
457.73176,87,220.892579
463.699284,87,220.930134
374.563459,78,220.963488
545.406134,106,221.51829
660.725511,124,221.573766
346.018936,65,221.610861
731.158843,147,221.682042
526.527242,106,221.730324
433.142672,89,221.770013
490.890826,103,221.814964
392.052356,79,221.848623
360.604735,75,221.881629
609.182271,119,221.933807
574.792126,109,221.980969
365.179831,67,222.010207
469.30536,94,222.0505
341.977665,64,222.079814
437.16513,81,222.113776
493.170516,90,222.152833
451.249176,85,222.189727
626.093989,128,222.248384
540.411284,99,222.293733
413.348102,76,222.327004
430.882385,87,222.366618
508.128677,96,222.408065
447.140659,99,223.120345
549.569399,107,223.167383
474.023832,90,223.207854
323.801677,61,223.235534
349.85515,83,223.273694
383.377386,77,223.308021
602.326297,131,223.365563
558.469554,107,223.411283
384.045051,71,223.441546
394.675205,75,223.473104
625.07507,120,223.527132
677.691286,130,223.589916
538.122964,98,223.642681
525.951037,113,223.695766
887.087085,170,223.771152
592.987606,119,223.823249
464.407435,86,223.861403
660.379576,122,223.915514
419.035714,86,223.951763
490.814567,91,223.992019
647.724017,128,224.555711
516.986452,97,224.600339
459.339236,92,224.64191
459.436805,88,224.680535
417.211513,78,224.713671
513.927787,95,224.756311
792.485474,150,224.824156
578.126344,122,224.878595
465.445698,94,224.920084
509.082397,100,224.96474
634.703204,119,225.016248
541.961194,108,225.063902
403.899641,88,225.102602
564.649905,111,225.14906
566.574404,114,225.198498
386.040714,75,225.231116
409.720522,78,225.265697
782.153004,178,225.346232
396.196646,73,225.378394
521.543789,96,225.421622
577.675888,110,226.719051
609.316408,114,226.770378
539.1319,121,226.824221
520.839643,96,226.867343
621.492586,128,226.92781
638.323527,125,226.982855
351.563104,70,227.012712
424.513305,84,227.049583
472.803552,91,227.089926
691.484066,128,227.149874
434.525496,90,227.18976
470.528524,88,227.228947
340.214217,67,227.259939
472.553828,88,227.301955
443.163594,82,227.338742
547.063866,103,227.386222
442.05082,83,227.424572
357.773993,74,227.457088
498.023295,94,227.497722
455.102416,85,227.535834
386.202496,72,227.567711
433.820784,83,228.106382
323.548719,70,228.136206
1005.647626,186,228.220692
427.91367,85,228.257866
496.452561,102,228.301725
769.509582,140,228.362799
452.951442,92,228.403179
590.62294,110,228.452859
790.42771,172,228.529679
393.985268,75,228.562843
463.169703,91,228.601949
555.202193,102,228.646428
398.383271,74,228.678269
424.26104,81,228.713414
498.32832,99,228.756759
872.116926,162,228.828342
574.993572,109,228.876482
510.435364,94,228.919743
412.323249,78,228.955194
620.417063,122,229.472899
438.04921,80,229.511256
477.881495,90,229.55184
527.37612,112,229.601395
360.98687,72,229.633347
508.192308,93,229.6772
546.614644,111,229.728782
693.11051,138,229.78881
367.070673,70,229.819991
733.188763,152,229.888386
623.791957,116,229.939261
364.33355,81,229.975101
743.972125,143,230.039621
494.366593,91,230.077668
445.697479,83,230.113175
398.835907,75,230.145291
395.162916,81,230.180714
401.716693,78,230.213911
843.268807,172,230.290904
418.934855,88,230.330467
447.629234,85,230.366852
786.896036,141,230.930491
434.44326,82,230.972513
393.890866,73,231.008023
636.182238,123,231.061929
497.227112,91,231.101557
417.002918,87,231.13944
415.238602,76,231.171995
478.316654,89,231.209794
626.507837,114,231.260179
488.370396,91,231.29972
512.562233,105,231.345474
361.19932,74,231.378733
366.299378,68,231.408097
438.291524,85,231.444437
411.290703,79,231.478989
582.786677,119,231.530588
365.531263,76,231.563707
569.390653,112,231.612554
421.196401,87,231.651406
410.775226,82,231.687191
483.100162,89,231.727052
412.774793,78,231.76135
485.698066,95,232.367919
435.400532,86,232.406319
424.654303,91,232.447389
477.695066,100,232.491856
243.983004,49,232.512733
566.525965,122,232.569045
573.286274,108,232.615506
432.045109,79,232.649122
344.784815,66,232.678396
562.884706,103,232.723555
426.572146,79,232.758102
643.081379,121,232.833191
627.386487,122,232.88868
662.127476,137,232.951446
346.802971,78,232.986805
320.836025,63,233.01549
455.948312,93,233.058225
426.828873,85,233.094118
434.183232,93,233.136305
409.841355,80,233.171738
319.026126,71,233.201796
608.27861,134,233.262325
505.409022,96,233.774219
281.214667,53,233.799346
485.237087,93,233.841038
384.138269,71,233.87211
402.914966,75,233.906301
495.903848,96,233.950537
365.640952,78,233.986259
557.765726,113,234.038302
460.39483,86,234.077265
549.321463,100,234.121692
557.697325,130,234.179208
421.323262,78,234.214227
592.480881,113,234.263885
427.291318,80,234.2993
329.087782,62,234.327954
444.057694,83,234.364102
497.19635,89,234.403033
426.61506,89,234.441238
691.953867,127,234.497993
488.173757,110,234.552312
536.044968,105,234.598007
465.720093,88,234.637447
287.44311,56,234.663609
313.133453,71,235.190977
325.167426,66,235.219046
654.746122,122,235.273413
543.436662,102,235.320901
558.087059,121,235.374232
866.270768,176,235.453234
510.36685,95,235.494418
401.614441,75,235.525947
442.9538,86,235.56204
467.606858,91,235.604352
439.514878,95,235.647979
430.150412,83,235.684336
264.638342,52,235.707124
382.381928,71,235.738759
495.17144,96,235.781094
311.081103,60,235.807108
515.233606,105,235.8522
495.128417,95,235.894557
520.143669,109,235.94292
553.563946,107,235.988503
439.51799,92,236.028971
492.371765,108,236.536811
446.734566,98,236.579669
660.958137,128,236.635165
355.669267,67,236.663829
528.432545,101,236.70786
424.223142,82,236.756677
618.388169,124,236.811996
497.651936,90,236.850688
606.916152,119,236.904367
616.795477,122,236.959192
428.193345,84,236.995339
353.289762,67,237.023225
520.030637,98,237.068127
571.852298,108,237.114508
314.603331,62,237.142578
348.055052,68,237.171008
394.468087,78,237.204825
578.593691,109,237.253806
519.387984,109,237.301876
288.757129,62,237.327059
490.693956,90,237.366109
498.000166,95,237.408849
486.458175,91,238.202492
576.538946,121,238.269695
604.924247,113,238.321208
425.755944,78,238.356569
385.112395,77,238.391658
362.723173,69,238.423114
498.049832,94,238.46404
408.908424,77,238.497754
566.078072,105,238.544746
541.371975,105,238.593379
579.312156,110,238.643414
527.475664,98,238.686847
471.294444,99,238.729766
489.722982,92,238.769408
558.280253,107,238.81603
355.384489,67,238.846924
539.477311,98,238.890263
379.321958,71,238.922217
465.679692,86,238.960902
341.202459,64,238.988298
385.388809,91,239.02939
399.05324,74,239.060992
577.334244,112,239.109499
470.121995,86,239.616427
400.313144,82,239.652114
508.846838,96,239.695005
521.500933,104,239.738695
415.468819,81,239.774267
429.526057,80,239.80993
531.724602,100,239.854096
434.557015,83,239.888618
459.309663,86,239.925323
339.898103,72,239.95445
449.21301,83,239.990852
499.207195,90,240.030153
402.691674,80,240.063634
638.642354,129,240.121002
403.21558,79,240.155088
680.817,133,240.212271
488.647502,98,240.256964
717.157003,131,240.313033
496.399309,100,240.358193
435.654022,91,240.397343
784.933328,148,240.46257
534.631245,106,241.691911
485.9421,104,241.736732
463.869803,99,241.799996
509.593553,99,241.842614
398.08661,81,241.877425
391.02694,73,241.90993
416.678346,80,241.94433
696.563449,132,242.002479
435.018027,81,242.038172
401.178937,74,242.070796
467.971736,96,242.11256
455.72725,100,242.159502
500.349253,99,242.203365
484.810035,90,242.243215
459.175978,97,242.284797
463.07613,96,242.328273
484.982061,91,242.368678
483.42669,89,242.407402
446.016219,92,242.44818
413.892718,90,242.494014
538.667712,100,242.537275
397.157124,76,242.571476
385.153781,82,243.436639
410.008962,77,243.470186
312.897719,67,243.498084
367.302218,69,243.53694
582.200201,108,243.584574
478.665071,88,243.622348
798.531002,150,243.689637
277.975236,54,243.713205
453.650887,102,243.760452
540.290158,101,243.807254
500.0128,94,243.848685
615.70998,116,243.900479
380.164909,76,243.932821
350.355742,74,243.965161
328.923879,64,243.994736
600.199234,114,244.045454
345.039423,65,244.07395
542.049,104,244.120472
446.411086,84,244.158242
409.886729,76,244.192364
570.70585,118,244.245075
397.111028,87,244.283024
396.741081,74,244.316438
694.303239,131,245.018537
553.013713,103,245.068866
471.063711,99,245.116001
363.17861,75,245.147467
495.70561,97,245.18844
560.885071,112,245.238016
442.433965,81,245.273123
556.449131,118,245.323627
339.506995,66,245.352082
437.238135,81,245.387578
390.4816,78,245.42108
445.047393,98,245.46484
497.945159,102,245.507966
492.452256,91,245.54647
302.010925,58,245.571657
606.262027,111,245.619862
427.061167,79,245.653752
584.415569,110,245.701744
464.27566,92,245.740551
636.765115,127,245.795538
467.414207,94,245.835992
364.944552,71,245.865981
437.019871,80,246.436491
536.184053,100,246.483459
493.239567,95,246.525275
406.067229,76,246.564889
481.482904,102,246.609084
454.359305,84,246.644111
312.654817,62,246.66999
485.485925,90,246.70896
318.683699,67,246.736823
536.884008,99,246.780862
538.740827,113,246.831361
788.935546,143,246.893999
599.220728,122,246.946789
524.369799,100,246.991531
671.735104,130,247.048691
439.074486,82,247.084397
605.204282,117,247.1381
458.182494,87,247.175569
448.755143,90,247.214983
306.912998,60,247.24119
508.106531,97,247.283414
674.160857,141,247.985111
411.612985,77,248.02494
354.886543,66,248.053252
823.849635,170,248.130553
556.43073,118,248.18296
515.134448,97,248.22628
575.035025,108,248.272055
515.247235,101,248.316367
668.520774,130,248.375328
511.095097,94,248.416177
614.641223,115,248.46794
371.77791,69,248.498078
643.339326,126,248.553422
414.414547,89,248.593657
458.306621,100,248.63605
566.103849,106,248.68235
540.023565,103,248.729419
374.701944,78,248.762495
461.419351,88,248.801183
483.871599,98,248.845896
455.648424,98,249.522977
358.499302,77,249.559144
379.18913,71,249.592493
443.461419,86,249.632921
297.252174,62,249.659635
321.820853,69,249.689558
530.98463,107,249.73812
190.354943,41,249.755334
449.803072,83,249.791525
1183.181608,216,249.888984
507.670944,92,249.931599
467.960564,89,249.97136
403.603823,75,250.004285
320.460914,64,250.032569
281.745593,55,250.057899
1077.505054,233,250.161585
590.291911,116,250.211386
536.874327,112,250.26141
552.227501,114,250.311456
622.657352,117,250.362845
398.96197,74,250.395036
517.857494,94,251.029535
389.036003,80,251.065241
410.417188,77,251.102352
451.372364,88,251.143892
408.410325,81,251.178899
459.289837,83,251.215899
379.639139,74,251.248607
369.77064,76,251.281619
324.515475,62,251.309336
487.076774,92,251.348824
372.043079,69,251.378654
360.298741,70,251.409262
490.90435,100,251.453635
472.199881,98,251.49477
399.614734,80,251.53045
299.831551,63,251.557242
436.20119,79,251.591392
478.452087,100,251.633754
481.561877,90,251.672349
502.352499,96,251.714657
479.209596,88,251.75235
412.710405,77,251.784437
821.463062,159,251.855489
430.809511,80,251.89059
333.805477,65,252.424725
497.278,109,252.472969
529.103766,97,252.522548
424.707266,80,252.558551
500.345604,104,252.604094
573.602565,117,252.65469
554.191594,123,252.709977
740.160929,143,252.773536
352.838297,75,252.805999
662.412591,129,252.861805
527.02701,100,252.906965
671.397258,123,252.962832
355.014215,67,252.993667
395.706835,74,253.027334
291.447965,61,253.052668
396.889201,77,253.085025
282.611339,64,253.111618
520.656641,108,253.158494
650.925375,142,253.222127
513.418306,105,253.267391
499.954812,95,253.30878
369.210419,73,253.85898
550.12182,110,253.906872
301.268145,60,253.933502
921.268116,187,254.017131
446.833792,82,254.064356
595.339783,108,254.111999
315.020644,68,254.139503
456.317436,92,254.179022
698.664264,136,254.241209
442.486101,81,254.276814
439.74414,83,254.312291
394.103715,74,254.344344
456.051082,90,254.383203
497.694982,101,254.429239
325.647317,62,254.456505
409.405832,78,254.490391
331.049175,63,254.518145
679.414636,129,254.574624
505.518375,97,254.617171
385.14084,71,254.648438
475.2413,90,254.688114
374.419969,72,254.719083
421.925673,77,255.312895
453.827957,89,255.352243
607.677434,116,255.402573
538.223361,102,255.451434
465.423558,87,255.488519
378.995601,69,255.519743
484.731705,96,255.561922
367.83511,76,255.594753
587.409923,112,255.644593
464.954361,98,255.687102
495.165365,94,255.728228
722.525917,141,255.791092
524.365321,99,255.835157
745.806462,144,255.899884
655.372838,122,255.954081
381.706877,73,255.986463
409.622819,77,256.019075
571.470701,109,256.067716
879.474998,171,256.144497
516.186956,97,256.186806
461.791454,91,256.714501
781.163671,169,256.795535
472.803878,95,256.836518
721.65755,136,256.900099
649.708533,119,256.952182
542.099541,103,256.997924
567.288681,105,257.043943
434.681542,81,257.078356
511.713589,95,257.119686
541.642547,97,257.161528
355.232991,69,257.191367
605.051253,111,257.239728
423.596239,87,257.278335
369.846323,67,257.306664
625.282895,130,257.364634
431.454794,80,257.399469
404.525648,75,257.431721
298.143775,57,257.457229
492.995152,92,257.497837
586.179367,116,257.548378
454.10343,85,257.584984
408.966963,77,258.274208
487.434635,91,258.314638
491.499854,89,258.353422
442.157136,105,258.39929
395.441362,73,258.431833
658.853476,125,258.486917
619.255197,117,258.538558
533.155169,107,258.602131
618.522073,117,258.654265
557.190775,105,258.700971
432.772131,83,258.736625
422.411508,85,258.772564
447.915238,85,258.81103
443.871202,84,258.847728
419.351435,78,258.880772
459.774154,88,258.919456
500.888005,101,258.96204
347.208165,65,258.989834
402.915513,75,259.023157
446.517916,85,259.060663
499.572187,102,259.110631
670.325844,129,259.166653
472.190165,86,259.868598
386.421699,73,259.900013
447.409742,81,259.935015
661.027106,128,259.992146
365.388728,69,260.022099
407.405984,81,260.057249
561.099661,118,260.113282
442.131839,92,260.154349
424.242379,90,260.195879
424.116159,79,260.230895
510.724902,99,260.27455
374.78509,77,260.307311
387.119144,75,260.34031
507.067301,99,260.383321
449.718091,93,260.423499
393.119493,76,260.45654
464.682499,101,260.499886
671.439754,129,260.557934
408.182134,76,260.59129
402.124082,85,260.62803
312.864493,60,260.65496
514.294098,105,260.701065
459.567654,89,260.738829
455.285625,84,261.480489
316.19074,61,261.509294
456.41998,95,261.550247
420.985086,77,261.584006
427.651984,80,261.630248
541.934138,100,261.67523
623.816872,120,261.726995
698.111887,132,261.786214
649.259883,138,261.846436
712.337757,142,261.90907
344.263803,66,261.939323
475.372225,87,261.976946
452.62985,88,262.015965
517.285887,113,262.064665
346.310526,67,262.092161
447.03085,81,262.126882
435.92173,88,262.1656
584.609113,111,262.215536
468.389497,90,262.253691
541.844835,100,262.29703
515.085993,99,262.339458
520.990419,95,262.94329
895.474688,170,263.018425
407.66493,84,263.055442
444.229766,82,263.08949
407.192637,77,263.12389
361.486468,69,263.153724
446.304173,89,263.191155
398.019317,81,263.226506
425.825447,87,263.265687
807.095209,153,263.333497
694.012078,125,263.388775
265.527197,51,263.410995
576.692159,117,263.461164
438.431824,84,263.497694
635.145624,119,263.549161
705.300432,133,263.60663
673.268566,131,263.664981
512.046911,95,263.704628
365.995633,78,263.737166
423.692009,81,263.771239
533.692617,103,263.815339
610.497193,112,264.480883
549.450831,113,264.547432
450.277506,85,264.589596
343.810059,64,264.616596
417.797321,76,264.649432
419.117912,78,264.682854
479.421834,93,264.72413
424.048936,83,264.76045
505.480206,99,264.803387
495.954635,99,264.848214
435.581188,81,264.883685
464.707089,85,264.920126
488.293842,99,264.964868
348.446455,64,264.993241
486.169136,93,265.03371
347.500901,66,265.061689
441.128471,86,265.099517
370.827704,87,265.138077
552.208953,104,265.183424
675.107712,128,265.239603
493.677872,95,265.281062
644.410267,128,265.335668
561.35736,107,265.914506
421.870514,83,265.950606
387.925441,74,265.98308
524.399426,98,266.027118
515.941961,101,266.082398
540.139245,112,266.13775
516.328924,97,266.180097
363.232185,67,266.209347
586.509048,105,266.254728
287.873782,69,266.286484
367.294008,75,266.317866
469.017153,89,266.356212
527.274123,96,266.397273
404.948192,82,266.432649
548.547457,108,266.479679
588.353839,109,266.527311
434.996541,84,266.565017
459.598798,89,266.603316
325.710512,61,266.629565
380.252917,71,266.659732
518.75102,95,266.70181
500.786753,93,266.743243
457.620735,87,266.781031
464.08767,87,267.517498
526.956746,98,267.563004
380.486387,76,267.596599
500.534588,96,267.641978
592.54799,114,267.694027
490.063277,102,267.738261
680.463425,140,267.800865
382.782518,79,267.8357
295.200027,61,267.860424
379.485122,72,267.891182
524.838036,114,267.941476
893.174892,168,268.017264
663.880616,146,268.086155
344.39959,65,268.115609
444.336192,83,268.150878
707.286237,135,268.209917
497.359026,93,268.249642
443.425799,98,268.291523
381.402411,72,268.32413
494.786082,93,268.36497
616.278295,118,268.926543
873.377958,160,268.999881
354.884124,67,269.029332
313.384221,58,269.055163
445.711542,84,269.091118
438.174934,90,269.131474
741.142149,136,269.191486
529.7581,99,269.235764
564.930256,104,269.281867
345.233208,74,269.313527
540.86116,98,269.357665
658.76499,128,269.429958
611.877035,111,269.478941
359.303875,73,269.511491
499.409803,93,269.553355
356.001888,79,269.588218
451.341127,84,269.625461
393.827238,76,269.658782
738.416651,136,269.718612
540.382686,98,269.761464
294.42602,63,269.787904
508.708292,97,269.829534
858.609678,157,270.348956
465.940649,97,270.391031
501.279203,96,270.433143
426.707687,78,270.467462
484.329849,87,270.504616
589.937262,109,270.552799
399.111276,75,270.584213
425.330566,78,270.617662
331.200509,69,270.647758
336.180741,71,270.677239
429.890236,81,270.713297
347.2909,69,270.744202
503.457077,92,270.784822
507.6778,94,270.827864
448.789169,86,270.865644
515.597938,99,270.908281
563.244729,103,270.953071
673.125762,126,271.007785
413.041427,81,271.042706
373.777972,69,271.072409
523.116059,97,271.114975
318.483535,60,271.140482
522.041412,99,271.862146
681.136348,125,271.917207
304.248467,58,271.943268
359.433072,68,271.972606
849.927525,162,272.045568
253.014563,52,272.067694
714.481485,155,272.141097
686.805706,132,272.200638
417.187353,83,272.237967
756.756602,166,272.311486
690.480013,128,272.368292
447.190332,82,272.404263
470.258959,92,272.444317
493.014529,89,272.483039
351.088214,66,272.511848
427.714667,77,272.545217
441.277924,90,272.583179
497.855273,106,272.629043
480.330957,100,272.67398
574.204818,103,272.718403
568.628254,111,273.553072
447.90565,83,273.589233
457.684537,85,273.630244
576.334056,108,273.67833
724.65268,133,273.736508
590.469855,113,273.786806
752.951292,138,273.848867
475.724284,89,273.887543
387.418895,83,273.925225
565.502556,102,273.968449
576.611776,112,274.017406
611.218439,118,274.068687
524.664098,96,274.111706
468.820565,90,274.151354
547.393088,110,274.20015
615.374669,113,274.250527
230.031272,50,274.27063
458.103765,85,274.307915
573.377184,105,274.354419
595.636665,118,274.405722
425.104495,86,274.44218
524.465835,96,275.217618
481.674147,89,275.257585
525.021395,95,275.300866
407.764215,76,275.335804
799.799177,147,275.410007
420.486645,91,275.455112
374.410211,83,275.490089
398.515493,74,275.522398
446.266249,84,275.559844
645.1601,123,275.615112
589.976895,124,275.670072
618.646514,114,275.722325
451.088377,85,275.759625
555.951367,107,275.805877
543.831058,99,275.866364
416.030987,77,275.901034
847.572191,158,275.970461
1183.422916,233,276.079962
648.788242,118,276.803795
488.718107,91,276.848372
385.944331,82,276.883439
648.592682,126,276.941927
594.718556,110,276.990914
519.481446,98,277.032286
530.640308,111,277.081369
451.487873,82,277.117754
460.184459,86,277.15483
394.848699,73,277.18628
434.240458,87,277.225663
631.152837,116,277.279247
674.762055,128,277.335155
377.634761,72,277.366777
384.608911,73,277.398772
382.174121,70,277.42943
403.149311,74,277.461355
369.273151,70,277.492848
566.883642,117,277.544641
624.2919,119,277.596827
532.402993,96,277.639339
462.37147,85,277.677674
698.53046,131,278.222525
605.169843,121,278.276143
357.132398,68,278.311824
724.746801,138,278.372724
274.888324,54,278.396223
508.587135,93,278.436774
666.159695,127,278.492177
444.418206,94,278.533677
673.779523,138,278.595258
495.204706,93,278.635668
541.815665,100,278.679965
387.992773,71,278.710555
403.560641,75,278.743618
482.605447,93,278.785251
544.8741,100,278.830856
399.523131,76,278.864755
356.117549,66,278.893385
525.611126,105,278.93974
485.44119,96,278.983869
759.634134,137,279.047897
431.780064,83,279.08428
375.567568,70,280.143067
442.205175,82,280.179799
489.502039,91,280.220777
417.25306,78,280.255053
371.91329,69,280.285915
374.451176,71,280.316781
515.697322,95,280.358752
381.821116,73,280.390772
559.516848,104,280.437097
437.144808,81,280.472673
475.809755,90,280.511762
492.399724,91,280.552171
559.423851,106,280.599544
438.83847,86,280.63808
546.939684,103,280.683808
372.68486,70,280.716116
425.054997,84,280.753491
341.46046,64,280.781571
453.423413,85,280.819618
451.504127,83,280.855462
417.772838,78,280.890023
535.394888,109,280.937915
473.911124,88,280.976314
415.184992,75,281.00821
440.083143,84,281.892081
533.040996,104,281.939735
438.819971,82,281.978816
374.716193,69,282.009286
520.159988,96,282.051996
286.389113,61,282.078445
380.423413,70,282.108792
452.826308,87,282.147159
409.288431,76,282.180086
475.912116,90,282.218463
362.479475,68,282.248096
450.873065,98,282.292107
465.651088,87,282.331418
395.060356,73,282.362929
613.637714,127,282.421601
428.136296,97,282.4662
435.872614,80,282.502105
730.598856,151,282.570552
450.822551,84,282.607174
476.450936,88,282.647997
341.859135,65,282.676988
495.472536,91,282.717044
497.507889,106,282.763754
404.905717,79,282.798197
483.230813,91,284.036238
465.908341,85,284.083397
322.556488,60,284.109715
425.892093,81,284.145281
788.135294,147,284.210595
519.140009,111,284.259569
422.159818,85,284.297912
659.270972,125,284.353518
730.126291,141,284.414859
617.290008,110,284.462941
743.194618,141,284.526938
458.482127,86,284.56574
449.808784,83,284.602217
347.355443,72,284.633011
466.090937,89,284.673031
551.401042,99,284.716422
442.476178,84,284.754145
534.707075,107,284.802569
464.695363,85,284.839674
355.150453,67,284.86893
444.672236,83,284.906241
494.66605,96,286.195667
452.675989,84,286.235184
648.941758,123,286.299539
407.361021,77,286.334815
491.445833,93,286.376744
512.937044,93,286.417182
678.248164,127,286.475608
380.702094,75,286.508514
473.316582,95,286.550934
499.700721,93,286.592921
439.756587,82,286.629423
397.217779,74,286.661864
303.303961,58,286.688517
525.22537,96,286.733049
535.327083,107,286.781234
376.718855,71,286.813356
492.717761,92,286.855058
626.606931,117,286.909395
425.499896,87,286.948576
397.401432,79,286.983469
399.928385,79,287.01869
869.35101,167,287.09521
580.260865,113,288.436554
443.908446,91,288.490405
362.126042,78,288.538883
391.868129,72,288.572897
1004.358763,187,288.658091
402.550605,75,288.691579
670.666295,129,288.749543
358.194272,68,288.778841
481.754058,94,288.819639
537.569069,114,288.870005
710.928483,134,288.930072
389.916212,88,288.968291
459.156984,86,289.005725
423.748024,92,289.047164
399.931648,74,289.081868
372.945116,78,289.117557
422.133981,81,289.152876
406.889783,79,289.186136
584.358721,106,289.23226
351.726445,74,289.264798
385.220657,71,289.296126
693.940874,127,290.483242
409.498772,77,290.523376
368.458126,69,290.554539
711.491182,134,290.614305
586.616247,111,290.662958
486.159023,95,290.70509
337.77072,63,290.733442
392.963434,74,290.765802
587.996705,113,290.816018
840.19918,158,290.883914
405.094947,76,290.91787
377.28396,72,290.94867
398.132162,84,290.986257
615.711331,123,291.038792
391.127493,78,291.072812
549.114245,103,291.11848
416.310363,81,291.153306
557.255304,109,291.200232
486.576819,92,291.240686
655.479972,135,291.304072
718.728622,150,291.373852
384.2828,71,292.685067
537.426184,102,292.731997
443.573874,95,292.774437
375.185525,70,292.805349
795.895235,164,292.879542
585.25463,109,292.927279
363.08647,76,292.960277
389.663558,73,292.991903
458.145263,88,293.030687
341.081588,72,293.062314
387.833892,72,293.094315
680.970432,130,293.150808
892.428277,176,293.230728
462.840712,96,293.272941
532.136345,96,293.314426
594.048874,114,293.365613
487.629641,89,293.403639
447.192904,83,293.440164
358.9831,67,293.469784
474.258281,87,293.507908
388.186348,82,293.544638
456.03075,83,295.510161
422.314651,77,295.546498
518.745934,101,295.595111
482.354664,91,295.635853
441.373061,81,295.672741
427.593655,83,295.709824
496.418466,93,295.751547
399.092345,84,295.789398
485.629725,93,295.831657
477.231329,92,295.872715
389.450435,73,295.905577
466.150804,87,295.944268
373.151234,80,295.980259
347.790637,65,296.007906
520.977453,99,296.051619
330.458052,61,296.078347
466.774102,86,296.116922
432.890829,85,296.153363
358.939776,66,296.182555
331.320751,73,296.215231
381.841794,70,296.246008
426.930512,81,296.283005
428.783572,84,296.320302
390.356459,72,296.352366
521.993329,97,296.395041
499.116372,96,298.033938
394.979533,73,298.06583
462.50832,84,298.101281
307.987346,63,298.127714
489.102359,91,298.169049
507.236017,98,298.211665
481.989022,92,298.251712
801.780122,147,298.317055
585.35837,106,298.364593
705.365677,143,298.429895
450.534517,86,298.46607
801.327179,145,298.530235
383.080987,78,298.564462
398.050882,72,298.59536
434.598556,82,298.631874
632.451374,121,298.685761
618.279788,117,298.739115
485.938302,92,298.78033
377.16969,74,298.812915
546.80974,100,298.858763
567.855966,106,298.906283
494.727364,96,300.607468
426.947352,92,300.650201
444.591828,81,300.68624
470.926231,87,300.725963
595.270541,116,300.779293
406.753595,75,300.810086
459.706652,92,300.853682
513.811817,97,300.902581
254.136407,48,300.923842
554.39266,113,300.97249
551.582776,116,301.023561
568.193728,114,301.07372
403.249731,77,301.107866
934.724705,173,301.182239
464.867382,85,301.220135
390.250859,71,301.251864
544.601001,104,301.299649
453.086511,84,301.336488
440.481279,80,301.371079
435.391962,107,301.416746
458.752605,84,301.453318
404.602811,75,302.033047
602.441925,114,302.085142
547.430395,100,302.130734
481.25876,101,302.175464
368.821817,70,302.207254
372.341741,69,302.236534
344.465694,65,302.264589
518.271584,105,302.31098
396.471797,77,302.344131
584.512514,113,302.392401
599.313721,122,302.443133
293.565984,56,302.467484
473.055653,97,302.5096
437.990373,85,302.545897
385.910939,78,302.581059
371.972428,69,302.610603
642.138993,120,302.662642
339.238769,72,302.694398
433.196097,90,302.733577
527.254642,98,302.775763
521.646792,97,302.817193
440.271023,82,302.852715
637.414472,118,302.90391
535.828303,98,303.414288
679.811068,127,303.472425
574.888719,115,303.522682
368.078283,76,303.555371
457.264366,84,303.59147
553.404933,106,303.639214
525.399685,102,303.684397
503.326919,95,303.726412
513.339424,95,303.770595
550.824273,110,303.818998
583.558986,110,303.86746
466.161949,95,303.911218
505.03298,103,303.957481
376.171917,73,303.990136
327.383263,65,304.017794
720.774926,137,304.080483
621.801324,116,304.131229
448.185817,87,304.168531
511.271111,105,304.213329
666.159211,124,304.268159
406.123683,75,304.741995
406.577859,81,304.777072
470.688599,86,304.813531
328.906978,64,304.841351
496.712748,94,304.88127
531.096071,112,304.929539
487.921134,99,304.972594
506.89421,96,305.014487
354.611177,73,305.044654
835.485894,156,305.115047
838.772049,156,305.182949
473.773653,103,305.228884
419.08366,81,305.265096
344.452572,65,305.293839
714.611493,130,305.350912
507.532564,94,305.391155
329.575394,61,305.416833
444.378819,93,305.45689
426.759477,83,305.493741
413.536873,78,305.526675
581.601467,109,305.574435
463.60406,95,305.616418
436.757013,81,306.129885
503.357075,94,306.172397
451.676475,99,306.215737
722.779532,144,306.278476
525.77412,96,306.319438
425.046672,83,306.356301
668.076057,125,306.411612
392.240955,75,306.443779
543.190806,117,306.495072
296.263573,61,306.520682
610.991188,131,306.57774
519.475497,108,306.625358
404.469933,75,306.657516
342.678748,66,306.686474
463.706212,85,306.722655
461.082388,96,306.76621
389.948772,70,306.795534
424.097641,79,306.830737
437.446211,99,306.872123
404.773588,76,306.904139
439.961824,83,306.940285
450.680275,86,306.977533
436.284578,80,307.445468
370.061905,69,307.47564
626.021648,116,307.527918
399.132946,74,307.560439
427.499866,84,307.596402
539.695324,102,307.641026
498.32445,92,307.681027
496.122114,92,307.721916
426.195309,85,307.757864
462.108308,89,307.796811
415.794092,82,307.833501
574.499704,113,307.882714
333.921118,63,307.911321
246.591725,58,307.935999
378.694226,71,307.966368
342.295077,64,307.993602
567.566599,104,308.03856
438.171563,90,308.07794
374.111887,72,308.109189
783.543612,143,308.170592
476.134124,100,308.21524
521.046226,104,308.260976
349.532246,66,308.289243
498.328837,103,309.154422
556.616664,104,309.203214
676.753868,128,309.263692
378.668497,80,309.300015
348.647426,73,309.333261
421.237342,86,309.372231
482.71119,89,309.411865
573.078204,118,309.463417
608.266934,111,309.511641
409.513733,86,309.549421
582.42951,107,309.596648
419.146573,82,309.634177
397.849143,81,309.670108
409.007004,84,309.706534
515.518382,98,309.752632
473.476786,89,309.792553
542.570203,103,309.838046
536.747569,100,309.881107
288.191995,54,309.90515
476.453111,92,309.946877
346.440906,66,309.976862
398.062432,76,310.010342
324.134435,65,310.038663
515.550502,96,310.668534
733.603561,144,310.733559
522.07913,104,310.780549
312.090561,58,310.806068
312.81767,69,310.836579
732.059036,134,310.897253
589.75349,109,310.946447
584.514708,109,310.997514
373.983175,70,311.029251
413.823259,88,311.067351
507.140324,98,311.109555
493.468709,94,311.150617
428.1555,79,311.186917
648.087411,116,311.238224
513.062563,101,311.282801
460.149469,92,311.324077
368.079039,69,311.355632
648.584447,131,311.412518
501.41011,95,311.455222
371.041996,77,311.488433
517.935012,109,311.536652
548.220357,104,312.178798
689.396176,139,312.253919
553.383353,102,312.299641
508.092869,102,312.345074
493.807704,102,312.38911
433.162818,90,312.429436
418.576312,80,312.463758
697.578416,133,312.524576
409.266878,77,312.558021
629.704667,122,312.613177
411.315638,75,312.645582
449.277032,95,312.688857
519.02494,97,312.731405
422.019029,80,312.765811
339.827919,64,312.793949
352.889903,67,312.823573
519.275864,109,312.87225
378.560026,81,312.907982
542.147745,110,312.957003
441.533872,81,312.992722
524.939408,108,313.042318
440.821557,82,313.078249
317.026753,60,313.568143
540.599517,98,313.613461
364.272194,76,313.64811
610.59737,116,313.699697
463.825667,83,313.736398
774.626134,142,313.801402
372.981841,69,313.83158
472.431261,87,313.869684
325.450862,65,313.89788
405.675358,83,313.934588
624.985883,117,313.986527
550.664243,102,314.031565
453.880763,91,314.071855
867.418996,173,314.150069
559.631286,115,314.20089
335.755353,70,314.231851
417.040226,84,314.269489
331.727928,70,314.300696
445.330201,82,314.337888
436.258205,85,314.377418
359.112542,68,314.408716
254.494746,48,314.429547
320.105183,61,314.456305
423.075265,78,314.962281
735.06164,150,315.032604
510.515651,95,315.07445
479.609221,94,315.116834
495.968742,95,315.160274
532.427748,105,315.20662
286.827325,53,315.230423
512.776234,107,315.278521
543.998711,100,315.324036
618.593328,117,315.378363
358.368516,71,315.40827
548.652798,107,315.456225
641.661508,118,315.507431
374.614883,70,315.539444
424.659959,79,315.575723
594.411598,116,315.626315
467.503325,95,315.668023
361.35355,69,315.69813
454.898032,83,315.734154
401.462904,78,315.767164
402.670917,79,315.803474
355.687858,74,315.839537
369.938296,72,316.468139
510.119345,99,316.511037
335.936518,67,316.539873
716.14254,132,316.598049
289.801209,57,316.623244
441.292697,84,316.661205
680.742316,130,316.719871
504.776605,98,316.762117
582.805354,110,316.812459
577.925967,104,316.858761
564.843207,120,316.911405
360.950383,77,316.944499
419.393559,89,316.982369
658.019674,124,317.038129
485.798989,99,317.084939
614.641462,115,317.136409
442.378863,81,317.171144
459.566052,93,317.211518
401.374246,86,317.248656
457.13979,85,317.285667
646.99331,124,317.34006
399.246508,74,317.867268
511.287865,94,317.909243
392.267783,74,317.943597
598.915364,119,317.997222
453.068873,84,318.03576
483.488548,106,318.084071
554.642642,109,318.135523
380.328259,71,318.167594
501.981821,95,318.208522
541.35044,102,318.253383
442.717144,83,318.290202
668.99669,131,318.347559
505.058893,98,318.390278
473.860309,89,318.430599
349.803494,68,318.458952
595.08698,113,318.510556
389.274748,72,318.541566
571.385083,115,318.591695
753.51281,144,318.657103
426.357016,80,318.693014
607.344143,123,318.748668
594.080901,108,319.296713
382.591259,71,319.328133
559.456324,112,319.37839
493.869394,93,319.422118
389.89822,89,319.464637
471.834696,89,319.50752
404.999045,76,319.542295
540.324104,99,319.587583
647.956492,121,319.641788
386.945438,73,319.674815
563.219077,105,319.72257
387.310135,77,319.75686
441.642463,81,319.792237
401.838245,75,319.82509
307.296774,64,319.85165
468.831452,88,319.89032
882.733049,167,319.965236
507.645979,96,320.006691
508.604748,96,320.049494
381.323587,77,320.083221
549.791692,114,320.133858
532.94123,98,320.176631
402.112319,78,320.668614
404.756159,75,320.703015
421.17536,89,320.743383
328.611508,69,320.772751
560.263321,104,320.818295
758.170054,158,320.88887
576.52436,104,320.935779
498.30125,93,320.976414
591.053727,111,321.025619
487.707299,98,321.070035
539.661555,96,321.111471
381.700899,71,321.142856
384.353476,71,321.174201
455.144144,91,321.214607
522.425964,98,321.258262
413.219892,78,321.293804
421.42582,79,321.330925
480.747274,90,321.369694
500.284192,95,321.416452
556.196476,106,321.462856
466.814841,88,321.505464
494.851431,90,321.545242
570.827687,115,322.064532
424.754918,81,322.101043
443.882541,84,322.140014
422.676486,80,322.177723
403.538787,83,322.216807
480.700775,89,322.257614
478.5434,96,322.30078
528.039874,112,322.352253
359.134005,68,322.383061
446.384456,81,322.420815
582.006761,107,322.470536
641.079717,128,322.529268
571.697958,109,322.577378
454.910662,85,322.614491
555.518594,102,322.659869
641.187266,126,322.716063
331.109251,61,322.742306
354.629193,76,322.774826
466.487094,100,322.820945
310.253974,67,322.848708
510.769686,98,322.892144
377.356871,73,322.925361
444.136608,82,323.450241
368.846972,77,323.483629
498.899907,92,323.525272
536.601781,101,323.570915
581.493312,109,323.620731
554.991266,119,323.671742
524.662029,98,323.73242
384.146192,72,323.766248
592.627511,108,323.813178
347.365139,67,323.841752
452.54088,84,323.877995
474.896915,88,323.91615
591.140313,118,323.968887
488.523112,93,324.010349
489.335481,101,324.055584
375.604285,80,324.090736
474.022793,100,324.136051
565.931224,105,324.182079
328.914575,64,324.21006
380.646865,71,324.241203
551.48469,103,324.287938
324.814113,61,324.314821
474.261942,101,324.358928
458.977756,85,324.882359
394.995435,77,324.916525
511.194064,107,324.964116
330.485591,67,324.993564
494.097863,90,325.034007
536.128262,98,325.077939
420.717797,78,325.113107
389.486443,75,325.147207
480.636479,95,325.189857
447.988728,84,325.226241
329.71564,62,325.253694
544.202726,104,325.299635
585.835261,113,325.350155
567.266948,104,325.396853
498.957959,92,325.438161
513.204731,101,325.482391
754.142644,138,325.542126
493.478707,96,325.584112
318.835187,70,325.613907
536.629994,108,325.662737
349.338157,66,325.691939
607.173828,111,325.739792
500.919626,97,326.246437
502.478268,92,326.288247
466.524749,93,326.330334
446.675267,94,326.373326
570.970587,109,326.423044
469.217579,85,326.461399
411.423499,80,326.495857
825.578205,161,326.5688
396.116795,74,326.602502
421.467893,95,326.643924
271.662203,52,326.66687
450.206397,84,326.702172
392.340197,73,326.734061
425.579926,87,326.770983
808.717659,155,326.840255
445.730727,82,326.876843
372.142558,79,326.911593
365.307781,76,326.943688
411.447891,76,326.978121
699.399871,129,327.03529
536.691527,104,327.081798
344.898351,65,327.111578
489.321183,102,327.592131
357.57252,66,327.622152
403.800175,75,327.654906
438.496888,89,327.694526
395.915138,77,327.728797
569.684208,105,327.775501
584.485484,109,327.823519
489.257034,90,327.863228
497.669507,92,327.904764
344.938121,65,327.933713
695.664514,131,327.990849
662.948336,121,328.044541
455.750564,86,328.081626
667.873125,121,328.135238
638.522618,123,328.189174
598.295763,118,328.240855
373.860451,79,328.274098
466.371874,88,328.314541
684.396793,130,328.375304
509.924504,92,328.414974
399.324322,74,328.446853
557.814875,111,328.965292
505.726536,92,329.005783
546.668119,105,329.053552
491.480133,92,329.094823
545.38494,99,329.13871
440.099145,81,329.175301
661.747036,127,329.230616
579.106589,118,329.283023
407.19248,84,329.318677
483.074348,94,329.359911
460.699808,86,329.40008
831.135726,153,329.468331
636.057738,114,329.520108
613.025193,127,329.577324
425.997676,81,329.613226
791.044627,148,329.68122
459.510748,84,329.718433
856.660997,158,329.790622
264.93139,49,329.812345
570.171739,105,329.860852
603.043784,111,330.520707
597.131748,109,330.574778
393.286011,74,330.60823
471.025567,97,330.650946
447.935751,83,330.686238
498.878548,102,330.731536
897.339534,170,330.805447
623.379321,117,330.856117
419.410407,78,330.888893
619.722745,126,330.947982
564.662525,118,331.000375
451.26089,97,331.041678
478.231838,93,331.082709
551.010956,104,331.128439
511.516726,95,331.169672
476.591649,91,331.209764
681.651886,128,331.267689
400.207784,77,331.301206
294.698131,59,331.326953
598.426094,115,331.376142
760.870925,141,331.897642
462.658857,89,331.937546
573.056784,108,331.984887
338.603363,64,332.012525
339.781886,65,332.040797
586.358531,122,332.095577
430.904833,78,332.130316
543.876705,101,332.174578
433.244657,90,332.214162
580.322288,108,332.261246
643.875596,127,332.318032
475.471179,92,332.35802
460.925297,89,332.396726
436.431918,82,332.432339
438.011179,81,332.467709
450.548889,82,332.503188
417.902256,79,332.53833
422.781742,79,332.571602
428.305362,89,332.610447
450.969491,85,332.646921
457.337574,83,332.682632
447.35925,86,332.721323
538.859381,104,333.215722
455.85508,89,333.254262
527.1886,97,333.296407
429.780997,88,333.335371
451.579611,85,333.371778
528.657376,98,333.414057
397.033679,76,333.446502
368.367945,68,333.476402
704.548699,128,333.531303
356.304071,69,333.562236
549.957048,107,333.608494
499.175847,94,333.649684
371.430801,70,333.680667
528.803389,108,333.727858
525.277167,95,333.769112
469.89613,92,333.807662
247.892313,48,333.827956
656.028317,121,333.880573
539.989944,104,333.926792
577.214393,114,333.976812
413.134557,79,334.010794
702.180003,131,334.069199
427.26093,80,334.541836
527.792752,108,334.588278
493.359347,91,334.629746
580.36439,114,334.680456
386.600561,75,334.713773
534.819543,103,334.758751
381.171409,71,334.788856
801.578194,153,334.857736
438.919456,82,334.893986
557.956144,111,334.94327
479.379164,87,334.980906
538.432895,113,335.031515
360.05094,76,335.063819
550.024002,101,335.108175
495.366944,91,335.14791
617.816981,128,335.205533
525.795983,113,335.257862
396.657815,81,335.293858
337.552064,74,335.325105
693.871203,129,335.382681
544.592046,113,335.880514
673.397296,121,335.933625
453.797746,91,335.973468
452.459244,94,336.013576
564.598207,118,336.063575
436.591475,81,336.099122
777.414991,143,336.164213
630.11796,124,336.21764
507.524731,101,336.2605
661.360585,120,336.329561
336.478036,64,336.358091
377.938369,80,336.392292
584.364504,109,336.439502
466.118477,90,336.478192
535.611187,104,336.523199
442.374939,82,336.55966
479.568612,90,336.597999
503.752469,92,336.638203
388.739578,73,336.670815
421.232142,79,336.704017
419.209948,80,336.739256
658.658038,125,337.244276
407.931412,77,337.27876
510.320006,101,337.323397
638.356348,126,337.380331
428.859051,90,337.419462
425.780455,83,337.456028
808.609696,149,337.521375
479.604501,89,337.559566
910.372903,175,337.638436
421.91384,79,337.672775
456.572889,92,337.713434
406.356063,81,337.751126
382.047222,79,337.787617
625.320838,120,337.839849
424.406033,80,337.87361
443.519041,82,337.910813
734.063929,134,337.967985
518.403629,103,338.013142
378.54058,70,338.044146
475.785956,89,338.101735
420.282467,78,338.135941
508.621276,95,338.653991
509.580457,93,338.696365
720.196115,133,338.754206
383.550178,85,338.792332
827.072173,167,338.866128
509.754069,105,338.91276
589.222394,117,338.966575
588.304515,113,339.01906
388.475075,72,339.050683
491.808493,90,339.09058
409.028767,77,339.124406
676.553765,124,339.179427
407.264077,75,339.211726
381.114769,79,339.246053
436.482009,84,339.282186
356.653616,76,339.314212
468.12766,86,339.351731
648.041359,118,339.402834
570.872294,115,339.45368
623.610689,116,339.504765
384.598425,73,340.005554
363.676499,68,340.035227
336.864191,74,340.067053
610.079014,113,340.117312
515.726142,99,340.158974
307.525946,58,340.183263
547.086066,102,340.226736
525.609088,98,340.268788
460.839728,86,340.305764
566.743581,109,340.354512
408.422413,80,340.388131
413.308604,78,340.421236
587.168288,111,340.470484
540.956476,106,340.515762
446.058264,82,340.550587
327.892949,62,340.577688
464.92366,85,340.615441
382.153618,70,340.644606
533.663241,107,340.691845
711.5241,132,340.749598
527.40572,97,340.792307
472.031411,92,340.831612
446.731695,84,340.870105
471.290765,91,341.378614
420.874206,81,341.41228
433.247953,80,341.447028
483.902832,89,341.485477
433.260086,82,341.521159
408.149379,77,341.553968
352.907879,66,341.582804
471.577167,108,341.631198
349.132199,70,341.659698
445.664841,82,341.694103
523.130754,97,341.736
476.274632,96,341.777162
550.110835,99,341.819462
419.31529,83,341.857861
614.291702,119,341.909621
631.635183,118,341.960889
694.513643,128,342.016928
323.358416,61,342.04394
587.03336,109,342.091432
541.639338,112,342.139044
348.462589,72,342.168715
452.701591,86,342.207364
713.561419,131,342.889006
386.734965,80,342.924175
561.833946,104,342.970472
582.659188,108,343.020159
414.606276,78,343.055882
484.744479,89,343.096379
482.966862,102,343.142721
435.60574,79,343.176591
396.843507,72,343.206429
541.539222,105,343.252573
496.253803,103,343.297338
417.535823,83,343.332911
521.338383,101,343.376648
470.583607,90,343.416529
367.11233,82,343.450506
471.838102,87,343.487597
377.178099,71,343.518524
428.520123,78,343.552072
579.581565,107,343.599884
351.389227,66,343.629092
461.504357,101,343.67486
381.630673,73,343.706692
477.006851,88,343.744798
309.40371,62,344.238344
901.237283,182,344.319004
580.037495,109,344.367025
499.375783,92,344.407568
334.636725,62,344.434565
454.891717,85,344.471014
538.012845,97,344.51291
640.992283,122,344.567061
549.895693,110,344.613051
510.76547,94,344.654458
413.318662,77,344.688351
336.579534,62,344.714373
562.879611,110,344.763943
629.407448,119,344.81505
607.491224,113,344.864227
400.453983,74,344.8959
424.665454,82,344.931183
425.862989,81,344.964738
507.788903,97,345.006165
422.914508,80,345.040462
432.121152,82,345.075913
522.236787,110,345.573823
595.269787,110,345.623237
423.53379,78,345.657614
324.221933,60,345.683424
469.058324,89,345.723475
578.24163,114,345.773408
659.724957,123,345.826706
593.998144,111,345.875638
495.659273,91,345.915164
392.130689,73,345.945204
547.26595,102,345.989975
573.211206,105,346.035004
581.72025,108,346.083055
568.138316,120,346.136972
422.4748,79,346.171533
402.940967,74,346.205081
609.009053,115,346.255799
470.965561,96,346.3014
506.525791,103,346.34817
398.213361,76,346.383352
480.650235,97,346.425871
355.357113,70,346.455414
324.412993,62,346.963706
702.158946,136,347.024514
471.341801,89,347.063165
436.459521,82,347.097505
1150.179412,225,347.198823
543.979934,113,347.249653
405.954263,75,347.283193
570.50866,111,347.331433
494.691541,102,347.378828
363.931474,70,347.409909
453.481845,96,347.451678
605.319363,123,347.507989
573.058519,109,347.557575
706.715039,131,347.617409
478.992119,103,347.663277
347.558231,76,347.694611
474.287427,90,347.733522
530.599329,97,347.776348
565.730619,111,347.824205
402.946991,74,347.854875
494.576012,91,348.330795
405.727628,76,348.364145
452.775188,97,348.405297
497.871427,95,348.447639
567.222095,110,348.513305
386.852784,73,348.54563
530.287685,97,348.588272
394.921965,73,348.61921
578.656765,113,348.667683
542.587626,101,348.711369
526.399147,99,348.753803
359.281284,69,348.783551
417.347158,80,348.816328
388.82659,83,348.850055
341.355837,65,348.878321
448.85122,83,348.913272
469.313228,86,348.950334
430.532088,81,348.987918
735.374567,140,349.050895
556.990616,111,349.10114
560.368504,103,349.147122
465.686634,93,349.18865
450.405142,85,349.798489
423.093,79,349.832854
375.002173,70,349.862598
387.070143,80,349.898152
402.573501,74,349.930069
313.814014,61,349.954779
443.3294,84,349.992206
630.993637,118,350.044057
523.491016,97,350.085544
495.88586,101,350.131611
385.155317,83,350.168531
300.232628,56,350.192606
400.931127,75,350.225127
353.267331,69,350.254535
519.487599,98,350.297464
565.919702,105,350.343267
419.831538,79,350.377809
428.69791,81,350.414176
458.897731,85,350.450478
567.065778,110,350.49803
480.300997,97,350.540326
482.996492,93,350.579878
681.993197,124,350.635021
580.004418,106,351.123046
477.408686,87,351.160949
451.111659,92,351.201693
699.912926,128,351.258013
478.753588,90,351.297596
481.511101,91,351.335872
547.395502,111,351.384786
506.713126,94,351.426488
528.145742,110,351.475787
326.326638,61,351.502145
598.728659,110,351.550098
574.865633,104,351.596063
401.565035,77,351.629863
531.39898,100,351.674021
501.165642,93,351.715265
626.835496,126,351.770814
481.575442,94,351.811557
503.610062,98,351.855222
592.802782,118,351.90648
647.574358,117,351.957791
298.683487,56,351.982223
480.946175,90,352.468241
306.431805,59,352.49379
434.442204,81,352.529621
519.071421,104,352.575809
753.4655,155,352.645458
334.494774,64,352.672674
498.938793,106,352.720217
387.278826,71,352.751647
378.506923,79,352.785509
525.339828,115,352.837889
542.294575,101,352.882708
322.01158,61,352.908696
440.697158,81,352.943215
318.030898,60,352.969564
449.944924,91,353.008612
438.762371,86,353.045529
404.970204,83,353.081805
595.378174,125,353.13729
706.049362,128,353.194231
418.601452,79,353.229085
486.283681,90,353.268305
476.860057,100,353.31243
321.661306,60,353.339451
512.63589,95,353.903049
415.614953,77,353.937409
369.639266,70,353.96797
430.857403,87,354.00677
354.06643,67,354.035959
440.042161,82,354.071299
477.185787,90,354.11049
416.274922,90,354.148195
508.122205,92,354.188171
482.484675,96,354.229053
595.134404,131,354.28841
388.160413,73,354.31987
571.067753,109,354.366902
490.146619,92,354.408341
406.398071,75,354.440688
438.259432,81,354.475236
457.351364,93,354.515728
626.969641,124,354.569715
551.665234,101,354.61413
424.123564,78,354.647754
702.512276,132,354.7052
560.598576,104,354.751567
424.697579,80,355.28039
428.857568,80,355.315777
771.518298,164,355.391114
578.620627,106,355.439232
396.383497,74,355.471447
583.62,107,355.517518
700.325268,139,355.578588
534.262841,97,355.621391
390.807971,76,355.654424
391.937685,73,355.685648
330.745952,62,355.714054
831.691039,161,355.787055
381.3408,71,355.818184
356.669712,67,355.846303
703.951544,129,355.902529
414.795209,79,355.936184
381.679028,71,355.966405
360.51372,72,355.997507
486.80036,93,356.037217
445.574946,84,356.07363
474.94352,96,356.116503
431.028663,79,356.150943
388.417306,79,356.647037
401.962314,76,356.679244
445.307014,84,356.71666
437.64864,80,356.751262
595.602785,119,356.803307
631.163756,115,356.853534
266.593858,53,356.877409
374.421472,73,356.909411
492.33378,98,356.95562
452.386023,84,356.99375
484.850668,89,357.033278
605.077373,121,357.086661
812.700128,153,357.153949
664.251295,135,357.215178
469.96515,94,357.255773
484.06356,88,357.294827
677.381602,123,357.350104
369.935435,69,357.38191
497.79407,98,357.425332
611.051818,121,357.477915
365.389775,68,357.506962
565.808782,116,358.041358
339.935932,63,358.069514
436.760046,81,358.105099
556.180033,103,358.149934
490.654659,93,358.191895
428.313887,78,358.226159
395.534163,72,358.258458
513.574144,97,358.300611
454.524814,84,358.337058
430.325722,85,358.375228
404.25904,78,358.410002
711.096278,131,358.467736
387.992266,82,358.504205
363.740112,75,358.537225
477.069175,87,358.574864
651.137612,119,358.62742
363.639201,68,358.656662
500.771293,95,358.698936
512.397648,94,358.740339
398.163924,76,358.773258
432.99408,80,358.808179
426.01598,91,358.847483
442.069776,94,358.888726
470.919618,90,358.927133
443.109929,86,359.434725
407.317354,77,359.46793
440.602017,82,359.50413
444.001348,83,359.539466
468.54313,96,359.582013
456.846506,88,359.619249
471.229009,103,359.664691
357.228327,66,359.69279
389.129762,74,359.725588
447.917189,85,359.761906
316.282578,62,359.789761
469.695535,88,359.829156
418.694148,77,359.862486
523.396304,109,359.911394
622.129876,116,359.962948
440.601461,83,360.000009
429.503564,79,360.034386
450.380383,83,360.069902
591.146042,125,360.127296
750.918146,137,360.186943
310.941541,60,360.212993
429.060987,91,360.253542
518.171783,97,360.295731
426.738402,96,360.818827
672.05117,128,360.875116
594.503868,114,360.927268
782.478808,151,360.993983
466.132473,88,361.032416
428.514278,81,361.068236
438.673194,88,361.107383
572.499316,104,361.153398
576.290331,110,361.202631
431.867713,80,361.238634
467.628687,86,361.27616
556.375169,101,361.319908
370.948916,69,361.349419
434.387734,81,361.384595
347.63258,73,361.416004
725.571788,141,361.478288
486.518493,91,361.518147
444.816151,89,361.556186
592.16793,121,361.610187
435.227272,88,361.648947
661.423082,144,362.166873
751.038401,137,362.226545
658.01824,119,362.278955
500.654654,94,362.319983
340.333154,63,362.347054
587.07872,110,362.395726
493.729852,98,362.439331
684.476211,126,362.495473
396.241895,84,362.532682
555.877146,105,362.577606
401.714867,75,362.610804
544.721024,107,362.658087
645.337383,118,362.710563
444.970939,84,362.747498
586.315233,109,362.795485
309.155024,62,362.822802
592.21159,107,362.870244
360.629732,71,362.901591
383.058803,82,362.936869
468.48814,89,362.976441
445.46768,95,363.019046
475.37499,93,363.508274
563.658446,107,363.556592
525.03035,96,363.597725
524.179051,98,363.639991
366.326363,80,363.673303
1036.04953,195,363.760982
514.82457,98,363.80235
397.149661,76,363.836625
319.448877,62,363.863482
421.438433,82,363.899695
576.419431,118,363.951233
268.482672,51,363.973221
532.412189,107,364.019421
460.67354,92,364.058342
421.066636,78,364.093118
395.268705,74,364.125449
480.992148,91,364.166603
429.514815,91,364.205741
494.740208,90,364.244513
472.976454,90,364.284293
322.255915,60,364.310046
441.813316,84,364.346845
440.785708,83,365.039287
483.418601,92,365.080461
470.115899,86,365.11725
511.648351,94,365.157483
416.704227,88,365.193783
493.727109,96,365.236137
402.115079,83,365.273061
576.999015,118,365.325554
638.886055,121,365.379253
442.850454,81,365.415398
366.726691,68,365.445314
531.105871,103,365.493685
498.522074,90,365.532956
714.585328,136,365.594477
473.8973,94,365.636287
496.799244,94,365.678458
501.885841,95,365.722558
460.903982,97,365.767998
332.447136,68,365.798177
527.565859,99,365.842999
341.123528,76,365.876399
594.775938,109,365.924869
394.057352,80,366.4298
380.421305,70,366.462488
334.392023,67,366.491558
385.579152,75,366.523747
569.939565,119,366.577639
464.719005,99,366.622563
666.359883,127,366.677775
419.770225,79,366.713351
324.523843,61,366.740794
404.31809,80,366.774955
540.623461,98,366.817648
538.424651,99,366.861805
485.596098,87,366.898917
474.785676,90,366.937526
624.286745,115,366.98858
359.297671,75,367.022083
655.18081,125,367.079628
557.713423,105,367.125328
714.073294,145,367.191929
516.239881,99,367.236632
495.56802,101,367.281889
430.41182,83,367.316154
403.392393,80,367.821366
499.898514,99,367.866747
497.265055,93,367.90904
451.918881,82,367.945878
653.383507,129,368.00453
504.715476,94,368.045592
338.15663,72,368.077377
420.587864,78,368.111909
564.635142,122,368.164912
366.578821,75,368.198256
581.169476,119,368.250799
634.45569,118,368.303385
740.57457,144,368.36953
383.765281,71,368.400663
441.716731,81,368.436997
431.29268,87,368.476403
341.738313,67,368.50552
689.467333,125,368.559286
432.660581,92,368.598691
471.519302,99,368.642644
635.799021,119,368.695338
406.485057,77,369.172183
339.442767,65,369.200732
381.480714,75,369.233587
441.606152,86,369.270453
477.469014,86,369.313515
508.654818,93,369.354597
734.007022,137,369.415796
558.058223,104,369.462377
422.344654,88,369.501595
312.138908,60,369.527679
447.004909,92,369.567618
496.269211,91,369.607451
409.477131,80,369.642206
303.717708,58,369.668285
374.790876,71,369.69955
573.181415,108,369.746713
546.76126,102,369.792981
486.01827,88,369.832779
510.313193,101,369.87896
519.131423,97,369.922036
445.532404,81,369.957423
384.106265,70,369.988289
551.015012,102,370.034703
633.702317,123,370.545822
530.832213,100,370.590279
394.465189,72,370.622029
342.283285,64,370.649779
504.759362,102,370.69573
366.188081,71,370.727188
511.081591,94,370.769657
567.722863,117,370.822706
500.944549,95,370.865803
363.577136,73,370.897689
451.365093,84,370.934248
498.17296,99,370.979052
439.129344,81,371.014838
460.330815,96,371.057047
429.127769,87,371.09563
547.174839,100,371.141446
513.929557,95,371.183313
723.659923,140,371.243597
671.58215,124,371.298663
617.510033,113,371.350052
548.287587,100,371.394833
348.685667,70,371.425385
514.824412,95,371.89971
534.598783,97,371.94184
418.519331,79,371.976081
736.736297,135,372.040179
360.618527,71,372.071995
763.980919,145,372.138794
330.066706,63,372.167049
306.53938,59,372.193027
479.227971,99,372.236668
611.604956,112,372.287045
419.454256,89,372.32631
383.45991,71,372.357206
412.793829,81,372.393604
468.423171,86,372.431106
330.244946,62,372.45795
642.7729,120,372.511153
458.045731,87,372.551246
455.233044,87,372.589864
599.151837,112,372.640154
458.876124,84,372.677407
483.427229,99,372.720867
460.383033,87,372.760319
609.685906,126,373.262659
623.202233,125,373.317512
423.142844,78,373.352297
421.886267,78,373.386251
581.186471,105,373.433927
497.025923,93,373.473858
465.916198,89,373.512267
461.302797,91,373.554134
557.554052,108,373.601435
951.754533,177,373.680402
493.403544,102,373.724756
473.322466,91,373.764514
495.426379,94,373.804821
623.466595,121,373.859503
444.67781,86,373.898691
461.700678,85,373.936137
531.486246,96,373.978567
487.097418,89,374.018058
624.181958,118,374.071957
544.209326,101,374.117667
631.881589,114,374.641132
576.675169,113,374.691333
462.103921,85,374.72905
464.937194,91,374.76957
441.764909,86,374.806809
597.877609,125,374.862764
396.431377,79,374.898278
417.113696,81,374.950977
367.515565,70,374.983861
703.68903,137,375.047005
552.262509,109,375.096108
444.998099,83,375.132153
755.652004,139,375.193904
564.291815,118,375.246317
475.752048,90,375.285529
463.051744,85,375.323686
455.401353,92,375.364976
321.788135,64,375.393055
450.466255,84,375.430179
562.513107,104,375.477003
658.083607,122,375.531493
386.254712,72,376.216161
595.190663,119,376.270063
394.81977,74,376.303811
467.495539,95,376.345496
663.416344,120,376.40186
397.091969,84,376.438133
334.555448,63,376.466257
784.303214,148,376.535458
349.417625,71,376.565784
446.152688,83,376.603139
423.675735,78,376.639032
519.699153,96,376.683491
461.876502,87,376.722038
387.372608,82,376.75882
418.563881,83,376.794611
620.827488,118,376.849938
610.995023,116,376.902188
303.932738,61,376.930172
424.17285,90,376.969389
395.668988,84,377.007821
469.060042,86,377.044838
636.006165,116,377.096845
422.34339,78,377.715311
468.737376,94,377.758511
421.322937,81,377.794904
666.737167,123,377.850763
880.287139,167,377.925339
398.831881,80,377.959985
471.067072,87,377.997642
531.052019,99,378.043656
403.35825,75,378.078698
425.873476,77,378.112226
569.733294,122,378.165893
657.539696,119,378.220145
713.144466,134,378.278656
478.550402,89,378.317414
523.303548,106,378.364991
510.581096,99,378.407969
358.326488,67,378.437771
535.22794,100,378.481617
458.312113,88,378.523533
422.667466,81,378.558655
490.865811,107,378.605914
515.368197,97,379.100674
504.442776,104,379.147455
365.828681,67,379.177058
602.942741,108,379.225005
513.681797,99,379.269061
426.792004,79,379.302431
457.572204,84,379.339345
454.230975,95,379.38188
466.018245,98,379.424269
700.382026,138,379.485884
538.973993,98,379.529442
354.780521,65,379.558146
416.636442,77,379.592125
410.065161,75,379.624808
477.752011,88,379.663927
412.186617,76,379.697767
461.91477,89,379.735856
518.351114,99,379.779646
460.393211,84,379.816895
490.879499,92,379.859226
462.463292,97,379.902323
651.976609,121,379.955513
453.190332,84,380.4328
436.596724,80,380.468155
599.266852,114,380.519794
449.487077,87,380.558841
479.315745,102,380.603047
419.356225,90,380.644269
492.867336,97,380.68785
661.801521,126,380.743451
416.306132,85,380.780669
793.893045,142,380.841693
458.937756,85,380.879205
680.284088,134,380.93888
699.42421,128,380.993717
411.87998,85,381.029995
520.976637,104,381.077242
785.342874,150,381.145671
359.259567,65,381.175077
512.10939,110,381.223441
659.448043,121,381.277462
387.661369,73,381.3083
609.411854,114,381.826242
457.868934,90,381.866204
438.598528,86,381.905584
361.781914,73,381.938856
464.326844,94,381.981935
456.258897,86,382.021212
659.600571,123,382.076279
527.466324,98,382.119812
538.274713,99,382.16358
471.363499,96,382.206643
329.799923,61,382.23282
432.294327,79,382.267281
315.344571,63,382.294525
542.751945,108,382.343049
367.315717,80,382.379387
390.090467,80,382.416404
458.810354,84,382.454056
409.710383,77,382.488364
427.922417,81,382.52495
516.985293,95,382.567143
480.569497,88,382.606434
604.162645,121,382.660329
322.773819,60,382.686129
777.377281,143,383.227634
714.308832,133,383.289845
499.101664,96,383.334981
566.462601,111,383.384767
475.733043,88,383.423799
732.862982,135,383.482395
482.014809,90,383.520899
504.530638,106,383.568496
526.361123,102,383.613584
967.713441,188,383.699478
406.788856,75,383.733104
789.990272,170,383.808475
774.337544,145,383.874965
303.231453,58,383.900534
794.043644,169,383.978895
371.110973,77,384.013026
582.236558,106,384.059843
399.448576,76,384.093622
592.525623,113,384.586956
609.425349,118,384.63845
415.717397,76,384.670551
357.708981,66,384.699765
439.101451,91,384.740432
520.017458,103,384.786287
511.077994,96,384.827981
508.37847,93,384.868591
538.255558,100,384.913012
497.711882,91,384.954944
637.147202,114,385.005603
415.573329,88,385.044231
560.009478,101,385.088463
446.441132,83,385.124804
402.81575,83,385.160203
326.682827,61,385.187241
620.321067,119,385.239033
401.783146,74,385.271243
463.226659,86,385.309849
480.201783,87,385.348712
522.647879,97,385.393099
466.859247,85,385.43002
415.543108,77,386.053334
406.89847,81,386.09099
407.329766,75,386.131427
450.875939,83,386.170839
770.759111,142,386.237463
460.09342,85,386.274516
372.079696,72,386.306093
613.316906,124,386.364668
353.445554,66,386.394158
394.944667,73,386.427593
354.516707,74,386.460648
466.902266,91,386.500403
463.393011,85,386.537766
430.333246,83,386.575286
472.451485,100,386.618701
378.891919,72,386.651841
665.493445,124,386.707845
640.537172,115,386.75863
399.689737,75,386.790295
446.059032,82,386.82559
589.560855,119,386.879509
524.548281,113,386.929504
679.454053,126,387.466323
669.884481,122,387.52111
319.145717,64,387.549939
479.702272,87,387.587653
475.922113,89,387.627159
399.814708,78,387.66225
529.680822,110,387.72701
336.579317,65,387.754576
541.405503,109,387.802488
1049.525022,194,387.889856
427.651109,79,387.92462
459.723235,84,387.961617
686.29378,139,388.022959
492.746304,99,388.065917
566.193709,102,388.108128
415.289302,78,388.142425
488.159689,92,388.182684
477.014864,92,388.223475
443.695383,85,388.262195
855.529033,171,388.339137
414.597741,76,388.883347
373.448935,79,388.917952
622.6383,117,388.969619
510.368688,100,389.015038
513.247851,94,389.058542
770.228297,144,389.125106
424.698991,88,389.163845
528.402704,97,389.207156
735.521202,134,389.267322
499.848406,91,389.30712
688.327258,135,389.367002
636.38933,116,389.418939
445.802044,84,389.456236
754.067517,147,389.521564
460.487693,85,389.559715
614.020903,121,389.613303
537.506763,118,389.666233
428.26361,88,389.705024
595.29412,108,389.751841
487.121272,92,390.274177
392.699815,79,390.312351
707.039146,135,390.37622
692.62904,136,390.450157
400.545307,76,390.482855
472.237053,88,390.522629
449.438535,90,390.563344
371.960832,77,390.596459
378.587065,72,390.627747
700.810566,131,390.684542
391.125726,73,390.716539
499.423961,99,390.758832
480.818647,87,390.796248
545.611518,106,390.843247
453.42545,83,390.879878
264.736382,50,390.902357
693.127014,129,390.959699
695.409134,127,391.016787
355.405503,66,391.045449
481.411021,94,391.085931
828.30254,162,391.160501
854.061068,158,391.943831
465.905874,87,391.982863
580.245421,107,392.031297
947.332504,170,392.106337
404.232234,75,392.139374
755.099682,141,392.20094
380.834408,79,392.235531
539.655505,108,392.28463
387.718093,73,392.315866
415.484425,79,392.351046
527.771154,109,392.397824
459.928376,96,392.439041
417.241905,84,392.474396
310.837523,70,392.503821
440.947134,91,392.543619
378.886493,74,392.574998
533.688174,105,392.621342
492.79212,97,392.66565
461.245267,85,392.703263
524.88596,96,392.745453
344.969599,70,392.776558
505.825333,95,393.405523
592.495307,117,393.460409
470.870008,87,393.499875
531.500844,101,393.546632
420.972377,81,393.582872
486.897586,98,393.629345
472.874676,89,393.670231
410.479181,76,393.703809
582.364399,107,393.752329
548.299157,104,393.798511
433.684601,80,393.833217
415.883698,80,393.870309
674.142853,126,393.926598
353.047426,75,393.960778
407.054127,83,393.995803
649.145501,130,394.053602
568.224368,122,394.11051
357.514747,67,394.141031
506.86916,94,394.183651
591.762334,108,394.231784
433.996499,86,394.269759
568.471284,104,394.801014
401.016352,82,394.840755
463.665259,86,394.881188
367.509633,67,394.912623
523.198699,101,394.959939
392.5662,78,394.99644
337.174697,64,395.025989
487.993608,89,395.066273
843.912222,160,395.138904
481.663544,93,395.179616
459.48381,86,395.217773
287.102468,55,395.242652
551.604513,112,395.291918
702.461129,137,395.352429
507.967681,93,395.39242
456.995076,83,395.429439
672.117566,141,395.494081
523.832027,97,395.538258
498.128969,97,395.581274
516.548196,105,395.628597
843.388493,160,395.699795
458.350576,96,396.24851
436.154986,89,396.289418
374.823018,72,396.321115
314.587342,64,396.35099
582.023735,114,396.406615
408.676261,84,396.447161
508.913573,97,396.494508
216.422495,44,396.513143
434.074048,81,396.550047
730.781547,139,396.61419
554.597548,114,396.664636
426.661566,80,396.700393
641.049113,116,396.75156
322.802875,60,396.780175
545.364374,109,396.829022
362.880206,67,396.859664
470.304963,89,396.900581
810.03678,152,396.96951
473.65424,89,397.007185
513.699502,96,397.050099
495.587532,94,397.090111
535.76007,100,397.133504
370.535934,78,397.652447
462.879318,83,397.689308
556.570223,108,397.738836
271.114103,51,397.762364
356.079001,72,397.794744
580.438684,112,397.846345
385.443823,73,397.878083
402.205589,74,397.911051
360.343386,67,397.940876
474.968231,91,397.981622
310.179962,60,398.009404
266.467226,56,398.034395
515.039975,102,398.082648
460.113507,91,398.124394
379.383675,72,398.157312
518.158682,95,398.198998
397.051914,73,398.232109
296.338686,57,398.256754
438.126483,88,398.29549
725.303199,134,398.354084
540.511523,97,398.396573
382.08015,82,398.431823
505.566456,93,398.472746
472.286774,97,398.515343
455.946487,94,398.556707
656.255496,124,399.137322
601.010931,114,399.192259
546.481327,105,399.243663
236.043713,49,399.264398
435.069363,81,399.301338
788.454079,161,399.375987
379.826475,71,399.408193
347.196305,65,399.43644
458.564757,96,399.480294
485.581007,95,399.522065
417.30918,78,399.556783
384.872748,70,399.587607
293.855325,55,399.613219
402.828796,73,399.645006
666.947548,131,399.702486
268.452089,51,399.725161
478.856844,91,399.765004
654.7941,118,399.816
340.245778,77,399.846992
488.358269,97,399.889903
430.188478,89,399.92932
416.765987,78,399.963251
484.577152,91,400.481147
443.309254,92,400.524522
445.163284,82,400.575337
1232.328877,240,400.684662
527.30484,101,400.729488
438.099934,82,400.766755
528.996011,97,400.808772
458.893583,84,400.847896
436.347238,81,400.88388
429.124966,78,400.918441
413.986476,83,400.953981
461.093392,86,400.992356
514.284237,94,401.033063
540.706479,100,401.07659
545.387359,111,401.125393
576.998001,113,401.174528
621.881121,130,401.231267
460.390338,84,401.266624
427.640555,81,401.30249
467.41579,94,401.345229
567.119812,109,401.394738
424.564716,79,402.03129
427.599819,80,402.080442
496.433316,91,402.12158
471.731846,85,402.159851
459.946092,96,402.20386
559.063301,103,402.25053
560.910474,102,402.295973
505.290915,93,402.337194
402.733678,85,402.375571
458.328468,93,402.417142
508.176866,96,402.458941
624.452098,116,402.509758
520.909632,95,402.55218
522.899443,98,402.597086
579.643411,120,402.651275
567.472465,103,402.69729
286.311331,60,402.72291
511.622704,100,402.767142
460.788589,90,402.806561
411.643482,75,402.839507
665.172507,127,402.895908
534.525074,98,403.558615
442.026121,87,403.598553
364.140067,73,403.630156
552.140386,104,403.675574
530.401398,110,403.722222
670.673923,134,403.781165
473.876756,96,403.823947
541.70272,106,403.870725
480.174206,96,403.913576
687.985512,129,403.970601
405.788557,75,404.003429
396.211595,73,404.037066
380.925143,70,404.067454
789.130897,147,404.133072
401.129207,81,404.169765
477.070921,101,404.214802
590.363259,111,404.26483
623.594971,114,404.315684
420.92235,87,404.354161
502.326877,93,404.394689
385.219656,78,404.429093
437.792393,87,404.958411
528.681941,99,405.004524
393.632424,73,405.038254
490.088852,96,405.080041
365.664469,79,405.115681
500.006779,93,405.158146
402.832305,76,405.191863
509.106007,109,405.23899
711.745518,139,405.300854
548.305104,106,405.348252
476.559643,89,405.386608
442.794284,82,405.42239
541.378078,100,405.467201
336.494156,64,405.496063
427.993827,81,405.530219
541.002783,114,405.581475
445.890871,93,405.621341
524.716903,96,405.665975
389.729085,72,405.698304
558.721444,109,405.748499
391.824571,73,405.78127
610.188927,119,405.833795
499.990868,106,406.384061
638.867709,124,406.438976
583.82517,111,406.489839
743.847662,142,406.55243
428.678547,87,406.591715
451.268375,85,406.629977
515.800028,103,406.676939
442.317983,82,406.713385
706.34014,146,406.778709
587.376027,111,406.828297
458.232274,85,406.86586
792.97858,151,406.93279
300.835204,56,406.957557
450.449279,83,406.994935
496.728511,94,407.034872
436.140755,85,407.071774
613.480658,120,407.125327
606.433387,112,407.174611
516.780548,100,407.217844
459.301726,91,407.257287
473.933647,94,407.787808
541.683714,103,407.850985
555.791787,104,407.900449
574.831029,111,407.950416
716.91845,137,408.011649
476.240334,92,408.053085
418.283372,77,408.086857
439.021031,82,408.123544
557.19447,107,408.169948
392.603014,73,408.201958
490.551855,94,408.24416
283.87956,54,408.268879
486.272391,98,408.311059
487.923376,90,408.353012
520.333465,109,408.401505
434.334289,85,408.43691
472.152982,89,408.477195
563.645209,118,408.528637
587.942109,107,408.574834
670.14282,124,408.629912
467.963552,85,408.667034
490.834056,97,409.369194
374.094409,74,409.400415
472.20187,88,409.43883
514.682564,108,409.490142
394.280399,77,409.527043
297.480515,58,409.553146
636.141703,120,409.606863
553.958014,114,409.660108
333.444558,72,409.692549
467.095498,86,409.730838
468.294822,90,409.771339
544.758859,107,409.819987
404.438998,83,409.856733
495.042084,106,409.904817
625.30909,122,409.958202
458.00737,92,409.998716
569.623885,108,410.046689
548.8099,101,410.091292
550.466372,107,410.137384
528.318949,101,410.181243
353.93997,69,410.21292
414.388333,91,410.251132
327.930577,62,410.721056
426.868981,81,410.754746
275.661328,58,410.778419
530.865783,98,410.821824
452.774775,92,410.862983
561.073439,110,410.911179
439.105465,81,410.948083
557.032188,104,410.994845
648.250911,119,411.047454
440.269079,82,411.082697
623.35948,118,411.135319
514.730123,93,411.175347
541.418146,101,411.22048
502.47381,102,411.264682
502.477274,94,411.305837
478.014203,90,411.345021
515.274832,97,411.387727
379.572058,72,411.419362
391.852788,74,411.452192
743.029612,141,411.516238
594.154241,117,411.567813
399.261291,77,411.601808
722.261733,135,412.121407
448.694976,93,412.161946
451.216413,83,412.197276
487.964203,90,412.236521
441.526526,82,412.272796
510.531871,105,412.319283
291.766329,56,412.345406
388.958404,79,412.381272
423.124846,81,412.416827
717.550551,131,412.475297
469.241443,92,412.515765
449.797437,84,412.553024
472.585573,101,412.597398
594.323545,110,412.645058
514.552037,105,412.692279
465.442887,85,412.729136
665.387282,138,412.790565
407.8839,77,412.82318
388.043519,72,412.855165
571.711845,108,412.903616
525.68902,98,412.945909
638.459522,117,413.450612
656.088619,126,413.507708
399.254429,76,413.540115
711.063742,135,413.600121
517.984131,101,413.64474
520.263008,101,413.689496
442.034809,81,413.726163
469.87915,91,413.766422
501.322857,97,413.809739
430.887973,80,413.847119
474.203742,90,413.88844
497.179162,91,413.928512
532.693755,106,413.975911
538.198383,101,414.020807
430.546274,79,414.056113
397.719256,73,414.088591
511.660547,95,414.129747
427.996239,89,414.168303
573.181977,118,414.222578
349.649357,65,414.251248
561.501917,105,414.297977
543.813488,108,414.961943
520.438502,99,415.007761
505.994341,95,415.050494
406.131303,77,415.08572
560.018307,111,415.137066
347.873039,66,415.165368
707.128651,132,415.225063
659.921965,127,415.280042
535.51398,106,415.326129
430.381158,81,415.362714
423.876326,88,415.40189
516.006055,95,415.44423
407.165713,78,415.479048
337.16605,65,415.507793
712.606585,134,415.579133
443.823799,88,415.61829
623.102103,121,415.67288
625.163338,120,415.725322
375.519318,70,415.755718
397.36381,78,415.789692
642.564251,120,415.843316
448.854856,84,416.609595
506.374875,95,416.655502
658.268357,121,416.712954
357.028893,67,416.742403
563.571115,110,416.793057
561.31933,114,416.843996
498.157481,98,416.888447
528.562948,97,416.93161
290.869453,56,416.957489
523.631622,105,417.004397
335.654017,67,417.034158
371.670701,71,417.065845
424.398252,79,417.100049
651.16861,119,417.152533
432.608198,87,417.19153
567.214921,102,417.235249
493.564313,101,417.279953
330.108726,65,417.309188
421.086831,78,417.343261
389.912565,78,417.378164
365.506009,77,417.411543
625.797123,122,417.465213
439.030498,87,417.501088
798.938833,144,418.059592
486.729179,102,418.108712
336.457029,71,418.140521
496.647391,99,418.185155
412.904089,78,418.219523
471.055994,89,418.25963
536.279997,101,418.304916
427.712764,79,418.33971
406.488078,75,418.372889
765.793823,143,418.437406
507.442071,97,418.480361
591.521724,115,418.530719
421.515683,79,418.566123
920.646926,168,418.642682
523.046143,97,418.68544
517.519117,108,418.734137
524.8117,100,418.777691
497.183514,96,418.819907
376.981112,77,418.852519
406.980017,82,418.888152
362.291369,72,418.919487
508.356178,96,419.444786
641.47134,121,419.498707
398.049807,79,419.534652
488.531282,89,419.574023
799.925804,161,419.64612
470.29774,88,419.683948
512.013507,105,419.729029
362.099501,75,419.761089
490.265207,91,419.801073
408.161473,84,419.837015
439.465236,86,419.874472
628.005728,120,419.929488
556.74863,106,419.976063
360.671366,67,420.004793
370.311596,70,420.035233
533.399352,98,420.0778
562.246797,103,420.122886
402.218022,82,420.158352
544.312878,108,420.20479
473.87118,96,420.248528
503.983967,104,420.297156
482.208577,88,420.780951
504.125542,102,420.826545
574.52067,108,420.875061
547.594087,116,420.928904
377.462852,69,420.95896
606.202963,112,421.008227
672.667833,128,421.064076
556.629552,109,421.111463
519.11625,95,421.153583
355.624135,66,421.184079
490.174266,93,421.225581
425.521298,85,421.264861
486.219178,95,421.306908
455.007943,85,421.344398
807.45857,147,421.408756
524.477841,100,421.454037
531.374891,99,421.49815
486.548068,93,421.538604
479.102042,93,421.582106
532.663038,104,421.631218
330.242842,63,421.658412
645.546577,125,422.299665
368.143493,69,422.335145
658.172836,129,422.401054
416.061433,76,422.434884
544.476066,99,422.478486
372.065636,78,422.511776
568.918791,106,422.558563
454.940467,83,422.596336
510.053887,92,422.636791
366.698789,67,422.665931
489.273455,101,422.709921
405.913593,75,422.743541
476.854301,90,422.783585
421.498264,78,422.817266
560.735682,105,422.864651
314.775536,60,422.891628
550.774149,105,422.939365
564.301069,104,422.984523
534.902133,97,423.03016
413.395449,78,423.06793
458.262478,87,423.107633
541.690965,99,423.153483
681.046826,132,423.671955
411.027654,75,423.704061
512.996356,101,423.747689
388.195251,71,423.777825
479.126653,89,423.81632
426.589799,85,423.852596
428.53281,84,423.89098
638.577982,117,423.943097
397.58432,75,423.975543
678.753794,145,424.04098
306.956801,63,424.069184
361.075704,69,424.098547
510.75741,94,424.140115
519.42692,97,424.181983
566.634485,104,424.227686
304.033176,57,424.253266
529.606057,105,424.300414
445.20648,91,424.339988
400.136989,77,424.372082
642.494921,125,424.4264
398.410284,73,424.458123
385.607499,73,424.489849
408.470895,75,424.522776
642.208703,124,425.021755
368.484801,69,425.051244
737.960837,137,425.111402
500.181147,92,425.151784
508.188091,94,425.19331
357.556473,66,425.22197
513.9926,103,425.266662
300.382761,59,425.292684
414.520328,82,425.329518
454.416,90,425.368953
458.164942,83,425.405294
511.911624,106,425.452097
482.024263,93,425.491395
736.169225,141,425.553336
481.575303,93,425.593416
570.824329,110,425.641459
583.042707,109,425.689669
624.685781,118,425.742185
806.58397,153,425.811251
456.169569,83,425.846865
768.523328,154,426.345881
522.568378,98,426.387892
454.193785,89,426.426226
368.015057,67,426.454944
573.822376,119,426.507729
472.43742,92,426.550774
452.572441,91,426.590173
697.699339,136,426.649653
302.483876,64,426.676637
476.376929,92,426.717913
408.905593,76,426.751574
473.422953,89,426.790532
521.258312,97,426.832113
569.392817,107,426.878888
325.926147,62,426.906885
371.767444,83,426.942467
385.081497,80,426.977882
650.563407,119,427.02963
671.680704,125,427.08419
469.409789,95,427.126387
484.374433,101,427.170585
363.695304,79,427.204504
463.451417,87,427.687229
690.761452,145,427.75081
498.020472,99,427.794534
532.977968,98,427.837434
701.830834,129,427.893948
480.150715,97,427.937673
497.794751,98,427.980915
528.658476,95,428.02243
314.381898,59,428.04792
497.159384,100,428.091716
695.344934,136,428.1519
518.204111,100,428.195982
651.421984,125,428.250921
665.026347,124,428.304716
605.396652,117,428.355145
403.722236,75,428.387906
365.443124,68,428.417592
493.967026,98,428.459871
481.930775,90,428.499812
282.280128,53,428.523862
491.987596,94,428.999612
397.33632,79,429.036128
406.695418,83,429.072431
666.495451,131,429.132412
512.319219,93,429.173806
953.910637,203,429.265528
428.380665,78,429.299348
308.864742,62,429.327694
561.00227,103,429.372021
578.802728,108,429.418022
362.835017,70,429.448964
545.864851,109,429.496564
375.816416,76,429.530415
608.767584,112,429.58097
401.027571,78,429.616269
593.015199,120,429.672152
425.962717,79,429.70724
347.6045,73,429.739255
340.589741,65,429.767346
551.424173,103,429.813494
454.43569,95,429.854913
521.71705,103,429.901922
545.586342,106,430.404457
539.223493,99,430.448342
713.52249,133,430.506668
429.707418,91,430.547336
660.98933,130,430.605683
495.866726,98,430.648677
369.632566,75,430.681735
338.117903,71,430.713948
559.993921,103,430.759521
554.738743,110,430.807314
650.95562,124,430.860929
398.702296,74,430.893518
595.232024,108,430.940038
473.014342,86,430.975847
611.011203,112,431.027161
355.114101,67,431.055127
391.479173,74,431.088378
418.648174,85,431.125205
574.46825,104,431.170583
410.180427,76,431.205606
508.743577,108,431.252209
594.116601,108,431.748639
379.257514,80,431.782488
593.736999,109,431.829574
312.744301,59,431.855855
435.773792,82,431.892423
587.921404,114,431.942024
535.800235,104,431.988062
507.561239,95,432.029441
442.855705,83,432.065387
605.855423,113,432.114937
491.904798,91,432.155384
387.921107,74,432.187469
426.714145,84,432.22475
622.287694,113,432.274046
358.40241,72,432.306582
638.241599,119,432.359133
684.326963,141,432.419049
461.372796,90,432.458062
414.145336,83,432.493826
935.303859,175,432.572385
444.544867,82,432.607212
472.728626,86,433.088903
542.559839,99,433.13165
502.892321,92,433.172565
394.136206,80,433.208098
575.818265,109,433.257146
433.318375,92,433.295666
615.369439,116,433.348793
462.33354,93,433.391731
469.015511,87,433.429955
598.162662,109,433.479112
407.015717,78,433.513067
582.743667,118,433.56451
590.392096,110,433.612787
519.150446,98,433.655962
511.582669,100,433.700655
556.077008,105,433.747174
406.633057,82,433.783792
476.688354,89,433.823271
495.646875,101,433.868361
530.220266,96,433.910073
465.181576,92,433.950971
448.063814,83,434.42389
435.894412,85,434.460132
331.736192,65,434.489713
424.116087,79,434.524913
510.44779,92,434.56372
615.630265,118,434.615883
363.602519,73,434.649382
529.634105,102,434.694082
523.58955,108,434.743868
421.448717,82,434.781092
678.314027,139,434.844161
433.917388,80,434.87873
510.428122,94,434.921172
567.023165,105,434.967554
471.006123,93,435.008287
588.678993,118,435.064003
432.632145,80,435.098773
494.429704,93,435.140101
457.818731,89,435.178977
411.000585,82,435.214252
364.342463,69,435.243715
507.415253,91,435.283655
415.627651,87,435.754295
491.598867,92,435.793533
421.769645,82,435.8299
424.233462,78,435.864661
787.63789,149,435.930499
544.956288,109,435.979208
492.084021,89,436.018743
571.739972,113,436.06987
438.664222,80,436.104361
403.382409,76,436.137166
381.459608,77,436.172035
404.813362,78,436.206755
503.279001,96,436.248906
677.158474,133,436.307779
520.173852,104,436.353489
412.636111,89,436.392957
528.65701,98,436.436128
485.412322,88,436.473853
620.882162,129,436.531515
412.46392,79,436.565251
526.926565,96,436.606483
400.522863,73,436.638479
511.441844,102,437.12098
547.477597,101,437.166471
522.63725,98,437.209729
427.996253,82,437.246041
627.531604,121,437.29955
448.737924,89,437.337039
388.543031,73,437.369741
539.994255,105,437.415895
380.21124,71,437.446757
443.122371,88,437.487005
337.143883,77,437.520413
504.266475,94,437.559911
393.100523,75,437.592117
671.867954,130,437.649978
374.619051,81,437.685372
417.313368,77,437.718882
433.389681,84,437.75383
455.14228,83,437.789578
574.229719,104,437.835049
602.39046,118,437.8865
421.853544,77,437.919457
292.973175,60,437.946527
815.476454,158,438.466504
629.013179,117,438.518582
434.347137,81,438.554014
442.063771,88,438.59143
577.907049,108,438.639015
731.435277,141,438.70208
669.07644,132,438.76195
712.99693,134,438.820066
337.840061,64,438.848107
294.980548,56,438.873712
419.65079,77,438.908092
639.71534,127,438.9648
386.737566,75,438.997309
376.850043,70,439.028368
598.004897,123,439.082181
623.648645,115,439.133597
477.040793,96,439.175879
521.504676,105,439.221829
479.665369,90,439.262335
494.977594,100,439.307147
531.231379,101,439.78523
378.39152,79,439.819397
808.745398,155,439.88815
321.542149,62,439.915277
291.970236,56,439.939982
595.030846,108,439.98807
409.806718,77,440.022499
569.68342,105,440.068699
373.918416,77,440.100933
427.125433,79,440.135485
397.601929,82,440.172374
390.922018,85,440.209532
538.310998,111,440.257287
597.215963,115,440.307144
371.334089,71,440.336587
392.451613,74,440.370592
610.817293,119,440.421952
573.939183,108,440.470937
528.732118,98,440.5136
505.528474,98,440.556229
473.038638,111,440.605658
405.106171,76,440.640289
479.452139,97,441.127153
667.044282,124,441.180542
609.497601,114,441.231065
541.382417,109,441.281919
364.157579,68,441.311408
571.243191,113,441.359088
442.941915,88,441.396894
409.329314,85,441.434552
409.292144,75,441.467006
836.752695,179,441.554656
434.53902,80,441.589243
401.421887,79,441.625225
421.911007,82,441.66222
518.898376,98,441.705367
528.659355,96,441.747245
541.978246,104,441.792604
389.25481,74,441.823666
364.646313,68,441.853162
679.259891,125,441.908491
405.510382,74,441.940705
421.792806,86,441.977865
365.874966,70,442.00834
460.699162,87,442.491228
513.208236,94,442.531105
306.295566,67,442.559548
772.153175,155,442.627053
461.18705,91,442.666244
442.833994,87,442.703714
642.718999,119,442.756674
337.75708,65,442.785036
477.167559,89,442.823324
724.837933,132,442.88088
663.746913,124,442.936749
709.900604,129,442.993851
398.853585,81,443.029325
324.404566,63,443.056666
536.885452,99,443.099627
654.500117,121,443.152197
584.614107,116,443.202166
492.857259,104,443.249434
394.867366,76,443.283736
826.184852,151,443.347996
509.95483,95,443.826946
764.504453,141,443.888018
484.76229,88,443.927637
407.801929,82,443.96426
635.290175,128,444.02334
473.551208,92,444.062655
503.908935,100,444.107573
495.195854,92,444.147356
460.063899,88,444.185342
395.719715,73,444.217062
479.051834,96,444.258051
333.580366,73,444.289969
584.926023,110,444.339175
509.162642,94,444.380569
567.488823,113,444.430428
672.07728,125,444.48571
486.867712,104,444.532516
529.689675,106,444.578327
416.324193,79,444.612607
519.638857,102,444.657571
456.981619,88,445.144126
476.326399,91,445.183317
518.900216,99,445.22758
544.586259,105,445.274711
662.500804,120,445.327842
510.788659,102,445.372135
596.452247,113,445.422541
434.03294,81,445.458218
533.027089,111,445.507598
469.234239,98,445.550088
432.825671,89,445.588909
569.565325,116,445.640549
424.700134,78,445.673626
534.492212,104,445.719237
530.049142,106,445.767577
499.318537,99,445.810356
517.093977,112,445.859938
559.326044,101,445.905022
426.361973,81,445.942197
514.323124,103,445.987262
340.654684,74,446.022563
442.917543,82,446.526014
577.939583,106,446.574091
1045.174761,190,446.657129
464.78483,87,446.696696
454.818738,84,446.732956
412.824066,77,446.764755
717.866635,147,446.828504
379.585034,71,446.859506
539.899919,105,446.904367
468.886146,99,446.947813
467.556543,86,446.986421
405.681247,81,447.025097
675.058888,123,447.079993
589.898391,113,447.130004
754.667398,146,447.19521
330.455169,70,447.224645
449.258483,88,447.261762
1076.642689,210,447.352948
516.407599,96,447.393301
683.697031,125,447.882569
639.397029,124,447.937032
392.879069,78,447.972357
543.031768,108,448.018921
592.353411,113,448.069522
423.923515,88,448.106476
600.898821,119,448.157154
783.088911,144,448.221824
773.847513,151,448.288256
462.726058,95,448.332484
473.714725,89,448.388291
431.375674,81,448.424421
451.491524,83,448.460113
364.554097,69,448.489827
584.901984,110,448.539294
579.339231,110,448.588442
383.928842,78,448.622446
626.112686,117,448.672239
696.668738,135,448.732821
382.434347,80,448.768659
627.003334,125,449.406497
450.038895,83,449.442886
591.875459,113,449.49407
395.290083,83,449.53054
527.286812,102,449.577166
457.076763,83,449.62557
397.206037,76,449.661204
475.867975,86,449.699978
475.679978,94,449.742606
393.292526,78,449.777117
572.747709,105,449.822865
433.893346,86,449.859449
393.653515,73,449.890583
462.429396,89,449.930413
479.916609,90,449.970066
582.504014,107,450.01808
458.917227,84,450.055068
593.308848,111,450.104256
675.453921,126,450.159192
411.08065,77,450.19351
544.929427,113,450.243139
659.009665,122,450.894535
559.810588,115,450.94578
733.569895,143,451.009145
472.137756,89,451.04711
464.225834,93,451.086714
580.85975,107,451.133025
346.698744,80,451.166459
583.172605,108,451.21559
302.944083,56,451.240678
428.414098,88,451.279938
476.469451,91,451.323439
519.429968,104,451.369395
694.608332,131,451.427537
491.686818,91,451.466808
609.64524,114,451.516375
339.656251,64,451.545308
491.224527,94,451.586092
285.802093,58,451.612044
497.411827,92,451.651939
411.111588,76,451.68563
731.984819,136,451.745385
634.836134,130,452.283343
440.722498,86,452.337553
682.379385,146,452.401389
597.22617,115,452.454804
419.163713,76,452.488285
514.21893,95,452.529483
462.915572,88,452.567049
666.133439,134,452.627702
784.726677,145,452.691564
502.587897,101,452.735443
845.047535,164,452.809127
558.97996,111,452.858204
541.045201,101,452.902863
608.00623,117,452.954507
370.42668,70,452.98694
685.282454,138,453.05165
891.07375,162,453.125097
605.655985,115,453.177846
483.290109,95,453.809098
559.447901,104,453.854794
487.82534,99,453.897896
506.961108,95,453.940704
701.711785,128,453.995239
494.850566,92,454.035688
434.907506,83,454.072319
454.002522,84,454.108029
408.890259,81,454.143628
714.37219,138,454.20437
692.916507,132,454.263426
396.515644,75,454.296479
634.891317,124,454.350382
360.030068,69,454.381757
468.034099,103,454.427784
384.72518,76,454.461937
388.440279,79,454.496792
571.077754,106,454.544902
436.392364,85,454.581462
494.493771,92,454.622549
430.673033,91,454.662743
499.4359,92,455.170998
643.147748,121,455.226006
491.815624,94,455.267877
454.687479,88,455.305915
840.984086,158,455.376103
385.11999,71,455.406555
523.762165,99,455.449626
458.721035,89,455.488432
699.405837,131,455.546071
659.550276,127,455.602515
553.978238,101,455.647985
484.818669,90,455.690006
502.910923,96,455.732295
486.854534,91,455.772387
556.380191,104,455.818604
400.257106,77,455.852304
453.141419,99,455.896033
380.225411,71,455.927916
428.215906,81,455.963054
589.132767,109,456.011412
434.69684,85,456.047719
496.866959,98,456.580654
523.866168,99,456.623068
462.649901,88,456.661969
438.226397,83,456.699553
505.557558,98,456.744213
543.552098,103,456.789105
752.598682,139,456.852516
440.382772,82,456.888611
532.600896,105,456.936188
492.106094,101,456.979154
523.577572,100,457.022483
878.378282,163,457.092673
414.071187,82,457.128353
556.882699,106,457.174311
530.078154,99,457.218632
509.311282,96,457.260391
333.628872,65,457.289357
434.956531,90,457.327451
407.65371,80,457.363304
410.932674,81,457.398014
408.660104,74,457.430357
557.280389,103,457.910968
543.552084,101,457.955487
431.1248,87,457.993319
489.735915,93,458.033365
451.290161,89,458.072757
551.995321,112,458.12172
545.887671,107,458.169932
497.053353,94,458.210559
715.870228,140,458.271808
483.090733,90,458.311524
952.184652,170,458.38686
407.335075,77,458.421524
800.275401,147,458.487181
445.731928,87,458.525585
609.705608,132,458.589466
375.879338,76,458.621532
639.140935,121,458.675463
418.424721,90,458.712851
460.704779,86,458.752529
532.626563,98,459.443609
381.470205,80,459.478372
579.962279,118,459.530307
335.364692,74,459.562523
396.7734,82,459.598115
573.495607,111,459.647379
392.030692,75,459.681854
482.736885,92,459.723928
734.44274,140,459.787011
603.550074,111,459.836269
620.515535,120,459.889749
511.9225,101,459.933228
558.038374,104,459.978906
411.195178,79,460.014321
402.954476,89,460.052626
365.321615,72,460.082485
435.213796,82,460.117332
511.161385,95,460.159981
407.524748,75,460.192911
505.740777,105,460.238401
598.201759,122,460.293053
745.524992,139,460.833023
964.598523,184,460.918904
454.493283,86,460.957206
585.253003,124,461.032068
409.787362,85,461.069405
513.856466,100,461.113373
609.115068,114,461.163475
453.107561,89,461.202497
493.81705,93,461.246106
301.845662,70,461.277632
418.374986,79,461.31338
474.147702,87,461.352136
552.449221,105,461.401149
519.846871,98,461.444408
633.276715,121,461.498176
463.276831,84,461.535328
352.26762,73,461.567022
584.49604,106,461.613896
449.650009,92,461.654203
551.118496,111,461.702362
441.53347,83,461.739302
354.840669,72,462.304001
554.718662,103,462.350383
725.491663,135,462.412295
498.53733,93,462.451601
465.391173,91,462.491444
548.384305,102,462.538343
359.64714,66,462.567824
447.630777,82,462.603592
461.932476,95,462.646426
379.78489,73,462.679835
315.283035,60,462.706911
699.306659,130,462.765123
349.59026,69,462.796865
562.140423,105,462.844174
387.79957,71,462.875877
362.557369,67,462.904569
491.221475,90,462.944839
521.291343,105,462.992257
439.05902,82,463.029028
446.995086,83,463.065123
475.188655,90,463.105369
440.496349,81,463.141656
636.912329,117,463.192179
537.993061,109,463.754247
417.664243,78,463.805392
406.069091,75,463.839735
563.912584,101,463.888796
385.562564,72,463.920736
452.174247,83,463.956676
452.230003,92,463.999541
312.874975,63,464.027702
607.893085,122,464.084661
648.65838,120,464.137913
693.841707,141,464.200969
575.43736,108,464.24705
785.831261,145,464.310142
545.239425,100,464.352872
595.403977,114,464.403132
563.813717,107,464.449051
442.427373,85,464.487781
566.063865,108,464.536223
366.263658,67,464.565184
573.661832,108,464.613146
714.73069,140,465.107151
604.251915,127,465.163364
365.721751,72,465.194417
662.798751,125,465.250805
580.565276,107,465.297575
384.777171,73,465.328944
440.49935,84,465.366369
671.267284,121,465.418445
408.534081,76,465.450924
542.715398,103,465.49536
469.942119,84,465.530878
629.223831,120,465.585506
579.736043,122,465.638539
389.573879,81,465.673515
630.594021,131,465.731411
476.909023,96,465.771876
545.516466,105,465.818103
457.15173,87,465.856164
361.992564,77,465.888908
388.679928,81,465.922893
870.064464,158,466.479783
671.211235,129,466.536185
461.751175,85,466.573247
531.97343,98,466.617044
531.661096,97,466.659029
620.046239,123,466.71268
330.289172,63,466.740201
646.241258,122,466.79457
512.652742,94,466.836127
391.910678,73,466.868264
575.674802,107,466.915244
598.569145,120,466.967451
507.404206,98,467.009403
468.219019,91,467.051612
448.969032,84,467.088713
422.021477,79,467.123862
725.608765,141,467.187465
352.389811,66,467.216465
677.575777,129,467.276436
497.05484,96,467.320318
578.381292,106,467.960511
486.015566,89,467.999313
373.485537,70,468.041903
602.447897,115,468.092822
396.308431,74,468.125121
354.15286,74,468.156676
717.260674,130,468.215306
469.514909,90,468.253999
572.999639,111,468.302451
603.857952,111,468.352099
513.211123,96,468.392843
624.549917,112,468.442214
1000.892839,206,468.52964
493.333141,102,468.574541
475.480558,89,468.612958
584.872136,123,468.670395
945.821156,176,468.757794
424.40583,84,468.795365
378.587665,79,468.829382
519.566977,95,469.462845
315.615876,60,469.499281
438.123805,85,469.538132
512.275112,99,469.581687
481.380817,87,469.6257
738.800755,148,469.692519
609.326857,112,469.744057
437.449721,86,469.781849
466.75941,91,469.823132
353.373784,75,469.857354
421.299027,87,469.895177
407.378165,88,469.933322
580.50078,106,469.981773
533.641453,101,470.026572
470.736341,90,470.066938
535.903036,98,470.111106
476.529697,96,470.152573
462.755296,88,470.192593
327.979891,71,470.221832
524.2576,98,470.265029
687.021487,130,470.323874
478.172443,89,470.363789
531.621195,98,470.888506
513.178831,95,470.930336
732.92179,136,470.99051
483.021954,96,471.033237
588.810957,112,471.083561
376.390665,70,471.114573
711.374082,134,471.17427
928.167997,177,471.253977
305.522723,58,471.279769
338.472883,70,471.309091
628.018074,120,471.362192
552.908152,114,471.413468
552.288954,103,471.458407
518.064406,100,471.501432
599.199365,115,471.552635
486.88183,94,471.593251
426.062152,79,471.628292
385.493724,75,471.661321
710.639327,128,471.719885
373.674291,70,471.749509
477.3834,86,472.319299
563.607667,110,472.374709
716.195516,136,472.448387
374.485173,77,472.485691
788.437724,167,472.56444
449.925848,86,472.603977
380.944669,72,472.636908
607.634105,116,472.68915
569.71738,107,472.737257
520.028451,95,472.780005
474.36265,94,472.820866
351.936773,83,472.860424
399.105105,83,472.897124
416.572109,84,472.933534
470.891034,90,472.975304
388.046062,72,473.006518
339.23506,81,473.044644
551.318584,106,473.090872
942.12929,173,473.168341
529.954608,109,473.217842
459.106763,96,473.823933
587.511025,107,473.87288
836.916483,151,473.942186
638.306974,134,474.003976
364.170073,74,474.035877
491.155683,97,474.078599
523.916183,97,474.122674
556.120783,104,474.169208
440.071929,81,474.204136
411.015767,80,474.237829
449.759588,94,474.279376
469.014705,90,474.318064
634.479569,123,474.37343
652.374731,122,474.428503
656.533651,120,474.482225
376.759148,75,474.515962
484.22858,92,474.556614
501.043653,94,474.599075
484.511549,89,474.637127
339.732822,66,474.666008
486.614825,92,474.708081
503.951331,108,475.288321
435.612378,88,475.326155
265.755985,49,475.349767
426.803142,78,475.383145
405.987766,78,475.417851
479.06195,91,475.476205
476.691589,89,475.515044
433.933324,91,475.554783
706.963783,130,475.613441
614.475948,110,475.662052
603.76503,117,475.715335
447.414195,90,475.756712
457.623718,84,475.793153
669.697501,132,475.850042
503.917715,95,475.891937
517.140973,101,475.935422
572.995004,109,475.983957
371.628555,71,476.015388
577.090923,110,476.063368
512.686846,93,476.10397
660.939766,122,476.158371
679.978531,123,476.69605
538.406604,98,476.73963
491.990284,91,476.779964
462.341401,92,476.820699
393.785187,79,476.8602
404.705704,78,476.894368
501.268338,93,476.935396
407.524519,80,476.970334
409.064376,77,477.002888
383.731176,71,477.033831
542.689419,109,477.081813
387.506764,74,477.113353
315.936123,65,477.141901
624.235001,120,477.197429
527.245362,102,477.242156
653.713304,119,477.295364
610.105335,120,477.346968
400.963883,73,477.379602
466.958282,87,477.420027
434.837382,81,477.458976
375.86259,76,477.49048
428.577712,81,477.525876
431.141418,83,477.562386
404.175325,80,478.064933
467.714689,95,478.106838
441.735558,90,478.146135
481.918475,91,478.186117
420.783228,85,478.223301
832.99288,155,478.291382
538.388017,103,478.337501
664.864239,122,478.391904
755.236393,146,478.455316
622.751795,124,478.510484
500.226136,97,478.552247
710.450259,129,478.609659
444.449953,84,478.646468
430.506344,80,478.681993
506.323218,93,478.723047
480.762074,93,478.765029
393.107732,72,478.797354
471.245338,94,478.839529
367.248138,68,478.869098
553.242604,105,478.916075
518.986009,96,479.473706
469.055259,88,479.511078
533.863414,99,479.555524
454.363797,85,479.612844
414.101887,85,479.651129
539.671081,107,479.697119
501.578903,96,479.742969
338.699492,65,479.770979
544.170789,100,479.815416
362.487319,73,479.847755
512.631364,95,479.889652
419.893325,82,479.927379
436.711068,85,479.964232
655.937573,125,480.019031
512.778162,106,480.065669
477.327671,91,480.105605
498.392522,94,480.147644
539.239004,106,480.192756
524.145793,98,480.235782
467.468472,89,480.27504
747.173468,138,480.337667
413.996182,84,480.376591
438.326585,80,480.889968
472.975345,90,480.930078
517.462453,101,480.979826
506.03665,100,481.033095
463.130117,86,481.069927
297.474143,60,481.096452
481.142672,89,481.135319
447.513352,85,481.171722
618.797168,112,481.220277
367.035695,72,481.252274
283.071448,54,481.275439
507.189824,95,481.322124
486.807645,91,481.361211
473.024552,87,481.399966
490.207911,91,481.439083
547.598411,99,481.482568
560.001235,103,481.528422
453.335368,93,481.570078
520.825498,103,481.615009
501.110678,91,481.654528
517.49285,98,481.698379
504.412541,100,481.743516
886.478139,172,482.375092
539.942051,100,482.418018
575.088345,105,482.469997
598.299306,112,482.519441
515.996054,105,482.565471
436.882687,81,482.601506
629.697358,121,482.656738
687.817729,127,482.712153
549.514318,106,482.759166
469.690863,90,482.799083
435.575159,92,482.840206
528.315176,96,482.883195
418.899994,84,482.920997
620.983334,118,482.972131
584.203554,109,483.022229
436.181773,82,483.058186
440.164872,81,483.094476
661.22058,122,483.148819
425.531103,82,483.185361
574.341807,115,483.236737
391.277426,78,483.744489
396.89866,82,483.781795
552.33751,101,483.826345
475.79651,89,483.879972
525.003281,97,483.927025
479.424011,90,483.96762
385.661159,74,484.000148
607.666054,116,484.049464
649.002694,135,484.10853
732.293393,140,484.168547
538.78054,104,484.214573
434.836774,88,484.253281
354.320897,71,484.284986
559.360815,106,484.333262
533.39011,98,484.376291
457.075745,83,484.413137
529.133347,99,484.456923
560.296046,105,484.502653
389.090197,73,484.535103
408.453035,81,484.569628
347.950862,70,484.601188
616.535066,128,484.656425
690.412646,126,485.38196
558.646317,100,485.425676
307.175507,58,485.45191
609.214783,115,485.50228
551.427143,111,485.551769
637.335722,124,485.606294
410.253643,90,485.645833
527.14072,96,485.69145
565.239105,103,485.736467
376.347693,70,485.767418
673.796596,123,485.822433
603.971797,111,485.870915
429.869884,79,485.905302
385.785126,85,485.940972
697.950355,127,485.996308
433.700964,80,486.031116
488.960915,104,486.078375
550.655521,100,486.122635
474.547568,87,486.160952
369.873699,74,486.192924
419.526138,80,486.226537
515.924197,101,486.707584
401.435165,79,486.741697
415.972712,76,486.774024
489.32721,90,486.813594
619.98061,117,486.865272
521.68835,99,486.909248
511.816062,97,486.952178
785.872617,145,487.014848
540.489794,105,487.060899
480.437911,93,487.101467
599.8282,112,487.149709
331.373387,62,487.17711
418.927234,77,487.212379
462.347074,96,487.254454
1012.146936,181,487.335878
349.193839,64,487.364014
505.65828,100,487.40681
461.583388,89,487.445734
453.521837,85,487.484088
676.065563,126,487.538637
423.541812,81,488.094037
480.56778,98,488.140114
578.946142,110,488.188735
374.141016,73,488.241575
409.800404,76,488.275517
583.794599,106,488.32256
501.409267,97,488.366761
721.120326,136,488.428948
638.365208,125,488.484209
539.250655,102,488.529082
566.129868,111,488.577247
423.746607,78,488.612477
284.763748,62,488.637555
515.940316,92,488.677755
526.349931,106,488.723023
484.214312,98,488.766639
620.672178,123,488.819986
463.520339,84,488.856079
544.089624,111,488.903332
622.115165,124,488.957472
468.323693,93,489.001328
387.13856,77,489.961847
398.978859,74,489.993936
350.713949,76,490.026042
594.454381,121,490.092266
575.317782,113,490.142214
795.500491,150,490.209198
323.712079,65,490.238159
279.055341,52,490.26099
812.907356,161,490.332864
678.271841,134,490.392739
498.531074,93,490.434397
408.721216,87,490.471391
447.719717,83,490.507518
797.86335,152,490.575865
512.229534,95,490.618246
382.460247,72,490.649543
494.753827,95,490.692827
703.683467,129,490.74916
603.406358,110,490.797569
431.045238,88,490.836421
465.763169,88,491.560097
478.837225,88,491.598015
573.934117,109,491.649068
886.670823,172,491.738527
474.952509,91,491.780076
575.084335,112,491.833252
593.557294,113,491.884467
804.677415,144,491.948458
798.568259,154,492.018848
393.450084,81,492.054741
636.982928,121,492.108047
559.852519,104,492.155396
872.002962,159,492.225351
540.38435,107,492.272263
533.018114,103,492.317854
741.117185,142,492.380223
500.084637,101,492.425853
653.513365,118,493.047618
351.270992,65,493.076358
488.073268,89,493.11584
551.31954,102,493.161478
407.024286,81,493.198076
365.587857,70,493.228619
405.176983,76,493.262451
344.859098,67,493.293896
569.480514,109,493.343844
399.354416,76,493.378751
499.309444,101,493.43267
432.73545,86,493.469982
527.007889,108,493.516699
503.105187,97,493.558642
288.524593,55,493.583114
561.452484,108,493.630461
527.044791,95,493.67259
669.607658,123,493.727636
563.117671,110,493.776801
900.043218,170,493.85343
606.892178,129,493.910689
553.313631,111,493.959385
535.662188,103,494.552342
462.266068,85,494.59521
483.622619,88,494.634245
429.60169,79,494.669901
468.16797,86,494.707318
441.480179,80,494.742666
438.058472,88,494.781902
446.284692,87,494.819928
434.907237,87,494.857519
600.625961,114,494.932569
409.300988,76,494.965131
481.060211,97,495.007201
545.451054,104,495.054462
459.383696,91,495.101849
697.867789,136,495.165888
1008.520692,190,495.253647
548.962818,104,495.302956
623.183719,114,495.358135
560.4915,102,495.404449
508.432366,100,495.447429
338.864028,63,496.110136
585.324439,108,496.164313
668.607797,135,496.22497
605.133448,116,496.276386
524.541036,97,496.318756
393.566786,83,496.354571
529.869258,106,496.400364
639.403683,121,496.453966
768.806994,148,496.522094
365.867832,72,496.553863
607.579033,118,496.604578
596.151447,117,496.655897
425.208672,83,496.692601
410.314632,86,496.729577
400.45458,75,496.762376
482.991839,94,496.805044
518.599017,96,496.84846
747.516073,140,496.911727
469.200018,86,496.949269
546.055262,106,496.996183
414.136193,75,497.648642
515.021667,99,497.694098
434.019312,86,497.732813
605.331334,112,497.78237
454.344292,93,497.823709
506.383454,100,497.866498
299.828286,57,497.892204
372.562834,70,497.922409
487.500062,98,497.966223
900.438451,175,498.044723
442.071624,88,498.083845
488.542956,96,498.124765
607.187095,122,498.178277
322.170423,63,498.206373
509.835525,96,498.248276
414.346543,76,498.282095
451.087371,83,498.317644
646.616325,116,498.366892
693.630986,134,498.427436
449.213574,86,498.465883
368.378209,69,498.496368
646.701042,120,499.108401
364.145038,70,499.143532
599.782289,115,499.207728
663.870658,123,499.260721
470.482867,91,499.300164
402.76758,74,499.332772
475.58701,94,499.374717
529.041762,99,499.419719
371.852995,69,499.449475
564.169594,114,499.500013
440.754258,86,499.538943
581.028663,112,499.586691
559.3026,105,499.631023
541.302171,100,499.674423
628.922918,131,499.733018
742.83404,138,499.793622
436.831693,80,499.828032
514.326944,102,499.872184
541.943273,106,499.92031
509.136349,97,499.962339
596.484278,112,500.01186
386.406356,81,500.597744
578.211989,106,500.645442
396.720229,74,500.677689
648.916335,121,500.731921
441.453957,87,500.769392
547.571074,106,500.815751
709.652175,136,500.875999
473.764018,93,500.916523
371.800224,69,500.946308
379.527628,71,500.977461
386.98736,72,501.010177
661.016519,125,501.066498
476.332416,87,501.105908
438.641409,86,501.145888
576.525905,107,501.193263
496.922755,91,501.232584
650.845314,118,501.285075
396.743901,79,501.318779
533.660141,99,501.364202
517.789929,102,501.410023
450.366437,83,501.447519
419.495613,80,502.013636
380.558996,81,502.04961
475.25199,92,502.090741
374.42243,77,502.124861
357.425855,68,502.153534
371.834726,70,502.184948
522.093931,97,502.227463
421.142602,76,502.260451
426.009332,80,502.2949
561.527073,104,502.341627
321.738558,62,502.369919
802.491787,152,502.439495
490.363049,93,502.479904
478.112858,100,502.525479
547.365707,111,502.574213
451.663163,90,502.613545
606.77331,113,502.662127
511.523554,94,502.702903
573.4124,105,502.749739
311.13397,60,502.7774
487.477069,88,502.816559
509.698787,103,502.861817
663.866638,125,503.40714
573.895982,108,503.454449
647.507566,135,503.514031
702.349196,145,503.577783
826.611847,150,503.646104
499.669822,101,503.689823
633.263967,117,503.741959
454.820942,89,503.781941
513.377442,95,503.82362
717.455288,141,503.886173
492.892501,98,503.928668
473.749833,92,503.968336
892.790006,162,504.042102
350.426856,73,504.072427
420.803788,88,504.111825
667.533879,120,504.163835
496.711918,91,504.203656
599.037039,113,504.256404
397.902288,74,504.288852
443.19772,83,504.870385
452.59373,84,504.908266
667.566462,124,504.966661
421.036904,87,505.004729
488.105477,88,505.043987
449.697338,82,505.080214
1015.655008,180,505.160131
518.837281,94,505.201285
422.243573,80,505.235618
437.533281,81,505.27306
417.030381,80,505.308388
562.27306,105,505.355307
697.930803,128,505.412554
352.586113,71,505.444945
551.161115,106,505.493914
407.426923,82,505.530312
546.58154,101,505.574735
785.414005,147,505.640316
403.579494,81,505.676069
402.573532,84,505.713018
506.880768,105,505.759548
585.912826,107,506.308021
748.45825,142,506.370162
451.160349,88,506.409687
322.778527,60,506.435592
299.864196,59,506.460212
653.457813,121,506.520809
557.076138,116,506.572116
532.942109,98,506.615638
752.874589,151,506.684096
592.262178,107,506.730716
426.776727,82,506.765749
1007.128023,188,506.850248
647.301645,137,506.912357
426.718396,79,506.946367
679.768032,127,507.000766
424.241196,78,507.035122
469.109266,86,507.074033
456.664439,94,507.11498
388.512261,75,507.147546
516.517991,94,507.684218
553.337098,102,507.7292
606.266736,113,507.778306
474.71516,89,507.817023
428.667387,83,507.85588
431.646826,79,507.890513
402.89858,75,507.922723
464.473207,84,507.964689
613.015967,113,508.014208
376.600346,70,508.04455
504.325268,101,508.088924
408.784275,77,508.122077
583.558525,107,508.169444
802.67348,146,508.235128
522.434928,104,508.281375
636.363305,122,508.334844
357.017589,68,508.365035
676.290161,135,508.430366
550.229924,105,508.475932
697.502423,132,508.53755
751.197727,137,509.347618
509.785255,96,509.390688
578.580372,109,509.43899
405.800079,75,509.47183
447.712511,81,509.507182
494.169481,94,509.549918
633.952302,131,509.606079
633.406434,119,509.659502
426.84118,78,509.693661
366.894745,69,509.723457
380.641485,78,509.758376
387.84765,76,509.790564
605.675359,111,509.854878
665.325713,130,509.914583
365.464829,74,509.947701
753.781912,137,510.009547
498.746023,91,510.050408
415.984033,84,510.088829
416.504447,83,510.126139
468.569814,86,510.163017
523.273668,97,510.205686
643.230687,119,510.257941
635.361809,130,510.760552
716.926368,132,510.819093
448.281215,90,510.857982
522.514539,96,510.899462
610.715512,115,510.950772
467.158482,90,510.990044
366.15919,71,511.023227
489.128195,101,511.066507
570.249884,116,511.1171
441.363083,90,511.155639
411.974615,78,511.189676
404.34591,75,511.224818
463.645674,84,511.261626
518.786233,98,511.304473
453.476042,94,511.345834
420.652211,79,511.380546
515.811299,96,511.42355
461.34094,85,511.461031
460.209125,91,511.500694
488.577808,90,511.539835
535.899089,98,511.582674
415.095388,78,512.089262
516.788359,106,512.135883
393.50838,74,512.16918
388.830047,79,512.203206
454.410243,83,512.2401
791.158084,153,512.307851
440.798884,84,512.345106
425.649711,78,512.380017
472.948687,90,512.424718
461.730894,85,512.462034
372.581635,71,512.493097
562.363724,102,512.537421
413.622568,80,512.573188
533.6621,104,512.6191
589.210842,110,512.668653
370.220615,74,512.700829
395.128004,79,512.738935
797.215317,153,512.807195
565.831269,112,512.856696
415.832389,78,512.892123
749.64394,154,512.961006
721.868825,134,513.58844
506.666016,95,513.630601
290.049601,55,513.655133
603.469484,131,513.7125
474.232647,87,513.751429
516.814738,100,513.793979
564.261429,117,513.845587
454.379644,89,513.884576
528.017885,95,513.926696
483.999848,102,513.970258
701.950545,131,514.02888
518.210846,102,514.072853
519.52246,98,514.116968
652.32842,133,514.174694
579.298854,107,514.222906
557.991018,105,514.269655
392.149164,81,514.304446
526.698946,102,514.349392
480.530457,89,514.389157
561.402515,102,514.434171
605.370386,111,514.941106
373.273642,69,514.972855
567.007035,108,515.02067
435.867347,79,515.054725
675.45542,146,515.119914
585.14804,113,515.170389
464.579546,89,515.208798
420.811028,77,515.242808
646.87737,119,515.295285
451.449272,84,515.33188
743.184301,158,515.401932
456.913327,92,515.441435
723.274488,135,515.50107
605.831632,118,515.553409
531.786515,102,515.598893
725.805825,134,515.658721
566.629917,105,515.704709
672.886755,131,515.761925
636.440487,130,515.818861
511.756602,97,516.311132
525.54342,99,516.354788
381.05335,87,516.393062
505.208804,93,516.432782
559.849007,101,516.476409
488.502002,90,516.516288
444.575783,82,516.553109
622.499277,117,516.606041
464.595049,86,516.644032
427.23662,85,516.681274
474.458519,88,516.719496
517.899655,93,516.759388
402.513275,76,516.792406
553.436379,102,516.837638
468.298459,87,516.875473
616.55132,121,516.930453
550.150516,109,516.978805
667.057865,130,517.036994
386.736667,82,517.073544
356.019971,74,517.104893
492.712823,103,517.150038
542.149534,99,517.652687
408.697287,81,517.694252
534.463881,104,517.740951
903.359246,163,517.814208
691.768965,127,517.87225
861.726088,167,517.944949
839.005299,159,518.016915
850.287204,158,518.088524
558.295673,101,518.132697
549.952687,102,518.179557
611.892943,112,518.229929
567.395753,107,518.275516
585.896161,114,518.326227
372.683829,70,518.356244
776.489656,167,518.430757
463.832585,92,518.47226
389.867888,78,518.508157
461.314692,91,518.555369
485.589085,90,519.879481
521.083099,110,519.946452
460.208491,94,519.989841
485.763629,93,520.031448
527.524586,102,520.078897
782.940445,148,520.147418
591.045768,106,520.19509
1049.136403,226,520.299151
642.975445,116,520.351624
745.696173,147,520.418274
553.015974,105,520.464002
412.130475,77,520.498506
487.703205,90,520.537434
349.974058,67,520.568773
644.80581,123,520.624565
560.998096,103,520.669642
292.978723,56,520.694579
653.069691,118,520.746233
371.480486,71,520.778445
554.817588,105,521.771224
377.87006,79,521.809265
589.177322,120,521.862128
536.836846,98,521.905879
484.637621,103,521.951654
543.240468,108,522.000805
341.370946,65,522.030846
605.622032,113,522.079684
513.914056,94,522.123066
405.513544,81,522.158658
385.581739,74,522.191885
654.552288,128,522.248173
667.750032,126,522.304538
606.625897,113,522.355493
623.692888,121,522.409548
388.516797,74,522.444378
448.500542,93,522.487494
441.640335,82,522.524062
542.42296,110,522.573495
615.723229,115,522.625849
471.874632,91,523.480081
414.278196,77,523.514884
440.812943,86,523.554182
637.336718,117,523.606242
363.053635,71,523.637414
509.668668,95,523.680767
416.909982,77,523.714957
805.677405,151,523.790651
565.997197,118,523.843776
381.021486,72,523.875139
461.683816,86,523.912049
831.349473,158,523.984507
473.008701,100,524.032692
461.548032,86,524.072607
769.199655,146,524.139966
474.04004,104,524.185303
545.186982,110,524.235061
532.213751,99,524.279329
486.548373,90,524.318778
599.058386,108,524.366327
391.252101,72,524.397608
751.454031,164,525.846909
720.628225,132,525.907218
387.223654,75,525.940462
410.005116,75,525.974182
575.446169,106,526.022192
464.644923,85,526.060288
389.052765,71,526.091655
456.065302,88,526.130639
429.262196,80,526.167319
313.730831,60,526.196054
450.429023,86,526.235551
495.47851,91,526.276479
453.671884,91,526.31766
502.007119,92,526.356519
413.758473,87,526.394422
447.690942,85,526.432488
348.965235,71,526.464578
661.463568,125,526.51973
475.956177,94,526.561955
412.309533,79,526.596675
756.557599,159,526.668717
686.490679,126,528.295462
554.956348,112,528.344534
495.590409,93,528.386782
602.925675,119,528.438994
643.083681,117,528.490683
408.930975,77,528.523986
937.918563,175,528.601768
450.870517,85,528.640615
483.488171,89,528.680287
489.954403,90,528.720694
537.05071,96,528.763756
521.113622,98,528.808417
486.282616,101,528.854474
453.553578,86,528.89351
407.387256,75,528.927353
512.571127,94,528.969634
518.513263,95,529.012511
583.840219,122,529.067889
364.288576,80,529.104134
435.950771,80,529.140124
614.548088,121,530.787451
374.9091,73,530.820109
689.114429,128,530.876849
476.908669,88,530.91608
424.155355,87,530.954897
715.607609,128,531.009549
563.600872,113,531.058818
542.047236,100,531.104365
474.144096,88,531.143042
324.337363,72,531.176422
611.940961,115,531.226763
511.516854,95,531.268862
444.701079,82,531.30635
557.289537,124,531.362059
420.670784,86,531.400823
608.790822,125,531.457378
563.895932,111,531.507629
733.911934,140,531.568673
582.145568,112,531.618097
675.360527,124,531.675339
568.320657,103,532.655155
401.609697,78,532.689961
462.690576,85,532.729036
444.110594,81,532.765495
421.600388,78,532.800442
513.84557,97,532.84424
459.425389,95,532.887351
623.685751,122,532.943222
457.731184,84,532.980429
570.927771,104,533.02646
409.945408,77,533.060888
538.517053,101,533.107281
495.093956,96,533.152233
572.383061,106,533.198158
680.051396,130,533.255531
459.461751,94,533.295385
524.029187,96,533.338399
439.530732,85,533.377561
490.688805,90,533.4175
482.919179,89,533.457157
493.340798,97,533.497789
434.8532,87,533.534954
450.558696,90,536.305363
639.467977,118,536.360265
790.40391,154,536.429824
825.583843,157,536.500985
828.669406,154,536.570203
379.143983,71,536.600752
420.339977,77,536.633833
350.690601,76,536.666861
592.903014,118,536.719273
444.290133,84,536.757085
440.505747,81,536.792484
435.323963,82,536.828602
679.844003,129,536.885907
433.264777,80,536.922589
539.653276,98,536.965837
480.340766,89,537.00586
399.372233,79,537.041675
745.886036,138,537.103197
788.700108,144,537.167112
612.889004,113,538.277349
472.430269,89,538.317367
602.885629,109,538.365243
460.659868,93,538.407178
516.270088,94,538.448026
546.56326,108,538.494663
544.10541,108,538.543284
412.770554,87,538.582625
611.651385,124,538.63819
405.742643,77,538.672789
485.964589,94,538.713925
404.907281,74,538.747131
469.619127,87,538.78576
640.11587,116,538.837174
451.219422,81,538.873767
959.656947,188,538.956916
520.191645,94,539.000531
363.588758,69,539.031928
693.534747,125,539.088696
452.020609,83,539.124464
818.096198,158,540.158432
566.276035,104,540.213264
425.152029,90,540.255788
511.446155,97,540.298891
541.330284,107,540.34638
589.67692,115,540.397557
534.280814,103,540.441749
388.119686,73,540.474297
710.644408,148,540.539728
512.955433,94,540.581492
708.120759,132,540.641656
430.217287,81,540.677928
431.199178,85,540.715056
667.834048,123,540.769172
510.44915,93,540.810211
276.765966,53,540.833912
519.203133,104,540.882429
416.838077,77,540.918097
455.557327,89,540.957142
569.247782,111,541.004899
583.619951,117,542.233607
400.435712,74,542.269952
452.832205,85,542.308592
645.147558,123,542.363238
500.008641,92,542.40404
522.35936,100,542.450936
665.733852,126,542.507402
452.139658,96,542.550227
434.360516,80,542.585484
389.297046,79,542.621564
738.736883,157,542.689421
519.019005,95,542.733638
373.10254,69,542.763773
405.637131,74,542.797179
467.209975,94,542.839131
370.131925,75,542.871614
579.342052,117,542.921858
501.52333,101,542.967489
465.751164,87,543.005525
513.662976,101,543.050642
551.187981,104,543.095715
1127.470977,210,544.811881
530.043643,96,544.854048
419.151163,78,544.890043
541.609185,98,544.950954
502.958916,94,544.993567
796.360187,154,545.062007
518.801533,95,545.106003
542.296962,98,545.149693
638.595958,120,545.203019
504.261821,93,545.244068
535.380933,108,545.291562
461.121594,87,545.331111
507.411083,96,545.373949
423.929505,87,545.412472
539.364365,106,545.461017
635.144832,115,545.515151
509.708435,104,545.562984
548.269805,109,545.61222
495.321303,102,545.65802
499.720142,97,546.18948
415.60078,78,546.22451
381.323916,72,546.257941
384.633366,80,546.293376
393.505772,73,546.325345
550.073837,108,546.373057
539.575582,107,546.419553
461.233499,86,546.458268
398.74003,84,546.495822
799.952307,155,546.565715
279.341991,54,546.58894
463.546454,86,546.628016
581.032215,108,546.677244
620.56386,117,546.727631
483.658614,94,546.768475
430.428398,80,546.803509
462.806703,85,546.84079
798.112384,154,546.908763
673.264284,134,546.966654
590.349046,122,547.021136
480.448394,104,547.068708
560.34252,102,547.593163
452.545945,84,547.644656
365.391854,68,547.675601
519.48466,103,547.722327
471.517048,87,547.760704
478.811612,95,547.803053
508.801121,92,547.843712
576.109721,111,547.891724
488.222025,90,547.931309
476.830508,90,547.971386
425.440692,94,548.013084
466.358204,92,548.053734
656.833879,139,548.115731
710.567157,133,548.175514
494.239152,102,548.221787
577.669718,106,548.268198
700.881122,132,548.327283
588.554916,117,548.379291
389.01948,72,548.410724
374.708068,69,548.441073
511.751538,99,548.483091
510.195895,111,548.974365
467.076848,94,549.016334
520.455273,97,549.060228
752.798862,138,549.121682
502.031518,99,549.166012
507.171999,91,549.205628
560.230682,125,549.264144
457.203276,93,549.305434
478.846295,88,549.343184
525.558106,112,549.391375
392.655508,72,549.421813
498.842571,101,549.466579
425.500912,79,549.501371
594.760183,113,549.550176
454.98898,84,549.586866
456.505805,84,549.624016
437.535708,84,549.65999
535.132485,98,549.702093
756.678263,136,549.763557
401.770812,76,549.796531
520.345404,96,549.837524
586.520837,117,550.356434
446.787911,83,550.393351
525.660897,97,550.435687
467.010191,105,550.487291
536.766712,104,550.533621
445.209954,89,550.573451
576.212479,111,550.624028
544.169553,101,550.669054
343.419082,64,550.69729
395.503944,78,550.731288
697.934858,133,550.789663
670.820558,144,550.85241
672.512344,124,550.90715
388.969947,79,550.941547
499.795467,93,550.982634
543.539694,104,551.028582
868.827903,165,551.100049
408.271887,86,551.136887
613.111741,116,551.18783
613.220581,130,551.703372
759.183282,157,551.775699
627.805917,130,551.833963
565.288613,118,551.886509
427.306515,78,551.921016
544.103379,115,551.971917
558.390232,116,552.023623
568.264131,106,552.069598
558.415033,101,552.115603
658.123481,129,552.172428
642.722423,125,552.227172
487.554698,89,552.266882
380.538633,70,552.298117
411.927838,84,552.335106
502.250461,102,552.383865
612.021621,111,552.433807
525.238817,99,552.478795
927.499309,167,552.551826
405.530848,77,552.586914
402.346013,75,553.149139
477.688786,93,553.191912
581.890235,112,553.242736
427.456163,86,553.280617
618.278154,131,553.339864
466.423004,92,553.380819
523.559926,107,553.428379
482.007985,90,553.46946
351.956655,67,553.49921
612.639849,113,553.549596
563.771162,115,553.601255
374.845731,74,553.63364
606.144818,115,553.682721
375.712112,76,553.716127
549.605792,103,553.760662
487.698834,104,553.8083
448.828201,88,553.845897
379.548606,75,553.878362
634.57023,131,553.935925
412.485886,75,553.969225
474.510545,99,554.011741
571.347715,105,554.590595
455.876745,84,554.62885
403.871999,76,554.662158
563.534519,109,554.712199
392.346314,75,554.744777
467.660809,87,554.782618
620.434971,114,554.832811
527.538487,106,554.88073
440.978406,88,554.92057
590.605219,108,554.966965
455.854794,85,555.005825
518.270248,95,555.046962
387.434837,72,555.077977
552.605521,103,555.123553
605.630354,115,555.173845
582.510044,116,555.225746
478.318076,86,555.263376
535.042243,104,555.307916
470.563731,91,555.348357
505.901359,101,555.392979
569.04953,110,555.440049
391.67685,72,556.622433
634.108722,122,556.677972
600.625987,112,556.740631
386.362133,71,556.77332
525.386136,104,556.820127
559.733236,108,556.869378
443.248759,80,556.905341
392.820496,73,556.937579
628.657501,119,556.992384
613.688324,112,557.043137
355.653708,67,557.074925
444.507761,85,557.113925
663.568917,127,557.172145
511.839273,91,557.211401
587.263301,117,557.265965
398.62317,79,557.301263
555.337843,103,557.347271
428.688738,79,557.382019
508.855127,93,557.422216
321.030604,61,557.449208
527.882493,97,557.493756
371.183704,75,557.528497
647.382636,118,558.155341
486.252531,101,558.200484
584.20287,113,558.249645
458.254839,96,558.293692
463.00074,86,558.331271
609.156429,112,558.380584
495.869377,111,558.431914
452.476167,86,558.468629
605.709526,120,558.520125
514.140373,104,558.566459
687.077544,127,558.621342
478.593767,87,558.660232
598.744302,123,558.716086
373.420268,71,558.747079
706.145933,133,558.805117
626.368594,118,558.858427
696.940094,129,558.914965
441.008884,94,558.955693
427.513652,89,558.994281
467.089311,100,559.618976
577.057832,108,559.66876
531.874782,105,559.714979
562.332236,102,559.759578
847.705436,168,559.836658
778.887426,144,559.901254
588.679864,108,559.948021
522.224775,101,559.991072
303.804933,60,560.017431
528.508277,102,560.061706
488.04645,92,560.10239
645.969635,116,560.153808
536.595788,106,560.20164
519.152797,103,560.248692
372.74463,69,560.279061
633.12238,126,560.334653
534.892427,97,560.37677
454.547327,84,560.412902
532.205451,106,560.4577
439.307451,81,560.493265
700.864527,132,561.027313
308.633551,57,561.053516
560.799707,104,561.097509
666.05548,121,561.150396
597.50592,113,561.202969
446.455445,89,561.242071
695.575767,130,561.299335
580.638375,108,561.346467
439.883675,89,561.385969
363.117237,73,561.417183
663.769081,132,561.475079
515.265073,95,561.517387
472.793025,87,561.555728
491.950824,97,561.598125
578.603967,115,561.649873
403.218158,75,561.681824
473.792429,97,561.72384
592.835008,117,561.77602
396.400167,73,561.807959
516.281503,94,561.848867
508.995158,106,562.356945
395.159437,83,562.393965
481.403468,88,562.433269
411.730126,75,562.465438
483.642452,98,562.508692
644.784642,117,562.559694
427.476669,81,562.594882
610.821536,111,562.6432
410.321718,89,562.683861
433.250188,80,562.718494
565.097521,106,562.765569
488.047647,89,562.804043
519.021201,105,562.849469
448.76939,83,562.885649
525.682629,97,562.928548
422.131254,83,562.964651
571.584488,110,563.012933
455.616232,84,563.050129
626.7246,122,563.103714
534.967694,116,563.154013
415.538375,78,563.188701
664.139289,127,563.245245
415.737645,83,563.747277
406.402349,75,563.780071
529.462235,96,563.822091
513.349385,97,563.863473
801.020187,152,563.931013
734.362662,142,563.993772
671.132134,135,564.054523
413.238936,76,564.087442
487.869559,89,564.125293
396.679179,73,564.15668
382.651879,70,564.188027
460.00344,85,564.225884
340.132669,73,564.257537
599.701989,108,564.304872
519.700579,95,564.346724
505.272695,91,564.38682
431.930292,80,564.421365
398.045226,75,564.453371
369.159606,68,564.482738
431.090702,85,564.518922
356.414362,67,564.548175
535.68705,100,564.592087
487.295021,92,565.103884
554.545992,101,565.149151
443.52883,90,565.188646
701.166149,134,565.249121
427.868774,88,565.28805
317.017876,60,565.315107
392.129627,82,565.350895
707.872625,129,565.409382
714.386382,130,565.467879
491.810219,102,565.511213
603.243833,126,565.566837
656.140611,120,565.619501
443.368114,83,565.655702
477.801065,96,565.69837
482.327571,89,565.73643
637.343694,125,565.790809
498.725964,96,565.83275
615.490471,113,565.882492
677.716631,143,565.946015
423.399861,78,565.980214
470.411785,89,566.468335
406.137682,76,566.50078
460.559722,93,566.542347
367.864773,70,566.572999
492.376702,88,566.611042
433.5595,81,566.646355
565.277735,104,566.691095
615.670885,116,566.742992
522.611443,107,566.789243
961.279944,175,566.867833
612.787373,116,566.918894
439.50509,82,566.954775
699.954553,132,567.013377
537.54099,103,567.058058
539.483113,99,567.102246
568.049785,104,567.148434
463.967523,91,567.187742
351.75426,66,567.216955
410.347046,81,567.253088
628.227323,118,567.304458
494.475166,92,568.021163
586.978741,115,568.072422
491.3446,91,568.111783
467.193249,85,568.148743
488.435586,89,568.187912
601.59553,110,568.23644
655.482424,122,568.29058
396.122626,74,568.322391
385.223883,74,568.354741
512.586852,106,568.401676
434.749711,81,568.437464
684.322728,129,568.494775
419.930995,84,568.531677
608.10656,110,568.579293
504.227866,104,568.626043
480.798499,88,568.664072
401.153934,74,568.696438
630.289731,117,568.748558
741.988634,137,568.808699
539.764518,116,568.860595
865.03991,171,569.383872
446.65217,81,569.419104
435.148791,81,569.45382
680.487863,126,569.509012
465.595022,88,569.548624
757.296291,138,569.610948
539.247446,98,569.653353
619.058984,113,569.702145
387.672981,73,569.733764
575.551973,110,569.782388
600.663291,123,569.836735
412.822174,86,569.873509
520.092505,98,569.916215
434.118961,86,569.955807
486.43582,92,569.996636
577.170712,105,570.042028
436.052943,82,570.07731
425.82781,80,570.113043
527.015043,106,570.160123
379.218565,77,570.193294
470.357166,86,570.230166
562.723688,105,570.798811
583.94023,121,570.853195
479.797433,96,570.896643
514.774906,104,570.943248
512.786824,95,570.985137
573.452181,108,571.032193
674.936731,141,571.095064
381.878183,71,571.125113
507.234243,99,571.170112
403.51579,83,571.205234
606.258896,111,571.255258
621.895962,118,571.308113
488.089581,91,571.349459
611.456093,120,571.403317
466.062116,98,571.446177
531.757293,96,571.488396
558.334248,110,571.536254
564.244826,118,571.589138
481.008312,99,571.632743
399.763327,75,571.664376
428.028343,79,572.321904
564.098604,106,572.369764
485.276057,97,572.413116
543.963267,98,572.455793
491.831205,92,572.497041
340.380945,71,572.527785
484.39372,91,572.571227
657.420199,122,572.626661
506.780456,92,572.666267
801.576026,150,572.735089
702.136631,144,572.79871
388.966361,72,572.831007
476.634116,95,572.873748
700.687326,135,572.932835
453.669735,93,572.972605
466.828245,91,573.013217
478.72602,88,573.051744
457.949253,85,573.088087
513.266578,95,573.130844
649.510936,134,573.192606
378.371745,79,573.227418
569.386059,110,573.827774
342.346079,64,573.856042
380.453512,77,573.888813
694.185699,144,573.952602
494.46538,93,573.994417
560.945132,105,574.040501
438.939065,90,574.079114
496.849435,95,574.120543
440.863362,82,574.156809
538.076976,98,574.200469
653.673807,121,574.255454
561.874994,114,574.303385
577.910219,108,574.351753
469.608735,87,574.39564
733.417395,138,574.458552
670.153871,126,574.515355
376.122309,78,574.551054
652.504756,120,574.605528
406.690697,76,574.640229
842.979654,158,575.465134
748.328208,133,575.52452
553.430484,102,575.570111
558.470364,105,575.616471
609.368349,110,575.664926
899.462447,164,575.753749
377.369544,69,575.785119
512.021964,96,575.827165
507.131372,93,575.868294
845.364273,156,575.939298
611.826911,115,575.989994
475.588483,93,576.031182
648.356269,120,576.084876
483.101528,95,576.126505
435.889625,92,576.167913
688.514257,127,576.22486
480.928804,88,576.263286
498.553208,102,576.308015
571.956106,109,576.357796
850.723329,172,576.96623
696.940094,129,577.038824
396.419851,77,577.071783
495.277204,95,577.113435
505.347334,94,577.155903
680.676398,128,577.211173
531.568315,105,577.259359
728.568223,135,577.319083
407.585745,76,577.352604
492.927521,95,577.395072
561.045096,101,577.439269
523.255914,95,577.479682
609.866102,112,577.528922
710.412726,131,577.589324
518.230141,95,577.631986
370.682287,68,577.66195
470.392538,94,577.704598
598.860541,115,577.755644
428.094576,85,577.793848
434.078401,86,577.832084
608.558832,120,578.434438
319.725924,61,578.461621
428.153507,88,578.500013
540.520659,99,578.544905
526.643364,99,578.589796
417.504551,77,578.622751
534.967391,105,578.670255
421.044884,79,578.704416
314.677776,60,578.73049
449.821427,92,578.773526
587.601257,111,578.824533
275.354609,61,578.84983
568.4391,106,578.896749
383.010074,72,578.929228
416.647068,79,578.964419
614.205476,117,579.017504
758.238578,135,579.077212
572.987427,106,579.123108
332.976604,68,579.151942
658.509188,135,579.215311
978.451273,175,579.292086
838.385329,154,579.808393
329.910225,62,579.836342
388.682545,79,579.870051
536.596324,99,579.913059
492.211115,90,579.953143
569.656003,107,580.000239
515.694564,102,580.04619
428.207005,80,580.081631
443.178059,81,580.116617
675.828563,131,580.175112
567.591013,109,580.224255
443.902934,83,580.260737
599.067367,108,580.310232
701.535419,130,580.367369
683.565941,130,580.42625
396.327522,82,580.463124
405.212461,77,580.496994
467.753927,87,580.535322
763.909107,145,580.600495
601.110434,113,580.650941
607.037744,119,581.310897
526.896138,99,581.355515
556.278176,105,581.402666
944.163292,172,581.482393
342.842175,65,581.512048
574.771396,116,581.564556
611.427708,118,581.618422
492.3743,93,581.660634
435.813231,86,581.698634
554.974698,102,581.745533
412.324761,77,581.779901
367.940616,72,581.812037
445.726995,83,581.84886
548.402508,102,581.895197
510.908646,96,581.937328
657.946365,119,581.991275
519.088683,97,582.036026
593.175174,114,582.087468
462.575314,83,582.123819
688.183317,137,582.187623
452.180692,83,582.941193
649.236288,129,583.001381
635.968828,119,583.055511
539.244375,98,583.100118
262.57344,56,583.122682
476.92406,92,583.165282
567.839138,107,583.211918
581.333269,118,583.265547
776.542492,144,583.329862
632.303558,132,583.389292
681.738148,125,583.444645
603.920835,111,583.494328
505.614029,94,583.535859
817.738354,157,583.606673
606.950752,119,583.659755
408.241416,76,583.692844
509.192764,92,583.734322
556.658461,104,583.780101
621.573426,121,584.290642
468.079453,87,584.328799
485.440921,105,584.373368
533.323455,108,584.420257
617.919106,112,584.469041
357.674953,69,584.497746
426.79145,81,584.532984
480.854026,88,584.57185
564.819163,104,584.619467
481.728108,89,584.658682
492.092951,92,584.699632
662.580882,120,584.75175
622.191378,112,584.800143
605.978931,111,584.850157
564.136291,105,584.897142
481.087876,95,584.939245
350.219155,67,584.967881
498.292815,100,585.011198
420.70039,84,585.048296
537.452469,100,585.092902
509.946469,94,585.134109
476.027209,87,585.172083
591.67029,116,585.824435
271.447757,59,585.849504
477.86803,89,585.890713
418.101454,91,585.931248
676.976425,126,585.989322
412.861247,84,586.02854
357.684294,70,586.061307
548.679392,100,586.106272
495.771574,99,586.150893
391.571489,80,586.18687
470.913307,97,586.231408
594.123879,107,586.279267
504.650472,96,586.324293
495.448561,91,586.366067
464.92735,86,586.404434
556.845074,103,586.451184
411.274465,78,586.487672
364.858887,69,586.518265
622.786575,111,586.567245
558.996116,108,586.615591
540.508535,98,586.658411
512.151193,95,586.701841
593.78216,109,587.215194
461.28918,85,587.253593
569.061072,106,587.301739
619.751704,116,587.354678
451.902105,95,587.396821
753.750105,139,587.461273
421.514702,83,587.497581
471.506482,86,587.535772
460.781977,94,587.578398
651.052228,125,587.635287
612.937547,120,587.690252
484.528087,89,587.729219
847.142831,176,587.812145
368.450756,69,587.8439
455.497524,84,587.881249
466.852798,90,587.922042
673.265034,131,587.981261
461.821094,95,588.023579
626.192569,117,588.075642
629.831753,116,588.621833
558.822288,103,588.668814
570.908516,110,588.718377
451.808632,83,588.755754
568.894544,105,588.802979
358.898584,66,588.832774
667.226746,129,588.891744
498.202676,93,588.933145
711.80832,136,588.995151
644.955795,126,589.053324
671.81293,122,589.10934
717.82915,142,589.179319
525.761755,103,589.228418
374.360854,70,589.260406
607.177826,120,589.31349
515.178436,96,589.357949
396.519904,75,589.391177
487.895125,102,589.436406
557.846775,112,589.486728
680.289085,130,590.026072
628.993705,131,590.086112
524.441465,98,590.128225
604.681916,110,590.175308
507.192007,94,590.216986
743.49564,146,590.283592
608.541855,114,590.334171
554.326462,100,590.377767
518.350447,95,590.419825
735.053177,140,590.482764
509.518339,96,590.524911
615.703884,112,590.57461
508.851559,103,590.620953
581.1144,107,590.668337
402.910307,85,590.705519
274.982703,54,590.728433
484.833936,91,590.76844
555.328846,102,590.814846
410.689074,76,590.847956
557.995833,107,590.895921
480.271411,88,591.386764
413.989489,78,591.421794
742.033604,133,591.482231
413.764436,82,591.519201
413.033145,82,591.555768
793.973973,169,591.636003
502.926319,92,591.677471
443.644555,93,591.719918
557.78072,113,591.772104
534.209539,103,591.817837
537.720972,105,591.864796
482.483766,89,591.904273
667.318485,133,591.96288
630.120115,122,592.019023
870.446292,162,592.089898
690.543684,130,592.147235
566.058447,113,592.197585
556.180837,108,592.245652
842.128818,159,592.811983
525.395333,106,592.859038
431.261023,78,592.89325
498.280037,96,592.935109
649.791655,119,592.987409
542.638935,106,593.036591
282.79406,53,593.061151
416.002937,76,593.094605
412.884447,77,593.1286
543.173923,100,593.173622
547.835266,105,593.221158
525.278145,103,593.267
453.34069,84,593.304367
516.433238,95,593.346782
747.583041,137,593.408342
650.823809,122,593.464628
503.966854,96,593.506811
520.750284,111,593.556913
447.030221,83,593.595428
555.534344,114,593.647333
535.933938,101,593.69242
526.764255,96,594.207551
602.704617,124,594.262249
558.317898,103,594.307543
741.80781,138,594.368634
466.890667,94,594.411598
562.494053,108,594.460334
652.470868,119,594.513736
490.905663,89,594.552755
707.131236,129,594.610798
552.104644,102,594.657523
407.057871,77,594.692669
475.880601,89,594.732124
421.385728,79,594.767225
431.205715,80,594.802687
574.993669,108,594.850094
484.329494,99,594.895949
498.560195,99,594.940955
485.743728,90,594.982462
465.02762,91,595.024541
568.172144,108,595.072683
756.028699,153,595.668544
473.395244,87,595.707479
474.377735,87,595.745789
645.642579,120,595.800657
627.496069,120,595.854433
562.584597,104,595.901852
541.812636,99,595.945795
671.11794,127,596.003825
560.005457,103,596.050455
659.889834,122,596.103429
716.193727,143,596.167051
448.432761,88,596.206662
443.759013,87,596.245016
380.648308,72,596.277284
369.261772,69,596.308949
564.8974,109,596.356844
784.341797,142,596.421955
649.73343,122,596.47714
464.946783,94,596.51961
318.136164,67,596.990663
528.359595,101,597.035447
633.705194,124,597.089949
569.67152,107,597.137527
596.847524,110,597.188088
442.401414,81,597.2237
395.760844,76,597.256999
401.34303,79,597.291716
636.978495,117,597.345221
426.506519,79,597.379272
410.997643,77,597.413833
328.841476,63,597.441354
441.557073,83,597.477465
365.102853,70,597.509331
508.232387,94,597.551188
431.838688,81,597.586714
374.590643,74,597.619272
561.512962,112,597.669222
559.99148,103,597.714491
448.663805,83,597.752025
471.184238,87,597.79019
473.005384,97,597.831816
644.221992,128,597.889296
565.482703,113,598.384923
458.800204,83,598.422083
556.900093,115,598.473057
593.698295,108,598.521339
700.13896,131,598.582539
426.351089,80,598.617822
622.622409,121,598.671785
238.65988,48,598.691877
481.829431,94,598.732627
376.005905,79,598.7665
499.356868,99,598.812629
434.500165,80,598.848245
480.40383,90,598.890111
490.17491,94,598.932148
489.584386,90,598.972178
515.32742,95,599.012625
407.539248,75,599.045709
570.634074,113,599.095093
576.461832,106,599.142492
443.134829,83,599.179775
510.907695,98,599.222948
635.721436,119,599.739376
536.985366,101,599.78484
405.183502,76,599.817672
517.716318,96,599.861475
567.413044,105,599.909322
537.129583,99,599.954071
360.544765,67,599.983494
689.253595,131,600.042529
584.569753,107,600.090124
522.547481,100,600.13375
508.50142,94,600.17497
501.307966,96,600.217966
546.613037,107,600.265554
658.57105,119,600.318127
595.40561,111,600.366949
638.687525,130,600.423829
470.143868,99,600.468399
622.119068,114,600.519833
673.395385,124,600.574637
484.847688,95,600.616507
483.801021,92,601.098309
411.65681,83,601.134562
485.533218,88,601.173149
499.344393,91,601.21363
446.44887,89,601.252196
559.650447,112,601.301739
405.361712,74,601.333927
462.353788,83,601.370646
971.355377,185,601.453536
553.889788,106,601.502272
476.539239,100,601.546079
617.831803,125,601.601554
616.454449,126,601.658885
617.023944,117,601.712504
580.608624,113,601.76267
426.168509,80,601.797423
652.064733,128,601.855603
537.545642,112,601.905463
585.150865,106,601.952777
860.926877,168,602.61786
583.20892,107,602.664548
463.344179,95,602.706964
578.555356,113,602.757306
469.220302,93,602.797132
397.332132,81,602.83241
657.03056,123,602.886887
678.323891,126,602.943008
567.881083,113,602.992435
348.125475,65,603.021
546.692398,107,603.068603
621.794218,115,603.12012
512.282654,93,603.161474
465.145061,85,603.199654
645.983958,123,603.254479
649.480172,122,603.308166
433.936597,79,603.341749
423.849672,78,603.375257
636.138455,125,603.429744
529.453963,106,603.91731
553.727072,103,603.963751
904.075994,175,604.040576
598.427306,114,604.090692
516.988955,105,604.136282
646.982679,123,604.192243
899.90731,173,604.269178
469.848473,90,604.308525
485.892236,100,604.355207
537.208436,98,604.399603
528.202696,102,604.445732
396.969372,73,604.478718
957.6419,189,604.564276
469.267675,89,604.604295
592.903871,113,604.654613
453.176894,83,604.691465
487.640903,90,604.73264
545.531136,100,604.776633
992.490294,182,605.382663
508.211341,100,605.427674
528.671688,100,605.474922
668.39309,132,605.536104
645.404592,118,605.589554
423.781987,83,605.625903
505.434939,93,605.667154
493.972957,92,605.708017
434.834844,89,605.747334
524.989262,98,605.793932
544.973902,112,605.844102
733.29628,132,605.902059
480.30478,98,605.94497
485.239488,97,605.986797
737.969907,139,606.048186
558.092429,103,606.093513
619.507916,131,606.153603
617.44764,116,606.207402
393.517025,81,606.243764
685.100177,136,607.277089
705.299873,130,607.337978
591.467334,120,607.39203
480.59651,99,607.43614
543.542634,112,607.489303
516.784817,97,607.532938
381.875454,74,607.565388
578.388589,111,607.614935
486.742237,92,607.656829
432.654654,87,607.695843
406.257072,82,607.73334
597.889151,110,607.783944
476.861103,93,607.826237
423.072223,81,607.862451
662.864722,120,607.92114
533.964258,98,607.964654
673.948291,139,608.028764
454.223946,85,608.068022
557.00368,104,608.114834
484.959667,94,608.156554
610.135257,110,609.037364
544.128239,100,609.085914
438.515362,81,609.123362
424.905126,83,609.160424
475.32291,88,609.20045
616.298425,113,609.25175
564.18719,104,609.299416
499.626574,94,609.341053
831.685572,148,609.406838
466.119727,95,609.449538
825.60479,156,609.519502
394.610138,84,609.556162
578.703474,113,609.60581
360.523376,68,609.635804
708.908247,139,609.697905
561.562753,111,609.748459
593.954296,108,609.795949
456.01461,86,609.834916
598.078364,114,609.88666
571.908684,104,610.660283
456.23249,84,610.704779
494.84211,90,610.745289
662.363041,129,610.803042
484.859537,94,610.845391
546.627221,99,610.88958
513.974156,94,610.931592
561.620384,108,610.980456
624.440405,116,611.031942
491.468025,94,611.073982
553.677715,111,611.127704
436.251421,80,611.165506
682.498334,136,611.227337
661.801623,130,611.286398
514.245224,99,611.331035
420.643035,84,611.368248
544.593828,105,611.415001
564.198809,103,611.46048
583.432295,104,611.507785
676.484744,129,611.566431
482.152956,101,612.496577
529.210554,103,612.543802
705.067404,138,612.607601
634.39323,121,612.667966
578.61415,121,612.724192
586.784522,114,612.775494
451.407138,84,612.813708
751.124987,135,612.873548
663.115204,127,612.928451
507.620045,94,612.969885
727.932637,139,613.031747
428.422642,81,613.066678
392.764358,81,613.102146
628.506107,113,613.154495
415.289619,86,613.192274
398.817464,74,613.224825
488.618258,92,613.265339
595.294108,110,613.314919
686.005144,126,613.373246
446.949721,89,614.421858
481.694066,88,614.46102
476.624386,95,614.505009
477.630177,91,614.5461
484.858254,91,614.588203
448.828046,84,614.627254
463.421993,86,614.665361
463.363114,84,614.704194
535.950837,102,614.750558
473.238482,99,614.797676
688.002856,127,614.856613
439.974874,90,614.901051
440.150325,83,614.94012
927.109981,166,615.016272
578.431797,105,615.064372
425.494336,84,615.103862
485.680612,89,615.144126
606.147433,112,615.194967
645.733477,120,615.249889
445.091611,83,615.287607
399.146107,75,615.321676
677.388759,126,616.394081
476.096966,96,616.438
406.792069,80,616.475585
717.923314,133,616.538269
483.392694,95,616.581294
371.945027,82,616.620187
410.556204,91,616.661838
771.706832,142,616.724849
388.153484,76,616.759181
528.08513,106,616.807081
510.259882,95,616.850074
531.395694,106,616.898678
549.152378,98,616.942635
866.259602,156,617.014088
503.711865,100,617.060822
493.774792,94,617.102615
982.295452,190,617.191726
423.893003,80,617.228087
412.036858,78,617.262575
517.603797,104,618.777101
499.930843,93,618.826059
524.288006,96,618.869424
423.853255,83,618.906486
573.034859,105,618.953597
613.781285,113,619.005092
465.10912,86,619.043912
552.379092,105,619.090652
635.628175,118,619.144513
699.839731,144,619.211811
567.378749,106,619.258917
817.376407,146,619.325369
510.708508,108,619.372964
645.779591,119,619.427246
392.60078,72,619.459136
556.306785,112,619.50988
518.208774,94,619.552002
419.904826,88,619.592902
580.60752,124,619.648747
730.041149,136,620.971334
399.269245,74,621.004336
595.482789,117,621.073488
524.66081,107,621.122951
805.600245,163,621.199405
559.571713,101,621.244668
459.337577,85,621.284887
490.829057,91,621.326722
485.129864,101,621.372747
549.069316,99,621.417801
484.546928,94,621.46061
461.212929,92,621.501621
521.189061,106,621.549418
516.932486,99,621.595483
601.172423,116,621.647181
467.238769,96,621.69034
427.990502,79,621.725341
888.026376,161,621.799936
572.285342,106,621.846949
468.097178,85,621.885827
455.643028,95,622.89814
392.875158,78,622.93786
579.785231,119,622.994072
614.484073,118,623.049533
534.349438,106,623.095715
432.233918,92,623.137716
476.557645,90,623.178854
661.143526,125,623.236139
379.010244,72,623.268691
508.856897,102,623.313565
334.63081,64,623.341856
387.709382,72,623.374634
556.851656,107,623.423951
610.575206,128,623.482457
397.574009,85,623.518957
421.798924,78,623.554487
541.743263,109,623.6045
649.86703,119,623.658597
791.771348,146,623.724562
493.306778,90,623.76553
410.031468,76,623.801128
751.318707,138,624.700056
538.426127,98,624.743593
530.766046,97,624.786467
606.417793,116,624.837295
543.716662,105,624.883875
635.943405,118,624.937361
604.125203,112,624.987992
680.203338,126,625.043188
409.370118,75,625.0766
614.001901,128,625.134388
409.980025,81,625.170195
523.216242,97,625.212783
402.76278,75,625.246474
504.028996,96,625.288398
448.146006,83,625.325356
565.638178,111,625.375301
426.161058,79,625.410873
765.796659,139,625.473604
641.181391,120,625.52833
548.03412,102,627.386863
551.649946,109,627.444638
491.160413,94,627.48838
514.700669,97,627.533541
710.456888,134,627.596933
414.168935,85,627.635522
760.337757,143,627.702705
588.195635,112,627.7529
495.820368,90,627.793155
398.989816,83,627.830269
729.229705,133,627.892211
497.143479,93,627.937377
663.599807,128,627.997695
467.22307,86,628.036992
484.431508,96,628.081806
592.749458,108,628.131714
656.373433,132,628.191074
578.120437,105,628.239395
737.18569,135,628.299035
443.620184,93,629.672497
650.93314,132,629.739004
422.615307,79,629.778871
446.034832,84,629.816033
490.994459,91,629.856448
617.876412,114,629.90696
518.72079,96,629.950274
724.638072,130,630.009657
641.566997,117,630.061509
444.783876,81,630.097842
574.676498,110,630.146052
744.595158,140,630.20848
571.616232,108,630.257162
770.533428,153,630.326445
636.511309,137,630.388209
515.640841,94,630.431409
507.009494,98,630.476111
400.235257,84,630.514084
588.967001,107,630.563387
606.220719,115,631.824911
528.332605,110,631.878347
475.93412,87,631.919472
572.631429,109,631.986631
578.598061,105,632.033143
715.253701,133,632.09763
300.337688,61,632.12467
627.731656,118,632.179501
572.460253,105,632.227803
532.230115,101,632.274945
528.480388,109,632.322419
733.884649,136,632.382423
504.279961,99,632.426965
540.795337,100,632.472229
354.83762,78,632.507447
936.454598,180,632.591811
554.969186,104,632.639145
792.759651,154,632.70851
357.170427,74,632.741464
396.189203,74,633.464485
470.550677,87,633.508657
740.786773,136,633.572488
426.607285,80,633.608766
584.276733,109,633.657786
536.675755,106,633.705374
510.863277,99,633.750182
531.485615,105,633.79685
671.136758,130,633.856044
457.001502,87,633.894691
516.696946,95,633.936396
626.318943,127,633.993627
664.884926,122,634.048823
601.085142,115,634.100557
471.221077,96,634.144313
453.41391,85,634.18269
645.177298,118,634.236459
534.270412,101,634.283057
540.057682,98,634.327012
676.908666,126,634.382874
532.819344,103,634.899335
491.882784,98,634.943611
490.393078,94,634.985016
438.635038,81,635.021038
432.305339,79,635.055576
571.390743,118,635.11118
567.455363,115,635.163539
366.675566,73,635.196002
386.029877,83,635.232717
406.946763,75,635.265905
423.514015,85,635.303801
428.688947,89,635.3447
608.979151,112,635.394647
451.141761,91,635.435699
401.456782,85,635.475628
518.864557,95,635.517722
525.955048,104,635.565143
522.544947,106,635.612139
558.513493,120,635.665688
342.284135,65,635.693725
490.134672,95,635.736339
437.389726,84,636.23231
453.94376,84,636.270057
575.691894,105,636.317965
427.388213,80,636.354625
589.87957,114,636.405833
504.397867,94,636.448469
495.237668,94,636.490243
520.085989,97,636.533334
474.135409,88,636.573409
489.567579,93,636.615537
680.475317,125,636.672093
739.464824,148,636.739524
442.51093,85,636.776031
533.708693,107,636.825046
448.103405,82,636.86206
776.81049,142,636.925235
557.269431,107,636.974392
494.057212,91,637.014285
403.395141,76,637.048812
518.923726,94,637.09137
568.895949,112,637.142313
508.327647,92,637.630456
394.678219,75,637.664228
481.604787,97,637.708683
510.9463,96,637.751643
408.134829,76,637.786492
523.36527,96,637.830551
679.497583,132,637.890007
565.197812,118,637.944274
411.639535,77,637.978778
456.531464,89,638.019231
369.335076,75,638.053839
697.24483,134,638.113933
534.140139,104,638.1597
629.002607,114,638.209483
655.520917,136,638.269984
454.734185,84,638.308648
568.560792,108,638.356286
467.511875,86,638.394446
563.569545,110,638.444307
614.917539,112,638.493741
498.700816,92,638.983406
484.421834,89,639.024776
368.566914,69,639.056548
477.903068,89,639.09718
691.800692,129,639.155316
575.582281,110,639.207112
647.078616,120,639.263571
702.827327,127,639.322926
559.211734,102,639.371024
441.363139,86,639.409703
633.00651,122,639.466339
645.436605,116,639.519108
561.816872,108,639.569598
497.00999,92,639.612198
661.280372,121,639.669464
493.741919,95,639.714581
396.783006,80,639.750028
538.439276,105,639.799459
731.709377,150,639.8679
454.995604,85,639.907221
543.009317,109,640.710348
560.047413,109,640.763913
512.506666,99,640.812316
334.115914,63,640.83982
441.431983,86,640.877378
679.150222,125,640.934012
366.794868,68,640.965941
627.815311,119,641.019318
580.328535,108,641.066398
442.875262,84,641.103661
571.162219,108,641.152357
545.091472,99,641.198946
584.499582,105,641.246559
383.678532,72,641.278917
548.013667,105,641.328023
583.491716,107,641.380177
490.577198,90,641.42398
471.25835,90,641.468777
576.053605,106,641.520425
1062.923475,210,641.622962
447.284198,85,642.290121
607.385097,111,642.350346
463.912872,84,642.389105
400.446555,87,642.428365
470.475164,87,642.467574
584.766197,112,642.519614
495.063645,95,642.560821
553.224167,100,642.606473
648.324448,118,642.659904
586.274383,108,642.708672
503.81686,92,642.751877
584.959249,109,642.801678
406.758862,75,642.836419
489.328938,92,642.880382
463.901986,85,642.918002
536.034739,99,642.963863
466.71241,88,643.003679
612.146665,121,643.059246
611.518593,120,643.115227
414.511559,77,643.150829
338.292116,70,643.183017
475.56939,90,643.677249
457.164049,83,643.714936
566.079407,109,643.764519
691.373515,126,643.821175
456.574476,99,643.866548
520.283603,105,643.91315
416.702813,77,643.946532
436.532211,88,643.985639
603.874225,117,644.036506
632.730894,118,644.089624
558.220078,108,644.147146
452.796844,91,644.186658
495.451416,95,644.230236
563.611699,114,644.281022
545.068806,103,644.326336
523.557963,101,644.371668
510.470028,90,644.410551
555.983486,104,644.455921
507.95993,92,644.496385
747.145571,151,644.564971
377.911933,74,645.056503
447.529216,95,645.099301
421.951166,78,645.133966
540.338104,98,645.175903
462.689032,102,645.22422
657.192293,122,645.277731
619.522881,124,645.333109
511.949461,102,645.380015
523.119094,96,645.422041
489.995143,91,645.462806
558.056799,112,645.513076
504.54275,107,645.559921
605.705088,115,645.611212
671.293052,122,645.66613
681.687655,127,645.723367
749.401364,137,645.783988
437.457278,81,645.819908
544.252169,103,645.864636
591.474448,108,645.913618
607.883878,112,646.439619
446.408152,92,646.481011
564.346712,103,646.527007
403.659952,78,646.560194
409.603938,78,646.594531
790.111268,146,646.660582
665.773452,126,646.717901
491.345641,100,646.761766
470.036965,92,646.80243
560.505114,106,646.849744
372.862607,80,646.884208
698.36999,133,646.942689
527.951878,101,646.988781
513.072031,95,647.030775
590.186238,106,647.076735
468.256416,98,647.119516
535.114967,102,647.164392
654.534168,120,647.218343
707.863878,133,647.277721
475.90093,87,647.315207
385.111458,72,647.793487
543.556828,103,647.838015
542.049696,107,647.883754
417.805045,77,647.918249
649.29645,123,647.975655
455.00488,92,648.015837
393.099988,85,648.053479
457.601498,93,648.095996
430.718402,80,648.131512
506.968818,103,648.176971
781.295877,144,648.241574
603.538628,112,648.29055
552.317528,117,648.342956
533.542132,102,648.38827
727.220671,133,648.446946
467.057602,87,648.484841
588.790338,108,648.532596
828.331926,153,648.60085
633.330978,118,648.653953
450.440092,88,649.755152
428.985515,78,649.792878
375.731094,69,649.82279
402.963766,76,649.856999
463.999079,86,649.895395
423.496378,81,649.932405
405.656037,75,649.966861
407.029904,76,650.001081
731.292106,131,650.060503
388.658099,71,650.091977
556.228988,102,650.137301
634.934357,127,650.196889
488.156391,91,650.23952
431.948266,84,650.279405
719.551526,134,650.341329
478.451636,87,650.380108
636.97965,121,650.435192
677.786195,123,650.490754
531.058818,110,650.539366
428.536523,85,650.577194
596.781758,112,650.62839
458.234454,84,650.665921
509.546521,93,651.178537
543.677987,107,651.227673
474.934035,89,651.266927
421.33449,81,651.304518
404.255275,80,651.339487
717.295437,136,651.403279
459.404872,85,651.440933
609.475764,113,651.490329
347.702245,64,651.518472
553.282035,111,651.571289
459.360316,96,651.613626
601.05059,117,651.663834
632.933026,115,651.715716
521.880986,97,651.759638
541.777347,109,651.807986
535.397028,105,651.853504
400.003148,81,651.89076
594.288758,109,651.940342
613.264234,118,651.992879
376.31603,73,652.026745
548.631962,107,652.07419
584.186042,123,652.579248
436.52365,86,652.618384
469.79243,86,652.656253
623.121697,112,652.706485
585.213401,110,652.756119
506.798116,92,652.796128
583.442349,106,652.84311
497.427377,101,652.888078
373.202949,69,652.918056
413.284113,77,652.951903
473.908121,97,652.995204
432.274921,80,653.030462
498.512353,101,653.075279
628.227642,116,653.126342
470.05943,88,653.166335
422.671054,80,653.201769
468.366842,89,653.241479
424.479044,76,653.27451
449.153004,89,653.315745
655.710787,122,653.370904
464.571708,86,653.408488
563.23833,104,653.939321
443.686348,82,653.97678
436.954364,90,654.015359
688.421736,134,654.075554
579.683445,117,654.129267
599.484226,109,654.177529
641.769244,115,654.228919
587.788649,105,654.276073
399.713398,85,654.312103
443.811131,88,654.351489
442.962444,86,654.389879
421.448472,82,654.42794
492.560974,92,654.468509
443.723336,89,654.50722
563.985363,109,654.556549
434.668313,81,654.592608
590.942607,109,654.64069
607.891362,112,654.691293
782.072169,142,654.755273
414.67026,89,654.796009
478.847601,87,654.834312
374.571047,71,655.379267
716.141068,129,655.437252
411.713237,77,655.470325
395.683124,72,655.502357
689.597276,125,655.557706
671.997302,128,655.616019
595.115674,111,655.666273
575.578239,108,655.713898
486.047246,100,655.759387
485.984189,98,655.801333
592.023419,108,655.850303
568.960683,110,655.900316
684.668433,130,655.958472
626.939397,115,656.009235
581.457373,111,656.059283
485.879407,92,656.099648
780.301343,165,656.174208
579.563522,105,656.220463
494.692701,92,656.260152
432.415673,83,656.768015
519.481423,97,656.812562
663.216688,121,656.868007
422.681135,78,656.903243
884.918697,162,656.976572
443.028185,82,657.013885
687.961987,123,657.067721
550.268496,100,657.111427
500.709242,107,657.159922
478.605984,87,657.198867
587.727222,124,657.251967
511.188814,103,657.29884
417.132566,84,657.335127
451.060423,96,657.377577
530.996307,96,657.420713
535.095399,99,657.466346
392.998925,83,657.502839
525.032487,100,657.547477
638.797976,121,657.603124
466.689524,87,657.642614
461.307921,84,658.165203
463.107773,84,658.203053
486.01106,88,658.242125
497.927524,99,658.286291
597.717163,111,658.335802
652.948503,120,658.38934
432.25882,80,658.424414
762.363333,145,658.490054
573.767537,105,658.540917
408.409807,76,658.574465
462.448761,88,658.612367
441.705033,91,658.652193
523.655216,99,658.697859
422.874419,78,658.734715
527.871347,100,658.781035
463.853229,98,658.823355
605.999891,110,658.871135
697.720368,131,658.928735
613.079281,113,658.980341
557.145446,110,659.030116
498.173239,96,659.818645
427.915599,86,659.859694
478.995055,88,659.901656
520.667867,106,659.951534
481.691689,91,659.992429
564.126315,113,660.042577
419.761394,78,660.078058
594.073069,109,660.126495
402.315913,86,660.163305
479.433104,89,660.20394
360.626796,76,660.237536
634.457955,123,660.290968
578.055552,116,660.343184
454.392723,86,660.382093
412.186295,82,660.4188
510.992193,110,660.466065
643.913897,121,660.519602
470.206807,85,660.557856
463.231457,87,660.596475
517.199324,108,660.644803
711.043185,134,660.704826
528.096682,109,661.212765
481.293035,90,661.253445
426.595664,86,661.290292
906.161493,183,661.377516
589.01146,110,661.428241
489.552028,94,661.472337
496.301599,93,661.513114
459.88148,86,661.551289
534.340026,99,661.596113
390.414017,72,661.62814
564.507666,106,661.675823
537.502975,99,661.719447
586.143044,114,661.769992
550.840811,102,661.815704
456.900792,85,661.852721
569.383667,107,661.899784
433.730309,92,661.940939
446.800251,93,661.983203
438.150719,89,662.021154
527.542597,97,662.063797
432.504929,79,662.099584
550.434055,115,662.616193
536.331366,106,662.662693
439.274313,87,662.702247
443.806893,82,662.73858
540.819656,106,662.786897
612.540323,112,662.836858
687.780284,127,662.893139
503.179153,94,662.935632
854.707867,158,663.007683
403.765125,85,663.04545
614.264228,111,663.095524
324.846319,62,663.12239
496.596526,97,663.165957
710.05008,137,663.226557
426.503351,88,663.26571
423.999755,79,663.300026
483.492701,98,663.343144
426.959423,83,663.380692
740.741653,143,663.442567
422.27766,78,663.477709
599.294705,116,664.006022
399.647837,80,664.04046
411.081808,82,664.076249
428.123612,85,664.114356
416.821406,85,664.151737
606.790711,110,664.201391
667.062821,122,664.256406
502.959293,92,664.297189
503.700719,92,664.337915
395.054659,83,664.376934
498.593591,98,664.42137
559.76577,107,664.471223
545.721373,109,664.521395
537.760254,107,664.569549
453.942265,82,664.608125
562.794321,107,664.654287
457.24716,88,664.693638
671.081112,124,664.749439
423.479279,87,664.788213
696.704699,127,664.845711
389.647164,73,665.45768
558.830746,105,665.50573
483.108687,90,665.546713
507.503028,101,665.592
895.530109,166,665.666122
414.946467,85,665.706061
439.917513,84,665.744314
354.928662,66,665.772588
470.206823,89,665.812216
643.607284,122,665.865728
785.696082,142,665.929312
515.714918,103,665.976053
664.56686,122,666.032392
450.517332,83,666.070365
843.266161,161,666.145201
447.712977,84,666.18353
571.105253,107,666.231657
473.170772,88,666.270838
616.253657,112,666.320249
497.079263,93,666.361547
559.712399,120,666.99358
589.02062,113,667.043713
435.854633,81,667.079883
505.092589,96,667.123196
470.436484,91,667.163438
501.776814,98,667.208007
375.320954,69,667.240186
409.337566,76,667.273518
690.315168,134,667.334882
547.735165,100,667.384281
393.283252,72,667.416371
782.406255,143,667.481294
474.227172,92,667.521966
407.399257,76,667.556247
813.190998,155,667.628982
372.36823,74,667.663566
558.440774,106,667.71137
758.272064,145,667.777526
414.6002,76,667.810783
586.261007,113,667.861864
708.643709,144,668.405212
507.703994,100,668.450029
376.945291,71,668.481356
793.952423,142,668.54544
472.894269,93,668.58875
431.85891,79,668.623736
725.478142,132,668.682265
541.178135,100,668.729275
440.558286,85,668.766875
488.2919,96,668.810833
451.903519,91,668.851305
455.992261,94,668.895185
428.525878,81,668.931277
341.818915,69,668.961662
445.032821,91,669.002238
474.848194,96,669.044868
525.519328,95,669.086596
699.010677,126,669.163491
572.277291,113,669.214529
677.486993,132,669.273573
544.678166,99,669.912866
465.119557,95,669.956063
320.25369,61,669.983624
625.242256,116,670.037402
333.30782,69,670.066671
924.162639,172,670.145102
678.596791,123,670.200747
526.33329,98,670.245464
587.623627,107,670.293969
619.530631,121,670.349194
485.777821,95,670.391209
495.700171,91,670.432479
411.428022,78,670.466514
714.657851,132,670.524984
779.332599,146,670.590548
534.689254,102,670.637104
746.613933,134,670.696624
950.778182,176,670.777907
669.636843,123,671.287356
435.599086,84,671.324534
479.707488,87,671.36464
450.29477,97,671.409794
530.817762,104,671.454846
537.258597,106,671.502983
516.942712,96,671.547364
533.065328,110,671.598351
382.662241,71,671.629447
529.380513,101,671.674975
355.967633,74,671.707824
537.041278,101,671.751606
598.109884,109,671.800374
570.81338,109,671.848185
401.424801,81,671.883359
596.430258,117,671.934896
539.570955,100,671.979805
442.372251,80,672.015079
594.275899,110,672.063881
453.316229,83,672.100938
702.262281,138,672.166733
583.551361,104,672.655082
506.229151,98,672.699944
312.20049,60,672.727589
389.2056,73,672.760174
537.692841,104,672.806972
582.464458,110,672.856951
449.627406,84,672.893841
729.2742,131,672.952729
547.112203,103,672.999535
525.383843,107,673.046725
673.717942,125,673.104237
423.024051,85,673.142426
420.616199,89,673.182393
522.890849,105,673.229342
415.13658,79,673.263525
583.572367,114,673.315097
752.1105,140,673.379284
543.562581,104,673.428216
565.229582,107,673.476451
435.835045,89,673.516122
591.815281,107,673.564935
550.021406,101,674.252182
455.600637,84,674.289415
367.251371,81,674.324271
546.856383,109,674.373713
589.625427,106,674.422636
343.732154,72,674.455251
504.054484,99,674.499057
611.019965,111,674.559724
655.774973,126,674.618148
296.389299,56,674.645225
477.989476,89,674.68565
321.998503,61,674.715005
807.502635,154,674.786184
562.333843,112,674.83684
576.044173,106,674.885375
663.784005,128,674.944787
414.300693,78,674.979043
348.468291,76,675.01387
796.92817,145,675.082886
365.461988,67,675.114305
481.738199,88,675.155366
465.504732,86,675.968096
538.016651,110,676.016973
385.536648,73,676.049683
648.731876,122,676.103514
430.042206,86,676.143215
554.365223,98,676.192602
548.310586,109,676.24225
386.100257,83,676.279418
758.829475,156,676.352264
551.478766,103,676.399862
544.011885,113,676.45165
805.676063,161,676.528883
642.513911,119,676.583388
479.505797,95,676.628087
720.319256,131,676.687986
512.711095,93,676.730274
681.815735,128,676.786636
497.331501,99,676.832045
466.840899,85,676.870581
517.444247,102,677.395899
560.39362,101,677.440981
447.883793,90,677.482323
372.244029,69,677.514104
526.434675,95,677.556212
701.705135,129,677.615215
513.370526,101,677.660003
511.108664,104,677.706002
639.437109,120,677.760217
601.973251,113,677.81064
413.698001,80,677.846304
639.636217,123,677.904984
728.367932,132,677.964247
508.884161,94,678.006912
614.343534,114,678.057589
538.336975,98,678.1016
645.850495,134,678.160652
498.02471,95,678.204583
471.343363,86,678.243864
479.978228,92,678.801131
461.385666,84,678.838785
447.556017,93,678.879437
799.738145,147,678.945519
437.924909,80,678.981431
492.278833,92,679.021772
544.664361,110,679.071288
381.670429,70,679.102464
503.394528,93,679.144546
442.834656,81,679.181602
592.327764,117,679.23393
498.397721,107,679.280801
496.211194,94,679.324633
520.510662,102,679.370575
514.656652,95,679.413503
459.673722,86,679.452498
519.020485,108,679.501134
397.956713,75,679.53476
316.342786,74,679.569963
446.07154,83,679.607997
401.628557,86,679.646525
490.582186,107,679.694855
480.923328,89,680.20906
709.581631,128,680.266918
760.903097,142,680.330427
619.516309,118,680.382632
570.104939,107,680.430985
550.916648,107,680.478839
589.341492,110,680.52803
624.323523,113,680.579302
692.510801,135,680.637516
466.450392,87,680.676269
354.566913,77,680.70996
812.5887,146,680.776047
467.950101,84,680.812893
566.155896,112,680.86357
465.536091,86,680.903058
747.572742,148,680.972161
652.597249,126,681.029807
418.371225,81,681.065742
628.718743,115,681.841108
770.586821,142,681.905622
608.584801,114,681.959866
704.098877,131,682.021205
540.987632,102,682.067173
650.917015,129,682.125439
590.995894,114,682.177553
580.877859,108,682.226611
394.119862,80,682.26202
576.378443,117,682.314686
531.459268,107,682.361384
636.075769,117,682.412228
512.715202,94,682.453532
357.403843,76,682.487562
572.347222,105,682.535722
333.459548,64,682.56401
546.244632,109,682.611888
397.26688,77,682.646406
434.342891,80,682.682527
526.358583,96,682.724782
557.390172,112,683.624601
633.513471,116,683.675845
556.045428,104,683.725425
554.978576,105,683.772674
537.665202,101,683.820147
471.322179,86,683.85824
508.897305,96,683.900083
486.407943,89,683.939934
524.26591,103,684.004787
459.454128,88,684.044504
453.037489,88,684.084357
472.491985,91,684.126132
553.872246,101,684.171059
430.305875,84,684.206696
420.233542,79,684.241707
435.432797,84,684.278458
446.844808,92,684.319185
490.720913,103,684.36445
619.827174,124,684.418869
542.324502,100,684.462019
608.947033,111,684.509426
747.650328,149,685.108433
392.212158,72,685.140644
516.832389,95,685.183574
452.623538,84,685.221205
657.222381,119,685.273594
517.422885,103,685.321295
428.390782,86,685.357902
515.208223,95,685.400356
518.529599,95,685.442816
709.563671,128,685.498544
537.116563,100,685.542303
390.480881,73,685.573891
563.766565,106,685.62153
516.79676,104,685.66633
743.459477,137,685.727106
860.575513,153,685.793341
541.200412,103,685.840055
437.511534,84,685.876905
484.139157,99,685.918642
683.775371,127,686.425855
776.641075,143,686.488275
620.569862,121,686.541391
674.0686,127,686.598109
495.270914,90,686.637599
485.530068,99,686.680602
564.56108,109,686.728095
674.800251,123,686.782513
560.28414,100,686.826852
327.580614,63,686.853539
337.450203,63,686.88106
444.544247,80,686.916611
664.8476,124,686.972395
496.31531,92,687.013698
571.317688,113,687.0624
576.506058,112,687.112841
359.691546,75,687.147042
541.572654,100,687.191578
419.611182,78,687.226315
514.007266,109,687.273362
545.106492,111,687.324622
337.147289,63,687.798572
795.455803,162,687.870711
415.300085,80,687.905578
471.138353,90,687.944781
437.042356,88,687.983359
554.074736,112,688.035228
613.937481,111,688.083887
652.953143,118,688.137064
439.587299,87,688.176041
425.111732,91,688.215397
571.996572,105,688.261092
387.707009,83,688.296835
820.590449,151,688.363991
405.446541,76,688.397985
639.173714,119,688.449898
423.407029,86,688.488759
417.92898,90,688.527473
316.696133,59,688.553127
479.371418,88,688.591408
384.749366,82,688.628477
579.782489,126,689.175516
532.420383,106,689.224327
596.036846,108,689.272962
476.867954,89,689.312254
509.280631,97,689.35609
477.288724,89,689.397589
507.737302,95,689.440332
400.678422,84,689.478153
499.30138,99,689.523366
549.415555,107,689.569746
556.174751,104,689.618165
785.537895,143,689.681373
648.320271,128,689.739316
495.190692,97,689.781082
558.295839,102,689.826379
589.055258,106,689.873759
411.657312,76,689.907647
620.504928,115,689.959251
430.79546,83,689.994849
513.752339,96,690.036261
558.11666,108,690.084042
429.652903,78,690.792025
392.852912,73,690.829275
537.160659,102,690.876885
574.498381,106,690.923721
383.832419,73,690.956381
467.750519,85,690.994188
373.950048,76,691.029912
425.783257,89,691.071025
414.299291,78,691.107578
564.512085,107,691.157244
676.054714,133,691.215977
831.914889,159,691.286155
686.384349,124,691.340656
611.052558,115,691.39199
792.45816,147,691.460825
489.202346,92,691.50034
735.910495,134,691.560155
504.652934,103,691.606335
520.494898,95,691.647986
515.795246,99,692.202857
715.039078,132,692.265981
557.58043,104,692.327813
606.094298,113,692.377964
455.784069,95,692.419799
529.375508,98,692.463716
545.561999,109,692.511079
562.70119,112,692.560423
528.624503,98,692.604252
573.181973,118,692.658714
591.003797,113,692.708304
599.918708,115,692.759371
521.216576,98,692.804542
497.555064,99,692.851294
339.173155,70,692.883216
471.604502,91,692.924069
728.420679,137,692.985381
398.777614,74,693.01909
770.27861,139,693.080838
536.380317,102,693.127139
415.12625,78,693.637477
569.890537,109,693.687027
481.150351,92,693.727835
481.580919,101,693.773531
666.676975,123,693.828319
294.930085,67,693.859764
743.92134,144,693.926468
582.961031,112,693.976053
505.994944,92,694.016354
831.319018,160,694.087536
487.002788,89,694.127133
762.959485,144,694.192245
539.284405,112,694.241888
545.477681,112,694.291531
409.786518,77,694.325887
557.284107,102,694.372018
544.905711,105,694.417765
550.083967,102,694.463867
642.450621,119,694.515801
599.673233,110,695.062657
594.866276,115,695.113362
677.806673,133,695.171648
653.730535,121,695.226486
575.862441,105,695.273195
775.005547,145,695.339983
643.314982,116,695.392566
589.853333,107,695.440796
628.135435,113,695.491933
500.015084,93,695.533917
418.032157,77,695.568007
487.35133,100,695.613633
535.416311,103,695.658424
349.086954,75,695.692006
481.766785,88,695.73082
383.886111,71,695.761963
534.586294,98,695.805959
512.36641,97,695.848442
437.42331,81,695.883795
491.870569,99,695.928092
535.009845,98,696.446669
555.805987,102,696.492389
746.029407,135,696.553336
358.184171,78,696.58808
618.440263,117,696.641113
474.641791,93,696.683839
355.392667,67,696.713338
646.20007,134,696.774069
421.723962,87,696.813864
519.765706,94,696.855625
458.584037,90,696.896109
592.920945,109,696.944434
579.233203,106,696.99224
612.129624,117,697.043183
533.968842,103,697.088029
674.506567,122,697.143112
423.623105,83,697.18049
491.50476,90,697.220435
628.936376,120,697.276175
530.570739,102,697.322025
834.992655,175,697.863636
452.915888,85,697.9017
459.495324,90,697.942385
547.428976,114,697.995302
553.596732,101,698.040218
547.133599,110,698.089951
439.401464,91,698.132076
498.885785,94,698.174917
473.264357,87,698.213366
536.836076,98,698.257361
581.903307,119,698.310681
781.864264,143,698.375645
475.733786,88,698.41628
394.645619,72,698.448006
524.192292,96,698.490084
731.40869,133,698.549792
595.720803,111,698.599217
546.611811,102,698.644842
535.6951,108,698.692504
563.460543,103,699.407763
490.613646,91,699.450533
601.336634,111,699.502706
619.052209,117,699.556762
651.369296,120,699.610779
1072.40427,206,699.703959
634.925153,127,699.761151
655.024217,124,699.816627
571.616869,105,699.86389
529.862794,110,699.9134
554.038401,116,699.964298
742.240631,145,700.02807
638.370019,125,700.083105
476.139969,89,700.122991
901.315358,165,700.197252
597.79894,114,700.248414
461.576318,91,700.28941
505.731677,95,700.793369
405.608069,83,700.829182
580.986667,106,700.876371
446.666959,91,700.914318
443.708766,85,700.951881
400.657548,82,700.987319
400.717219,78,701.02221
530.580543,97,701.06556
550.306042,105,701.113839
396.682651,81,701.150409
408.224872,85,701.187537
469.329501,101,701.232376
425.807247,84,701.270723
419.479128,79,701.306436
536.98652,102,701.351285
548.985728,107,701.39783
448.337076,82,701.433913
742.18642,136,701.493557
592.016286,110,701.541754
558.709888,104,701.587268
429.50624,87,701.626617
492.747234,103,701.670789
441.234393,81,702.148194
635.339289,119,702.201365
517.583076,107,702.249218
449.087975,83,702.286332
610.755001,113,702.337938
546.128824,106,702.386539
460.585265,86,702.426584
516.513836,106,702.475318
428.281931,88,702.517486
347.263956,65,702.546819
473.62148,95,702.591117
593.893582,111,702.640388
453.926005,85,702.679442
488.726076,106,702.727517
594.389047,110,702.775924
625.600721,121,702.832299
385.828922,73,702.864258
727.209324,134,702.924501
503.761663,96,702.96847
942.777672,191,703.530105
472.341043,94,703.579575
466.784038,87,703.618514
539.438684,99,703.664121
486.257104,91,703.705365
560.404228,106,703.753378
493.778651,93,703.795868
490.447329,100,703.841678
774.804618,143,703.920765
458.7978,93,703.9625
496.162872,91,704.003246
476.794941,97,704.045197
422.150172,91,704.087269
514.273603,98,704.132655
605.734874,110,704.182794
702.522108,127,704.239464
708.820066,132,704.297991
540.302331,119,704.352189
621.697583,117,704.404014
625.424702,125,704.459214
479.525759,88,704.977899
386.837747,82,705.014006
463.964384,90,705.05407
401.900441,83,705.091368
931.840574,173,705.170194
398.006097,74,705.202081
511.419544,103,705.247042
439.5743,92,705.287029
490.144295,90,705.327621
513.72129,99,705.372683
575.193164,105,705.420584
658.39456,125,705.479651
455.615023,84,705.518453
438.982187,89,705.557152
448.097146,82,705.593982
516.317716,101,705.640173
747.453911,145,705.706528
443.911945,82,705.744267
611.500209,113,705.79505
603.602884,115,705.845796
359.193518,79,706.357017
480.618909,89,706.397771
624.947599,130,706.456504
602.62862,120,706.510834
581.318822,106,706.557107
537.253423,98,706.599962
572.497831,110,706.649023
435.298274,86,706.686259
630.264938,118,706.739627
1014.021548,183,706.821423
765.730594,140,706.88623
612.880207,115,706.937899
457.916534,84,706.974535
525.371577,96,707.016714
701.536576,129,707.076696
727.928146,135,707.137311
537.061307,117,707.188413
436.386075,92,707.229362
558.915193,103,707.859306
1089.411572,208,707.958195
556.161389,103,708.0055
656.059491,124,708.062796
538.493259,109,708.112602
667.9485,126,708.169187
464.525958,85,708.206062
576.106662,113,708.255262
476.254469,92,708.295683
876.379332,166,708.372684
404.929633,75,708.406466
409.014401,77,708.440664
808.980169,151,708.508216
358.52913,75,708.541613
487.357554,92,708.582222
535.287445,100,708.62599
526.196096,102,708.672792
388.229638,80,708.707851
396.721504,83,708.745239
564.345761,105,709.39035
637.198594,123,709.449725
340.464494,64,709.478753
723.142408,129,709.535706
531.798816,97,709.57762
542.054058,107,709.622502
643.272128,118,709.674174
479.928399,93,709.714468
730.014822,143,709.777206
436.205396,87,709.816318
958.405049,170,709.893981
725.209449,132,709.953269
504.732316,92,709.992968
491.622412,90,710.032025
712.016829,130,710.088219
522.337027,101,710.132407
474.099685,95,710.173473
723.1608,131,710.231235
781.108543,145,710.829536
520.151536,110,710.885507
563.528518,106,710.931871
617.842482,118,710.984073
553.698397,103,711.030753
873.647728,160,711.103331
432.439717,80,711.139136
516.389097,98,711.183518
615.592037,119,711.237163
513.484565,97,711.281379
315.971537,68,711.311074
462.324384,89,711.350299
424.383238,80,711.386039
643.020599,123,711.440922
646.997526,122,711.495687
583.347977,115,711.547403
517.895831,108,711.595023
413.681465,76,711.627521
559.564449,104,711.673832
549.414558,105,711.71979
625.40861,124,712.415784
395.405829,78,712.463468
571.585619,104,712.509248
764.940392,142,712.573678
480.646023,95,712.616938
686.464705,137,712.679463
460.607475,90,712.718578
517.856466,98,712.76286
495.056637,95,712.804049
660.756384,127,712.86129
521.658345,95,712.903082
518.385997,95,712.94625
600.930607,113,712.996827
423.359781,88,713.038187
461.50712,92,713.08107
398.314127,75,713.114529
518.610322,98,713.157611
524.33439,96,713.199896
468.86699,88,713.239478
627.334947,114,713.289174
599.820325,111,713.816759
563.525201,112,713.867673
478.09647,91,713.910644
541.354402,100,713.955449
551.167642,117,714.00834
357.043265,68,714.039429
444.816825,86,714.076718
664.506336,134,714.137157
420.24114,77,714.171699
516.708969,93,714.212669
604.141875,115,714.263505
539.391272,101,714.308851
533.057982,109,714.358894
515.330468,105,714.409521
635.677757,119,714.465721
428.900838,87,714.50454
639.800357,117,714.555766
312.934554,59,714.582115
565.38841,108,714.630668
558.731364,110,714.682935
484.668607,90,715.377341
507.430394,97,715.422614
577.576788,107,715.471478
469.28409,92,715.513937
619.101287,121,715.5713
501.243785,91,715.612465
338.330252,68,715.641811
577.538776,105,715.690866
501.833477,95,715.734152
435.941137,80,715.769769
472.119957,89,715.808377
449.790758,86,715.847785
470.86039,96,715.88903
411.752628,80,715.925215
411.682288,83,715.963466
576.545452,105,716.01055
622.260238,119,716.061733
687.548943,129,716.117963
451.0288,84,716.155033
604.405032,116,716.207225
409.560357,81,716.242652
422.47839,84,716.279255
946.986207,172,716.86843
539.727585,99,716.911742
798.754225,152,716.978897
390.852622,74,717.01151
486.651866,90,717.051584
487.052881,89,717.091459
514.861246,95,717.134549
509.283213,93,717.174463
488.151751,98,717.217118
571.530664,104,717.262299
464.314253,84,717.298813
494.256261,100,717.341876
748.567509,138,717.402184
357.947548,68,717.4331
396.431037,80,717.468471
564.094078,112,717.518007
456.281319,94,717.558789
318.038241,61,717.585542
491.777032,90,717.626664
697.634527,135,717.687995
581.462764,106,718.29282
612.371587,117,718.347166
500.520344,93,718.389314
468.848985,99,718.434317
605.192552,115,718.483949
411.660999,84,718.521287
520.823851,102,718.565923
674.212891,135,718.624977
1028.805809,186,718.70802
628.942628,126,718.762618
703.762394,129,718.820547
474.306385,90,718.860518
517.563199,100,718.902867
543.621178,106,718.950246
527.495916,101,718.99492
630.725075,124,719.051082
483.001049,96,719.095092
649.481264,120,719.149727
558.907916,118,719.685836
412.473939,77,719.720792
839.866813,156,719.790366
502.636116,100,719.835426
641.825877,123,719.891724
607.212621,119,719.945287
1119.330801,209,720.035424
488.031878,90,720.075253
350.960936,70,720.10613
501.460579,97,720.150461
548.562535,100,720.195488
631.359387,118,720.247935
614.39648,121,720.301432
453.099406,90,720.340474
442.637704,84,720.376808
604.658981,111,720.425516
439.406145,88,720.463845
499.879187,96,720.505493
565.384572,107,720.551753
647.37061,124,721.27711
690.27369,132,721.337595
587.232771,110,721.386994
525.69243,98,721.430352
457.68906,88,721.469949
434.302117,85,721.509211
445.488171,88,721.548826
505.421032,101,721.594898
639.186785,120,721.648028
604.948008,117,721.700272
546.84121,100,721.744359
545.269082,104,721.791329
645.91725,126,721.846918
504.163552,101,721.89406
680.617966,129,721.953836
470.225661,87,721.99314
396.24652,82,722.031266
567.676232,114,722.082023
520.112823,110,722.132578
593.793788,113,722.779364
639.100404,114,722.82913
600.447356,112,722.8789
538.325055,97,722.921817
658.381649,123,722.977966
651.08426,123,723.034376
357.315931,67,723.06328
699.706631,134,723.12341
477.575912,94,723.16481
481.151075,89,723.204972
763.717815,147,723.271689
663.532783,126,723.327622
486.388593,90,723.367576
504.024947,91,723.408738
660.847726,119,723.461559
503.25004,93,723.503535
649.516101,125,723.559596
447.033982,87,723.597165
512.298033,96,723.639181
678.428598,126,724.238947
364.883149,74,724.271165
387.292016,73,724.303158
382.697041,71,724.334459
392.827559,89,724.376024
614.867806,126,724.431519
645.348424,118,724.48261
547.717576,108,724.531049
537.519137,110,724.581287
781.938028,142,724.643627
426.404833,82,724.680372
732.255805,138,724.742186
525.943131,99,724.786873
461.575237,85,724.824807
560.379336,103,724.870925
867.462594,176,724.949219
580.391085,106,724.996322
669.101026,121,725.05161
483.130643,97,725.09527
609.285461,133,725.674668
576.90121,110,725.724347
391.33336,78,725.758786
567.964665,109,725.806951
514.26861,104,725.853881
429.27771,89,725.894377
403.605968,78,725.929579
533.967362,104,725.976011
556.788995,104,726.022175
548.242747,99,726.067263
499.03803,101,726.11071
506.185517,99,726.154969
752.78856,137,726.215999
343.842971,71,726.247193
394.653117,75,726.28066
574.613045,109,726.328658
744.974839,135,726.386033
525.546748,99,726.430341
505.900828,101,726.477805
428.502521,81,726.516294
481.532968,100,727.067345
527.406963,97,727.111804
560.034127,105,727.159688
415.942727,87,727.199525
665.299425,124,727.255389
560.555317,116,727.306511
598.496146,112,727.360469
764.92614,141,727.424
497.576986,93,727.465357
425.358559,80,727.500843
384.778586,74,727.533855
897.259899,164,727.606304
449.921408,82,727.642273
446.955983,82,727.678281
360.909372,75,727.713338
616.67433,116,727.763501
610.556668,122,727.817672
636.066984,117,727.869083
713.536436,136,727.931318
623.933108,120,728.447019
528.189716,96,728.488974
406.710989,76,728.522776
638.56248,126,728.581421
530.655453,101,728.626306
500.205292,101,728.671922
1071.898814,230,728.775735
434.613183,92,728.817963
418.772908,77,728.852057
578.725796,105,728.897894
568.211745,105,728.944463
544.116553,103,728.990585
388.056146,78,729.024916
665.773848,133,729.083806
550.051092,101,729.128679
505.159923,93,729.169865
602.467962,115,729.222439
579.563779,120,729.277405
736.366504,132,729.334806
590.464249,119,729.858766
582.385606,109,729.908141
588.936974,112,729.95932
577.069331,109,730.007991
805.185802,148,730.073847
596.725338,112,730.122797
631.578696,114,730.17205
722.913418,137,730.23165
681.208647,132,730.289827
532.890361,104,730.334373
479.379103,92,730.37471
811.427148,149,730.441946
425.021036,84,730.4786
549.177849,103,730.524189
411.4482,75,730.556606
516.589483,94,730.598587
589.918825,111,730.645686
354.066935,66,730.673975
793.169505,157,731.210351
379.1899,79,731.246391
502.405238,93,731.288073
422.98376,84,731.324466
526.904766,98,731.367629
511.782382,96,731.409316
547.872568,114,731.459824
463.027426,85,731.497518
511.68495,93,731.540002
640.169969,123,731.593983
503.732883,97,731.635588
795.103652,148,731.700654
549.945902,107,731.747861
444.087418,88,731.786955
525.007295,96,731.829534
526.237561,101,731.875715
781.404067,151,731.941851
699.21514,129,732.000075
646.160654,121,732.055218
619.593772,111,732.103564
667.39206,123,732.672545
369.153082,70,732.703099
556.977689,105,732.749222
663.031571,124,732.804891
352.748131,65,732.833707
471.883757,96,732.876332
726.922305,133,732.936103
610.487613,109,732.986376
518.403217,95,733.028862
276.39461,53,733.053003
432.125757,80,733.088338
538.250911,106,733.135719
527.761888,104,733.182921
419.369257,84,733.219328
648.163984,131,733.276234
518.254185,101,733.321065
574.68292,110,733.367773
494.794624,93,733.408924
412.017386,83,733.444921
509.777108,92,733.484156
458.03238,84,733.520292
471.674413,91,734.008698
457.070574,93,734.049568
605.560829,115,734.101554
479.980099,88,734.141449
550.810722,110,734.1898
434.800361,81,734.224725
400.10642,77,734.259986
497.439147,97,734.303162
556.740197,125,734.35975
619.430748,117,734.41118
710.259039,139,734.476025
621.627286,111,734.524531
601.735812,111,734.573847
352.687475,73,734.60733
490.226841,89,734.646024
653.075062,120,734.698934
402.85739,85,734.735747
552.870809,108,734.784015
484.407524,89,734.824637
738.08324,140,734.888188
548.818141,103,735.41945
586.636679,121,735.4745
522.794346,107,735.523754
701.795953,127,735.581076
373.949959,74,735.613251
470.231735,89,735.653469
787.620594,142,735.71534
564.577422,104,735.761013
611.912916,131,735.81811
494.151025,91,735.857495
456.677453,85,735.89652
604.386158,122,735.951258
389.661283,81,735.986346
521.743451,96,736.030056
508.156527,94,736.071948
667.807774,125,736.127592
490.268873,94,736.169336
474.069555,94,736.210401
492.424103,91,736.249945
1123.353246,206,736.815336
451.41872,84,736.856112
517.474914,94,736.89885
433.195944,87,736.939229
424.674267,85,736.978716
528.411844,98,737.023443
532.205989,98,737.067141
473.445047,97,737.109931
685.912031,126,737.167087
465.78521,85,737.205737
456.057793,85,737.241473
488.940794,98,737.285254
668.162104,129,737.3403
577.180721,109,737.3891
586.504711,106,737.436133
633.769194,122,737.489305
662.478672,129,737.546535
590.135727,113,737.5976
1186.591267,210,738.325314
662.12979,135,738.385956
409.346162,78,738.42049
484.569396,99,738.465228
470.007755,90,738.506806
481.667036,100,738.551445
400.848704,75,738.589992
577.524931,107,738.637273
530.380062,99,738.681117
837.980113,151,738.747772
584.57871,107,738.794766
606.735384,126,738.850983
444.829481,83,738.887364
340.014278,64,738.916749
508.604912,94,738.958636
505.16686,93,739.000178
735.263803,143,739.065459
405.768309,76,739.097762
644.866775,123,739.151401
553.34221,102,739.195878
519.737717,106,739.740386
476.858444,87,739.779676
590.937616,111,739.827288
623.732135,125,739.881675
596.076821,113,739.930497
584.061534,111,739.979025
749.304651,145,740.042809
492.015886,90,740.081898
656.946618,118,740.13366
535.540317,97,740.176164
727.212066,133,740.23641
725.305251,137,740.299833
555.985124,110,740.348919
653.633837,119,740.402083
454.738316,83,740.438955
900.563357,163,740.509818
596.373609,113,740.559095
492.15031,97,740.602121
531.721888,96,741.166341
636.326828,119,741.219538
505.906783,94,741.261457
487.18851,92,741.302058
676.531531,128,741.35849
777.899264,144,741.421924
493.941731,96,741.465569
370.091713,70,741.496257
482.13644,93,741.537601
639.995853,117,741.589803
613.300509,118,741.641314
678.963734,127,741.699478
511.413485,104,741.745691
554.842665,107,741.791917
593.993581,113,741.841477
502.920115,101,741.885828
438.730496,93,741.925949
399.576955,81,741.962263
538.945828,102,742.008343
478.652963,89,742.04755
315.971767,65,742.553864
650.778181,119,742.607268
538.897553,116,742.660439
762.369498,138,742.722298
770.07833,143,742.785367
422.794533,81,742.822146
363.85476,67,742.851374
516.689175,100,742.89679
373.398228,79,742.93226
431.420108,81,742.968926
503.534427,91,743.009992
711.239452,135,743.072794
582.678813,108,743.119766
549.812671,111,743.168837
503.339714,95,743.21073
460.478588,94,743.251241
609.105035,115,743.301757
604.475948,121,743.355292
639.997396,123,743.409468
532.378181,98,743.45345
604.813123,119,743.984051
797.758194,147,744.050942
401.572339,75,744.085092
915.041836,182,744.166608
461.593711,89,744.206721
577.497974,106,744.253872
671.902137,129,744.311129
654.091952,123,744.365364
545.250817,111,744.4136
652.701179,125,744.468531
508.393597,101,744.513098
832.792689,154,744.583132
846.217902,153,744.651708
578.493057,117,744.701718
411.445591,79,744.736049
909.948595,176,744.815589
478.094896,88,745.321281
468.779925,87,745.360691
442.064847,82,745.399074
495.103834,95,745.4411
390.339222,70,745.472495
498.107624,95,745.514384
637.990133,126,745.571004
726.753258,134,745.629259
493.104442,90,745.669394
590.855048,108,745.717306
1048.704264,197,745.804315
483.84193,95,745.847284
448.381695,89,745.885057
405.333169,76,745.919745
478.117616,88,745.958354
566.580701,103,746.003213
526.664701,109,746.05111
583.733183,125,746.108803
623.087133,117,746.160861
470.206303,98,746.205579
630.071805,130,746.703516
631.260646,124,746.759909
620.1526,112,746.809378
476.360831,89,746.849734
576.72403,109,746.901043
488.387951,104,746.947296
463.202805,84,746.98518
418.147605,77,747.017904
648.317316,126,747.074288
527.457895,97,747.11604
471.545443,90,747.155019
736.380601,134,747.213225
442.816996,86,747.25066
788.225175,149,747.334203
630.436004,122,747.388376
706.021218,132,747.447959
531.255649,97,747.490199
422.894527,84,747.527029
431.336264,83,747.564122
631.404276,118,748.063355
424.589823,87,748.100192
803.807488,150,748.166551
516.948542,101,748.210299
679.120642,124,748.265965
595.074712,110,748.316726
511.632807,97,748.360126
585.417145,106,748.407306
591.69772,112,748.458233
561.52507,104,748.50379
594.548971,118,748.555503
584.957818,114,748.606765
609.836516,113,748.658002
831.815751,155,748.724848
416.974842,93,748.768372
572.573905,110,748.81699
633.04267,122,748.871495
481.427205,92,748.911769
429.989895,82,749.396841
466.890498,89,749.435691
559.856799,105,749.483464
619.746751,114,749.534646
636.453515,120,749.588165
509.936054,98,749.631241
495.104545,95,749.674098
547.914554,109,749.722754
879.297326,164,749.79611
537.478453,99,749.839459
607.777704,124,749.894063
655.527887,123,749.951138
349.142627,67,749.981204
500.209719,92,750.022161
958.140452,179,750.104064
689.788584,131,750.164544
528.449315,105,750.209679
599.853932,112,750.259793
677.244458,125,750.905674
415.155583,76,750.941749
540.646169,100,750.988119
566.989781,110,751.037103
510.036016,102,751.084556
665.856416,125,751.144972
476.070822,93,751.195831
443.053925,82,751.24018
767.0162,138,751.303206
530.34128,105,751.35153
922.08209,171,751.428808
640.117763,128,751.486848
463.666571,89,751.525219
738.290637,146,751.592686
415.917165,77,751.626817
333.162753,64,751.65572
463.433944,86,751.694255
460.41888,94,751.734004
580.168671,112,751.784621
460.360716,100,751.829078
796.53048,150,752.41151
921.451067,174,752.491777
560.571402,110,752.541546
375.268156,77,752.577884
526.468933,98,752.622754
385.552819,79,752.65731
483.101402,89,752.697086
494.855441,93,752.738349
501.237369,103,752.785007
587.309689,106,752.830827
908.785337,176,752.912924
555.158126,106,752.960261
419.284676,77,752.994503
508.863586,94,753.037208
499.09432,94,753.078765
442.151575,82,753.113858
601.340613,110,753.161916
706.399753,129,753.220003
566.678324,107,753.268262
730.479794,136,753.804202
617.167362,112,753.854883
565.095371,106,753.903339
582.39897,110,753.952736
660.823629,125,754.01033
733.372507,154,754.082173
540.669446,101,754.126834
449.839188,83,754.163448
609.46519,111,754.212879
428.607375,91,754.254891
432.544146,88,754.295511
552.02508,107,754.342607
880.810591,161,754.414595
494.674946,102,754.460716
645.839782,123,754.515987
713.997713,132,754.57489
640.320258,123,754.630249
581.376734,108,754.676758
742.254568,146,755.264872
526.566865,107,755.31301
453.155785,91,755.356154
706.178123,129,755.413644
577.011733,106,755.461661
523.842542,103,755.508509
455.865407,86,755.546402
822.450738,156,755.617178
488.066537,94,755.66124
438.004096,80,755.697671
732.763489,133,755.756559
639.675222,118,755.808796
356.539081,74,755.840526
699.249645,145,755.904395
514.072626,101,755.947404
698.380624,130,756.004437
550.30808,111,756.053907
488.5081,94,756.095964
653.126564,120,756.634134
565.270452,107,756.681879
529.966292,98,756.725138
718.306536,129,756.782502
542.598821,104,756.831017
341.405936,69,756.861431
675.818395,123,756.915873
623.198769,114,756.965396
680.307422,131,757.022738
662.612709,122,757.076107
426.657465,78,757.111739
948.754603,177,757.191959
821.186511,149,757.259118
549.547474,111,757.309408
821.56523,162,757.382489
597.091438,113,757.43364
480.567431,99,757.47895
389.968004,72,757.512247
708.676877,128,758.27286
508.225204,92,758.317339
547.009356,109,758.365245
581.435828,107,758.413295
837.024949,157,758.48316
514.549658,93,758.525256
583.546673,106,758.572419
690.448408,124,758.627848
712.480478,136,758.689693
475.845461,87,758.729417
523.375064,99,758.773316
481.180545,97,758.81599
446.907288,84,758.853558
494.036158,103,758.899966
702.625982,131,758.959129
649.086303,122,759.013303
478.393252,95,759.054393
485.756979,93,759.094642
454.506685,92,759.134428
450.002066,82,759.664687
514.30371,96,759.708661
674.54054,125,759.767104
549.121475,102,759.813327
583.767926,115,759.865529
383.310552,74,759.89794
684.521142,128,759.955261
458.641062,84,759.99257
533.366517,104,760.037399
409.416207,85,760.074342
429.871475,79,760.109673
770.678684,143,760.173695
867.292794,159,760.244106
526.144011,99,760.288887
661.589475,122,760.342537
668.014155,125,760.397438
372.386359,69,760.427293
450.749281,82,760.463187
566.578624,121,760.519833
547.855577,101,761.423428
472.968774,93,761.469115
644.174602,118,761.521462
498.629086,92,761.562074
501.927702,94,761.605155
487.536344,91,761.646437
552.4628,100,761.691639
577.014295,114,761.74332
388.920339,74,761.776865
556.70398,105,761.823041
403.828118,87,761.86241
637.816458,119,761.915416
488.56896,91,761.957927
641.251204,120,762.013456
886.952913,164,762.087863
613.532821,113,762.138997
548.143868,108,762.186646
408.165365,84,762.22303
627.725183,113,762.272378
491.179359,104,762.318289
621.9378,117,763.023154
385.500522,80,763.06076
596.038701,108,763.108234
555.399447,101,763.15326
534.366482,100,763.199019
555.368918,107,763.248929
467.185422,86,763.287444
507.421396,96,763.330984
687.560972,127,763.389017
645.48153,127,763.447325
1078.706764,196,763.536088
384.45832,71,763.569019
573.10092,119,763.620198
699.622798,129,763.678321
892.123181,176,763.758598
708.356263,132,763.817955
505.190664,92,763.859004
623.914315,115,763.909085
675.804758,127,764.694664
601.744241,113,764.760396
538.497661,102,764.806988
437.661869,82,764.857466
583.004695,115,764.916152
514.765504,95,764.958676
544.562696,100,765.003641
576.18411,106,765.051514
657.557264,126,765.109494
481.930021,88,765.149491
734.336015,141,765.215852
682.455149,139,765.279435
502.196178,94,765.321047
532.254458,106,765.366796
390.141643,75,765.399703
487.865379,98,765.443493
557.391536,104,765.49135
509.946163,95,765.533571
528.841527,101,765.576823
639.342591,120,766.313515
599.222856,108,766.361747
692.234498,129,766.418735
603.872521,119,766.472341
578.271868,106,766.520721
597.829812,118,766.572128
549.049818,105,766.617701
368.181437,81,766.654852
561.735329,113,766.705616
835.587108,150,766.770911
581.990487,107,766.817707
475.484544,103,766.863661
599.600872,111,766.914403
419.670888,84,766.951539
436.243792,79,766.98536
356.923675,73,767.016906
371.808323,80,767.050173
534.742158,111,767.099266
510.126776,94,767.140099
623.204756,115,767.908807
485.246578,89,767.953028
591.477469,119,768.010544
464.932521,95,768.053928
584.044374,113,768.105094
423.047217,85,768.142247
588.706368,109,768.192831
596.217448,112,768.243788
680.160158,129,768.302679
642.041784,123,768.358866
644.245493,121,768.413682
429.071409,83,768.451859
572.683054,106,768.499824
572.457942,105,768.546881
581.345522,106,768.592478
573.588273,110,768.642199
556.630044,103,768.689111
548.622983,102,768.735439
472.280369,95,768.776657
533.951256,99,768.819488
668.867522,122,769.505217
429.204234,79,769.541617
658.555556,118,769.593654
418.766018,79,769.629035
491.641769,109,769.677617
602.904574,115,769.728855
537.857135,99,769.772779
440.988886,83,769.810043
621.653299,119,769.865018
781.555816,143,769.929159
534.814308,104,769.976262
594.936511,107,770.025061
498.911089,92,770.067584
687.45502,128,770.125136
483.232591,89,770.166606
609.046411,125,770.223735
590.040282,112,770.273427
697.895358,135,770.334943
496.292297,96,770.37941
632.480728,142,771.126788
584.879586,109,771.175633
611.943264,113,771.225659
614.029579,112,771.274942
714.655364,146,771.340339
447.262133,82,771.375958
644.110419,117,771.433752
488.752847,94,771.476386
482.94718,90,771.51546
940.169477,170,771.591527
579.824566,111,771.640783
678.787709,127,771.699136
784.52655,148,771.763834
652.856043,122,771.818319
1049.301765,189,771.903412
623.899548,116,771.955292
667.218588,129,772.545892
837.95809,151,772.613148
530.116165,95,772.654864
585.353591,127,772.710053
556.083411,103,772.756086
447.288299,83,772.792835
909.454375,173,772.872277
520.301136,106,772.92088
509.992094,96,772.963802
550.954288,113,773.013869
527.48659,108,773.061326
589.865481,112,773.110094
485.085751,90,773.150269
1312.382051,245,773.25798
603.52539,120,773.310243
439.75258,86,773.347564
668.463029,131,773.404726
520.953975,94,773.914915
1016.348021,191,774.0029
407.512751,76,774.037071
516.954218,95,774.079485
489.638821,96,774.121946
520.817795,97,774.166489
791.965803,150,774.235636
588.972125,114,774.287343
950.762921,174,774.36633
362.335574,70,774.39677
649.939888,137,774.458503
518.120673,98,774.502836
594.50497,111,774.55348
739.248271,134,774.61538
406.216752,75,774.646892
473.005306,90,774.687746
522.319777,95,774.730471
479.729486,87,774.77054
523.066145,97,774.814535
575.983751,106,775.392514
470.947877,93,775.434191
747.740328,136,775.493771
522.357276,97,775.536788
417.383638,86,775.575524
715.951411,128,775.631761
466.668627,96,775.674937
508.793009,95,775.716039
407.075114,84,775.752858
510.643599,93,775.793959
806.038176,161,775.867525
492.440813,95,775.909754
682.081963,126,775.965843
586.389181,112,776.016198
751.707221,137,776.078187
469.169291,92,776.119304
621.974728,115,776.17083
627.130687,122,776.225295
639.313092,116,776.76036
486.457677,100,776.807684
533.263666,100,776.851867
476.007896,91,776.893812
652.829391,128,776.951583
885.995136,165,777.024994
466.925976,96,777.069187
569.04273,108,777.116604
590.307153,108,777.164361
651.874989,117,777.216413
625.279173,116,777.268806
555.85469,102,777.314162
547.199826,101,777.359704
499.453636,90,777.399873
637.932609,118,777.454091
462.739765,87,777.493031
657.014654,133,777.552423
746.353427,140,777.613017
421.950903,78,777.647319
556.49507,119,778.177749
744.11151,135,778.23833
581.761423,110,778.287586
567.822484,109,778.335769
496.773616,92,778.377996
422.059293,79,778.413366
737.305774,137,778.475734
516.021494,108,778.523231
574.733748,106,778.570382
610.324872,111,778.619967
706.302372,133,778.678637
463.499326,86,778.717959
770.568005,148,778.786414
463.910298,98,778.831335
451.393146,91,778.871827
592.068141,109,778.920356
622.156494,114,778.971987
767.993789,143,779.034905
502.342493,97,779.707276
834.344817,162,779.780423
462.286879,94,779.826023
409.332682,74,779.860189
631.90791,128,779.920439
384.498129,79,779.956563
595.201486,116,780.009799
651.620132,129,780.068206
442.911184,82,780.104845
428.765598,81,780.140664
686.075062,135,780.20109
520.192897,106,780.24852
624.901257,117,780.302119
591.83718,112,780.352514
689.367772,130,780.411966
454.801928,85,780.448902
479.524977,88,780.488184
450.835651,86,780.526953
426.466631,79,780.562247
499.010747,96,780.606251
474.096694,89,781.214104
643.395375,123,781.272311
445.595699,86,781.312887
595.739525,108,781.36199
464.377326,92,781.402777
592.888251,119,781.455451
555.403712,104,781.50308
570.162493,105,781.55018
521.806458,97,781.594626
540.627404,98,781.637437
865.418419,156,781.707082
447.896348,83,781.744415
481.007932,88,781.78331
722.673902,133,781.841956
546.296155,104,781.887822
753.908264,139,781.950994
743.6801,140,782.013406
830.99311,152,782.081433
655.474522,126,782.665312
442.591698,87,782.705112
526.593544,102,782.750746
1012.997852,189,782.83856
790.337983,157,782.912498
604.375866,111,782.962611
737.95856,135,783.024047
438.042901,81,783.060033
515.431219,103,783.104774
667.545405,134,783.165793
544.529145,101,783.209687
904.270983,165,783.283355
524.718767,103,783.329474
572.713573,109,783.379802
573.612578,115,783.430694
592.709826,118,783.483407
878.763254,160,783.554203
522.85181,100,784.329044
701.575081,138,784.393037
646.376146,122,784.44917
447.392635,83,784.487335
595.988764,113,784.538391
514.487278,99,784.582917
650.545153,121,784.639051
597.374236,124,784.694277
555.315376,103,784.741204
388.392258,76,784.775543
913.571337,165,784.848698
510.743433,107,784.89535
595.697663,112,784.945477
759.571484,140,785.007161
481.665252,101,785.054721
555.650467,106,785.101895
692.30546,135,785.164412
478.889874,90,785.204826
496.596068,91,785.707739
401.220281,86,785.745509
542.555914,107,785.794243
555.975606,110,785.841531
656.048888,126,785.899759
549.286574,101,785.944059
498.250776,93,785.983959
484.070008,89,786.024312
789.124796,147,786.090255
503.873965,93,786.130651
472.807461,87,786.169309
613.165351,116,786.220222
487.684217,97,786.264182
595.314063,114,786.314924
486.867273,95,786.359493
630.141203,118,786.411971
751.349701,147,786.47703
736.170243,134,786.538533
578.352648,110,786.58655
600.707403,111,787.138086
577.074063,108,787.187413
417.463725,80,787.223177
581.165298,115,787.274365
488.881888,96,787.318452
553.519797,105,787.364522
538.579934,116,787.416389
553.609673,103,787.462298
826.797226,158,787.531935
473.309328,101,787.576813
462.316354,89,787.615064
578.469382,108,787.663649
563.11415,106,787.711269
328.357153,71,787.743554
784.366485,140,787.808089
441.137258,92,787.849829
458.165704,85,787.890371
570.382022,105,787.937732
565.679103,116,787.992324
691.668645,131,788.625099
513.601633,94,788.66651
589.432911,106,788.71365
596.522371,111,788.76283
728.550814,133,788.822144
477.511436,97,788.865089
490.380749,89,788.904415
403.736115,83,788.942431
607.393813,114,788.994705
449.429394,85,789.033722
562.955189,107,789.08248
695.596719,125,789.138568
732.464743,133,789.197503
683.52374,130,789.256864
833.882478,163,789.330725
475.994975,93,789.371467
1023.220059,188,789.458688
450.106993,84,789.494898
606.244234,116,790.041382
456.299091,86,790.080365
597.912395,113,790.133174
524.114664,95,790.176508
452.905801,84,790.214301
584.23961,115,790.265418
607.02072,117,790.31797
485.564178,90,790.359204
524.927396,96,790.402718
778.976857,145,790.46966
472.606003,88,790.509583
531.837067,99,790.553807
386.200519,72,790.585804
531.167744,99,790.63143
799.934207,153,790.702322
394.683802,75,790.736637
716.159687,137,790.798593
560.187618,111,790.847973
573.561897,123,790.902479
550.448958,100,791.413182
750.880891,141,791.477508
406.594977,81,791.51148
655.317369,122,791.568861
394.607856,85,791.60792
403.862555,75,791.640226
615.39317,115,791.691173
632.83488,115,791.742319
462.803049,86,791.781016
517.522246,96,791.825032
514.18525,97,791.867686
462.03992,92,791.911602
587.229657,107,791.958682
698.009851,130,792.015818
456.653889,91,792.057814
567.761217,111,792.108871
558.925847,101,792.153877
472.013092,100,792.196586
362.118357,76,792.230728
500.854818,94,792.273291
421.110667,78,792.307175
517.045493,96,792.872396
535.00952,104,792.920492
495.733558,104,792.967198
541.900178,114,793.018651
509.879008,101,793.063185
482.308388,89,793.1028
652.584218,130,793.15994
631.034362,115,793.209984
572.991528,110,793.259357
452.705004,89,793.299252
567.796345,110,793.348677
749.253878,141,793.409344
475.189605,87,793.448421
532.083999,98,793.492701
567.253067,126,793.549244
494.963975,92,793.590104
668.761179,123,793.644004
495.70132,95,793.686509
491.361067,92,793.728437
440.047217,93,794.284185
505.548324,93,794.326186
526.33233,98,794.369865
495.46236,90,794.409734
553.746757,110,794.458483
439.509627,81,794.494647
652.92342,120,794.551837
685.810908,126,794.614545
586.467662,106,794.663324
462.797341,92,794.706351
722.258533,139,794.770583
648.293494,122,794.824943
586.192829,110,794.874092
480.866725,89,794.91458
639.138871,117,794.967081
642.797499,130,795.024472
476.03558,95,795.068442
535.75194,103,795.115196
409.868839,79,795.151238
427.621351,89,795.191868
452.779298,84,795.74652
466.935082,95,795.787487
510.040721,94,795.829218
620.921602,118,795.88108
659.140503,123,795.936752
525.801512,97,795.980209
512.23707,100,796.0272
475.015586,89,796.067577
713.606974,136,796.133043
756.968078,137,796.195127
645.547264,121,796.250247
668.337053,124,796.305992
436.836741,88,796.348278
364.863168,76,796.382729
482.678782,98,796.427864
574.45569,112,796.48092
741.225154,146,796.546898
509.034882,100,796.591133
618.538215,121,796.645057
470.012065,102,797.267301
424.228387,79,797.301689
925.495821,165,797.375602
495.998477,90,797.414515
818.017992,163,797.488214
579.001512,107,797.536034
402.124188,75,797.571954
377.970216,77,797.606192
499.773008,95,797.648913
681.948139,131,797.706795
414.123214,85,797.746373
801.146021,168,797.823253
451.330698,90,797.868569
454.154422,85,797.907962
651.162521,122,797.960955
933.36748,167,798.034992
615.312014,119,798.087921
747.307308,137,798.149034
480.454075,88,798.928764
453.350783,85,798.966622
603.220678,110,799.016347
621.119928,122,799.073404
692.399499,131,799.131414
591.435797,118,799.182517
429.496709,88,799.222042
879.733313,156,799.292872
467.754491,86,799.331641
661.472305,133,799.392464
705.359437,130,799.451165
467.946408,85,799.489214
353.140762,74,799.523695
630.655093,118,799.574631
668.623072,135,799.635846
578.144829,106,799.684827
649.063738,119,799.73874
559.749169,105,799.785354
559.106694,104,800.327576
384.233627,82,800.368857
350.024601,73,800.402863
744.660873,137,800.468557
594.927583,112,800.537995
422.017056,85,800.575869
465.963192,93,800.619123
482.593089,88,800.657732
776.120413,141,800.720121
509.37542,96,800.763504
791.393602,157,800.832944
570.288617,122,800.887341
648.437695,119,800.940276
533.525519,102,800.986192
626.683476,123,801.040484
717.480273,142,801.104969
507.872091,93,801.146532
408.010414,75,801.179791
720.156336,134,801.239329
538.043775,105,801.796344
608.562376,113,801.848577
703.125645,132,801.907542
510.133674,95,801.950173
769.92022,146,802.0165
474.259275,95,802.059864
623.004843,112,802.110778
494.353664,90,802.150901
655.901544,124,802.208428
380.611617,70,802.239014
568.948683,112,802.289795
1085.535103,197,802.377219
517.770465,95,802.419502
620.337814,113,802.468338
775.379891,144,802.533004
599.464003,110,802.583208
470.608614,86,802.621424
587.465885,107,802.669637
874.386408,168,803.226547
411.303091,87,803.265029
671.232211,135,803.32667
689.802534,127,803.396056
575.379739,103,803.443266
602.091354,110,803.493349
483.866622,89,803.533056
537.830728,106,803.582794
526.548153,98,803.62744
515.871174,103,803.677104
448.860066,87,803.715821
549.054604,104,803.761644
443.192176,89,803.801883
750.786946,141,803.865424
685.672639,128,803.921607
578.69933,112,803.973051
793.414072,144,804.038517
849.679909,163,804.113306
425.721236,79,804.595935
569.554166,105,804.642946
475.298579,88,804.681272
649.386493,123,804.735761
551.885845,102,804.780854
614.808979,112,804.829849
558.17695,101,804.874563
443.779674,89,804.913777
493.824209,91,804.955945
581.199686,104,805.001037
544.084283,98,805.045526
678.338705,123,805.099729
632.016285,119,805.153083
668.197847,137,805.214657
873.705127,162,805.290189
404.513425,80,805.326903
406.488394,76,805.360884
702.544429,132,805.419946
575.736074,112,805.470635
715.821809,129,806.093034
826.040127,156,806.163238
619.53344,129,806.222325
815.653578,150,806.290657
806.429239,152,806.358782
662.774446,123,806.412771
462.824094,93,806.453173
777.328954,141,806.51458
469.250747,89,806.554629
671.502524,123,806.608378
500.552171,92,806.649837
423.155327,81,806.686684
497.789767,95,806.728968
603.421006,110,806.778798
587.03283,114,806.829196
448.067618,91,806.867723
558.313978,103,806.914386
542.835631,101,806.958583
646.309326,119,807.742463
417.939663,85,807.786837
670.181468,136,807.853695
596.069769,117,807.907617
484.483815,89,807.949155
674.314157,128,808.006466
520.984572,101,808.052333
546.762672,101,808.099432
442.704019,90,808.140334
503.294442,98,808.186557
444.800331,82,808.223292
714.752154,131,808.28303
433.656082,80,808.319509
481.317011,104,808.367824
525.435978,97,808.411363
1005.905792,193,808.499562
416.333346,82,808.536505
575.078995,108,808.585598
444.378229,83,808.623522
506.280979,92,809.376078
559.532608,104,809.423416
605.937273,108,809.470936
662.472701,120,809.524831
646.286034,116,809.576398
526.994524,107,809.62574
532.11648,100,809.671509
489.81852,92,809.712683
572.680515,104,809.761822
1005.554937,180,809.843244
555.451987,109,809.893442
458.358383,93,809.935293
726.384381,134,809.993888
708.690929,135,810.053863
578.3535,110,810.103107
601.662648,115,810.153996
595.942667,117,810.205591
475.666576,93,810.247397
443.974695,98,810.78444
610.67301,120,810.841372
541.936317,108,810.894528
452.273452,84,810.93114
453.560403,83,810.968415
506.595639,102,811.014379
478.594915,89,811.054616
439.97437,86,811.094279
646.866205,129,811.152385
512.48211,95,811.194849
505.179672,95,811.238777
462.843327,92,811.283119
545.914746,115,811.335856
702.586946,127,811.392467
424.308903,80,811.428441
497.848117,91,811.47246
507.624005,101,811.517556
636.697573,116,811.569268
720.908298,152,811.637864
411.044913,77,811.672862
485.602795,102,812.217725
414.833337,85,812.256898
409.798534,83,812.293356
802.27796,156,812.36402
559.293681,103,812.410079
614.594037,117,812.461962
540.945751,100,812.505788
450.941454,86,812.544289
518.185814,93,812.586318
598.472385,113,812.635936
688.495343,127,812.694242
612.184827,112,812.743572
756.61323,142,812.808224
451.400211,92,812.848294
433.566361,91,812.889259
768.367451,141,812.952338
858.060448,155,813.02534
476.90574,88,813.064791
707.728713,133,813.579469
865.490978,167,813.657086
372.316208,80,813.692607
640.68107,122,813.748377
692.676074,131,813.807006
597.044804,110,813.857536
478.859536,94,813.898695
463.395948,104,813.948193
503.946568,95,813.991009
667.068375,121,814.044883
595.04635,117,814.098096
610.456359,119,814.152708
652.555356,122,814.207943
602.184747,110,814.257653
526.49489,97,814.301178
605.283639,112,814.352329
608.800358,115,814.403012
544.488161,103,814.449977
484.907924,90,814.490247
611.110041,119,814.99809
499.692471,95,815.040473
515.938035,97,815.084162
433.209399,83,815.121569
798.434818,150,815.189443
832.361163,157,815.259794
665.698027,126,815.315431
520.011782,98,815.359962
537.280741,119,815.419107
557.569127,105,815.46575
519.48442,96,815.509464
374.481037,68,815.539989
630.651026,117,815.592649
621.924554,123,815.65002
471.062564,88,815.689552
390.572713,71,815.72051
588.335858,111,815.770983
529.689557,108,815.819824
581.509277,117,815.872821
497.204062,106,816.779792
455.266348,84,816.819654
550.022036,102,816.8682
430.155251,79,816.904446
495.683629,93,816.946292
646.045654,118,817.000861
540.816983,99,817.04488
507.31225,93,817.086688
538.415332,100,817.132588
633.658131,119,817.186203
463.13077,88,817.227406
474.270716,105,817.274859
483.492425,93,817.315556
494.352502,91,817.357248
491.094182,91,817.396821
454.897981,90,817.438526
611.98575,130,817.497541
355.68218,66,817.526078
538.530282,98,817.570472
638.606593,119,817.623996
493.294067,92,817.665461
428.146387,79,818.145341
759.463315,139,818.208829
880.276287,158,818.280972
683.724863,128,818.33968
573.356224,109,818.38852
642.19502,121,818.442965
550.263386,100,818.486491
503.592771,93,818.527183
645.514256,130,818.583588
404.233526,75,818.616733
579.008921,120,818.670138
480.993899,91,818.710551
631.514368,115,818.762882
623.187449,120,818.816029
567.364374,110,818.863806
461.442101,92,818.902946
557.796194,105,818.95188
988.34003,183,819.557672
610.268867,114,819.609522
567.691967,107,819.657249
466.355739,87,819.696036
933.30987,189,819.78148
626.050732,115,819.83233
424.851177,79,819.867872
464.477838,87,819.90664
505.733697,93,819.947927
476.160751,100,819.992085
464.244206,86,820.030896
607.179487,111,820.080502
697.87174,142,820.145749
672.722823,131,820.206364
437.658967,83,820.242895
639.456976,127,820.301237
501.446906,92,820.342609
508.323764,100,820.387331
510.776036,96,820.430638
452.166393,90,820.470439
441.499784,80,821.229758
873.383093,159,821.310589
439.310045,80,821.347299
514.571376,99,821.392785
557.928583,108,821.441425
711.783291,134,821.50218
834.874419,154,821.572347
493.735994,93,821.615231
552.199068,103,821.663764
499.443331,91,821.707312
527.952083,98,821.754185
434.284752,85,821.791822
529.74568,111,821.84416
598.337148,109,821.892614
710.947978,137,821.958
469.491002,101,822.003085
613.907589,116,822.055042
485.538694,103,822.100911
508.98207,96,822.143494
554.519807,116,822.886122
414.508671,77,822.922279
406.015736,77,822.956279
541.752022,109,823.005353
552.553934,103,823.052431
522.055475,96,823.094759
525.152439,104,823.14083
581.553852,115,823.19179
532.034867,97,823.235934
484.644242,89,823.277143
915.273194,169,823.355741
529.935568,107,823.403306
567.657317,110,823.452451
902.738404,168,823.527582
441.111862,92,823.570261
598.606385,110,823.620621
561.667587,104,823.667292
577.892294,106,823.713623
522.240256,98,823.757037
535.822332,115,824.253591
382.864427,80,824.28952
531.483757,103,824.334415
453.703097,91,824.374243
453.969666,90,824.415142
566.674498,116,824.468786
622.580293,116,824.521386
522.890288,95,824.563534
470.376501,85,824.6003
442.43362,88,824.638751
391.905561,81,824.673434
729.072898,130,824.731726
565.590906,110,824.779618
600.325533,115,824.832853
388.204016,73,824.86573
685.838297,128,824.924081
507.842489,97,824.967842
650.941205,119,825.021121
875.941495,183,825.105091
673.171553,124,825.648467
519.571181,107,825.69927
662.658014,126,825.756795
471.811106,99,825.802184
672.566111,138,825.86498
697.573604,129,825.923277
735.115809,143,825.987279
486.98956,91,826.02758
595.909677,106,826.074787
379.052709,77,826.109523
596.851705,107,826.156328
849.677651,157,826.226351
748.735054,147,826.29263
471.165441,88,826.330845
509.930635,99,826.373564
487.69051,96,826.41574
513.219319,95,826.45914
494.6436,91,826.500832
473.005636,91,827.260322
601.19752,114,827.313173
428.861563,81,827.351191
730.528746,138,827.416094
457.860502,95,827.459532
813.966903,166,827.538895
493.02698,92,827.58015
339.112787,65,827.609879
495.145188,92,827.650192
397.553638,75,827.682918
625.58425,113,827.733576
420.871967,79,827.767706
563.551785,110,827.816997
517.91426,98,827.860961
462.698499,86,827.900296
555.941365,101,827.945306
770.906152,142,828.006423
564.579871,109,828.054183
514.503155,94,828.0976
507.727154,105,828.143989
461.62523,89,828.685669
485.332414,92,828.727094
1024.280318,195,828.817932
400.867629,75,828.852423
503.172154,93,828.894937
780.199761,163,828.970436
472.423294,90,829.010109
599.640895,112,829.060127
770.820514,140,829.123083
523.294935,97,829.16659
384.581171,78,829.201141
532.19464,100,829.245903
658.300226,122,829.29983
414.162855,82,829.336418
456.450145,93,829.378197
444.01669,88,829.417401
588.940095,113,829.467433
540.219373,99,829.510257
509.505276,97,829.553117
609.171267,113,830.063536
570.816704,105,830.110487
492.397473,92,830.15327
648.575886,121,830.2075
528.239922,103,830.254216
447.487491,91,830.298155
650.13479,132,830.35797
536.227581,102,830.402821
512.240823,97,830.446451
560.310563,104,830.494874
670.08382,133,830.554539
549.737147,110,830.603088
516.713958,94,830.644813
413.844265,86,830.682782
592.94891,109,830.730839
701.993062,130,830.78875
298.887252,60,830.817004
460.606059,87,830.855026
541.310809,113,830.906839
535.284513,101,830.952533
537.720838,101,831.45781
418.736401,77,831.49174
486.70444,98,831.536152
489.168167,90,831.575971
679.544076,125,831.63209
437.776744,82,831.667491
482.923451,89,831.709042
489.253397,97,831.752285
377.641554,72,831.785395
615.095128,115,831.838455
796.704529,154,831.907239
480.805886,100,831.952872
506.341131,103,831.999241
486.50322,100,832.042816
387.267781,80,832.077638
571.324038,106,832.124722
495.808597,91,832.16545
671.016341,129,832.221877
816.038209,162,832.295577
619.426585,123,832.352029
583.912542,106,832.948475
541.97739,116,832.999511
735.44091,134,833.05849
384.425286,81,833.095183
612.360495,124,833.149173
427.31735,78,833.183074
444.807421,96,833.225597
503.788973,100,833.269826
473.6962,87,833.308579
402.579806,76,833.340945
682.370728,137,833.402596
507.8296,96,833.446591
444.05781,95,833.488873
410.806633,76,833.522836
756.16624,146,833.590199
416.156054,80,833.624741
607.189374,125,833.682542
509.438667,93,833.724235
418.621063,88,833.764693
433.432507,88,833.804456
486.139073,92,834.316836
572.115166,104,834.374811
586.843631,112,834.425986
468.193002,86,834.463993
716.785832,137,834.526053
643.622368,119,834.579143
578.909045,109,834.629242
792.449448,149,834.695058
459.576825,91,834.738038
755.979218,139,834.800798
700.980891,128,834.85821
412.752374,84,834.895611
505.790216,95,834.937768
563.562653,108,834.985686
448.156255,91,835.026863
516.946288,105,835.072556
503.462354,95,835.113696
657.422823,123,835.16706
644.757708,118,835.220649
497.309007,92,835.733577
448.128175,83,835.773084
637.326832,134,835.834448
697.13536,129,835.892735
721.889359,132,835.951814
459.397504,84,835.988435
496.731863,95,836.030741
418.857818,77,836.065432
523.07032,115,836.117088
803.945989,149,836.184107
581.299497,107,836.232306
466.980556,96,836.275018
539.291429,114,836.326548
496.230403,91,836.367419
502.639852,95,836.409931
394.450836,75,836.441445
366.045276,71,836.472223
606.329776,115,836.525525
456.273311,85,836.563147
488.950127,94,836.605461
543.860777,101,837.109342
799.969327,156,837.18049
483.113272,90,837.220226
732.386996,150,837.288844
625.15499,112,837.337671
502.441529,96,837.379452
699.128671,128,837.436732
634.134169,122,837.490442
654.34958,120,837.542516
509.424425,92,837.583405
450.613834,84,837.620711
459.193032,88,837.660673
563.360506,106,837.709126
417.794092,76,837.742196
359.517664,67,837.771448
646.353809,122,837.824673
794.378411,149,837.891887
483.963249,97,837.93483
372.409126,69,837.964964
421.500062,78,838.460742
348.604892,67,838.491259
473.23565,86,838.528317
523.177906,96,838.570734
476.576436,88,838.610594
679.689186,125,838.665721
793.226892,149,838.731533
1002.109603,197,838.819157
573.541302,107,838.86632
525.729769,116,838.917938
646.318444,119,838.97002
564.902341,116,839.021254
666.752743,130,839.077039
449.021044,88,839.116781
608.139046,110,839.165151
725.81239,132,839.225409
523.413838,100,839.268896
798.998105,150,839.337088
444.66141,85,839.861103
704.839878,128,839.917829
661.215022,120,839.97202
467.957825,99,840.018767
757.217717,139,840.08057
475.342261,89,840.120609
641.381918,124,840.178983
380.291718,76,840.212868
621.281778,119,840.267467
499.355747,92,840.308855
468.086123,94,840.350017
668.586977,139,840.412716
471.57279,87,840.451835
606.500243,115,840.504064
449.030815,83,840.541621
586.870249,112,840.59129
683.613758,133,840.653609
540.637491,102,840.700835
566.360068,103,840.74922
658.602607,129,841.486006
629.781188,120,841.542777
476.152931,93,841.587556
412.284593,76,841.623419
726.843101,139,841.684658
549.256639,104,841.730629
761.875395,137,841.790717
472.308511,96,841.833763
479.848496,89,841.873564
589.204905,114,841.923134
596.930014,111,841.972633
442.167941,93,842.014587
619.338402,113,842.064679
532.53813,117,842.120484
625.923514,124,842.174208
848.736583,169,842.250583
480.415012,88,842.28926
427.580487,81,842.325117
437.781072,82,842.361518
637.375679,132,842.890792
576.880917,111,842.940637
558.904846,104,842.986735
530.500183,104,843.032667
586.679308,118,843.083586
547.733198,101,843.127631
678.65003,123,843.182605
649.637451,126,843.237478
401.904367,77,843.271628
848.359321,173,843.348734
672.385026,133,843.405542
332.688704,65,843.4354
476.173923,93,843.476892
621.429444,117,843.528071
480.909011,89,843.567343
507.169689,105,843.611422
504.56338,93,843.652856
468.448582,88,843.692616
902.622651,187,844.401398
532.114782,103,844.448312
523.783129,104,844.495919
502.897954,98,844.539509
601.531761,117,844.592858
472.067755,86,844.631276
574.792313,107,844.67964
494.927589,91,844.719307
427.097866,87,844.758662
443.759592,82,844.79584
514.284977,94,844.839632
577.865444,107,844.888413
435.50159,84,844.927539
458.99919,85,844.964853
624.275515,120,845.018058
636.312764,121,845.072389
604.004888,112,845.121859
606.718029,112,845.171306
433.084407,79,845.206388
383.345118,78,845.239645
549.102114,103,845.285494
530.724586,110,845.790078
553.126298,102,845.83686
592.868193,115,845.887921
583.038422,116,845.939887
592.022904,118,845.995102
409.355492,76,846.029806
590.172462,116,846.098927
534.348109,100,846.142931
478.67533,88,846.180688
461.611681,96,846.223983
580.83816,110,846.273655
533.74739,108,846.321658
517.959649,102,846.367456
608.46619,118,846.41847
414.332453,77,846.45305
596.274469,110,846.501279
493.386001,91,846.53947
547.103035,100,846.583363
565.985567,102,846.629273
485.28136,90,846.669894
790.568148,147,847.277381
517.522474,102,847.341991
524.106095,99,847.385011
440.647118,81,847.42155
472.53889,89,847.461019
603.721829,111,847.510469
713.824266,137,847.570117
460.130672,85,847.608653
432.218689,79,847.642886
378.170841,77,847.676689
577.231048,105,847.723513
428.071267,79,847.758197
575.548445,113,847.807611
642.337589,120,847.861411
419.894741,83,847.899104
425.353101,83,847.935536
520.681769,95,847.977672
640.834186,119,848.031438
736.306238,133,848.092457
318.585899,69,848.122622
384.574628,71,848.633189
492.556225,91,848.675517
541.922042,106,848.72259
500.280918,98,848.766769
610.717045,113,848.818877
463.233371,94,848.859774
537.880416,100,848.90252
530.226972,97,848.945834
357.073746,76,848.978452
441.376751,89,849.016861
697.561073,128,849.073322
679.414608,125,849.129351
407.252202,76,849.162798
555.181953,110,849.211484
1024.494246,187,849.29352
438.111646,82,849.330356
544.8631,109,849.380947
454.204634,87,849.419071
646.121189,120,849.470558
527.402523,97,849.513884
436.379375,90,850.06478
635.013788,125,850.120703
472.522838,94,850.161999
535.17005,97,850.204683
525.825968,97,850.248739
560.208867,108,850.296786
455.346212,91,850.336347
675.993142,130,850.393693
620.338243,120,850.447025
437.994773,89,850.486705
533.176117,106,850.536165
406.439042,89,850.578548
722.555064,133,850.637252
575.979218,108,850.683201
587.658255,108,850.73171
640.835229,123,850.786886
407.160245,75,850.819634
617.253457,115,850.870398
467.140756,91,850.910713
426.573735,79,850.946239
539.442385,106,851.50498
627.081407,118,851.55801
489.35297,90,851.61164
463.758751,89,851.652741
606.562322,117,851.704919
533.251341,101,851.748815
516.157561,99,851.792965
517.589282,111,851.842054
986.347135,205,851.940001
576.493459,109,851.98789
729.440446,134,852.048476
422.529658,78,852.083787
619.214296,118,852.13939
602.596619,121,852.195173
587.57113,110,852.245342
437.654566,88,852.284521
630.829139,130,852.343494
569.304636,107,852.390591
669.674908,128,853.08303
894.921629,171,853.160393
505.011081,92,853.201892
423.785175,78,853.236913
554.159486,118,853.290439
586.36719,120,853.344411
726.089945,137,853.406131
468.158455,91,853.446544
484.866342,98,853.490674
525.571292,109,853.538259
548.09628,103,853.58609
444.159351,88,853.625757
488.170097,89,853.664461
472.297237,87,853.703372
583.301242,109,853.750903
563.361146,109,853.799475
387.250697,84,853.836783
944.858755,180,853.916658
321.040711,65,853.945522
455.447221,90,854.459241
402.789771,82,854.496838
794.036329,164,854.569809
459.232591,91,854.609388
651.360035,123,854.665834
430.829029,87,854.703823
665.617169,120,854.758344
512.039769,106,854.806077
570.673216,105,854.853431
462.692582,90,854.893838
407.594473,75,854.930072
440.46628,87,854.969896
411.433821,87,855.010034
412.173738,82,855.04724
465.56063,93,855.090841
673.571739,121,855.143777
477.565047,88,855.183485
441.980983,82,855.221016
603.833842,126,855.279616
565.59015,114,855.331204
524.227664,102,856.164126
413.908755,91,856.208131
351.472433,66,856.237358
472.070786,99,856.281468
560.304376,114,856.334804
461.749446,85,856.372487
581.767486,109,856.423483
532.114823,101,856.470766
627.553216,121,856.524669
419.935865,86,856.563233
777.028365,159,856.638701
462.809746,85,856.67577
527.602511,97,856.718817
562.254331,103,856.766656
503.666477,97,856.811589
446.108646,82,856.848947
604.404489,123,856.904981
621.230951,117,856.959121
512.518457,97,857.003513
714.545387,149,857.070738
715.954849,131,857.773109
532.121366,109,857.822957
470.41014,89,857.862404
423.673946,78,857.898339
582.40192,107,857.946659
723.756,135,858.008585
872.135819,161,858.080804
637.05498,117,858.133085
559.572678,121,858.186617
562.387432,107,858.234234
546.396392,107,858.282898
361.783441,75,858.31555
594.135619,124,858.373069
663.318278,124,858.429451
684.257744,140,858.494785
443.430392,82,858.532998
352.112608,74,858.566558
385.610881,78,858.600796
388.08536,84,858.638153
448.00983,82,859.171761
593.071336,119,859.224489
708.548758,135,859.285353
597.964948,110,859.335992
885.449769,165,859.409405
557.13233,108,859.457221
476.207917,98,859.50144
567.64913,116,859.555064
637.126147,123,859.608923
837.818383,173,859.685043
687.34525,127,859.743711
433.552774,89,859.784289
298.547273,64,859.811213
728.159807,134,859.873287
807.51304,159,859.9476
679.94638,146,860.011979
521.944085,96,860.054569
746.950946,137,860.61602
549.738173,107,860.669045
539.195786,98,860.713342
603.32126,108,860.763502
548.217577,102,860.809951
499.784242,93,860.852763
690.901036,139,860.917631
553.839208,104,860.96403
446.363905,100,861.009938
604.587279,111,861.058956
510.80294,95,861.101445
783.579124,151,861.170727
380.167934,72,861.202271
532.653847,98,861.246714
481.09492,88,861.286447
504.135653,98,861.33072
522.871883,102,861.377029
533.473668,106,861.424897
620.289279,119,861.478798
649.817721,122,862.349194
567.876006,122,862.406596
534.223329,107,862.454905
534.043552,98,862.49792
398.366633,83,862.535291
390.390821,80,862.569593
463.694532,89,862.609509
489.56073,97,862.653322
470.568012,86,862.691703
479.227888,97,862.734219
494.143138,90,862.77497
434.843054,84,862.81186
451.219995,84,862.849381
756.802916,143,862.912458
548.893064,100,862.957566
770.022952,151,863.02761
672.861484,121,863.081824
785.521807,144,863.146748
614.342545,114,863.198618
367.8567,70,863.228701
417.541204,84,863.758148
341.181472,68,863.787873
381.162039,71,863.81942
530.264568,100,863.880047
410.402496,87,863.917619
502.856773,98,863.961281
661.579502,126,864.019783
586.964227,111,864.070044
512.805406,99,864.114424
448.701578,89,864.155134
596.976939,121,864.20954
503.457536,101,864.253878
560.999147,112,864.30464
491.233266,94,864.345466
459.041013,86,864.383635
581.261453,112,864.433141
498.013072,100,864.477084
495.185259,93,864.517589
362.260056,70,864.549286
380.067064,83,864.587621
569.849557,109,864.63555
443.921928,89,865.305821
371.914437,69,865.335617
844.051772,163,865.407813
444.950674,82,865.445368
588.906968,118,865.497771
497.076609,100,865.54252
516.825551,98,865.586102
406.151513,74,865.618821
486.65903,96,865.660402
535.816522,111,865.708415
625.148908,129,865.765428
501.501439,105,865.81109
582.630572,111,865.860721
641.921267,117,865.915316
483.923143,95,865.95865
761.118084,138,866.021825
419.530943,77,866.055165
615.783359,116,866.108424
569.795926,105,866.154661
492.165075,92,866.195878
339.111607,72,866.682317
263.706568,54,866.706614
758.505769,138,866.767584
458.178399,89,866.806304
821.049417,155,866.875522
454.97463,84,866.913258
483.940883,98,866.965521
921.312256,187,867.051201
489.511942,98,867.094397
565.977079,112,867.143468
636.716377,128,867.200719
760.43355,147,867.265845
698.834862,141,867.330066
512.804041,99,867.374918
483.122164,96,867.417407
661.645365,124,867.473995
907.772662,168,867.549884
778.666214,141,868.135156
402.407017,81,868.169002
601.449545,121,868.221558
313.949522,61,868.249433
475.127544,95,868.292202
853.343161,155,868.360404
422.401215,87,868.39766
482.440801,96,868.440911
436.912197,81,868.474907
450.11768,83,868.511979
740.217317,137,868.572326
419.816488,84,868.609697
600.314203,113,868.660159
535.503208,107,868.707944
414.113897,82,868.742861
665.692705,124,868.799352
728.664846,145,868.861281
430.568623,79,868.896318
483.153177,93,868.938664
357.361217,68,868.97034
476.462668,95,869.013209
1225.260237,258,869.747729
653.468438,120,869.801866
559.397842,104,869.848005
471.999138,100,869.892952
632.991839,129,869.950265
545.607136,102,869.996036
450.356911,89,870.035554
503.358032,99,870.080126
550.905323,115,870.131047
440.884306,85,870.168647
324.912767,61,870.19642
459.507594,94,870.237478
427.014525,85,870.274346
532.63655,103,870.320084
470.842581,88,870.35952
583.797541,109,870.406765
523.938319,98,870.449487
829.351002,152,870.518985
516.334481,102,871.066549
570.252265,107,871.115133
558.035215,104,871.161613
607.419602,125,871.215154
614.025327,117,871.267119
829.997707,185,871.351903
354.178482,75,871.384182
571.558759,111,871.433705
619.585967,118,871.485599
441.19558,90,871.524942
355.91457,73,871.555485
349.946356,73,871.587514
824.277471,162,871.659812
694.171099,124,871.713924
591.446238,114,871.763873
682.683413,121,871.817148
516.216897,102,871.861096
733.359192,138,871.922379
678.858457,131,872.561288
702.28377,134,872.626347
696.464396,125,872.680247
462.163226,92,872.722039
511.985529,110,872.770974
512.451804,97,872.813651
443.599705,88,872.85214
494.597935,100,872.896502
615.183229,125,872.952199
463.224742,87,872.990508
585.652047,108,873.038548
510.639258,98,873.083439
471.109099,87,873.121943
348.509273,76,873.153106
612.873264,119,873.20596
624.961898,115,873.258534
445.337567,90,873.297314
705.439608,129,873.35467
591.975008,113,873.404225
434.214194,88,873.44276
516.455718,95,874.071347
618.975316,111,874.121764
484.375469,95,874.1649
630.799086,120,874.217925
637.872731,119,874.269328
631.456041,116,874.320976
498.258257,102,874.364739
624.411809,114,874.414131
586.977882,120,874.471672
609.551008,113,874.521673
658.78653,121,874.575784
737.607263,140,874.637619
881.162416,162,874.710156
643.953299,118,874.76185
467.268935,87,874.799039
764.055305,139,874.863245
635.454371,116,874.915962
1242.721271,225,875.503784
582.5833,105,875.550979
533.72149,101,875.594967
528.059942,105,875.641464
512.380379,102,875.68638
702.95463,143,875.749349
466.683747,86,875.78663
387.418838,77,875.820862
600.202408,113,875.87341
743.221203,149,875.937793
559.482499,102,875.983101
429.97809,90,876.022934
540.650248,99,876.068072
399.797198,82,876.103633
630.315084,120,876.155349
637.624776,117,876.208848
846.447457,154,876.277664
399.709707,75,876.310678
505.716904,98,876.89541
420.535068,85,876.933584
613.955491,120,876.990756
547.722326,102,877.036076
690.628025,131,877.096272
484.453901,89,877.134072
496.220707,89,877.173627
593.327801,110,877.223698
679.175584,134,877.285831
851.761159,162,877.358795
524.610416,96,877.401475
497.93029,99,877.444982
573.366666,108,877.491229
516.389075,99,877.534024
809.94384,161,877.60858
470.478553,90,877.648271
871.030164,163,877.721232
597.257965,116,877.772226
476.080508,96,878.268315
732.166939,132,878.328246
740.233143,146,878.39308
771.031844,145,878.457941
547.427721,103,878.503982
703.732009,133,878.562519
371.464794,75,878.59514
736.082189,152,878.665569
668.900871,130,878.724847
467.179675,87,878.762643
795.890078,151,878.829072
442.960048,81,878.86391
603.015125,122,878.917367
487.563189,95,878.96094
435.547842,81,878.997022
512.792771,103,879.04201
651.985348,122,879.097757
533.987846,106,879.147009
258.97227,50,879.169454
490.058481,98,880.121908
427.767032,85,880.163443
597.240784,121,880.219777
421.065988,77,880.254817
461.325213,87,880.294401
434.618599,90,880.336294
555.568444,120,880.393114
383.483622,72,880.424846
406.269015,83,880.463352
535.473631,106,880.51164
613.669972,121,880.567119
542.929203,111,880.618854
613.946746,114,880.670204
625.834182,125,880.725121
515.695759,97,880.768262
507.764935,104,880.813408
607.592493,119,880.865998
377.619369,77,880.900116
717.596077,133,880.960118
554.66422,102,881.007721
803.093875,148,881.819586
435.271687,82,881.858288
732.32556,141,881.922227
544.469744,101,881.96828
557.984554,107,882.017052
666.373576,125,882.071736
441.641139,83,882.10848
505.419249,98,882.151368
531.832551,103,882.199145
579.718225,111,882.250127
827.834293,156,882.319409
650.918737,129,882.379837
519.910918,100,882.424644
488.098178,89,882.463617
646.188016,125,882.519767
627.572987,121,882.575778
389.304759,72,882.607803
604.289691,113,882.663959
641.636354,124,883.248821
510.723544,101,883.294389
743.699736,142,883.374803
875.101535,165,883.45031
663.287112,133,883.510536
772.072001,143,883.5727
521.904739,103,883.618244
453.63916,94,883.65903
559.471682,103,883.704053
607.221821,118,883.757061
515.741707,98,883.800093
496.932228,100,883.846233
450.484348,86,883.884384
489.545808,100,883.928463
456.773814,83,883.964913
352.555632,65,883.993505
835.691331,162,884.067626
446.227409,88,884.106983
670.43937,131,884.946088
448.86196,90,884.986915
512.01839,96,885.02994
596.013833,113,885.079409
486.455577,98,885.123755
436.86011,88,885.163985
579.684858,115,885.215804
399.611207,75,885.247733
617.133838,112,885.297483
667.443413,131,885.355526
387.126362,72,885.386809
623.06367,113,885.437691
535.048399,98,885.480869
698.612464,129,885.537679
497.540825,93,885.578189
530.276314,106,885.624886
543.622586,106,885.672615
421.923136,77,885.705934
617.951235,112,885.754539
455.930083,87,885.793153
496.508066,100,885.836206
388.778493,74,886.411404
695.524572,131,886.470958
429.050451,79,886.506714
549.107417,103,886.553216
502.083248,95,886.597218
511.608871,104,886.643953
647.794361,120,886.69773
666.85535,130,886.754095
480.947647,87,886.792128
662.402928,122,886.845026
588.388237,112,886.893805
563.560708,119,886.947063
431.777477,88,886.986527
445.623731,87,887.025224
826.232706,149,887.089157
445.399987,83,887.126794
613.818742,110,887.174788
599.555636,111,887.224476
467.183946,97,887.267913
488.897645,90,887.816236
675.594339,123,887.871176
547.046863,111,887.918427
496.45691,101,887.965023
449.76314,84,888.001091
761.458642,145,888.066942
725.977585,136,888.126698
533.754102,97,888.170364
449.052638,82,888.206754
495.61909,97,888.250606
611.150271,123,888.307158
806.48873,145,888.371372
686.602214,125,888.426365
532.382206,104,888.471258
474.242146,98,888.514252
431.528534,81,888.550518
381.49561,71,888.582026
683.389999,126,888.637848
427.112188,79,888.673109
442.055564,93,889.296078
367.595071,70,889.328198
429.018865,83,889.366887
492.744424,98,889.4129
667.962989,125,889.470247
782.854661,142,889.535367
468.784558,95,889.59289
617.568242,115,889.644903
712.576973,152,889.713198
585.248806,108,889.759476
866.355357,155,889.827114
518.015825,98,889.869394
799.739966,155,889.939192
583.912005,119,889.993408
426.938815,88,890.033844
551.807704,100,890.078492
794.159981,146,890.14452
587.064648,111,890.193816
382.602893,76,890.851648
481.872455,90,890.895255
528.318995,114,890.946438
909.803227,173,891.026035
509.602056,97,891.068846
409.336317,86,891.108238
488.981874,95,891.149927
430.929566,89,891.188042
429.580084,85,891.225789
536.450205,113,891.27599
523.968465,111,891.324804
497.667135,94,891.367388
494.780555,91,891.407697
600.200017,116,891.45854
513.785489,97,891.501962
1124.064585,199,891.588439
508.426843,103,891.633903
639.883044,118,891.687015
607.136089,117,891.73895
544.432956,103,892.406995
834.692617,156,892.479345
579.426526,117,892.533959
498.054537,92,892.576214
614.609323,114,892.627455
428.206142,78,892.662544
603.970211,121,892.716737
493.805121,90,892.758689
945.669824,174,892.838862
531.359859,106,892.886295
684.305804,130,892.944545
330.681812,66,892.971854
518.882544,96,893.014707
499.908931,97,893.057264
434.427525,89,893.096459
467.0276,85,893.133899
664.526672,126,893.192716
483.486243,90,893.233528
776.979506,142,893.297836
345.769404,65,893.90821
452.635126,89,893.947719
750.502986,135,894.006733
628.667202,115,894.056923
430.864661,79,894.091711
456.416703,85,894.129107
748.664288,142,894.193522
488.938047,90,894.233899
554.041593,111,894.28273
568.764113,106,894.329242
923.73863,167,894.403242
360.450989,69,894.434899
633.539271,124,894.489247
625.259671,120,894.540234
454.67297,95,894.582402
450.926125,90,894.621467
570.50123,103,894.664974
510.902865,100,894.709753
716.961942,144,894.775898
610.665719,117,895.432931
429.528907,79,895.469051
638.678693,120,895.521583
451.64753,93,895.563576
505.044288,93,895.603164
463.696815,87,895.640278
619.633921,119,895.694769
533.584581,109,895.742198
502.427701,99,895.786844
917.739783,165,895.859516
386.415898,82,895.896424
566.938329,110,895.944537
473.87145,93,895.983621
648.247068,126,896.041668
566.474073,106,896.086703
833.898376,152,896.153379
421.669725,78,896.187787
546.375364,110,896.234834
533.124131,105,896.28142
563.876162,105,896.913144
443.46232,86,896.951179
608.310911,117,897.00405
1029.686036,184,897.085893
360.170985,67,897.115833
466.855144,98,897.159195
609.934008,116,897.210469
490.06851,95,897.251299
577.687374,108,897.298414
634.309298,117,897.350444
568.865516,104,897.397842
599.972425,112,897.448405
330.502574,69,897.479462
483.64054,102,897.52607
559.084132,103,897.571196
601.257095,114,897.623017
443.747427,90,897.664971
724.672433,137,897.726526
513.694449,101,897.77155
538.457194,107,898.408023
470.931795,93,898.450019
545.585189,114,898.501164
562.802441,113,898.550635
596.344236,117,898.60282
429.767786,85,898.640227
490.224941,97,898.682805
445.381207,91,898.725155
364.022516,76,898.758204
628.331429,118,898.812398
593.587065,117,898.864671
530.95914,98,898.908188
618.93847,112,898.958339
511.620289,98,899.000645
533.231095,98,899.042967
534.169058,103,899.087686
570.508303,106,899.133503
684.163594,125,899.188988
472.896952,87,899.227993
400.196705,73,899.259765
566.245268,106,899.772616
614.810329,111,899.821709
671.964719,128,899.878174
410.92236,76,899.913503
980.78378,179,899.992191
774.292669,144,900.054209
594.699601,116,900.104704
493.612529,96,900.148083
759.51196,140,900.211772
731.258434,131,900.26919
478.099766,89,900.310181
548.502579,102,900.355484
505.109447,94,900.397914
604.261671,113,900.448313
356.663998,80,900.484367
389.306961,73,900.517049
667.555074,121,900.571741
584.964145,109,900.619107
665.552202,121,900.671492
663.177895,120,901.20448
890.281443,161,901.276524
406.477941,75,901.310795
730.32127,133,901.369341
470.529232,94,901.410554
706.94754,130,901.471766
634.510185,121,901.525097
612.338171,110,901.572386
320.106622,67,901.601064
481.47774,89,901.641256
575.710027,113,901.69052
484.508305,90,901.730959
420.182742,79,901.766704
505.612727,103,901.813343
885.790741,162,901.88558
498.948928,91,901.924834
461.864898,101,901.971185
421.508847,90,902.012
499.196075,100,902.055944
479.221226,94,902.605426
525.950399,97,902.649446
560.961248,113,902.698508
756.328754,140,902.759948
467.175986,91,902.80248
578.622585,108,902.85068
594.686597,117,902.902823
385.004909,71,902.934421
413.162899,82,902.972036
452.212905,87,903.010353
426.006788,79,903.044734
475.181257,87,903.08218
459.236563,86,903.12049
449.753833,96,903.163668
530.518514,98,903.206811
505.020096,101,903.25263
540.271743,99,903.296384
414.693718,77,903.331617
585.979811,108,903.379711
627.044597,124,903.433487
501.328975,93,903.47557
438.974287,89,904.029358
436.723074,83,904.066006
740.027489,136,904.12766
824.590224,157,904.200256
565.663364,106,904.24811
612.856275,113,904.30039
712.748565,143,904.362324
648.544476,121,904.415717
527.13206,97,904.459435
603.764201,114,904.510268
523.989161,96,904.551764
519.616818,96,904.594297
498.574224,102,904.639587
676.873587,131,904.697267
650.535795,121,904.753636
463.038546,86,904.793088
584.022151,123,904.849106
646.099653,118,904.902801
610.188454,125,905.458873
439.479433,81,905.495752
578.204368,106,905.54252
810.580064,154,905.612807
451.914497,97,905.656768
488.97115,95,905.699779
872.861419,161,905.774097
448.247632,96,905.816042
546.624383,101,905.861698
464.870809,90,905.901015
555.463391,112,905.951638
523.76022,97,905.994467
731.423017,132,906.053594
877.996335,175,906.135053
728.694313,134,906.194309
429.00543,90,906.235952
523.751719,98,906.279458
429.775661,92,906.320594
677.59724,125,906.890083
378.061315,71,906.922056
619.247446,114,906.972184
408.628556,80,907.008784
626.109684,119,907.065029
527.842835,98,907.109114
466.479158,88,907.149714
703.136187,129,907.208195
549.48012,118,907.259936
588.711682,108,907.308567
428.421036,79,907.34377
713.248764,131,907.401751
421.024127,85,907.465459
618.742674,117,907.521491
677.126649,121,907.575248
624.831738,114,907.625779
756.086634,142,907.689354
529.981222,96,907.731157
465.190115,94,907.772295
433.393994,88,908.272032
551.779619,109,908.32269
582.255174,106,908.369549
823.218838,152,908.4378
575.312801,109,908.485097
1122.05233,209,908.577995
499.49515,94,908.620984
436.088413,80,908.655923
733.60926,140,908.717196
604.064661,118,908.770788
503.344583,94,908.813289
538.17788,98,908.855703
626.740647,120,908.909937
888.63324,163,908.981474
614.669539,112,909.031239
502.700209,99,909.076246
423.412318,77,909.110272
584.547623,107,909.156548
524.317696,96,909.662529
545.551539,102,909.70878
928.959802,173,909.788468
820.841246,149,909.85425
675.830049,125,909.910647
755.461894,138,909.97363
689.929424,136,910.034808
799.058113,151,910.101189
896.401006,166,910.175311
508.979142,100,910.218599
461.781776,86,910.25651
896.303206,168,910.33165
619.597753,116,910.383764
372.943502,78,910.419054
526.151122,96,910.461706
482.671233,88,910.500307
526.148466,96,910.543118
480.122505,95,911.036957
818.724651,162,911.108562
542.29572,105,911.154806
570.893064,105,911.201224
746.616232,139,911.26296
609.965646,116,911.3154
590.306843,107,911.362894
586.357319,109,911.411762
539.041818,98,911.45431
531.674537,105,911.502414
719.055647,143,911.565741
514.197357,93,911.606319
678.299358,122,911.660773
418.197376,91,911.70186
408.225929,77,911.73546
449.669013,83,911.771702
603.315371,114,911.8223
761.271592,138,911.883899
647.205016,120,912.423193
650.368872,117,912.474119
400.562128,81,912.510384
527.774278,99,912.554777
499.147099,93,912.596222
743.310913,142,912.660292
427.220362,85,912.699733
516.36399,104,912.748463
409.479598,87,912.789567
700.2536,133,912.850791
407.723562,87,912.890525
496.556931,90,912.930331
423.502687,81,912.966511
606.666785,112,913.016968
713.896755,128,913.075475
608.073291,121,913.128597
401.814411,75,913.161376
653.664821,120,913.215489
395.862435,73,913.248086
593.237096,107,913.296011
595.918909,110,913.859452
459.660625,84,913.896122
659.952251,145,913.960282
850.033429,155,914.030785
811.898437,158,914.103195
949.733188,175,914.181916
504.807761,93,914.222031
844.189461,157,914.291987
878.622189,162,914.363515
364.297497,82,914.397945
555.926492,101,914.443626
576.95837,117,914.49455
482.027926,91,914.536232
495.210681,100,914.582457
505.323403,92,914.622574
702.385928,129,914.678817
703.819095,128,914.735896
483.56332,91,915.295479
674.38941,130,915.353019
729.434182,137,915.415022
661.945537,128,915.473224
549.888871,110,915.527331
578.612935,108,915.574204
716.030072,131,915.632379
688.720253,131,915.690608
629.766529,118,915.743606
498.774153,93,915.785103
461.21485,85,915.822331
593.730916,110,915.871448
792.810572,150,915.939338
461.920183,90,915.978925
529.183695,98,916.022291
508.672049,94,916.063063
677.341917,130,916.121331
712.037706,132,916.179922
480.18712,90,916.704522
548.601999,105,916.767771
630.033253,115,916.818209
528.375522,101,916.86254
367.204701,74,916.897094
510.205235,93,916.938664
660.298449,122,916.992493
463.470157,86,917.030172
614.521421,121,917.084195
570.070371,124,917.138983
489.457176,90,917.178164
717.790709,135,917.239471
607.033535,116,917.291734
493.431559,94,917.331938
557.926356,106,917.380364
470.190952,94,917.422411
488.198225,97,917.465383
381.398975,79,917.501252
587.136452,112,917.551707
755.075965,137,918.145497
668.911122,122,918.201871
466.314604,98,918.24577
409.850988,84,918.283937
435.455468,87,918.322467
567.190437,113,918.39064
597.990583,113,918.444609
603.386557,112,918.495087
857.514684,163,918.567651
432.279229,81,918.604459
711.748867,138,918.664294
706.562747,127,918.720382
449.487846,82,918.757431
419.815747,78,918.792224
621.894986,118,918.847422
507.454741,103,918.893825
601.608826,114,918.944333
622.028086,119,918.997476
702.956423,136,919.057681
519.65709,97,919.939469
563.807271,102,919.985294
533.482362,106,920.034107
671.740394,126,920.097275
655.832928,124,920.155754
585.123666,108,920.209177
424.414645,87,920.249808
652.551547,123,920.303834
678.692517,124,920.360759
518.83997,102,920.406227
700.649085,128,920.466234
546.76286,101,920.515692
737.465052,135,920.578335
708.789482,139,920.640023
698.671697,133,920.703022
626.390163,118,920.755874
545.433013,100,920.799742
508.338267,93,920.842281
510.468259,101,921.520095
633.226992,115,921.573647
529.60289,97,921.61778
541.730443,108,921.665348
533.073177,104,921.710463
437.678996,81,921.746491
733.425967,133,921.805498
644.337923,118,921.858496
680.159558,123,921.932687
386.150452,73,921.963699
471.387073,87,922.002675
634.813423,123,922.059431
470.194406,88,922.09915
795.02787,147,922.166952
532.318204,110,922.217664
476.166183,88,922.257238
749.687344,137,922.317629
862.215386,157,922.386346
453.597835,83,922.421875
531.543259,101,923.038436
469.989367,87,923.078046
687.784893,127,923.135548
574.14319,115,923.186821
715.026348,131,923.245548
635.955643,119,923.299422
596.562407,113,923.351745
709.902688,132,923.409881
744.930586,139,923.472717
364.183013,70,923.503491
472.965266,88,923.543543
441.322268,90,923.58556
674.429541,131,923.645885
418.597958,78,923.680402
557.900242,111,923.735468
648.015864,119,923.791722
474.16728,88,923.832481
503.093686,98,923.879448
607.934741,117,923.931522
589.063637,114,924.518849
475.568139,97,924.561687
421.048442,85,924.598939
782.328981,142,924.663975
760.238352,139,924.726485
559.008362,106,924.774313
747.724252,136,924.833652
485.501623,89,924.87326
543.20391,105,924.92141
518.567288,94,924.962491
575.047602,113,925.012197
556.879178,102,925.057329
926.736588,170,925.132479
567.186327,106,925.180251
494.737424,93,925.223603
542.642673,100,925.268491
878.71032,159,925.338204
525.162609,106,925.384611
621.721802,119,926.105337
528.775631,104,926.152645
578.385605,108,926.201547
569.490411,105,926.247841
763.304781,139,926.313341
635.481416,116,926.366715
458.090271,84,926.404919
532.23658,99,926.449961
446.183579,84,926.489002
364.015967,69,926.519537
466.592928,85,926.557472
565.084236,108,926.607132
557.00263,109,926.656108
508.714682,94,926.697645
379.464271,78,926.733595
532.0151,104,926.780137
727.09276,134,926.841518
529.266132,99,926.887528
491.730597,90,926.926948
410.760675,84,926.965441
482.288355,92,927.744657
556.438218,106,927.797361
702.005977,131,927.857098
563.72248,108,927.906356
559.759158,107,927.954667
447.367547,84,927.992341
581.214445,108,928.04002
366.607147,68,928.06976
713.454228,148,928.135512
513.165795,105,928.184622
552.330623,101,928.231549
689.097415,124,928.288999
431.675195,80,928.325362
382.951426,71,928.357397
443.436424,86,928.394083
536.878525,99,928.438256
559.314678,106,928.485674
534.106148,105,928.532726
448.196488,86,928.571453
584.611904,109,928.621605
433.174141,82,929.239522
309.927883,61,929.265073
551.849711,102,929.310823
548.44531,108,929.358611
629.440375,116,929.410214
610.800037,114,929.461096
410.9522,75,929.493454
506.128421,96,929.534672
635.405526,115,929.587792
511.710111,102,929.635495
750.432553,137,929.696072
594.165328,117,929.749305
490.899261,94,929.790823
494.09797,90,929.830813
472.420577,95,929.873603
735.45281,141,929.933648
333.190973,63,929.961519
486.880878,92,930.000847
661.272398,125,930.055983
653.809819,121,930.111403
697.649135,126,930.651845
418.573189,95,930.696953
444.683511,87,930.736479
815.563307,149,930.803679
624.065424,123,930.858973
502.407318,97,930.901746
355.170551,80,930.939671
506.755897,103,930.986101
408.102946,86,931.025844
663.379117,122,931.082022
779.83167,142,931.145215
558.116971,106,931.19266
496.000783,97,931.235633
482.892314,90,931.27911
469.669682,86,931.318358
597.678131,114,931.370773
525.863231,104,931.418452
523.898872,99,931.462668
582.729672,106,931.509693
532.125904,98,931.554065
464.845287,86,937.020023
637.881132,118,937.074112
504.973837,97,937.118012
619.875109,117,937.169214
446.85605,84,937.206141
583.954262,107,937.254389
638.604455,116,937.309746
461.151694,86,937.349837
451.428213,83,937.387946
606.00529,122,937.440407
576.493833,106,937.487022
401.427549,83,937.522047
574.944528,111,937.570373
879.588651,157,937.637547
470.979796,88,937.676706
508.945543,94,937.718799
475.316322,88,937.757795
578.556337,110,937.807052
515.907162,95,937.849221
664.052458,125,938.385211
880.407656,165,938.460598
749.693642,137,938.522781
486.573631,93,938.565207
742.636738,139,938.627194
478.574281,93,938.668834
539.784976,105,938.715093
568.138376,103,938.760954
620.797631,118,938.813769
407.852043,76,938.846193
434.911773,80,938.887351
450.863256,84,938.939328
622.795323,122,938.995904
852.468151,159,939.066097
548.511313,100,939.111178
722.212791,131,939.17009
421.945291,85,939.207828
442.157996,81,939.243003
627.459028,116,939.2931
575.132355,113,939.889637
627.408963,115,939.945691
500.493258,102,939.994723
508.568598,96,940.038866
577.164308,114,940.090442
542.981696,105,940.140327
465.064533,88,940.182527
507.180759,99,940.226829
698.097482,131,940.287542
579.360618,106,940.334563
520.787814,96,940.376887
512.365735,95,940.419734
313.169193,61,940.447516
387.726672,72,940.479467
875.7579,162,940.552409
740.477288,153,940.622222
605.678308,116,940.675751
533.885463,100,940.719972
445.033349,92,940.763858
427.643425,89,941.420653
697.498468,129,941.481528
629.196671,113,941.533093
643.593385,122,941.586458
500.378212,94,941.628851
504.477365,95,941.671715
364.777373,75,941.704685
983.876845,178,941.783904
637.887919,116,941.835854
581.885562,109,941.884139
613.953235,114,941.934963
726.127318,132,941.994721
403.850913,76,942.027036
539.809202,106,942.073786
407.9691,76,942.106295
391.659975,73,942.138638
532.585346,98,942.182266
602.692533,110,942.230133
453.621879,93,942.270233
636.598785,120,942.324107
473.355319,90,942.912707
629.895683,116,942.967063
575.68216,113,943.017994
1066.562443,218,943.113859
451.792619,87,943.154825
592.973463,109,943.202176
664.078195,121,943.257046
509.469965,93,943.296852
702.733044,129,943.35422
829.649389,154,943.421971
688.503311,127,943.478978
652.30087,124,943.534408
543.851099,98,943.576677
411.796725,80,943.611565
563.533705,118,943.664618
597.199312,111,943.713779
533.788404,105,943.762489
571.304861,109,944.286508
784.764505,165,944.360283
830.337928,155,944.430555
470.044249,88,944.470672
540.310093,111,944.518354
682.373903,125,944.573096
513.119688,97,944.616679
823.662856,160,944.687548
518.574934,99,944.730609
840.030266,164,944.803443
661.904236,122,944.857094
702.902204,127,944.913336
770.271797,142,944.977279
496.175574,98,945.019906
580.388701,120,945.07169
438.22611,81,945.108129
628.495138,116,945.159809
516.213441,101,945.711257
382.796117,71,945.743436
723.17552,137,945.808968
548.592962,106,945.857352
403.613122,74,945.889478
653.671624,122,945.944256
382.687778,84,945.98408
647.569958,127,946.041137
616.484486,113,946.091849
776.732878,139,946.152429
598.510305,112,946.200431
709.554435,135,946.259461
483.468206,90,946.29875
491.03204,96,946.340136
512.882358,98,946.382938
459.93597,84,946.419592
580.848277,107,946.466573
536.460754,100,946.509621
661.688295,124,946.562389
430.919654,79,947.054605
575.06482,105,947.101728
682.391268,122,947.15571
577.982709,106,947.202236
537.338318,100,947.248961
574.490046,105,947.296722
532.075558,108,947.343915
580.031234,111,947.394735
445.42456,95,947.436249
618.478265,117,947.489607
496.303899,90,947.52884
455.871353,85,947.566769
744.801335,138,947.627385
577.845856,110,947.677303
528.485672,99,947.721245
469.283216,86,947.758843
430.498916,85,947.796812
660.763331,127,947.854431
507.344342,102,947.897836
525.826894,101,947.942004
687.087343,128,948.474945
653.292643,120,948.530025
499.423993,94,948.572776
396.860076,81,948.608741
381.114258,81,948.645213
568.879667,111,948.697422
483.255964,90,948.736396
530.59242,98,948.78015
655.124921,124,948.835152
443.459293,82,948.87215
622.504205,115,948.924749
695.099861,128,948.981714
814.500854,150,949.051226
582.225282,107,949.100007
731.120231,144,949.162567
466.777821,86,949.200937
537.494117,107,949.248877
618.128109,112,949.298153
581.354353,112,949.347349
378.846431,70,949.859568
525.86732,97,949.902656
569.608753,106,949.949777
558.015154,108,950.00053
813.52984,152,950.068318
764.091922,136,950.128823
456.526829,85,950.166874
534.993593,99,950.209544
428.426094,80,950.243967
580.310477,106,950.290769
420.038495,80,950.325172
605.670194,114,950.375928
631.343534,126,950.432254
589.503112,108,950.47969
737.181647,136,950.539035
755.423613,141,950.602591
593.245018,114,950.653457
509.945745,100,950.698403
575.287584,106,950.746718
416.413566,77,951.618876
972.362721,178,951.701735
647.663526,119,951.75528
450.243992,83,951.790701
770.794703,155,951.861606
670.994569,125,951.919509
626.595255,123,951.976389
732.012067,132,952.033887
711.082497,128,952.090624
557.479208,102,952.134878
458.393892,90,952.175281
978.790412,200,952.269632
648.878616,117,952.321198
544.876968,106,952.368421
524.21334,99,952.41422
693.029108,134,952.475557
640.374933,119,953.082181
454.387525,95,953.125011
509.41016,95,953.167679
591.105465,113,953.2203
457.7031,88,953.259995
466.609473,86,953.297441
754.041146,136,953.359202
560.692902,103,953.405298
528.223308,96,953.447746
478.819633,92,953.488548
784.897998,146,953.556702
565.297678,103,953.602452
426.993701,79,953.638984
420.373334,85,953.676968
781.49375,146,953.74346
396.505006,74,953.777335
393.434499,74,953.809953
747.873723,142,953.873382
541.527212,99,953.918604
704.097344,128,953.97589
662.687612,122,954.721244
480.309348,90,954.763338
539.426797,117,954.818285
391.535255,72,954.851321
541.043453,98,954.896375
554.933224,102,954.942661
613.522056,112,954.991985
525.37494,96,955.033986
814.67821,149,955.096811
583.918602,108,955.144905
558.505407,103,955.191517
471.791315,86,955.229964
756.812301,141,955.293057
426.331239,89,955.332887
559.440317,108,955.381367
699.405341,130,955.439671
494.444378,91,955.479957
653.118699,127,955.535094
463.686499,87,955.572566
378.156369,70,957.978015
661.398039,123,958.033933
514.122449,97,958.075913
723.453566,135,958.135396
730.937711,137,958.196524
753.754525,139,958.259386
777.362155,140,958.322243
659.980092,127,958.378131
504.010184,94,958.420199
573.205874,113,958.471216
984.029744,184,958.55347
441.247064,81,958.589375
610.830348,112,958.639576
451.62359,84,958.677086
677.347205,125,958.73461
536.429851,100,958.788564
961.944589,181,958.875513
585.962236,108,959.65015
597.145299,112,959.703733
528.240539,105,959.751879
741.394357,134,959.813813
762.841112,143,959.880281
458.632269,93,959.92199
539.112828,98,959.966709
483.732944,89,960.007026
466.405448,85,960.046567
643.735319,116,960.099751
623.447642,124,960.157283
574.495016,109,960.207225
835.14396,153,960.275892
475.689396,89,960.31575
545.051247,105,960.362787
423.146222,78,960.397246
499.330417,92,960.437622
640.675506,116,960.493505
632.590576,122,960.551438
476.116682,96,961.158455
553.575255,113,961.21269
513.462886,93,961.255325
451.213799,82,961.292397
716.409184,131,961.351044
521.687806,97,961.395686
462.288564,85,961.432907
804.540982,145,961.497512
351.012845,65,961.52702
406.551867,80,961.562743
518.292403,95,961.604907
468.622177,95,961.647805
605.700257,117,961.699802
474.344031,87,961.739602
627.71279,116,961.792644
474.12644,87,961.8316
785.880415,147,961.902799
447.727695,82,961.939472
642.513076,119,961.994856
618.942438,113,962.045807
645.597237,126,962.608662
416.71298,88,962.662056
717.126158,130,962.721086
587.129574,109,962.770566
466.215271,88,962.810097
638.14816,137,962.872523
602.302369,113,962.924709
589.80672,107,962.973295
523.60265,97,963.016796
422.225772,82,963.053205
612.664035,114,963.104255
549.474029,112,963.1539
499.552398,94,963.198201
507.966878,104,963.24674
530.029687,104,963.29352
590.081848,114,963.343928
434.266965,80,963.378917
661.65204,123,963.433547
509.772323,96,963.477562
425.404145,85,964.044135
371.328144,70,964.079428
567.787369,104,964.127531
736.324727,146,964.194566
579.2111,111,964.245194
426.186111,87,964.286487
399.289543,82,964.324777
635.255975,121,964.37928
557.763053,101,964.423805
313.221283,58,964.450503
540.308559,99,964.494892
534.606465,99,964.539136
474.241514,88,964.577467
416.893108,77,964.611262
976.876698,177,964.690597
892.785313,163,964.765426
483.17044,90,964.80654
453.810341,85,964.845451
483.108724,100,964.889653
533.530989,103,964.936912
534.755007,102,965.461055
775.04121,141,965.527533
686.682447,127,965.587746
548.028505,114,965.641918
747.308136,148,965.709035
577.00689,106,965.757461
541.048337,98,965.802495
803.715434,147,965.869045
470.851839,91,965.909828
488.225417,91,965.950675
564.722525,112,966.001206
559.941017,103,966.047161
586.86753,107,966.095368
421.751377,77,966.129287
505.529838,98,966.174047
503.88353,91,966.214332
458.366034,90,966.253557
472.25001,87,966.293101
696.509264,128,966.354632
486.129372,94,966.871159
678.364212,129,966.930136
597.626604,114,966.983139
510.455386,103,967.031325
663.068553,120,967.084776
445.623167,84,967.121222
557.42249,102,967.166648
438.147697,82,967.201454
446.098615,83,967.238257
678.419749,125,967.29401
639.402864,123,967.348867
574.830342,108,967.397558
553.769961,102,967.445118
589.865323,109,967.494966
506.15824,100,967.540658
449.378662,85,967.579456
719.194416,133,967.643054
670.350643,123,967.701198
676.172979,124,967.758239
635.6177,121,968.251218
878.939621,156,968.32242
471.434503,88,968.36227
515.737211,103,968.409549
523.773643,96,968.451822
529.130716,102,968.498135
752.716107,143,968.564872
532.290784,98,968.609106
428.511723,81,968.646456
435.149134,80,968.68129
422.129181,78,968.71663
789.436393,143,968.7812
485.061791,90,968.822097
663.021604,124,968.876786
418.235206,77,968.912198
478.914239,104,968.961964
416.618498,76,968.995594
485.249269,88,969.036178
388.623062,73,969.071726
455.27428,98,969.113827
606.264239,112,969.642516
568.173389,113,969.694556
386.348357,72,969.727567
592.805533,112,969.776088
545.37797,107,969.824297
505.1352,93,969.865795
765.299893,143,969.932171
533.120399,112,969.98438
449.734847,85,970.022916
494.542255,92,970.064177
412.879939,85,970.102214
559.145079,105,970.15032
590.529703,108,970.199794
376.639262,70,970.232045
601.793027,110,970.280763
623.395976,123,970.33425
595.145398,108,970.383189
555.597755,105,970.430175
506.189799,93,970.472303
728.685414,141,970.536802
495.417749,96,971.027277
442.725765,86,971.067903
666.177323,124,971.124762
894.293399,162,971.200993
722.907235,129,971.261361
469.00108,88,971.301227
599.336464,108,971.350941
785.45321,143,971.416219
498.427452,93,971.458322
647.365611,118,971.511754
650.703759,121,971.565464
454.738633,93,971.607856
715.973366,141,971.672137
469.153299,85,971.710491
443.741645,91,971.751573
974.060781,176,971.833299
544.615477,103,971.881763
692.554845,131,971.941132
630.027613,134,972.712886
561.551934,105,972.760509
737.020148,137,972.822165
504.25806,98,972.865963
628.180109,113,972.915968
547.116783,100,972.960011
506.67112,100,973.005241
545.493243,100,973.050019
493.154469,106,973.097759
466.544153,91,973.140216
400.361681,74,973.172058
426.921193,79,973.206453
466.667739,87,973.245352
349.989758,72,973.278549
617.580999,114,973.329863
590.254219,113,973.379108
431.89782,80,973.414888
441.420531,84,973.451746
616.372244,113,973.502861
368.979583,83,973.542153
388.959159,83,978.434247
386.528686,73,978.469781
884.566946,161,978.544382
525.033743,97,978.588099
764.186278,150,978.65614
415.674895,87,978.695671
608.053465,116,978.748389
983.790439,188,978.833556
668.085098,123,978.889731
705.473762,154,978.962554
657.811559,119,979.015845
657.190322,123,979.07233
464.124641,87,979.111908
494.812337,93,979.154382
461.787494,88,979.194243
717.2765,135,979.256517
571.287072,105,979.304546
533.515544,99,979.348274
651.182849,121,979.892801
836.350164,151,979.96093
522.732356,101,980.004892
582.532088,107,980.051733
760.129786,146,980.117907
844.148188,155,980.189429
761.455254,141,980.253161
488.873859,89,980.292455
553.360867,109,980.343509
536.949424,105,980.391251
499.097979,100,980.436577
457.97218,88,980.476053
555.629049,102,980.521594
607.55848,116,980.572292
501.673084,92,980.613435
513.04597,98,980.656113
547.836699,103,980.702697
547.14213,104,980.749357
580.84588,116,981.382386
653.704877,119,981.439713
405.725616,77,981.474637
520.066428,97,981.517295
542.357351,101,981.560389
728.656585,135,981.61931
553.205161,108,981.667298
504.435632,96,981.70924
597.657103,108,981.755793
832.261847,152,981.822746
318.488892,66,981.850702
648.06244,118,981.90603
623.471031,114,981.957475
440.612491,89,981.998224
508.277206,94,982.038448
353.625905,64,982.06616
720.565957,132,982.124092
578.999658,116,982.174803
654.572241,118,982.227324
530.612704,100,982.800536
494.066513,94,982.842334
576.493641,105,982.888546
675.20502,127,982.946198
681.147195,125,983.002185
479.358448,88,983.040616
544.057374,113,983.091884
647.296273,120,983.145573
943.11488,169,983.219864
461.632256,94,983.264704
652.621587,120,983.318246
560.991522,109,983.368834
549.11342,101,983.413014
569.4658,104,983.45768
509.038835,93,983.49792
564.354211,112,983.548824
691.499775,126,983.603931
574.151698,105,983.65096
395.223612,75,983.68372
691.89247,129,984.232703
463.926596,97,984.276755
657.044012,129,984.336731
504.02129,92,984.393531
586.465332,109,984.441577
454.205623,87,984.481342
620.297839,112,984.530583
558.349245,104,984.577958
581.632667,112,984.627527
476.346064,94,984.66866
490.80155,96,984.710811
632.856788,114,984.760891
487.106545,96,984.803796
716.561491,135,984.863297
436.533062,81,984.900017
414.858054,90,984.939301
498.509772,105,984.989099
772.931155,145,985.05416
343.780724,66,985.083787
417.168944,77,985.117656
547.061224,106,985.731495
458.726519,85,985.775244
585.736484,113,985.830327
602.900692,117,985.885438
505.348867,92,985.928021
551.780493,104,985.976903
451.996663,85,986.015341
455.60486,98,986.061731
720.25755,131,986.123756
503.917634,103,986.175892
706.228052,132,986.236944
599.976189,114,986.288159
416.439822,76,986.322706
626.702152,114,986.374733
631.928909,117,986.42759
415.876915,81,986.465605
465.273226,91,986.508488
439.705283,81,986.546812
529.233343,96,986.59133
646.860848,126,986.648632
538.704207,98,987.501566
597.50897,117,987.567154
300.102162,63,987.595098
435.060966,84,987.635764
415.344794,85,987.677151
715.805085,129,987.75402
522.637333,97,987.799265
767.918058,149,987.867305
519.277982,106,987.915126
502.312913,98,987.959946
803.213295,145,988.026376
504.219526,100,988.06939
493.199467,93,988.110682
576.331732,106,988.158765
501.013965,92,988.199921
435.655467,83,988.238104
427.513284,82,988.274568
780.009203,151,988.343545
554.418174,101,988.388778
374.448798,80,988.426691
575.689414,109,989.540841
637.60173,116,989.593386
456.114384,85,989.631667
548.768054,105,989.680199
791.961116,162,989.755984
1260.783281,226,989.859236
905.214743,175,989.940236
533.319226,101,989.98537
473.890351,95,990.029439
497.503605,91,990.070783
460.508565,85,990.110397
386.642625,71,990.142766
405.894259,83,990.183495
409.079767,79,990.219286
648.232702,119,990.273857
697.821853,133,990.33519
561.190459,102,990.381112
661.041824,124,990.925295
499.576446,92,990.967059
627.806743,116,991.020127
901.96706,163,991.096361
609.499431,115,991.148777
900.266887,168,991.231286
613.80183,119,991.285929
767.823035,142,991.354784
793.22092,143,991.420588
370.580633,70,991.452559
452.169956,94,991.495649
512.84359,96,991.539464
563.639883,103,991.587836
544.518966,101,991.635077
464.56119,92,991.680048
414.401996,86,991.720288
651.243757,130,991.782068
781.262407,143,991.849061
547.695274,107,992.537259
469.371703,87,992.579979
542.004699,106,992.633044
583.181975,109,992.683667
509.192492,94,992.726011
372.919101,71,992.757364
547.512599,108,992.805962
692.196433,125,992.86222
708.883342,132,992.921547
826.197222,155,992.991983
501.127595,94,993.032763
1236.003134,223,993.135768
435.240446,80,993.171016
560.982858,103,993.217043
472.344883,95,993.259989
546.162855,99,993.303953
951.616331,184,993.388597
674.659551,126,993.445216
583.369067,107,993.997126
493.513211,97,994.043374
591.119132,120,994.098754
485.677099,88,994.138015
402.159973,74,994.171456
547.510924,101,994.21878
547.33979,104,994.265203
540.319276,98,994.310607
646.727224,121,994.367183
516.410874,100,994.412585
589.723886,108,994.462054
466.551383,86,994.502395
629.961044,124,994.557626
834.331055,158,994.629115
528.005426,96,994.672195
742.220175,145,994.736661
527.577359,108,994.789861
509.192933,97,994.832614
861.961484,166,995.401483
504.091798,93,995.444477
772.029711,142,995.509143
737.208767,144,995.574925
545.312834,107,995.625969
469.575844,92,995.668257
494.98683,109,995.72074
332.740463,71,995.752887
521.67758,97,995.800461
563.693324,104,995.84745
553.79688,106,995.896754
537.782185,102,995.944232
566.765995,110,995.994166
524.883197,96,996.036623
392.406554,78,996.072337
538.939357,106,996.119808
638.506435,122,996.174492
538.682131,98,996.22322
398.238583,80,996.259843
670.642609,128,996.319838
387.825572,73,997.233323
797.417605,149,997.300205
455.41581,88,997.338248
473.239222,90,997.378249
774.474074,143,997.444054
607.649265,111,997.493519
601.266197,116,997.547033
593.781799,108,997.593957
462.439605,89,997.633872
624.337505,113,997.684118
440.416045,90,997.724075
619.943758,115,997.776066
844.519808,153,997.843039
689.236278,130,997.901781
476.240533,93,997.941709
514.870079,97,997.983794
603.225676,127,998.042544
535.228618,97,998.085737
683.137595,125,998.729671
353.318977,76,998.763849
786.005197,155,998.834105
511.519814,103,998.879894
637.099789,118,998.932803
593.404533,110,998.980218
641.225087,121,999.032131
654.968327,117,999.082633
498.724392,95,999.121936
666.594866,124,999.17631
460.23328,93,999.217044
575.333235,107,999.264359
526.335155,99,999.306573
524.810697,104,999.352239
655.048288,124,999.408825
418.855945,86,999.449156
337.618469,73,999.480769
740.429623,136,999.538968
729.007648,138,999.599522
705.938672,128,1000.113298
387.290482,72,1000.144478
598.590029,110,1000.193156
510.89299,94,1000.235671
440.189868,89,1000.278249
549.871814,99,1000.321284
391.793981,84,1000.360258
639.804788,118,1000.413872
472.455279,88,1000.452519
621.501872,115,1000.50262
514.733241,101,1000.547244
551.688302,100,1000.590854
404.704527,87,1000.629032
376.271144,78,1000.664447
406.304771,84,1000.701752
435.114173,88,1000.740513
630.477969,118,1000.793235
682.9563,124,1000.84839
405.79301,83,1000.886486
611.476096,116,1000.938522
433.41448,79,1000.972514
551.73948,102,1001.47046
598.715302,113,1001.521869
776.869004,149,1001.586975
458.067807,88,1001.627731
775.751728,142,1001.690964
495.769181,93,1001.732438
598.842369,110,1001.780603
575.662692,115,1001.830127
507.823409,94,1001.872294
503.51899,97,1001.917125
635.977221,121,1001.972841
593.998872,107,1002.019667
556.795099,106,1002.067828
467.296802,97,1002.110988
380.917642,72,1002.142458
666.036848,141,1002.209653
717.492384,131,1002.266654
535.722302,100,1002.310683
471.509774,90,1002.350503
374.498476,82,1002.874373
604.927264,115,1002.930094
865.130911,156,1003.003006
448.983094,91,1003.043576
513.987437,102,1003.090069
560.535095,117,1003.140019
495.718628,92,1003.180305
480.773934,95,1003.222219
579.115447,112,1003.271094
529.101215,97,1003.313992
554.149794,102,1003.358093
426.884581,88,1003.39694
626.988946,118,1003.448523
538.395125,106,1003.494979
505.401773,94,1003.537473
643.530039,121,1003.590701
643.696899,124,1003.64464
666.740704,131,1003.700883
560.943439,102,1003.744524
448.652779,87,1004.236726
321.555352,67,1004.267389
567.735301,112,1004.317255
539.576147,104,1004.363704
500.681814,99,1004.408718
466.946055,86,1004.446175
479.430644,90,1004.485037
471.752105,103,1004.530481
443.332076,83,1004.567216
781.65849,142,1004.630313
519.848673,101,1004.674382
633.479601,119,1004.72722
463.176406,88,1004.765486
762.96485,138,1004.827681
730.918032,147,1004.892757
546.649108,100,1004.935865
378.06178,71,1004.966568
619.170627,119,1005.019934
718.433035,134,1005.079048
504.947131,101,1005.57389
554.817203,104,1005.61995
610.487921,115,1005.673648
460.277466,87,1005.711306
523.002759,99,1005.755738
426.08006,86,1005.794642
457.267477,85,1005.831574
774.434618,143,1005.894272
563.729974,106,1005.942016
520.121676,96,1005.983759
460.520087,87,1006.021848
490.086076,95,1006.064556
543.102441,102,1006.110119
487.609681,89,1006.147986
393.35591,80,1006.184246
451.792264,101,1006.227974
565.675509,112,1006.276919
618.639747,115,1006.327574
734.143317,139,1006.389413
846.034574,159,1006.459144
461.018205,88,1007.35022
477.860306,95,1007.39239
532.646375,100,1007.437134
553.515661,104,1007.484607
546.039716,103,1007.529716
458.967481,88,1007.56887
592.053834,117,1007.621746
441.58108,83,1007.657262
527.026281,104,1007.704478
455.609083,88,1007.743385
443.54395,92,1007.784067
426.993244,91,1007.825756
622.559417,117,1007.878293
494.725059,93,1007.919333
525.660913,96,1007.962501
488.572157,101,1008.00837
616.139581,113,1008.057089
410.696668,88,1008.095866
426.511447,79,1008.130649
566.273237,109,1008.179574
376.366745,70,1008.210051
603.01368,115,1008.707747
675.727554,130,1008.763358
588.147243,113,1008.813098
791.753257,142,1008.875912
448.901487,91,1008.917872
508.675131,99,1008.961564
610.956939,114,1009.011847
506.415302,99,1009.055638
569.802713,106,1009.102627
471.505368,91,1009.142135
590.351268,109,1009.191882
899.533157,188,1009.273602
671.033266,121,1009.326026
550.551455,108,1009.375076
538.328058,107,1009.423249
594.665876,109,1009.471759
411.268608,85,1009.510425
594.32724,109,1009.559003
656.039055,121,1010.058881
732.646041,133,1010.118551
734.957623,136,1010.179085
680.568662,130,1010.238958
516.570083,96,1010.281647
688.365679,128,1010.337739
548.829902,106,1010.3848
445.239854,89,1010.425144
546.681869,103,1010.468961
618.496757,117,1010.518994
518.122822,98,1010.563065
540.129166,97,1010.605278
411.36245,80,1010.643605
640.508168,120,1010.698301
509.510958,96,1010.740043
535.44649,105,1010.785549
537.07543,105,1010.83219
454.082947,83,1010.868784
551.534278,103,1010.91466
466.736674,85,1011.403341
736.984735,135,1011.465508
393.019147,81,1011.501829
767.366397,145,1011.566924
519.583667,98,1011.609336
707.990808,128,1011.666432
587.926807,107,1011.714374
635.881706,124,1011.771446
666.549439,137,1011.832865
571.599608,104,1011.877591
693.497155,131,1011.933959
542.77105,109,1011.985003
700.585447,131,1012.04278
521.883645,113,1012.093048
523.758293,102,1012.139358
698.940476,128,1012.195066
533.895844,99,1012.23814
592.767854,109,1012.286753
452.613122,88,1012.76992
548.81181,100,1012.814109
528.287766,102,1012.85957
548.71568,100,1012.904194
550.798577,104,1012.950836
813.681256,154,1013.020064
503.49937,96,1013.062697
711.055357,137,1013.122642
668.677906,126,1013.178195
548.577123,107,1013.226402
506.875684,105,1013.276467
584.974561,111,1013.327025
571.258178,123,1013.382349
515.080994,96,1013.424845
619.903452,115,1013.477129
374.967441,84,1013.515123
552.107281,110,1013.564724
601.482189,125,1013.620075
479.63683,90,1013.659111
423.860207,86,1014.141534
539.6185,100,1014.186037
522.850664,100,1014.230299
502.927391,94,1014.271514
547.352518,102,1014.317727
635.437205,119,1014.371222
710.222289,130,1014.430172
722.146347,133,1014.493871
561.840343,103,1014.539512
479.960744,97,1014.582453
516.531483,99,1014.625529
408.150453,84,1014.661644
521.750889,96,1014.703894
411.579107,83,1014.740926
538.338622,102,1014.785463
615.554605,112,1014.835524
548.64448,107,1014.885195
600.016838,117,1014.939411
700.215275,129,1014.997139
836.360631,163,1015.5181
1035.19402,185,1015.59972
548.094418,103,1015.646699
519.149389,96,1015.692456
574.660878,106,1015.740126
599.744971,112,1015.789662
617.791085,114,1015.839512
661.631293,123,1015.892371
574.070037,106,1015.940061
503.784502,103,1015.984595
426.429005,79,1016.019389
732.043912,147,1016.084728
596.362274,108,1016.131016
593.648391,110,1016.180515
635.529436,116,1016.233713
452.009272,93,1016.274285
522.423611,100,1016.319384
568.657135,109,1016.366927
751.870776,139,1017.10827
686.099736,127,1017.16652
464.757883,86,1017.206261
480.858151,89,1017.24791
433.692904,80,1017.283834
437.619139,86,1017.324318
471.620778,88,1017.363526
664.73522,122,1017.420661
523.06626,108,1017.472568
431.059273,80,1017.50979
680.878481,130,1017.568288
502.022716,98,1017.61173
730.482888,133,1017.672188
540.933998,101,1017.717254
650.316846,123,1017.774053
663.44546,123,1017.830556
604.647375,116,1017.886567
495.788202,99,1017.932723
416.334839,87,1017.972338
595.342846,113,1018.57588
827.947258,177,1018.664677
686.186627,127,1018.723393
813.410199,146,1018.79022
439.593829,81,1018.827436
484.767311,90,1018.867497
469.311583,86,1018.904335
811.588907,146,1018.968334
690.693233,125,1019.026512
802.873689,149,1019.092191
762.746128,142,1019.158597
528.987553,97,1019.201896
911.299227,180,1019.286324
573.55196,111,1019.335335
475.200748,97,1019.378476
571.281816,122,1019.431385
519.992094,104,1019.477537
616.443483,111,1020.275262
543.203737,102,1020.324706
392.892085,81,1020.361152
1027.791232,190,1020.450979
534.105515,99,1020.495951
433.874789,80,1020.531826
656.410616,126,1020.588501
616.935398,113,1020.639485
849.889886,154,1020.710079
480.344285,88,1020.748775
746.805044,151,1020.818406
595.438318,112,1020.870253
426.444552,80,1020.905689
445.979316,83,1020.94484
529.456055,98,1020.989349
478.738549,95,1021.03414
528.009858,98,1021.077084
465.766842,87,1021.117252
600.497607,110,1021.165256
559.537777,102,1021.990755
789.996863,148,1022.05771
610.17724,114,1022.11596
629.035142,122,1022.174665
660.800817,129,1022.231501
538.797142,101,1022.278683
526.619039,98,1022.32311
610.323892,113,1022.372756
538.392835,100,1022.416621
366.469919,70,1022.447621
533.551723,102,1022.492834
609.477892,115,1022.543958
528.545734,98,1022.587057
686.045403,132,1022.647091
609.480638,110,1022.695629
523.811806,96,1022.738553
600.783124,114,1022.789647
552.756074,101,1022.835037
389.650857,72,1022.865871
509.659744,97,1023.421521
331.876305,62,1023.449461
655.363203,124,1023.504642
834.958665,164,1023.582589
870.344211,171,1023.664832
562.991081,107,1023.714649
683.086434,123,1023.768925
392.14689,78,1023.804247
722.968348,137,1023.869336
643.523356,122,1023.926412
584.042236,110,1023.975578
717.231064,132,1024.031846
531.532615,100,1024.076312
519.817306,100,1024.121145
510.888997,95,1024.162971
499.586674,96,1024.20649
500.357936,98,1024.251249
438.73518,82,1024.287944
582.187501,107,1024.831007
627.662426,119,1024.885178
490.681736,91,1024.925377
524.69824,100,1024.969911
528.168926,105,1025.016782
490.105764,90,1025.054874
520.36418,106,1025.100877
406.607116,81,1025.137598
698.622304,129,1025.197121
625.531599,118,1025.251918
714.368507,132,1025.31005
479.669501,91,1025.351851
662.051103,119,1025.405676
485.805379,91,1025.44571
709.203035,132,1025.505607
531.933584,112,1025.55534
459.298046,96,1025.597661
1039.466139,194,1025.68179
621.638536,118,1025.734102
613.454612,116,1026.224081
620.954001,125,1026.280824
471.794632,101,1026.323684
752.610251,138,1026.386343
958.566793,174,1026.463274
510.241339,102,1026.510107
428.628016,79,1026.544081
605.557848,113,1026.596039
591.962363,115,1026.647856
615.732073,124,1026.703346
486.98647,90,1026.741711
519.717307,100,1026.787124
712.830987,138,1026.84946
1026.411953,202,1026.940097
520.167254,103,1026.987375
902.422111,171,1027.063711
468.801871,91,1027.621708
788.018091,144,1027.692904
623.157574,119,1027.750884
674.784194,124,1027.805542
692.468278,128,1027.865629
437.854724,87,1027.903652
528.664088,106,1027.951098
573.815576,112,1028.000463
571.941991,107,1028.046891
436.669905,87,1028.086293
474.828245,89,1028.125413
350.952174,71,1028.155513
369.291935,78,1028.190541
455.335894,96,1028.231477
606.107161,113,1028.280221
518.016418,103,1028.324509
621.166463,117,1028.376293
598.061143,117,1028.431617
447.813279,86,1028.470393
520.658196,101,1028.515899
417.235593,86,1029.107879
690.714078,129,1029.168479
549.693713,103,1029.216033
590.705554,111,1029.267591
617.15486,114,1029.318276
525.72843,96,1029.360588
703.245653,144,1029.423882
712.096968,131,1029.482085
554.600455,106,1029.529357
693.764312,130,1029.587569
909.786035,171,1029.664798
770.858963,141,1029.727233
512.530013,98,1029.771491
490.169592,94,1029.813897
460.266122,86,1029.851896
595.824361,113,1029.902761
738.417117,142,1029.966851
570.151924,115,1030.482121
380.944778,80,1030.518992
441.29455,90,1030.561862
411.64389,80,1030.597187
540.531779,101,1030.641196
655.403653,120,1030.695342
440.650052,90,1030.738147
488.671693,91,1030.777641
446.753641,94,1030.820319
494.652356,90,1030.859669
553.364263,108,1030.924519
584.424477,109,1030.979608
647.955157,121,1031.035124
566.725438,106,1031.082414
625.014918,115,1031.133179
459.388318,94,1031.175508
378.918965,75,1031.207472
457.358155,93,1031.247471
462.36272,90,1031.287352
646.519889,120,1031.340753
771.292783,139,1031.400999
593.298183,111,1032.114367
580.970826,106,1032.160917
600.640388,112,1032.210328
556.198411,105,1032.255835
455.246343,84,1032.292511
599.162153,117,1032.341869
659.180541,128,1032.39982
514.202991,95,1032.441246
671.366187,123,1032.494991
595.089164,114,1032.54418
591.935987,111,1032.591745
512.424448,102,1032.636889
472.559948,87,1032.673723
459.195764,89,1032.711993
558.782309,108,1032.759032
749.001453,144,1032.82603
449.399053,88,1032.863982
504.423807,100,1032.909953
696.772675,127,1032.96436
541.760989,103,1033.481381
793.867521,147,1033.549302
607.066004,122,1033.604486
443.482111,95,1033.647883
516.632427,104,1033.695099
455.751781,88,1033.733401
705.635746,129,1033.78947
427.951093,80,1033.824533
582.342327,116,1033.874259
500.074841,94,1033.915041
522.315573,96,1033.957245
421.163986,87,1033.996069
818.515811,170,1034.076344
596.606245,119,1034.13047
422.238682,79,1034.165572
450.985276,87,1034.204908
575.698213,105,1034.251033
418.040088,76,1034.284479
552.196652,103,1034.331812
464.013133,85,1034.830685
651.043362,120,1034.885479
592.071948,117,1034.943446
507.218901,102,1034.989238
506.903022,93,1035.033419
588.186437,110,1035.082652
459.033089,96,1035.125222
522.331936,100,1035.168691
564.769967,110,1035.215573
507.091699,95,1035.256184
703.940272,129,1035.310286
621.373201,117,1035.360623
610.558069,124,1035.415492
511.824854,101,1035.459681
555.614867,103,1035.505003
425.623946,79,1035.539184
552.554629,101,1035.583498
511.531333,98,1035.625844
528.379027,98,1035.668822
519.711699,96,1035.711022
621.749579,121,1036.295004
569.741809,106,1036.341848
601.172036,109,1036.389305
502.60948,92,1036.428206
551.731168,109,1036.478556
562.879854,108,1036.527665
602.682737,117,1036.578536
531.628715,108,1036.626652
572.725946,110,1036.674415
536.850568,98,1036.717022
493.705693,95,1036.75668
645.286632,120,1036.808535
466.670976,87,1036.847779
578.712681,107,1036.89603
470.343959,86,1036.934017
534.065022,107,1036.980815
370.261101,68,1037.012292
613.882142,113,1037.06223
593.752967,116,1037.11347
474.251242,87,1037.150901
630.048084,116,1037.667134
381.437614,84,1037.705083
668.247274,131,1037.765404
469.862153,86,1037.803089
504.100879,101,1037.849633
486.517878,91,1037.892325
531.605159,98,1037.935052
616.437113,122,1037.99314
517.03882,98,1038.03624
651.708767,123,1038.091797
622.353228,117,1038.142041
454.308132,85,1038.183666
787.684368,143,1038.245411
557.521824,102,1038.290257
503.943371,92,1038.330957
550.077099,100,1038.375812
644.290362,120,1038.43105
552.096792,103,1038.477216
542.227491,100,1038.521703
496.553542,99,1039.027823
571.325874,104,1039.074233
400.857493,77,1039.10882
638.653885,118,1039.160791
766.599451,139,1039.222123
473.930843,91,1039.264795
544.021167,102,1039.310419
444.984364,83,1039.345911
742.469434,138,1039.405622
501.018582,97,1039.447525
527.763508,99,1039.490396
474.533577,88,1039.52809
480.147021,88,1039.566715
644.076933,119,1039.620019
463.741683,101,1039.663615
525.461933,105,1039.709405
651.427037,119,1039.760156
551.846631,108,1039.807636
328.177105,70,1039.838548
758.184349,136,1039.898272
576.263391,114,1040.511182
555.087833,110,1040.559775
548.318085,101,1040.606394
469.612552,90,1040.644579
616.541459,112,1040.694271
511.130677,105,1040.743419
579.183846,110,1040.796133
522.338037,105,1040.84329
362.045247,73,1040.875439
448.339542,85,1040.912579
595.818108,113,1040.964549
425.208933,79,1040.998434
845.689538,155,1041.066833
574.498465,107,1041.114503
489.134557,90,1041.154774
556.388561,103,1041.200937
576.510986,106,1041.247994
698.654978,126,1041.302456
495.156646,91,1041.342748
656.947975,124,1041.914023
432.690783,80,1041.95111
565.074573,112,1042.007343
522.900167,96,1042.049614
517.117333,96,1042.093378
636.786478,125,1042.165267
443.682197,89,1042.203726
550.336257,103,1042.250351
543.064358,100,1042.293632
679.068305,125,1042.347604
675.478572,126,1042.403506
498.457684,95,1042.444618
526.009316,96,1042.485409
600.9314,111,1042.533826
325.511575,64,1042.561463
380.890408,85,1042.600991
554.716225,103,1042.646922
500.78783,92,1042.687128
666.038635,127,1042.743801
610.005628,115,1042.795227
534.941655,99,1043.293896
724.788195,135,1043.355602
425.455869,80,1043.389909
529.045526,98,1043.432717
533.993425,107,1043.479558
500.648742,92,1043.519485
847.092574,177,1043.602791
708.765133,135,1043.664288
1129.469698,223,1043.766248
511.54271,97,1043.807085
507.987477,96,1043.848423
616.279019,112,1043.897619
605.549373,112,1043.947037
371.70854,71,1043.977828
416.206215,77,1044.011361
696.529578,135,1044.072001
616.889288,112,1044.120706
722.536968,133,1044.180561
462.6207,93,1044.764467
663.986887,123,1044.820487
946.029433,173,1044.916226
481.505082,91,1044.962788
611.149083,115,1045.013982
486.500074,91,1045.054614
489.653461,91,1045.095669
867.625944,157,1045.16459
481.686809,98,1045.208798
430.341427,87,1045.247995
663.673835,120,1045.300633
575.188053,106,1045.345568
571.378462,106,1045.392782
499.189054,94,1045.43375
630.914355,119,1045.485922
504.931768,95,1045.528101
918.051143,167,1045.604231
561.535844,106,1045.651221
535.481974,103,1046.345461
505.216154,93,1046.386558
437.722613,83,1046.429436
587.862914,112,1046.479411
883.211817,167,1046.556899
744.369607,136,1046.617317
315.028967,61,1046.645652
573.994101,108,1046.694288
524.247641,105,1046.740969
393.38364,74,1046.77342
407.226652,77,1046.80688
816.113235,148,1046.87168
462.586393,85,1046.909062
441.917314,83,1046.947271
514.864295,94,1046.990208
561.558721,103,1047.035213
569.83351,113,1047.086571
374.930389,71,1047.117419
529.369479,97,1047.16026
628.696507,118,1047.211791
889.383931,167,1047.778902
611.62929,111,1047.827229
552.168655,102,1047.872281
541.507633,110,1047.923147
548.205213,100,1047.966778
602.140179,114,1048.016699
582.845839,109,1048.065921
676.51751,132,1048.13795
705.00006,128,1048.203471
1031.663249,188,1048.285243
491.347163,93,1048.326566
434.566158,84,1048.363707
523.423471,98,1048.408132
484.767671,91,1048.449793
466.036409,88,1048.489307
610.976528,113,1048.540202
594.479273,113,1048.591194
528.879259,103,1048.6389
632.531928,114,1049.315091
584.281641,107,1049.367475
790.664112,146,1049.432506
432.727045,88,1049.470818
812.977408,149,1049.537209
592.886212,107,1049.583948
711.448784,136,1049.644714
521.27433,98,1049.68776
624.384967,130,1049.744773
494.214668,91,1049.784069
568.604986,104,1049.830316
740.835763,134,1049.887913
360.530313,81,1049.929621
562.953252,104,1049.975352
519.648715,95,1050.018286
562.247911,105,1050.064863
604.211833,112,1050.11345
587.158361,108,1050.163395
583.244164,107,1050.209825
687.336399,131,1050.742025
640.599447,121,1050.795872
503.801904,92,1050.838667
621.911864,115,1050.889693
621.269564,115,1050.943434
454.490314,101,1050.987534
641.83,117,1051.039002
539.613695,101,1051.083032
536.292914,106,1051.1312
621.611635,120,1051.18434
707.966462,133,1051.243449
700.75878,130,1051.303301
484.490533,89,1051.342091
492.821365,94,1051.383552
470.640323,86,1051.422427
624.011506,120,1051.476871
544.42078,103,1051.520831
949.818996,168,1051.595524
518.652607,104,1052.308491
578.819362,111,1052.371234
847.190405,159,1052.441958
603.33249,112,1052.491028
619.414016,113,1052.540408
736.471196,150,1052.60844
380.078999,79,1052.644327
523.788981,98,1052.686677
565.315884,105,1052.731983
651.977428,119,1052.784645
541.345868,100,1052.828221
515.868423,94,1052.87005
696.500567,133,1052.929893
599.666221,129,1052.988053
582.020512,112,1053.037272
836.381296,152,1053.104288
670.329401,122,1053.157955
692.408902,127,1053.721651
768.056106,141,1053.787229
571.433746,114,1053.84198
437.98016,81,1053.894632
581.467469,122,1053.949129
610.608748,111,1053.998673
774.717669,143,1054.061632
611.287257,120,1054.11319
419.83325,82,1054.148447
493.514159,91,1054.189191
629.397583,117,1054.260956
658.479897,122,1054.314488
592.155895,111,1054.36686
579.111657,107,1054.415482
480.863608,88,1054.453364
483.913413,90,1054.492626
783.052687,141,1054.555998
680.299419,127,1054.611828
485.253591,95,1055.152299
606.805978,121,1055.20813
498.599922,95,1055.248459
541.839339,100,1055.294434
430.665649,80,1055.331149
587.691511,107,1055.37792
608.716303,116,1055.431151
772.159316,142,1055.49296
596.939708,111,1055.542416
431.596468,81,1055.577856
727.141723,135,1055.63682
620.19583,115,1055.686135
569.410594,103,1055.731387
443.491757,87,1055.769879
661.95564,125,1055.82439
472.771761,89,1055.864574
619.112632,123,1055.919905
557.668308,102,1055.964274
448.896465,82,1055.999033
516.414871,94,1056.041322
867.387674,159,1056.614161
731.970788,133,1056.672378
523.190741,95,1056.7139
500.93399,94,1056.754677
661.894975,120,1056.808323
607.812285,122,1056.862839
753.603076,138,1056.924856
590.730171,108,1056.971267
454.466158,84,1057.008539
693.362621,130,1057.068472
531.340001,104,1057.114104
559.549243,104,1057.161249
569.246173,104,1057.207556
584.860784,110,1057.25723
544.037803,102,1057.303556
518.414648,102,1057.348558
727.753887,131,1057.40826
375.874865,70,1057.437915
602.694262,111,1057.965669
469.343509,87,1058.00429
700.651879,131,1058.065234
425.536745,79,1058.100401
700.072639,132,1058.160542
369.860633,71,1058.191123
465.659455,92,1058.233745
422.470918,78,1058.266821
676.543306,124,1058.322435
392.9319,79,1058.356794
691.178473,124,1058.411868
661.465618,131,1058.473773
560.625438,104,1058.520201
713.040141,139,1058.580434
547.519901,104,1058.628067
564.13795,118,1058.680046
646.50952,118,1058.731647
773.138731,148,1058.795913
409.34959,76,1058.828874
574.881279,106,1059.494683
437.109764,90,1059.537694
605.609733,112,1059.586277
509.716061,95,1059.628125
455.913079,84,1059.664984
414.141713,75,1059.697297
425.344161,92,1059.73899
521.143736,95,1059.781233
545.695314,113,1059.829103
471.788128,94,1059.869481
381.91834,72,1059.901016
466.930251,86,1059.940799
411.201298,77,1059.975645
544.658783,100,1060.022453
670.673057,127,1060.079704
512.479201,99,1060.126115
710.706379,132,1060.185385
498.317776,92,1060.225639
341.716348,64,1060.254113
425.051832,78,1060.287533
520.492828,99,1060.331456
495.51144,91,1060.370117
606.895236,111,1060.874782
532.674598,100,1060.918644
437.495624,90,1060.959601
524.104225,97,1061.002203
701.183951,129,1061.060338
509.244155,96,1061.102502
529.661455,97,1061.14561
620.014917,115,1061.198236
572.204541,109,1061.246216
467.042497,87,1061.287023
605.760391,112,1061.337329
692.505499,138,1061.398337
630.739038,118,1061.453358
648.874366,122,1061.508248
513.157226,93,1061.549241
772.948021,143,1061.612792
748.738901,138,1061.676374
649.070073,121,1061.733327
893.314791,165,1062.284969
594.907075,110,1062.33604
750.741888,135,1062.396564
422.027315,78,1062.433112
507.087661,94,1062.475111
435.426103,80,1062.513617
534.854209,99,1062.558668
578.306461,107,1062.607248
562.516324,104,1062.653988
701.819874,128,1062.711443
461.997665,86,1062.748863
556.621408,102,1062.793101
547.82493,104,1062.843497
369.529943,77,1062.879365
871.442762,173,1062.956425
515.571008,95,1062.998221
627.061465,116,1063.049293
808.838063,146,1063.114583
759.264977,141,1063.674231
464.056886,89,1063.713755
519.224711,100,1063.75637
799.771896,146,1063.821583
553.994857,103,1063.867681
406.724817,86,1063.90778
575.721513,116,1063.959812
558.34441,103,1064.005633
526.981031,96,1064.048515
540.149709,105,1064.096944
625.531069,117,1064.149183
822.453825,151,1064.215364
622.259917,113,1064.26358
540.268452,103,1064.308736
442.518198,82,1064.344917
617.4646,114,1064.39516
395.607114,82,1064.433159
646.049056,118,1064.486171
455.668878,100,1064.529668
538.967597,111,1065.069375
580.966974,109,1065.118744
440.158285,81,1065.154784
599.302546,111,1065.20515
519.207679,96,1065.248333
683.634813,128,1065.305747
660.898894,119,1065.360282
614.111035,113,1065.411273
653.745585,119,1065.465062
750.981554,141,1065.529493
470.774625,88,1065.56757
471.247765,88,1065.606514
705.339902,130,1065.665572
549.586256,101,1065.71123
830.903956,151,1065.779003
550.164652,105,1065.825079
542.995947,113,1065.873707
653.008061,122,1065.926428
480.793904,96,1065.968666
546.934694,106,1066.523428
531.489776,106,1066.571567
400.886779,75,1066.604826
1079.387901,216,1066.701511
792.915786,150,1066.771434
663.50598,120,1066.823866
457.181251,85,1066.860756
916.837493,167,1066.936071
537.869926,102,1066.98138
460.685676,91,1067.022515
579.857084,107,1067.069979
426.70671,96,1067.112006
600.354824,110,1067.160214
610.741278,117,1067.212371
473.24675,88,1067.250016
503.043431,96,1067.291179
560.222989,113,1067.343113
654.82821,121,1067.398058
815.91349,151,1067.937626
455.697273,85,1067.974381
665.207742,121,1068.027276
927.082433,172,1068.104104
549.459197,103,1068.149731
608.300273,111,1068.198592
529.554528,103,1068.246005
501.170964,91,1068.286209
567.701419,108,1068.336407
849.6342,161,1068.407941
505.273638,99,1068.4519
660.092785,120,1068.50547
656.16253,124,1068.561051
680.381605,128,1068.61783
406.689219,77,1068.651191
523.502862,98,1068.695907
631.084427,125,1068.751625
549.887584,103,1069.284894
544.380787,109,1069.334997
480.766576,105,1069.380852
518.844798,109,1069.430484
526.820731,96,1069.473512
610.568382,111,1069.523734
614.502133,118,1069.577485
676.791639,133,1069.635902
522.143554,101,1069.681758
393.864785,85,1069.72001
871.643687,158,1069.791353
440.877288,85,1069.829437
612.42169,117,1069.880849
463.57462,85,1069.918081
681.885126,130,1069.976132
429.792171,79,1070.011146
461.2247,90,1070.051088
689.480677,127,1070.110602
386.212595,75,1070.146652
478.743304,93,1070.187496
699.765362,135,1070.757244
484.953584,94,1070.798125
516.103571,94,1070.838342
646.06906,140,1070.900661
394.517548,84,1070.936309
632.035277,131,1070.997817
521.712121,97,1071.03968
544.255679,102,1071.086911
466.893594,87,1071.12524
782.176977,148,1071.190474
464.583806,87,1071.228357
651.251012,121,1071.280995
633.37047,129,1071.34288
418.89162,78,1071.375809
774.804847,142,1071.436588
384.095133,72,1071.468646
502.854031,92,1071.510159
498.074542,95,1071.552573
307.007912,59,1071.576463
373.786104,72,1071.60859
553.872317,100,1072.112833
771.986886,140,1072.176494
436.348432,91,1072.216694
521.593123,100,1072.261694
525.047909,100,1072.30864
604.297912,115,1072.359797
593.353022,109,1072.408145
571.419968,104,1072.453181
514.298287,94,1072.495601
422.038578,79,1072.531655
617.416871,119,1072.586398
461.929699,85,1072.624418
461.829248,92,1072.668024
663.972462,122,1072.723047
402.03537,76,1072.75762
1290.745762,246,1072.868484
745.849496,135,1072.928684
473.911397,91,1072.970533
687.97347,126,1073.500276
460.222915,84,1073.539345
583.055756,104,1073.586448
550.229253,102,1073.63159
479.592396,90,1073.671708
680.247623,130,1073.730527
507.455908,97,1073.774519
826.219737,157,1073.843628
751.754486,141,1073.905825
546.686682,100,1073.949555
655.979338,124,1074.00462
713.250144,142,1074.066469
458.4542,86,1074.103558
483.430923,98,1074.147541
527.958206,99,1074.192524
523.902494,103,1074.236742
500.536231,93,1074.277528
895.798678,166,1074.351745
541.083975,102,1074.834143
695.117316,129,1074.89174
558.903221,101,1074.937069
678.276976,128,1074.994482
585.775831,113,1075.043746
603.034557,124,1075.096948
453.676446,91,1075.13792
584.347509,108,1075.185462
428.017632,79,1075.220375
609.103695,115,1075.270814
623.966116,115,1075.321715
695.547575,127,1075.378825
521.140726,96,1075.421501
436.278097,85,1075.458341
401.798328,88,1075.498204
384.606172,71,1075.529711
481.562043,90,1075.569481
725.898322,135,1075.629792
600.917657,111,1075.680854
731.590878,135,1076.196528
517.228695,104,1076.243245
602.583713,114,1076.293786
466.860718,92,1076.333537
458.044305,84,1076.370301
620.892206,115,1076.420506
495.596832,92,1076.460798
574.497067,105,1076.508426
492.101269,98,1076.551901
664.272944,124,1076.60695
434.52377,82,1076.642148
763.273334,145,1076.706453
532.409825,98,1076.749658
529.796834,98,1076.794728
553.503125,102,1076.839278
636.385066,119,1076.893713
649.310995,120,1076.947572
693.413269,128,1077.003822
593.924046,114,1077.055642
487.770292,93,1077.700989
659.706901,121,1077.758175
474.815847,92,1077.816077
558.552197,104,1077.862186
664.940216,124,1077.920134
500.986303,93,1077.961073
830.499735,153,1078.028765
555.234929,102,1078.072818
495.26961,97,1078.116038
527.756101,98,1078.158897
613.552645,114,1078.210025
638.255991,118,1078.264127
373.657963,77,1078.298699
528.314578,103,1078.345528
435.850954,88,1078.384736
463.539734,89,1078.423989
683.840988,126,1078.477682
756.28096,136,1078.537268
402.404178,87,1078.575574
670.813334,124,1078.627708
446.595634,87,1079.17469
649.557444,122,1079.22862
462.280111,85,1079.266451
768.851076,139,1079.33066
462.881704,100,1079.373698
790.102104,148,1079.439121
374.824642,71,1079.471156
672.827479,122,1079.523208
707.195665,128,1079.579189
611.321588,123,1079.632313
665.144782,127,1079.689976
528.424177,97,1079.731458
641.806004,118,1079.784321
515.106013,101,1079.830861
508.663002,94,1079.873587
650.367965,134,1079.937379
693.888297,124,1079.993127
430.821673,80,1080.028944
971.981572,175,1080.651165
505.573907,94,1080.695825
744.785061,140,1080.761199
589.466863,109,1080.808928
478.532874,97,1080.852054
519.771021,95,1080.89306
479.25139,90,1080.932157
662.246971,121,1080.984096
684.418557,135,1081.042125
751.091941,137,1081.103331
601.064269,110,1081.152313
668.57538,122,1081.205801
506.429062,101,1081.250785
617.475588,117,1081.302038
548.976373,106,1081.349537
835.404066,154,1081.416644
630.527442,117,1081.467621
634.257456,120,1082.045829
538.178241,101,1082.091639
459.863391,90,1082.132445
590.035928,110,1082.181003
511.190707,94,1082.223488
698.314309,131,1082.280366
455.968931,84,1082.317036
773.313424,141,1082.380287
454.894233,85,1082.416237
718.602907,141,1082.476408
513.412067,93,1082.517359
942.57403,181,1082.598382
468.872208,87,1082.636487
249.091587,55,1082.659004
596.764323,111,1082.707912
651.347997,120,1082.758866
722.060634,145,1082.826016
503.40703,93,1082.86751
440.730509,88,1082.905122
809.661978,144,1083.484978
710.772145,130,1083.543462
527.682981,102,1083.588639
489.939964,94,1083.630527
676.872004,123,1083.685522
516.152795,97,1083.729843
691.204375,126,1083.785609
547.008758,105,1083.833046
478.553954,87,1083.870375
508.878837,103,1083.916339
497.326201,103,1083.964953
951.9576,174,1084.043751
535.156079,103,1084.090889
848.414056,156,1084.15936
487.165182,92,1084.20061
528.896816,97,1084.24328
734.200403,139,1084.305448
635.60738,117,1084.358453
718.896939,131,1084.953556
687.201686,126,1085.010677
614.094328,118,1085.077376
700.053975,127,1085.132601
795.638034,146,1085.196692
535.587101,102,1085.242388
506.254282,96,1085.286232
612.593002,111,1085.33567
599.009776,110,1085.384945
493.849595,96,1085.430257
639.479802,118,1085.48309
517.805036,103,1085.528913
640.889316,120,1085.58229
861.858504,176,1085.664336
675.076037,125,1085.719541
490.640689,94,1085.761242
472.754871,86,1085.798606
423.764753,78,1086.439523
584.565854,107,1086.488587
802.952693,151,1086.555282
466.742487,87,1086.594264
871.953067,159,1086.663956
639.801448,119,1086.717738
367.22878,69,1086.753825
959.142345,172,1086.82928
653.86834,117,1086.879279
690.049624,125,1086.934501
455.615476,88,1086.974962
595.605968,110,1087.022889
495.796465,105,1087.069642
486.263202,93,1087.11052
683.268666,125,1087.165244
613.789356,120,1087.219943
579.951048,115,1087.270422
627.027753,124,1087.325099
430.238878,84,1087.908601
640.127408,122,1087.963705
652.763027,121,1088.016223
721.621503,132,1088.074329
594.496949,109,1088.121892
545.389499,102,1088.164716
561.281098,102,1088.210015
314.820095,59,1088.235845
767.242439,140,1088.296913
572.386114,112,1088.347292
479.370365,89,1088.387851
630.730967,116,1088.441355
666.777198,126,1088.497298
504.799355,99,1088.541292
1039.535102,194,1088.626522
556.150018,104,1088.672731
928.284232,170,1088.747953
564.693711,104,1088.793907
444.21074,83,1089.347656
653.782168,123,1089.41581
478.105929,100,1089.461667
638.454478,119,1089.514675
508.889794,100,1089.561477
689.063624,126,1089.617778
379.251978,69,1089.648684
553.883673,104,1089.69641
432.558981,85,1089.734831
438.631248,82,1089.770676
543.28164,99,1089.813832
471.858819,100,1089.860311
826.68075,147,1089.927549
485.811953,90,1089.966908
888.461583,169,1090.041937
487.77416,98,1090.08727
605.050514,116,1090.138882
638.475298,117,1090.191504
471.32183,86,1090.229251
880.904779,176,1090.906753
595.291495,109,1090.959663
597.271991,111,1091.012186
446.828998,88,1091.051895
795.46976,145,1091.11793
601.861356,116,1091.170031
560.200585,106,1091.215128
437.455691,83,1091.251661
689.699469,125,1091.308571
774.194177,142,1091.371416
688.530802,138,1091.432544
571.645743,105,1091.478451
592.173441,109,1091.527421
665.238431,123,1091.580719
632.748881,117,1091.634276
474.895875,87,1091.671942
542.82176,100,1091.716276
570.982846,107,1091.763969
594.862529,114,1092.352284
482.298564,88,1092.390846
674.605728,124,1092.445739
732.793448,135,1092.505966
422.238086,91,1092.547835
519.600075,96,1092.59032
653.40182,121,1092.645913
695.174543,132,1092.706404
659.286928,123,1092.761052
522.354693,97,1092.804141
724.039075,140,1092.868126
475.396795,96,1092.911966
611.887339,112,1092.96107
462.386284,84,1092.997795
779.423764,142,1093.059352
519.978579,98,1093.104247
578.993049,109,1093.152457
672.721921,147,1093.218864
513.095205,95,1093.758916
443.984862,86,1093.798347
624.018362,115,1093.848966
671.077269,122,1093.903833
441.049523,84,1093.939595
431.321134,86,1093.977087
389.100248,73,1094.009629
511.137574,102,1094.056096
590.553843,112,1094.104439
344.601564,66,1094.13425
468.419531,97,1094.176344
802.112881,150,1094.242211
717.723089,139,1094.308611
546.249869,106,1094.356425
467.482173,91,1094.396776
567.100836,104,1094.444271
881.025034,160,1094.515576
666.536734,131,1094.572928
550.651325,101,1094.617469
372.108138,69,1095.112486
604.27359,114,1095.162153
482.338133,93,1095.202976
493.023223,92,1095.242571
670.239221,124,1095.297599
527.106209,98,1095.340612
586.853639,109,1095.38928
887.447556,161,1095.46113
625.24705,113,1095.512156
531.093266,99,1095.556352
482.494215,95,1095.598158
590.713082,108,1095.645282
655.535498,123,1095.699116
476.741569,87,1095.737077
699.695136,129,1095.795996
595.388569,108,1095.844338
560.43536,107,1095.890337
496.942299,93,1095.932204
658.422359,120,1095.986826
368.760378,71,1096.535859
594.391863,110,1096.585545
467.49966,92,1096.627079
808.856457,165,1096.700763
564.039267,106,1096.74834
622.090401,119,1096.804485
461.123619,84,1096.840428
605.916763,110,1096.891346
733.679176,136,1096.952123
397.545614,75,1096.984276
667.13208,122,1097.041486
753.863351,141,1097.104047
585.880235,115,1097.15432
572.943461,105,1097.201259
535.034837,101,1097.24643
919.001552,172,1097.322467
611.890282,113,1097.371304
588.963757,107,1097.418429
503.091273,98,1098.130433
503.992384,95,1098.173643
464.081482,90,1098.220222
594.645964,111,1098.273732
598.349313,111,1098.322844
354.734704,77,1098.358458
475.116013,90,1098.396422
657.049991,121,1098.451478
436.076467,81,1098.487244
536.182096,101,1098.531211
563.09087,104,1098.577193
458.737058,85,1098.613853
801.603336,144,1098.677667
530.949161,100,1098.72234
488.026155,91,1098.763658
586.32176,112,1098.813833
583.696219,109,1098.861769
586.515646,108,1098.909889
627.45954,115,1098.959602
498.015509,104,1099.007308
667.013273,123,1099.545498
683.830787,126,1099.601071
507.536044,97,1099.6464
552.049151,107,1099.695387
637.829474,122,1099.750983
448.986421,84,1099.786911
468.354471,88,1099.826284
731.041579,133,1099.885554
593.117427,110,1099.936503
627.238756,117,1099.990535
459.084528,90,1100.029873
599.630436,111,1100.079456
516.894765,104,1100.123794
732.247668,138,1100.184383
534.462585,105,1100.231069
489.774598,94,1100.272733
445.999122,88,1100.311377
570.586915,107,1100.357817
645.2131,118,1100.409738
436.448022,80,1100.905908
833.264634,153,1100.975776
485.889194,90,1101.015103
387.871358,73,1101.045278
610.153435,111,1101.094072
552.789179,104,1101.139975
644.954589,127,1101.202073
517.134954,98,1101.24683
566.924143,106,1101.292942
527.924867,109,1101.343074
537.83613,102,1101.388348
432.578241,91,1101.429179
499.635857,93,1101.470357
1101.840725,199,1101.557957
840.915089,152,1101.624551
548.35369,112,1101.673692
527.159034,99,1101.718131
534.16203,110,1101.770364
735.075331,134,1102.391986
618.084703,112,1102.440668
529.552493,101,1102.484579
538.327796,101,1102.533831
590.258779,110,1102.582214
574.248044,108,1102.628296
482.497333,89,1102.667418
526.125088,98,1102.711218
445.8885,85,1102.761441
461.155112,88,1102.803585
583.067964,108,1102.853606
537.342095,99,1102.898088
513.134,96,1102.939636
525.068053,96,1102.982954
687.010949,126,1103.038657
448.244418,82,1103.077782
851.584539,152,1103.146866
594.30868,108,1103.195005
472.02568,105,1103.244573
692.894303,126,1103.300103
608.72379,120,1103.894517
627.241927,122,1103.948336
889.888215,164,1104.02049
514.784945,96,1104.061995
458.893798,87,1104.09914
426.767586,80,1104.13479
720.053442,135,1104.19685
445.644743,94,1104.23907
528.921533,96,1104.281036
513.618888,96,1104.32306
493.888827,90,1104.363255
500.15671,102,1104.410915
548.505855,101,1104.458542
728.312778,133,1104.518732
460.268304,87,1104.556809
835.647403,154,1104.62667
701.872891,128,1104.683706
746.329773,140,1104.745246
551.2447,106,1105.403004
568.189243,105,1105.450206
599.745255,119,1105.504253
546.947751,100,1105.547023
587.263537,107,1105.595501
616.561054,113,1105.645545
566.142862,105,1105.692379
504.662346,93,1105.761297
525.799825,96,1105.803941
483.228879,89,1105.842597
593.50989,113,1105.894845
488.095219,89,1105.933591
644.002098,116,1105.98448
475.871452,93,1106.02491
381.547732,72,1106.05698
441.984042,93,1106.100072
418.352428,78,1106.134408
525.819381,96,1106.175899
427.768272,79,1106.212387
670.968834,128,1106.272408
785.18698,145,1106.822844
618.805203,113,1106.873555
485.945228,105,1106.91989
784.27304,154,1106.988729
524.211216,100,1107.033544
404.680036,77,1107.067368
485.429491,93,1107.10849
551.443492,111,1107.158688
420.857808,80,1107.194421
499.036085,94,1107.236379
545.203929,97,1107.277611
523.674733,99,1107.321556
749.225713,135,1107.381382
821.318447,154,1107.449203
547.142586,106,1107.494099
629.674644,118,1107.546693
764.551069,138,1107.607893
449.942766,89,1107.648362
436.801563,92,1107.689546
679.20089,135,1108.321126
447.227798,89,1108.363834
573.8458,106,1108.412894
592.784231,107,1108.478204
554.977884,105,1108.528122
534.349193,103,1108.575072
853.53535,157,1108.647336
410.793698,77,1108.680204
372.343124,77,1108.719526
538.438572,101,1108.766066
654.019756,130,1108.820826
668.109712,124,1108.877756
519.376419,105,1108.927599
550.503072,104,1108.974645
600.297744,109,1109.023348
444.619306,89,1109.063399
602.683623,110,1109.113976
799.793838,149,1109.199062
432.110447,97,1109.243215
995.236664,198,1109.78898
454.16365,88,1109.830191
455.350917,94,1109.873752
907.911837,177,1109.955441
717.319785,130,1110.01602
555.666198,113,1110.068202
502.478052,98,1110.112296
441.084799,82,1110.148434
467.208242,92,1110.190313
547.893282,103,1110.23957
419.503523,86,1110.278147
722.447778,134,1110.347477
437.176944,82,1110.385042
700.74169,131,1110.445015
541.052168,103,1110.491582
575.845257,106,1110.538479
740.75815,137,1110.600277
719.248432,134,1111.235348
424.893152,86,1111.273614
630.832907,116,1111.323881
479.379771,97,1111.366875
555.91991,102,1111.412023
493.749123,92,1111.452559
444.666028,86,1111.489543
449.531205,91,1111.530026
812.309092,155,1111.620139
481.538782,95,1111.662825
712.308996,134,1111.725373
755.588505,138,1111.787176
446.410327,95,1111.829512
603.378832,124,1111.885288
359.409189,72,1111.917705
930.113221,169,1111.99432
529.273376,102,1112.040972
656.602321,122,1112.09514
524.674354,96,1112.137305
547.870089,104,1112.696306
461.058929,86,1112.734915
546.726875,101,1112.787574
683.006992,123,1112.842999
439.91912,85,1112.880038
453.38252,85,1112.91863
505.890393,99,1112.977301
516.137092,98,1113.024287
552.953842,103,1113.07013
581.355489,112,1113.122876
682.204825,127,1113.178956
700.821124,128,1113.235368
378.829967,77,1113.268874
429.441037,79,1113.303543
452.893175,85,1113.340182
531.197973,106,1113.385439
507.845344,94,1113.428815
530.354792,97,1113.472312
402.415647,81,1113.507882
621.69815,118,1113.56098
453.479747,87,1113.599226
427.743222,88,1114.115314
566.540131,109,1114.164609
523.366884,99,1114.207349
532.003973,105,1114.25558
526.15155,97,1114.2982
590.453793,119,1114.351269
481.29202,91,1114.39342
515.482229,102,1114.439648
546.009472,103,1114.485448
759.352607,141,1114.549031
376.993169,75,1114.581773
592.616714,110,1114.631892
704.744614,150,1114.699955
366.575534,78,1114.735141
951.221996,173,1114.810651
533.85405,98,1114.853638
405.740096,77,1114.886906
464.71174,86,1114.924218
573.686272,113,1114.974585
430.560182,90,1115.599649
567.547713,104,1115.648829
461.301196,86,1115.687564
510.09552,100,1115.732103
668.123138,122,1115.786078
530.046196,107,1115.833983
639.414739,117,1115.886118
414.907976,77,1115.918568
481.117444,96,1115.962147
682.988412,127,1116.020248
455.773894,86,1116.05879
561.46296,106,1116.107085
617.037489,115,1116.159749
496.500879,92,1116.200559
621.743778,123,1116.254641
529.77034,102,1116.299035
532.130684,98,1116.342729
511.785506,93,1116.384058
652.422633,124,1116.440599
565.570242,104,1116.487541
502.858646,96,1117.075658
636.859117,125,1117.131027
423.104651,82,1117.16744
659.589106,124,1117.22399
569.130516,108,1117.273864
676.333851,130,1117.333656
556.942166,102,1117.38005
620.956129,118,1117.431493
544.071419,102,1117.47667
392.650876,87,1117.517511
529.606955,108,1117.566616
689.982817,127,1117.623205
545.174056,104,1117.670238
814.740074,152,1117.739283
457.375913,85,1117.776846
353.195948,71,1117.80895
555.487716,102,1117.854664
409.51191,76,1117.888287
1027.263477,208,1118.580822
663.581735,123,1118.636704
599.633764,110,1118.698805
690.665435,127,1118.758444
433.379692,88,1118.800062
493.989038,90,1118.839956
473.276889,90,1118.88073
702.22936,132,1118.939437
797.9201,149,1119.0046
535.959916,99,1119.05101
516.228985,103,1119.098381
488.205517,97,1119.144778
912.637812,163,1119.218296
535.145191,99,1119.262346
780.543108,146,1119.327865
524.154246,95,1119.37094
531.478848,100,1119.41534
414.066856,78,1119.450235
424.186486,89,1119.489781
720.51038,135,1120.063462
865.123584,160,1120.138094
640.762819,129,1120.195798
530.974248,109,1120.243895
614.821634,114,1120.295565
463.326932,85,1120.333908
544.787434,106,1120.382804
446.300195,84,1120.42089
452.977168,84,1120.458108
588.515363,110,1120.507421
539.478167,100,1120.551955
501.967589,94,1120.594485
514.266826,95,1120.636005
595.954779,111,1120.684661
417.246177,77,1120.718715
551.841349,101,1120.762094
632.70279,118,1120.813402
598.25002,117,1120.866716
604.883927,115,1120.917849
416.987025,85,1121.454157
594.560271,111,1121.502979
598.006471,110,1121.551208
438.787232,83,1121.587003
419.983868,78,1121.620895
651.822302,126,1121.679419
659.939956,125,1121.73626
486.237542,89,1121.775973
335.57944,64,1121.807317
548.079549,101,1121.85388
525.028551,105,1121.902164
783.443387,149,1121.970958
455.483063,85,1122.008228
541.836154,99,1122.052185
723.544547,134,1122.115136
566.406115,103,1122.16095
409.597567,76,1122.194935
648.720939,118,1122.247186
614.514748,111,1122.296123
468.965622,95,1122.339176
650.272834,121,1122.847151
567.350847,105,1122.894308
463.339757,85,1122.933314
520.269984,105,1122.980784
494.163079,99,1123.026771
645.662179,122,1123.086326
578.294457,112,1123.138444
614.237658,112,1123.188997
473.027995,88,1123.228458
870.153339,155,1123.297887
504.840549,100,1123.342262
1040.921575,193,1123.430745
647.666961,123,1123.485696
402.500025,87,1123.525946
503.088262,92,1123.566718
585.950902,109,1123.615648
533.22414,105,1123.66193
511.087766,93,1123.705759
447.211129,84,1123.743822
604.924191,117,1124.358988
624.397347,116,1124.411939
645.203014,121,1124.470774
503.189252,94,1124.511598
543.566119,102,1124.559777
416.545958,87,1124.60022
651.356968,121,1124.653201
530.307793,100,1124.698292
924.987269,182,1124.782897
645.084247,117,1124.835163
622.037714,119,1124.886721
475.82417,89,1124.926652
864.428384,156,1124.995409
537.671518,99,1125.039304
621.197993,116,1125.089889
540.15319,99,1125.133538
502.874,95,1125.17444
515.302978,97,1125.218336
350.086681,74,1125.782482
630.40347,121,1125.837634
795.121742,146,1125.903614
504.439243,93,1125.951135
498.544116,91,1125.99206
493.956348,98,1126.037886
667.031002,125,1126.091629
689.634988,134,1126.151982
498.538225,92,1126.195549
481.471462,94,1126.238214
410.688395,80,1126.273975
532.63982,102,1126.319923
637.760898,120,1126.374973
536.559582,98,1126.417127
622.240807,131,1126.475893
566.964722,106,1126.521905
571.482632,111,1126.572002
532.271485,97,1126.616684
718.74481,139,1126.679635
606.735362,113,1127.259889
606.12816,110,1127.310045
535.891166,108,1127.357835
456.69494,84,1127.395326
445.467083,101,1127.440861
467.262627,103,1127.486397
440.62055,84,1127.523457
523.293282,98,1127.566634
527.359751,112,1127.615797
497.722588,93,1127.657795
439.669168,86,1127.696317
708.732551,132,1127.754241
307.642076,65,1127.78123
559.529316,105,1127.826943
692.141483,126,1127.884154
582.364673,118,1127.938684
695.786697,130,1127.996885
610.336729,131,1128.054371
491.157338,90,1128.094917
991.053234,180,1128.662477
753.538233,147,1128.727995
472.502054,93,1128.77203
579.254551,113,1128.841354
504.926808,98,1128.886218
641.969701,123,1128.941742
777.88212,140,1129.003824
577.82672,114,1129.056933
478.388234,92,1129.098399
777.829513,146,1129.16469
528.372078,101,1129.209506
625.690733,117,1129.262753
482.325667,102,1129.311638
582.066584,110,1129.376069
712.91083,129,1129.432815
539.198799,115,1129.485592
562.438504,108,1129.533568
589.15399,110,1130.074262
684.513301,142,1130.138143
567.533499,103,1130.185254
554.600317,105,1130.23353
668.266693,123,1130.288618
625.062557,114,1130.33947
689.424884,126,1130.3973
417.474091,84,1130.434894
644.66079,119,1130.489528
472.233362,96,1130.535377
791.384653,145,1130.599781
533.329292,107,1130.649195
580.353582,123,1130.706685
351.631008,78,1130.742723
757.993488,142,1130.806654
535.520748,98,1130.851648
307.157378,61,1130.878589
592.013016,108,1130.927354
614.422894,115,1130.978831
696.625316,129,1131.544642
564.469393,108,1131.592621
461.041866,85,1131.630485
673.498155,129,1131.688231
542.60991,100,1131.733092
752.672684,137,1131.793139
612.845826,116,1131.845332
436.631568,84,1131.882961
485.471412,92,1131.922947
503.734886,93,1131.965183
560.624244,104,1132.011374
473.286991,93,1132.052962
612.189811,115,1132.105234
480.939494,89,1132.14446
524.431443,101,1132.189335
614.853138,116,1132.241897
538.092304,99,1132.28464
593.065873,115,1132.33615
436.606916,85,1132.375206
516.955904,96,1132.420073
522.026969,99,1133.068259
401.422858,77,1133.101119
525.581054,105,1133.148392
699.564648,134,1133.209665
554.835057,103,1133.255911
505.517041,93,1133.304123
746.447748,142,1133.377766
562.956294,109,1133.426004
687.942926,129,1133.484092
631.402093,117,1133.533949
477.713571,87,1133.571955
578.969826,112,1133.623311
450.348058,91,1133.663965
493.23258,94,1133.706197
682.955376,134,1133.766078
616.156284,112,1133.816714
714.054034,132,1133.876001
619.589134,117,1133.927605
475.731089,97,1134.477931
513.234337,94,1134.519244
476.861441,97,1134.5614
672.349098,124,1134.617522
660.23844,120,1134.671735
598.272838,123,1134.727403
844.835575,154,1134.795354
549.479811,105,1134.84293
596.038914,108,1134.892663
737.999889,141,1134.9535
931.600714,168,1135.027164
575.306815,115,1135.079005
622.353721,116,1135.130589
450.645822,96,1135.174653
397.989429,84,1135.212772
503.337801,100,1135.256546
547.545505,102,1135.300727
530.863278,98,1135.34355
604.107731,115,1135.871636
1022.156036,185,1135.956759
868.860606,162,1136.028824
518.163835,95,1136.073134
450.504931,89,1136.114111
761.202872,152,1136.182525
676.551485,127,1136.239387
690.350863,126,1136.294841
587.038235,107,1136.342639
662.515764,122,1136.396869
448.009189,84,1136.435845
361.627387,78,1136.471316
435.18286,83,1136.508637
909.287857,173,1136.588327
771.930462,147,1136.655755
426.551583,79,1136.691131
543.116284,101,1136.73612
428.898403,86,1136.773911
512.466771,100,1137.277134
583.385151,107,1137.324358
718.862787,134,1137.384639
599.562557,110,1137.432913
413.455626,85,1137.472243
441.742292,82,1137.508559
714.694863,141,1137.570439
525.750534,110,1137.619612
340.528665,65,1137.648916
582.418577,109,1137.698497
493.866765,91,1137.738902
408.568713,90,1137.777885
703.118714,128,1137.834504
415.248109,76,1137.868067
471.786848,87,1137.907833
478.509962,90,1137.947402
354.301311,77,1137.982334
415.926602,89,1138.023755
649.196854,118,1138.078396
734.832458,134,1138.13803
741.408558,135,1138.767978
645.813191,124,1138.823046
670.200109,125,1138.878978
720.702926,138,1138.941462
485.217638,91,1138.982352
674.439381,137,1139.043124
586.170995,108,1139.093315
760.365191,137,1139.156752
482.012817,94,1139.198064
541.968631,111,1139.246639
738.742205,135,1139.307596
566.593587,113,1139.358034
484.683848,88,1139.397139
498.110062,96,1139.439142
514.214056,105,1139.485919
504.943052,99,1139.529608
327.314126,63,1139.558356
569.849139,114,1139.611614
616.55528,115,1140.222841
558.441539,104,1140.270364
474.713856,90,1140.311709
532.694799,103,1140.359556
507.224713,96,1140.403197
709.645394,130,1140.458948
502.37644,93,1140.50094
494.05394,91,1140.541683
344.624174,67,1140.57205
565.302929,104,1140.622844
603.832115,114,1140.675343
696.79215,129,1140.731327
684.517003,150,1140.798265
482.466252,95,1140.840849
530.710868,103,1140.886871
508.254689,97,1140.929555
480.704217,94,1140.971513
431.015224,83,1141.007583
491.995812,91,1141.048776
445.849619,82,1141.085196
619.844413,127,1141.784045
548.893275,102,1141.832101
558.453426,111,1141.883466
593.145599,113,1141.934759
581.003024,108,1141.984338
623.319206,117,1142.039302
808.650485,148,1142.10852
462.715163,91,1142.149986
462.620164,85,1142.188638
655.800166,127,1142.249564
547.411991,102,1142.295955
950.873281,202,1142.388218
528.738362,97,1142.432036
719.186372,134,1142.491708
426.710085,86,1142.529174
554.753346,103,1142.575617
526.874888,102,1142.621508
533.386329,97,1142.664472
458.674808,85,1142.701956
641.696723,117,1143.367129
531.96554,107,1143.414177
477.365602,97,1143.456757
579.145006,110,1143.504942
611.212322,114,1143.555355
466.78407,86,1143.59415
517.815974,103,1143.637919
749.913602,137,1143.697962
460.820722,91,1143.737905
417.858419,90,1143.775621
500.822089,93,1143.815069
524.074088,98,1143.858052
553.516774,102,1143.902164
453.716276,86,1143.938917
355.350565,74,1143.970793
473.929859,91,1144.011254
393.22466,73,1144.043592
600.450078,110,1144.091348
457.643079,95,1144.133053
435.990913,81,1144.168814
498.224684,95,1144.211581
683.096939,125,1144.706641
535.665085,104,1144.752819
929.763642,171,1144.829189
618.268581,113,1144.879445
478.642927,87,1144.917001
579.946139,109,1144.966096
487.154914,92,1145.006423
458.291234,86,1145.044098
766.645537,138,1145.105656
463.154213,85,1145.142543
619.341365,117,1145.194189
583.529129,109,1145.24304
655.143913,120,1145.297647
563.815248,105,1145.344524
550.08922,100,1145.389137
581.124569,107,1145.436309
537.559705,97,1145.47891
590.901454,114,1145.528188
391.91814,73,1145.999548
491.213214,90,1146.039137
709.029877,134,1146.097153
505.862499,93,1146.137457
508.800794,108,1146.184788
387.252115,73,1146.217016
492.614149,90,1146.2568
825.032952,150,1146.323339
527.840335,104,1146.370453
447.771677,83,1146.405416
702.862359,129,1146.462062
678.431208,130,1146.51999
469.403868,87,1146.557917
539.459348,109,1146.606131
660.247317,128,1146.662916
813.711139,157,1146.732372
478.716249,88,1146.770949
620.380702,113,1146.820009
540.861947,100,1146.863665
594.966564,112,1147.615877
530.869783,103,1147.660987
441.005379,84,1147.697804
666.06966,123,1147.751535
527.22331,98,1147.793869
370.932101,69,1147.824588
545.561783,100,1147.869023
697.612596,140,1147.935165
438.393394,89,1147.991956
669.277408,126,1148.047703
546.636726,105,1148.09566
567.365598,104,1148.142069
587.014116,110,1148.191689
501.86428,94,1148.233355
644.818674,126,1148.291173
504.955145,98,1148.336118
697.2408,134,1148.39801
569.848763,106,1148.446622
512.842104,93,1148.487444
500.499203,97,1148.530913
739.524811,143,1149.166897
627.776293,119,1149.221584
672.589597,127,1149.296757
483.785298,93,1149.340066
472.870013,86,1149.379413
431.432077,82,1149.416868
476.660277,94,1149.461332
637.533559,121,1149.517166
591.151256,109,1149.566227
796.360324,153,1149.633907
507.135817,96,1149.676487
434.848854,81,1149.713309
706.884175,127,1149.771422
597.797275,120,1149.827424
563.675082,106,1149.87427
822.140944,154,1149.946755
668.512055,129,1150.008744
565.691663,104,1150.05646
488.675846,90,1150.831174
857.611188,172,1150.914742
336.678105,64,1150.945522
528.088406,101,1150.993145
693.590384,128,1151.053796
585.853688,113,1151.107947
604.530227,114,1151.160077
474.362057,93,1151.204309
512.684387,94,1151.245948
575.125758,105,1151.292179
500.956849,92,1151.334212
684.620656,125,1151.390686
406.202395,75,1151.423983
660.04847,121,1151.479888
323.104826,69,1151.511056
386.274354,87,1151.549129
535.413988,98,1151.591483
513.385659,93,1151.632776
489.162833,96,1151.675316
464.043741,92,1151.71657
875.457193,162,1152.314493
804.140689,148,1152.380245
550.679038,109,1152.426894
324.000539,64,1152.458947
429.319331,79,1152.493942
457.872521,89,1152.533923
552.770006,104,1152.580381
577.690195,112,1152.630753
379.956632,71,1152.662231
908.160573,165,1152.735201
483.472805,89,1152.774361
611.551748,124,1152.829137
511.67281,111,1152.877642
569.04761,111,1152.927451
763.624928,147,1152.993286
537.450515,100,1153.037194
442.608819,88,1153.076152
535.481732,99,1153.119027
507.749298,103,1153.164132
508.953534,100,1153.90841
487.871112,95,1153.948891
744.58174,148,1154.019206
601.358411,111,1154.068121
434.523654,81,1154.10715
501.184368,91,1154.147352
543.693548,105,1154.194641
655.278203,125,1154.248933
570.701714,116,1154.302824
688.064289,130,1154.35984
876.972858,163,1154.433508
482.754673,91,1154.473278
694.721804,128,1154.531097
493.612581,96,1154.572363
296.496155,57,1154.595751
414.931363,85,1154.634425
561.174637,107,1154.684131
549.591072,101,1154.730175
593.256026,109,1154.777435
439.416405,92,1155.615307
308.247358,66,1155.644592
795.76952,158,1155.718743
727.739908,136,1155.780346
577.430755,107,1155.828731
507.258029,95,1155.870749
507.925795,100,1155.9152
551.776942,101,1155.96052
541.677751,103,1156.0055
693.169945,126,1156.061456
555.831219,104,1156.105904
702.789311,138,1156.166833
496.429013,94,1156.210062
414.358494,85,1156.249711
627.33224,121,1156.303181
604.897666,121,1156.357352
591.2558,111,1156.409295
579.036876,115,1156.460582
668.592664,120,1157.221369
617.31463,115,1157.281373
395.401287,74,1157.314819
627.373331,116,1157.366082
445.920834,83,1157.402545
426.816038,81,1157.436751
724.100227,132,1157.496094
597.160464,113,1157.546478
611.256693,122,1157.599514
500.666274,103,1157.643989
841.936197,156,1157.713915
484.183011,97,1157.756197
475.800755,92,1157.796202
375.730159,72,1157.828545
605.236137,115,1157.880315
559.759906,105,1157.92553
884.65385,163,1157.996888
562.436839,103,1158.041124
375.684568,68,1158.070431
396.368289,80,1158.105891
477.577645,88,1158.727837
522.243374,93,1158.768967
444.066793,82,1158.806173
508.290624,92,1158.851054
463.345756,86,1158.893204
653.813492,123,1158.948365
684.856412,124,1159.00199
554.239531,100,1159.046115
531.140528,100,1159.08951
525.967228,109,1159.137423
520.026234,109,1159.18607
646.212421,120,1159.238993
638.994229,119,1159.291341
488.213709,90,1159.331462
460.727425,84,1159.367018
473.839849,88,1159.406634
902.11897,163,1159.477175
552.048682,109,1159.524072
485.912816,90,1159.5626
518.101131,102,1159.609328
358.526427,68,1160.220645
498.740278,94,1160.264112
490.672844,90,1160.309328
586.838219,115,1160.365844
460.286133,84,1160.405912
467.097264,98,1160.450346
548.947536,102,1160.496409
585.568056,113,1160.549834
691.569475,130,1160.610419
492.007475,90,1160.651096
470.504473,91,1160.691546
563.775105,103,1160.736443
631.631549,114,1160.788127
543.868134,100,1160.833128
579.702505,109,1160.881485
400.436477,73,1160.914237
539.785352,101,1160.958161
717.641743,132,1161.018873
504.139481,95,1161.062558
751.06728,139,1161.122854
538.274873,99,1161.783718
444.041383,87,1161.822815
680.709233,124,1161.877526
536.224559,99,1161.921766
816.204537,152,1161.990018
573.099134,116,1162.042752
648.309995,122,1162.095703
574.459542,105,1162.141695
443.342915,81,1162.176809
540.359537,102,1162.222232
513.561123,109,1162.271976
530.651086,101,1162.318335
920.765014,169,1162.393955
1093.162911,205,1162.484615
755.285632,147,1162.549679
370.52584,75,1162.582876
601.992576,109,1162.630469
642.924696,118,1163.137365
547.495439,108,1163.186966
644.446684,126,1163.242483
490.897378,98,1163.287448
562.942256,110,1163.336437
460.813123,88,1163.376877
438.773605,87,1163.41616
615.576964,114,1163.465354
436.929562,84,1163.502193
764.562067,151,1163.571976
512.104018,98,1163.616862
577.386074,106,1163.663484
477.8858,93,1163.705194
815.657761,156,1163.775519
546.717403,102,1163.819705
549.491257,102,1163.864705
569.450171,106,1163.912666
904.570562,162,1163.985098
446.522994,91,1164.024684
743.102744,136,1164.583681
704.074029,129,1164.640933
714.836083,131,1164.700152
630.182414,124,1164.755823
414.238448,77,1164.789555
466.456836,91,1164.830499
456.531914,93,1164.873963
617.188442,127,1164.931235
687.829081,127,1164.986903
641.262875,120,1165.038721
653.532623,129,1165.096661
583.39304,107,1165.144554
748.433707,138,1165.205789
672.226492,128,1165.262591
515.105327,97,1165.305543
532.187781,103,1165.349901
706.387001,131,1165.407112
540.430222,103,1165.911619
627.256204,116,1165.961922
564.295968,118,1166.013239
539.012409,97,1166.054681
613.816329,115,1166.105322
467.096519,89,1166.142771
490.949464,96,1166.185044
469.816221,90,1166.223853
483.24575,89,1166.262151
707.09736,138,1166.323812
506.855868,96,1166.367631
493.376343,97,1166.411317
548.846735,117,1166.463122
602.496767,119,1166.516181
516.833088,98,1166.559909
511.034871,100,1166.603118
610.407521,112,1166.652513
405.89543,78,1166.687816
607.502002,110,1166.737004
969.814654,183,1167.394233
635.29468,121,1167.470819
467.28791,91,1167.512619
519.609487,97,1167.555373
599.151675,113,1167.605148
484.336907,98,1167.650028
634.79281,123,1167.707575
494.127771,102,1167.753699
823.084517,156,1167.824519
403.930181,80,1167.859712
683.587544,130,1167.917799
426.132948,82,1167.955295
590.770919,124,1168.011672
829.738922,150,1168.078117
525.450065,106,1168.126029
518.015555,96,1168.168859
648.955513,121,1168.222839
406.959889,88,1168.263149
440.474275,88,1168.302769
474.345746,90,1168.867751
391.795008,75,1168.902475
457.454388,84,1168.941637
525.209467,97,1168.986856
563.890784,105,1169.035284
578.615906,108,1169.084636
515.449307,102,1169.131277
442.590807,84,1169.170005
757.38467,144,1169.238868
799.237628,143,1169.304226
409.914087,76,1169.338674
511.528659,100,1169.384192
464.515277,96,1169.428844
572.018336,110,1169.478481
513.373989,98,1169.521949
559.502434,105,1169.568202
481.347819,89,1169.606597
634.391684,121,1169.661743
453.037996,83,1169.698602
659.900102,125,1169.758204
636.006962,119,1170.51467
704.70735,134,1170.5773
729.302088,143,1170.647001
540.112154,102,1170.694321
452.666355,86,1170.7329
489.505944,96,1170.775761
488.572072,106,1170.824082
585.577374,107,1170.873006
550.548306,109,1170.922275
504.895243,98,1170.964876
685.379554,142,1171.028272
598.581628,114,1171.078786
398.358514,80,1171.115114
650.390738,119,1171.166725
418.232757,80,1171.200372
447.793592,88,1171.238572
501.148266,92,1171.279676
490.700224,102,1171.327132
706.842958,130,1171.385134
575.018779,112,1172.080657
442.676792,96,1172.124314
713.916673,130,1172.184832
469.803042,88,1172.224763
317.084689,67,1172.253536
615.903507,112,1172.303372
405.682033,84,1172.34179
577.110697,110,1172.391975
471.072839,86,1172.430482
488.440647,91,1172.470204
490.084702,94,1172.512051
605.827798,119,1172.565017
613.341638,116,1172.618867
515.644484,96,1172.682397
629.18312,119,1172.736638
618.396572,113,1172.787854
743.958083,136,1172.847691
568.05174,105,1172.894783
522.693583,96,1172.938049
548.431289,101,1172.984283
639.79859,122,1173.571895
608.125722,111,1173.62204
439.551878,87,1173.660551
647.288342,128,1173.715011
570.677593,103,1173.760383
658.570902,121,1173.814449
513.752011,101,1173.861746
642.197238,122,1173.919078
535.300433,98,1173.961915
490.689776,90,1174.001881
519.798483,99,1174.04552
588.587446,109,1174.094345
619.317722,122,1174.149106
441.384857,81,1174.185002
505.313557,100,1174.228762
648.628923,123,1174.282686
642.155461,119,1174.336986
811.679353,163,1174.412179
540.533178,100,1175.076042
637.250199,118,1175.129839
660.540625,126,1175.185997
664.933024,121,1175.240495
572.703981,107,1175.287923
649.967148,124,1175.346319
532.191677,118,1175.399904
673.38619,126,1175.453826
499.00069,99,1175.498197
715.178229,132,1175.556813
588.864565,106,1175.603335
577.70988,106,1175.650492
596.186593,124,1175.709888
671.712819,123,1175.765177
565.971479,108,1175.813353
504.877621,94,1175.855759
531.3504,102,1175.900971
812.2085,147,1175.966277
640.326064,120,1176.502406
908.814393,184,1176.585478
569.4497,110,1176.636489
627.776799,123,1176.689933
528.999311,97,1176.733993
498.868819,98,1176.777461
567.480102,103,1176.825778
465.580814,96,1176.871805
671.538981,128,1176.930203
595.503333,113,1176.981514
662.210235,122,1177.037739
522.864171,97,1177.080655
490.284435,92,1177.122811
558.425284,105,1177.170671
632.140256,118,1177.222698
503.82954,93,1177.263633
496.869238,99,1177.309273
651.086506,119,1177.362998
578.160565,111,1177.880594
765.485849,154,1177.949124
483.249502,89,1177.989039
415.968517,81,1178.023329
671.923253,124,1178.078593
738.208973,140,1178.140446
487.692521,94,1178.182068
543.595436,104,1178.228368
543.109645,103,1178.272866
815.557964,147,1178.337296
828.613988,176,1178.41962
542.667502,102,1178.463782
353.478625,75,1178.496952
592.785,112,1178.545002
683.980001,126,1178.598842
609.638528,115,1178.650002
869.938108,170,1178.725002
748.247745,144,1179.274819
455.285777,83,1179.311919
824.532301,165,1179.385322
672.202159,124,1179.441947
420.799216,83,1179.478125
534.055623,99,1179.522322
551.38507,108,1179.570889
523.693593,107,1179.619373
633.454055,116,1179.670487
589.912235,125,1179.727366
464.034811,102,1179.773475
769.902853,140,1179.835896
437.980804,85,1179.872426
579.098624,109,1179.920685
621.586051,135,1179.984705
537.002215,115,1180.035317
570.641378,107,1180.083216
743.844118,139,1180.146077
957.647272,177,1180.741944
446.730951,82,1180.776714
731.478555,135,1180.837391
666.510378,125,1180.895941
768.27529,138,1180.96394
627.567984,115,1181.016057
627.359551,118,1181.069944
613.712279,113,1181.120887
767.101565,144,1181.186958
519.190321,98,1181.231237
698.834935,127,1181.291681
667.627695,128,1181.35389
837.172458,153,1181.423154
936.134493,166,1181.500485
702.194707,130,1181.560026
552.302793,107,1181.608933
587.345577,114,1182.416502
352.690452,72,1182.448075
586.479983,117,1182.510864
509.721105,96,1182.555369
558.493815,109,1182.60418
560.481646,105,1182.650779
452.20148,93,1182.694582
550.97834,101,1182.740054
439.96656,86,1182.779398
665.053042,127,1182.836422
517.551715,95,1182.878885
706.245603,131,1182.938939
740.541697,136,1183.00059
546.720428,102,1183.05081
542.266364,106,1183.101165
868.213834,187,1183.188363
473.928236,90,1183.229534
650.407376,127,1183.288551
481.510728,88,1183.326877
432.124847,80,1183.877178
710.207129,131,1183.948719
622.69135,114,1183.99941
436.312177,80,1184.035726
583.195778,107,1184.082426
685.075127,131,1184.145023
593.564383,109,1184.192916
748.382395,137,1184.256668
650.394145,117,1184.309277
425.341267,84,1184.347299
568.61585,105,1184.394085
548.866691,100,1184.437996
499.263147,91,1184.476593
583.140103,109,1184.523285
415.350424,78,1184.55707
549.889819,104,1184.603337
485.427871,91,1184.642906
696.269427,130,1184.699771
549.144259,105,1184.747206
687.992615,124,1185.37366
518.433467,103,1185.419341
431.926178,81,1185.455158
519.802674,101,1185.499852
366.328969,71,1185.530617
526.225426,104,1185.577792
627.178413,116,1185.631459
415.920964,78,1185.66653
541.069552,105,1185.715161
542.591819,105,1185.761104
556.619171,104,1185.807249
552.589767,101,1185.851219
430.462113,83,1185.887536
830.282361,152,1185.95514
681.956514,126,1186.010746
572.877092,106,1186.058117
549.83926,105,1186.103871
531.775493,98,1186.146037
460.289259,90,1186.18624
625.906671,115,1186.238131
479.654863,88,1186.716892
736.527969,139,1186.77889
415.470343,79,1186.814276
472.024113,87,1186.852338
707.952139,133,1186.910894
501.836693,107,1186.957858
426.284184,78,1186.992299
608.638808,116,1187.042097
465.769027,91,1187.082204
948.756305,171,1187.159009
572.052689,103,1187.204369
605.998809,112,1187.2546
431.130811,84,1187.292177
391.135555,72,1187.322803
726.584877,134,1187.38356
440.941141,82,1187.419189
545.192903,101,1187.463097
474.48948,90,1187.503122
525.973737,97,1187.545036
479.204859,89,1187.583335
478.491744,90,1188.090543
814.401621,154,1188.161948
425.770102,81,1188.197408
556.786026,105,1188.2435
496.324803,93,1188.284269
453.362127,84,1188.322699
516.623886,99,1188.365434
540.670284,97,1188.4086
839.008291,149,1188.474591
790.4197,151,1188.540645
662.764545,126,1188.598754
535.721463,99,1188.642305
472.566524,88,1188.680372
728.38337,139,1188.742832
928.433296,167,1188.817297
532.249947,98,1188.85987
550.800026,109,1188.907449
587.94726,115,1188.958274
554.339034,123,1189.45857
556.942123,107,1189.506647
741.825097,137,1189.567156
575.830312,109,1189.615556
652.409053,130,1189.670804
525.977814,113,1189.722822
591.429106,111,1189.770947
622.447352,119,1189.822197
459.580214,96,1189.866597
432.49056,86,1189.905018
737.070563,138,1189.966982
541.838112,100,1190.010934
662.659245,123,1190.066033
613.588663,115,1190.116403
475.454928,87,1190.154588
483.728365,89,1190.195021
488.316762,89,1190.23386
458.640377,89,1190.273425
530.922371,104,1190.318928
688.27991,123,1190.849245
747.702182,135,1190.909103
616.241966,112,1190.959078
455.21812,89,1190.996757
510.92034,93,1191.038475
545.099693,107,1191.084558
739.123526,138,1191.14585
472.105743,88,1191.185975
982.498443,179,1191.263285
428.561257,79,1191.298061
837.380041,163,1191.369197
659.914186,124,1191.423182
566.514019,105,1191.469326
460.904749,85,1191.507454
694.089012,129,1191.563959
759.44637,142,1191.627427
807.535154,146,1191.692979
507.693685,93,1192.204799
494.098992,91,1192.243908
507.748146,94,1192.284818
671.073132,132,1192.346559
657.624648,126,1192.401552
521.377752,102,1192.445409
801.105495,143,1192.510317
736.765489,134,1192.570295
550.839632,102,1192.615647
623.096894,114,1192.667322
626.587208,118,1192.719505
454.395616,91,1192.760638
534.863154,102,1192.805574
738.415793,135,1192.865399
492.828709,92,1192.906108
636.843347,119,1192.958373
450.0172,85,1192.996219
534.133456,102,1193.042337
618.952431,117,1193.095252
610.192076,112,1193.590225
441.938337,94,1193.632095
639.221236,125,1193.685018
350.698893,75,1193.715974
537.646221,101,1193.75937
591.299354,110,1193.807023
544.930508,105,1193.853655
652.038207,119,1193.905473
519.151414,98,1193.948617
576.811471,111,1193.999771
601.125768,117,1194.053576
612.560601,119,1194.107108
590.98306,108,1194.154253
646.821298,122,1194.208737
528.489617,121,1194.263145
363.487787,71,1194.292701
385.872278,80,1194.329073
362.149954,81,1194.364574
432.53484,91,1194.406674
552.109326,105,1194.921561
785.455919,157,1194.989614
461.501744,87,1195.029207
503.353306,94,1195.070199
896.650703,176,1195.149361
770.441559,142,1195.212171
586.604423,106,1195.2584
467.59297,88,1195.297235
476.584305,89,1195.337418
488.789477,101,1195.382138
518.138174,96,1195.424539
1082.244407,199,1195.512614
427.584163,80,1195.548134
642.437235,117,1195.598105
547.370055,102,1195.642444
503.581253,102,1195.689633
554.849849,112,1195.738292
635.451159,123,1195.795774
568.931062,106,1196.310187
692.835956,128,1196.366919
452.960605,85,1196.404192
642.986079,139,1196.467297
470.647582,87,1196.50581
536.597929,102,1196.551065
549.678827,102,1196.59503
551.687333,101,1196.640106
640.385303,117,1196.693396
673.455489,126,1196.747931
383.513538,79,1196.782183
413.014795,76,1196.816099
466.028394,85,1196.853868
552.344485,102,1196.89908
629.429229,118,1196.948953
624.986807,124,1197.003793
461.127841,85,1197.040893
579.895848,109,1197.089973
609.331352,123,1197.143653
628.005241,116,1197.194619
706.13617,137,1197.861977
721.822204,130,1197.922546
621.929346,115,1197.974969
743.147728,134,1198.035769
519.879923,103,1198.083536
641.841908,127,1198.141815
426.936144,78,1198.177348
524.181768,101,1198.223678
506.809954,98,1198.267244
404.147581,76,1198.302282
585.731698,117,1198.3557
621.49089,117,1198.407571
618.70786,114,1198.458402
454.717171,95,1198.503911
561.304759,103,1198.552088
634.398058,117,1198.603591
721.310367,134,1198.663836
572.355892,113,1198.714702
473.027634,96,1199.380208
467.144266,86,1199.417734
763.526162,141,1199.48304
526.540412,95,1199.526035
520.41344,96,1199.569116
461.779588,86,1199.608601
558.067905,106,1199.657767
531.275171,98,1199.703186
683.417367,142,1199.769565
394.216218,78,1199.804243
725.4509,131,1199.86342
620.541994,114,1199.915331
766.647341,140,1199.980452
704.737462,129,1200.040009
670.586523,131,1200.098781
437.754047,81,1200.136744
753.999476,146,1200.203109
598.69257,113,1200.252509
717.511295,131,1200.780833
662.56915,125,1200.844748
530.730801,98,1200.890839
675.473772,137,1200.953512
582.372255,110,1201.002957
454.071397,99,1201.048786
498.956137,93,1201.090877
348.264129,65,1201.119411
556.941167,101,1201.165914
486.414652,93,1201.207733
603.94407,112,1201.258324
563.824554,104,1201.305702
662.490162,123,1201.360966
787.914491,142,1201.424774
473.173502,103,1201.469868
668.704308,132,1201.531913
446.967476,83,1201.569815
651.186466,119,1201.623075
626.202572,116,1201.675351
624.070937,119,1202.257313
432.087325,81,1202.301763
649.310271,121,1202.356899
458.994577,84,1202.395467
697.130043,128,1202.453301
518.506728,97,1202.496685
753.093165,143,1202.562011
571.815515,104,1202.610096
447.161905,83,1202.648557
395.514973,81,1202.68592
494.35697,91,1202.726254
551.128365,103,1202.773124
439.122293,81,1202.810176
593.324475,109,1202.861715
514.917191,100,1202.908674
513.245169,95,1202.953775
832.879002,152,1203.024302
647.389751,117,1203.077608
433.426952,88,1203.117072
398.975079,83,1203.154867
589.755639,122,1203.85604
658.476377,123,1203.923974
545.618132,102,1203.977088
465.187638,85,1204.015496
764.621624,136,1204.076296
545.295297,106,1204.123935
600.462428,121,1204.177973
845.705277,156,1204.250063
551.669731,104,1204.298062
582.883187,106,1204.345252
630.786392,127,1204.402365
621.625587,112,1204.452794
650.225845,130,1204.512666
495.006982,93,1204.55587
707.570529,131,1204.615717
438.454987,88,1204.655609
632.376902,124,1204.709862
591.990172,117,1205.40413
696.126732,135,1205.469222
596.062616,110,1205.52752
451.435091,84,1205.566776
566.850947,106,1205.615081
696.49797,129,1205.673523
405.607407,86,1205.714483
485.529948,91,1205.755872
632.540004,115,1205.807688
459.147077,85,1205.845807
529.249423,108,1205.896091
476.596358,89,1205.938143
496.441781,91,1205.980147
975.910436,177,1206.058955
433.501416,79,1206.095942
529.415191,98,1206.14003
424.053987,78,1206.175503
674.076568,129,1206.236131
357.442986,78,1206.271476
759.304728,137,1206.334929
505.450202,94,1206.969964
674.299035,125,1207.029648
467.672304,89,1207.069484
433.882732,91,1207.111851
621.866432,115,1207.164018
566.779973,104,1207.210999
644.747858,128,1207.270476
506.137026,93,1207.313015
783.988169,147,1207.402066
396.429798,87,1207.442247
503.945878,100,1207.487215
486.65175,93,1207.528431
652.013749,118,1207.582021
543.850893,102,1207.630464
734.970097,134,1207.689848
514.917938,107,1207.739103
577.08987,107,1207.785409
482.583795,87,1207.824665
598.194762,111,1207.874437
416.549866,90,1208.458723
498.030052,92,1208.502429
439.818227,82,1208.542971
535.103332,99,1208.587667
483.313331,92,1208.631014
420.090144,82,1208.668318
703.250314,133,1208.734138
623.187307,116,1208.786929
625.406637,117,1208.840775
631.431409,127,1208.899872
675.412191,135,1208.961596
423.146689,78,1208.996306
496.036824,97,1209.040701
503.701012,94,1209.080944
509.459564,93,1209.122737
657.818571,124,1209.179132
463.275073,92,1209.222312
624.248484,115,1209.274742
577.072621,112,1209.325822
724.036596,134,1210.090013
553.81094,116,1210.143801
579.108714,108,1210.191745
670.996011,124,1210.24846
605.930827,119,1210.301846
631.293426,117,1210.362491
397.604886,80,1210.408476
480.850966,91,1210.44997
481.451101,92,1210.491762
454.539886,93,1210.532701
604.635442,110,1210.581617
668.518893,126,1210.637119
810.643806,147,1210.703896
629.48736,114,1210.754785
488.312459,98,1210.796695
588.273108,111,1210.844992
583.51637,107,1210.892577
498.210997,104,1210.938656
466.683594,86,1210.97648
1109.155025,200,1211.819335
473.03391,88,1211.874499
491.327034,91,1211.915841
1173.357175,209,1212.01052
490.982098,91,1212.051619
509.269756,102,1212.098158
903.158548,164,1212.17339
573.298918,109,1212.221209
921.451869,185,1212.302865
562.991003,104,1212.348039
519.029987,95,1212.390436
516.807078,96,1212.433126
649.153491,122,1212.488013
405.138405,76,1212.521814
730.804937,151,1212.591288
615.721099,115,1212.642639
509.907594,107,1212.688805
599.271094,114,1213.449309
713.952755,130,1213.508279
527.545851,96,1213.55125
539.280915,101,1213.595263
546.662195,100,1213.64147
515.212596,100,1213.686643
418.36486,84,1213.724607
488.007959,90,1213.764325
714.813903,131,1213.823292
450.990313,95,1213.86945
377.452402,77,1213.903616
488.091675,98,1213.94549
479.32253,97,1213.988208
565.872609,106,1214.034863
898.055864,164,1214.110189
469.367349,89,1214.151293
466.808651,88,1214.188743
512.501102,95,1214.230657
561.83645,103,1214.276364
402.451304,74,1214.309409
475.539169,100,1215.130846
646.513912,121,1215.188791
521.28382,106,1215.240263
535.614465,101,1215.288721
465.816769,88,1215.32863
562.37859,103,1215.374574
469.821379,100,1215.420922
519.344455,109,1215.47233
588.954355,113,1215.522403
416.336123,83,1215.561357
696.258353,130,1215.620378
675.211891,136,1215.682176
491.236509,91,1215.722492
450.60141,85,1215.760738
663.598064,125,1215.818386
532.436592,100,1215.861747
676.76837,128,1215.919923
526.105178,98,1215.964285
634.229593,117,1216.016576
672.892886,133,1216.609552
575.961367,109,1216.656817
425.473621,87,1216.699881
537.062339,108,1216.748147
559.472037,106,1216.796788
768.676012,156,1216.870548
452.412268,87,1216.910455
394.452376,73,1216.943254
502.21773,92,1216.984643
857.443416,158,1217.054706
529.828525,97,1217.099526
423.770855,89,1217.141655
889.687623,173,1217.22063
567.444392,103,1217.266019
545.103481,99,1217.310999
469.7566,88,1217.350409
453.242662,90,1217.391563
652.531775,118,1217.444441
484.955327,94,1217.486944
460.231067,94,1218.262951
584.03466,108,1218.322215
541.831927,99,1218.383739
644.966526,119,1218.435905
583.809049,105,1218.483391
391.770292,75,1218.516638
584.125314,108,1218.564641
786.655362,142,1218.62656
566.373087,105,1218.673114
522.011758,99,1218.716214
455.910186,84,1218.7525
495.181761,97,1218.795625
729.708188,132,1218.853222
414.208017,75,1218.886859
418.316546,78,1218.921878
445.681339,81,1218.959245
735.497351,136,1219.02487
474.431954,91,1219.068517
438.180075,81,1219.107753
499.20653,92,1219.152117
418.026692,83,1219.191222
487.398096,93,1219.84135
529.589737,99,1219.885612
485.586863,106,1219.938699
637.12364,117,1219.990898
597.438644,115,1220.043063
401.371833,80,1220.079112
583.413121,110,1220.129635
584.707449,107,1220.179907
553.176688,110,1220.232345
458.185703,88,1220.274355
862.164312,159,1220.346877
379.337514,80,1220.382565
641.350389,120,1220.43611
542.596999,99,1220.481299
847.443868,158,1220.55197
422.672013,88,1220.592543
580.873826,112,1220.644322
750.320371,145,1220.708261
552.885774,103,1221.254017
436.973646,87,1221.294442
514.246512,102,1221.342596
565.143423,108,1221.392916
478.838037,95,1221.435679
432.219344,83,1221.471373
655.980664,124,1221.530129
519.122318,113,1221.581793
427.873075,83,1221.621371
471.363839,87,1221.661069
459.600394,86,1221.702757
564.269871,108,1221.75137
459.885461,85,1221.789192
588.038784,110,1221.83662
581.061719,109,1221.885074
418.336367,82,1221.92173
875.58915,170,1221.99972
598.475732,109,1222.049635
475.613838,88,1222.089242
423.645709,83,1222.125275
597.803548,110,1222.175754
558.37591,106,1222.701111
705.343746,144,1222.766005
872.236475,160,1222.839166
418.636602,78,1222.873678
442.505333,83,1222.911491
610.903565,129,1222.968025
531.498497,117,1223.020991
536.383104,102,1223.066544
462.009637,85,1223.104981
363.689016,68,1223.13502
430.460698,84,1223.173666
573.453948,106,1223.220595
776.733652,143,1223.284498
539.593675,99,1223.328241
819.772852,148,1223.392191
540.767534,99,1223.436877
735.24592,135,1223.497013
660.383986,123,1223.550946
669.836745,129,1224.053617
478.30195,96,1224.098414
607.94618,115,1224.150112
577.505962,105,1224.196665
333.537907,70,1224.227239
460.110824,96,1224.271421
678.615864,128,1224.328397
457.490586,87,1224.366107
533.962857,103,1224.411479
416.402693,84,1224.450475
639.406568,118,1224.502154
731.636128,140,1224.567246
595.60624,122,1224.622647
640.763357,123,1224.678701
639.215121,117,1224.732485
546.265688,107,1224.77921
450.729907,89,1224.819297
619.119522,121,1224.875133
321.155082,72,1224.907143
487.541598,93,1225.416502
453.061539,91,1225.457151
669.243457,131,1225.515707
420.847663,82,1225.551798
618.09375,115,1225.601704
666.142496,128,1225.65853
647.245201,120,1225.712621
441.711868,87,1225.752371
472.291311,89,1225.79256
470.869269,88,1225.831313
526.258018,96,1225.873119
427.400965,80,1225.907914
381.922135,80,1225.944163
402.701357,80,1225.97889
511.845458,97,1226.021138
707.596858,132,1226.080122
680.124483,136,1226.139727
674.640597,124,1226.196211
487.377396,103,1226.241973
551.917633,103,1226.288647
310.273965,69,1226.319733
600.212712,112,1226.890835
583.895474,107,1226.938702
516.149022,96,1226.982243
487.946047,90,1227.022793
390.934836,72,1227.055237
630.062294,120,1227.108661
494.870303,97,1227.154439
569.061094,107,1227.200643
909.001127,174,1227.281353
582.636141,107,1227.329587
547.851795,110,1227.37798
534.793535,100,1227.423741
437.978106,80,1227.459992
746.325727,149,1227.528035
614.30272,113,1227.580559
601.696184,112,1227.63181
558.867632,104,1227.678557
458.416061,86,1227.717123
415.703128,87,1227.756154
402.57379,75,1228.470409
486.341139,94,1228.511886
696.938617,127,1228.571886
609.781346,110,1228.619857
666.879449,134,1228.67968
506.507763,93,1228.721469
705.573452,128,1228.776919
568.741724,109,1228.827244
883.313182,171,1228.905646
479.947887,89,1228.945618
425.976958,86,1228.985614
715.331232,132,1229.062158
355.841558,79,1229.096689
445.97895,84,1229.133932
426.553819,78,1229.169283
623.461762,118,1229.221745
586.869185,110,1229.270037
560.28619,105,1229.318006
330.60564,63,1229.34506
392.73326,77,1229.378925
614.539367,116,1229.889612
607.162491,114,1229.940417
496.308853,96,1229.988652
465.772007,101,1230.033659
691.839359,133,1230.116501
519.854447,98,1230.162395
669.242671,125,1230.220103
582.808353,110,1230.269588
524.796935,96,1230.313079
887.539443,162,1230.390568
417.275855,82,1230.428515
642.766273,116,1230.484202
566.820537,113,1230.537076
544.205026,101,1230.584388
610.364455,111,1230.635057
440.28878,91,1230.679947
516.463603,103,1230.728095
496.390357,91,1230.768689
563.309224,103,1231.292392
669.165585,135,1231.357957
432.758951,85,1231.398086
631.892668,120,1231.454935
497.71697,92,1231.497
600.874871,113,1231.550505
470.982626,94,1231.594494
478.972664,88,1231.635759
670.747009,130,1231.698359
687.177245,129,1231.758224
779.64874,143,1231.826101
505.840666,95,1231.869904
439.481233,91,1231.913219
629.395896,114,1231.967355
508.82994,94,1232.010901
465.76215,88,1232.052948
347.106896,74,1232.087823
809.530328,149,1232.155894
613.53805,114,1232.210595
408.044667,81,1232.248847
571.582611,103,1232.863935
536.645751,109,1232.913051
462.933405,96,1232.975332
526.620811,97,1233.018266
580.664639,109,1233.067306
587.434986,110,1233.115936
873.824651,160,1233.187462
854.608777,158,1233.256816
555.008727,111,1233.306668
439.49396,82,1233.342137
464.558025,86,1233.380096
678.580195,135,1233.441233
722.741362,142,1233.503344
530.493673,101,1233.54762
641.714738,118,1233.600879
480.15784,90,1233.640639
504.619411,95,1233.682062
471.600738,88,1233.719716
564.615745,107,1234.232809
527.231775,95,1234.275223
472.974847,96,1234.317032
728.958766,137,1234.382318
776.90693,141,1234.450156
424.380637,86,1234.491892
500.625196,93,1234.538138
460.696777,93,1234.583465
454.921495,84,1234.623733
388.298209,82,1234.664423
622.462463,117,1234.720213
500.643466,92,1234.764682
515.248398,109,1234.817203
627.226072,124,1234.87188
561.180751,104,1234.916916
614.736259,114,1234.966905
647.497331,120,1235.019382
888.730395,166,1235.093595
692.803401,129,1235.157444
432.874342,79,1235.757906
496.903038,96,1235.801833
633.028026,118,1235.853042
526.981798,97,1235.895098
721.274297,132,1235.953249
519.564919,106,1235.998977
682.608562,128,1236.055658
842.706125,170,1236.132399
473.856722,92,1236.171808
714.260557,134,1236.23304
771.810574,145,1236.301288
616.102258,114,1236.353292
565.544704,105,1236.402856
494.20763,100,1236.453599
739.401508,133,1236.518289
464.270337,87,1236.560784
603.490518,112,1236.613424
462.702099,94,1236.658529
641.456144,119,1237.194648
674.270308,121,1237.248075
799.675978,148,1237.313812
511.286562,98,1237.359096
598.49191,108,1237.410669
534.307945,101,1237.455033
756.004212,147,1237.52015
627.933298,122,1237.575736
460.28573,89,1237.613498
521.199096,102,1237.659268
506.758185,100,1237.704764
603.564789,112,1237.753654
458.562709,87,1237.792231
413.384799,76,1237.824351
633.711324,121,1237.878761
557.510555,107,1237.926563
638.099564,124,1237.984815
1001.423889,186,1238.069548
682.132202,125,1238.601876
652.780658,120,1238.655994
492.215605,98,1238.703988
521.797843,97,1238.746291
662.50352,127,1238.803787
621.912688,114,1238.852321
597.080752,109,1238.900302
590.685284,119,1238.952254
610.028514,114,1239.003605
472.766061,87,1239.04203
450.382799,86,1239.080232
574.427707,105,1239.126363
581.594218,105,1239.173863
403.476544,80,1239.207979
647.471298,120,1239.260712
498.543435,95,1239.30318
665.680668,121,1239.355727
576.453771,104,1239.40151
513.352627,93,1239.443965
514.714305,99,1240.012876
430.481557,84,1240.050001
535.378674,98,1240.092694
518.427904,97,1240.134254
532.268967,99,1240.17996
466.495927,89,1240.222858
366.903601,68,1240.25359
601.463255,111,1240.302623
577.967231,107,1240.350294
473.634134,87,1240.388842
537.76035,99,1240.431947
500.551731,106,1240.481405
525.984857,99,1240.528321
589.194437,109,1240.576507
490.580348,96,1240.620144
450.529676,88,1240.660379
612.655599,112,1240.709196
443.913806,87,1240.746376
822.870086,150,1240.815117
571.108753,106,1240.863928
417.493387,86,1240.902425
543.720426,99,1241.578415
477.738464,88,1241.621728
452.120526,95,1241.663199
634.034129,114,1241.713279
492.503703,93,1241.756153
741.664125,132,1241.818045
416.811496,80,1241.854596
530.047417,101,1241.901074
621.539045,118,1241.956935
555.911531,104,1242.002434
510.899926,96,1242.047776
409.883858,87,1242.08771
626.171289,116,1242.14458
601.970525,110,1242.196963
760.202168,141,1242.263547
506.246266,103,1242.311004
489.150292,92,1242.353488
605.593369,115,1242.40799
700.865977,133,1242.470144
373.004603,78,1243.187837
595.868875,113,1243.238633
465.946498,91,1243.285829
605.673848,122,1243.340821
658.982622,119,1243.392552
644.591005,119,1243.445276
739.000424,136,1243.506876
584.362607,107,1243.553692
460.366296,86,1243.59236
441.953572,84,1243.630014
551.543593,107,1243.675841
509.079281,96,1243.720683
470.821062,87,1243.759443
678.057547,122,1243.81345
628.123139,122,1243.869236
628.280369,114,1243.9189
549.717884,101,1243.96358
363.790943,78,1243.997539
528.849214,96,1244.038616
610.187224,113,1244.087898
413.263117,76,1244.676479
518.671366,104,1244.722104
472.364924,90,1244.768424
664.400886,122,1244.821944
549.390089,101,1244.868037
509.668873,98,1244.911745
368.647676,74,1244.943874
536.823064,97,1244.987083
541.337595,108,1245.03643
687.768035,124,1245.091958
649.40718,128,1245.149106
461.011708,87,1245.186506
528.386821,97,1245.229351
627.431449,116,1245.28095
643.079046,116,1245.331107
682.523464,123,1245.384975
554.513891,101,1245.428685
487.914345,96,1245.472192
586.943396,106,1245.519778
644.187115,116,1246.241174
586.55416,107,1246.292019
605.367723,113,1246.343094
646.262541,127,1246.40024
460.323037,86,1246.437604
583.015885,110,1246.486061
585.690436,112,1246.537971
658.817872,120,1246.592216
364.905847,78,1246.629445
504.291579,93,1246.672546
552.813329,101,1246.717396
612.62092,111,1246.76531
549.761119,103,1246.811198
565.035801,105,1246.858811
606.938353,112,1246.907579
347.142707,70,1246.937075
450.883315,83,1246.973387
709.028558,130,1247.031274
657.357151,120,1247.085671
608.089314,115,1247.14002
444.714517,91,1247.784723
528.204132,96,1247.828278
505.586609,98,1247.871577
757.491205,143,1247.93513
617.402426,121,1247.989145
641.811249,116,1248.040446
603.15835,109,1248.086896
480.9965,90,1248.126798
582.875032,111,1248.177625
483.763223,90,1248.218386
508.234458,95,1248.259254
473.720263,89,1248.298607
583.269467,112,1248.347602
588.188806,110,1248.396497
494.988206,91,1248.436476
667.684892,123,1248.490892
331.72509,71,1248.521387
518.407362,95,1248.563474
562.325749,105,1248.609509
596.129428,111,1248.657072
550.649072,101,1249.168379
469.436901,87,1249.206572
512.674764,102,1249.250443
580.076113,110,1249.300546
604.297708,111,1249.348874
542.935453,107,1249.39623
361.600923,66,1249.424824
404.051046,83,1249.460792
516.580617,100,1249.504871
523.701632,99,1249.551311
706.70535,131,1249.608817
648.00597,126,1249.666458
576.904126,108,1249.712368
501.57328,93,1249.753528
668.806495,120,1249.805057
617.330251,113,1249.855537
528.977755,104,1249.90171
779.3108,163,1249.974303
472.677434,91,1250.015141
856.210968,159,1250.579797
620.434044,112,1250.629556
506.490289,96,1250.671697
675.474515,120,1250.723852
668.935742,122,1250.777936
417.275789,86,1250.815059
490.72015,92,1250.855435
505.269266,99,1250.898173
502.80574,96,1250.939486
662.020076,122,1250.991542
541.263761,105,1251.037735
840.038787,154,1251.108896
494.013842,92,1251.150017
431.311945,80,1251.184229
660.185238,119,1251.234915
548.992231,102,1251.280431
386.455582,80,1251.315891
592.757895,118,1251.368398
578.461354,116,1251.418411
372.877968,69,1251.914206
596.155308,109,1251.963522
646.031538,120,1252.016458
763.309267,141,1252.079166
413.439301,79,1252.112409
518.728874,96,1252.154201
510.065216,93,1252.194715
519.266129,107,1252.241275
741.632115,134,1252.299381
528.187052,97,1252.341696
421.483968,87,1252.380895
445.640903,84,1252.418388
540.249025,101,1252.462403
509.490824,94,1252.503255
475.821112,92,1252.544191
569.947708,103,1252.587809
835.011924,151,1252.653797
611.123495,131,1252.711923
610.081219,113,1252.761073
581.723641,109,1253.273105
564.756738,111,1253.321238
532.348368,100,1253.37009
482.833787,96,1253.413238
648.238534,123,1253.468722
591.438446,118,1253.5221
701.306864,130,1253.581954
503.705649,94,1253.624222
720.156037,145,1253.691241
482.374107,95,1253.733584
573.628026,108,1253.782541
648.606622,122,1253.836044
620.913779,116,1253.888874
406.218959,85,1253.926593
881.624448,163,1254.003791
469.26941,94,1254.045523
467.43501,92,1254.086085
556.320841,113,1254.135323
496.911691,94,1254.175774
529.675877,97,1254.771545
617.179248,115,1254.820807
465.6517,85,1254.862265
414.826072,77,1254.896107
617.580186,115,1254.946058
514.244907,103,1254.990586
620.719736,119,1255.044536
690.482663,128,1255.106891
404.06648,76,1255.150615
461.088739,87,1255.189769
688.888979,126,1255.245564
515.152621,100,1255.288995
401.989417,79,1255.324335
491.895883,91,1255.364689
717.232352,137,1255.426832
652.656704,122,1255.482335
625.414344,118,1255.534909
652.589248,127,1255.591599
442.235834,82,1255.627996
433.855064,87,1256.152215
502.533073,100,1256.197474
528.004663,98,1256.243576
634.335051,116,1256.301386
533.068541,103,1256.347689
391.89665,76,1256.382511
519.105581,97,1256.427016
544.606027,103,1256.473957
540.846542,115,1256.523998
508.63522,99,1256.568467
552.291101,101,1256.612528
565.986278,108,1256.662595
641.798946,116,1256.730251
531.152564,98,1256.775336
449.179755,85,1256.811378
766.552193,159,1256.886666
629.262291,122,1256.939443
600.577959,108,1256.9853
683.951087,125,1257.040851
597.48943,114,1257.582462
456.674352,92,1257.626944
631.018661,114,1257.696063
505.170995,96,1257.738199
538.465341,104,1257.783552
714.271823,131,1257.842748
853.971538,158,1257.913817
788.499794,152,1257.980876
526.317516,99,1258.025177
600.907978,117,1258.077689
480.120667,94,1258.119834
659.098249,124,1258.175332
783.282686,145,1258.239449
586.371304,108,1258.285205
379.400376,82,1258.322053
464.869056,92,1258.362688
455.092377,95,1258.405059
624.151933,122,1258.459999
591.876807,110,1258.508621
393.023326,76,1259.05107
495.473925,92,1259.092597
433.549753,86,1259.129599
917.872221,167,1259.202298
618.404271,127,1259.257055
516.363877,99,1259.299486
455.673728,85,1259.336134
402.728019,87,1259.374453
533.240301,106,1259.420772
551.275755,104,1259.466343
618.948546,117,1259.520151
515.318971,95,1259.561772
667.880886,127,1259.61914
842.399441,157,1259.690742
829.436711,157,1259.760917
631.166517,121,1259.81269
502.484443,101,1259.856848
747.261773,136,1259.916549
455.570146,84,1260.52175
616.623305,112,1260.571662
551.885497,104,1260.620882
389.434408,81,1260.664268
459.600465,85,1260.702374
754.528836,140,1260.765278
513.605138,95,1260.806112
860.169939,162,1260.879282
788.660496,146,1260.942944
451.87032,85,1260.980786
819.703794,148,1261.045157
539.785808,108,1261.092318
504.129048,109,1261.138932
664.958861,127,1261.194487
655.390335,123,1261.248496
411.583173,88,1261.289255
477.264519,90,1261.327466
649.583306,127,1261.383114
750.487491,139,1261.908683
567.99866,116,1261.964055
589.257022,109,1262.012058
462.145364,88,1262.04922
835.938111,149,1262.116711
624.520253,115,1262.167408
576.065848,107,1262.21669
898.367097,167,1262.289367
476.513603,88,1262.329043
523.027628,100,1262.372024
542.661151,99,1262.416247
510.765887,98,1262.458829
677.928555,125,1262.513766
561.902322,104,1262.560077
556.016128,109,1262.60828
543.231072,100,1262.653937
603.860719,110,1262.703308
540.327857,105,1262.750819
564.143772,106,1263.367503
441.544984,82,1263.403883
329.554547,64,1263.431119
379.831461,83,1263.487441
634.729773,119,1263.541005
616.111843,117,1263.592073
569.813019,105,1263.638251
790.624843,146,1263.703144
540.389548,104,1263.749214
609.751516,121,1263.803936
540.066263,114,1263.852958
450.515035,90,1263.89308
659.599276,123,1263.947191
395.658831,78,1263.982678
591.856197,110,1264.032463
677.735694,124,1264.088281
536.144533,101,1264.132693
457.277588,91,1264.174844
552.522064,107,1264.221788
815.265054,150,1264.792383
562.939837,118,1264.851271
394.575109,82,1264.89584
301.018592,63,1264.92368
644.563209,120,1264.980774
516.169116,97,1265.026054
928.521539,170,1265.104216
600.983913,109,1265.153475
339.587765,70,1265.18408
524.433341,94,1265.226431
489.868475,90,1265.266518
626.321439,117,1265.318839
566.75879,109,1265.371358
540.352068,100,1265.417619
500.04517,93,1265.459132
807.248852,160,1265.533755
569.006662,108,1265.583273
897.134506,188,1265.672938
589.512292,111,1265.723023
712.503266,129,1266.447733
662.607067,122,1266.503877
447.520328,86,1266.542255
607.492609,112,1266.594008
521.13989,97,1266.645631
429.722785,82,1266.680542
510.014177,98,1266.722497
680.487952,130,1266.783369
684.948817,129,1266.841117
840.73475,154,1266.909671
868.376576,157,1266.979571
683.066976,139,1267.042814
984.262365,187,1267.126146
575.702143,109,1267.173797
603.042997,117,1267.226196
531.049316,100,1267.271015
424.559688,86,1267.307686
565.778234,104,1268.154783
584.689806,107,1268.202752
515.904558,102,1268.248654
760.395576,141,1268.311875
532.915817,102,1268.357743
476.374652,89,1268.398739
419.947898,79,1268.433899
902.316192,170,1268.511705
672.162824,122,1268.565746
576.963718,109,1268.614351
736.232882,134,1268.673668
501.103945,99,1268.718298
368.389268,69,1268.748313
611.370741,112,1268.799901
550.390851,102,1268.844157
445.041924,83,1268.882064
538.478833,102,1268.927803
694.702388,128,1268.985833
524.842664,113,1269.038599
593.315667,108,1269.847565
868.220033,161,1269.923424
634.577569,117,1269.977583
560.222696,107,1270.034002
628.092569,116,1270.086907
551.833689,106,1270.134529
463.249606,88,1270.173761
402.967435,87,1270.213396
499.894906,97,1270.256342
573.034385,105,1270.303631
415.021473,84,1270.341971
628.864552,114,1270.391126
393.172696,81,1270.427503
431.713258,86,1270.465072
537.642687,106,1270.511832
529.131686,110,1270.563854
584.938608,110,1270.613726
627.747269,117,1270.665561
829.494714,155,1270.733967
444.995742,87,1271.381409
659.667265,127,1271.437143
488.538085,93,1271.478
604.533467,116,1271.527029
461.845306,85,1271.564615
482.861019,89,1271.603471
411.814784,77,1271.636397
487.369421,97,1271.679201
777.492489,146,1271.744283
999.417234,192,1271.835985
522.776417,96,1271.879569
517.90067,98,1271.922624
413.805317,82,1271.959154
683.942287,127,1272.016669
644.736925,120,1272.067833
546.783731,103,1272.114545
550.936685,104,1272.16256
549.611257,101,1272.207923
492.300475,90,1272.246984
900.874107,163,1272.794888
614.112998,111,1272.843342
475.031999,91,1272.881315
512.990523,98,1272.92443
587.112035,111,1272.975085
574.042111,103,1273.020663
506.353033,93,1273.063836
586.186614,112,1273.113755
705.347122,134,1273.175642
606.281376,121,1273.228749
557.163363,105,1273.274035
645.151084,117,1273.326063
625.209656,130,1273.385146
477.715374,90,1273.42633
499.964038,104,1273.475146
558.77042,106,1273.523717
456.103359,95,1273.567321
463.924117,86,1273.606764
543.661471,107,1273.655965
397.687162,75,1274.231385
889.11235,171,1274.308324
681.489639,124,1274.36436
621.854699,119,1274.417512
653.198221,120,1274.471251
618.367869,113,1274.522063
380.794941,80,1274.558311
590.727745,114,1274.609823
512.031569,96,1274.653328
469.264159,87,1274.692418
815.504153,151,1274.776599
689.377962,134,1274.835731
497.105924,93,1274.877033
545.527506,101,1274.922996
631.261264,117,1274.973857
517.429616,106,1275.019015
526.877767,106,1275.066689
418.603744,91,1275.106019
401.324522,78,1275.601201
484.482219,90,1275.641797
680.974633,136,1275.703032
572.323836,109,1275.753088
478.016551,88,1275.791498
475.358381,95,1275.8324
517.066382,99,1275.875619
914.412083,168,1275.948988
491.983629,91,1275.990508
454.60385,86,1276.02824
705.84207,137,1276.090447
562.207967,105,1276.137375
710.893895,132,1276.197824
582.157558,112,1276.248925
457.952809,86,1276.287219
486.748102,99,1276.332277
411.259721,84,1276.370598
480.979921,88,1276.408027
549.869713,100,1276.45346
448.925287,87,1276.491239
461.297793,86,1277.039983
468.51897,88,1277.080042
618.412859,112,1277.129764
492.240053,92,1277.17012
700.922176,139,1277.235807
611.182663,113,1277.285974
365.078938,68,1277.315854
617.580972,122,1277.373418
507.62191,96,1277.417679
608.439919,118,1277.469961
670.83821,124,1277.524402
518.12303,95,1277.565216
639.581654,129,1277.622751
526.805622,99,1277.665739
466.143222,87,1277.703367
495.685014,91,1277.74359
654.174621,122,1277.799014
592.255381,107,1277.845386
742.255891,139,1277.907604
738.845363,138,1278.430459
467.100204,88,1278.468613
720.696785,131,1278.527735
463.688786,90,1278.566838
600.927089,118,1278.617754
572.272466,110,1278.666199
694.231206,128,1278.724659
383.42286,72,1278.756486
542.507084,103,1278.803107
674.880978,125,1278.861374
643.350551,125,1278.918863
556.056444,106,1278.967893
620.294581,113,1279.018232
471.57638,91,1279.058162
872.908437,158,1279.128506
550.960103,103,1279.174149
449.81224,85,1279.21291
561.184633,106,1279.261724
411.993818,84,1279.299905
441.234088,94,1279.831332
543.583866,99,1279.875667
477.685442,96,1279.918187
548.290116,104,1279.963513
585.589585,108,1280.013977
473.620555,93,1280.054909
434.551476,82,1280.091798
515.486617,99,1280.136948
580.528561,111,1280.186579
525.532372,104,1280.232825
501.197588,92,1280.273573
721.564697,132,1280.332561
896.515224,165,1280.406921
494.351777,97,1280.450097
518.917526,100,1280.494992
582.861803,112,1280.543253
517.535819,97,1280.586706
535.126778,101,1280.629851
536.006505,103,1280.674493
504.638343,93,1281.314319
414.728171,78,1281.350552
937.112429,170,1281.428257
817.930673,152,1281.499658
706.841371,132,1281.558009
537.86742,100,1281.601133
497.103643,90,1281.640663
489.955532,92,1281.682451
733.359012,134,1281.740526
477.020919,88,1281.779469
888.993692,162,1281.84999
431.948246,83,1281.886744
404.363046,78,1281.92091
533.228925,111,1281.968441
567.607009,104,1282.014448
485.204157,92,1282.073081
647.785447,118,1282.127286
461.405052,95,1282.170892
542.791628,98,1282.215561
747.467513,144,1285.169891
1357.86821,248,1285.285085
511.740982,97,1285.32924
536.359168,106,1285.384876
502.322236,98,1285.433976
529.968483,108,1285.485438
868.567053,161,1285.559209
679.556895,127,1285.615804
531.653569,106,1285.667311
542.220665,108,1285.717626
517.048371,95,1285.760991
445.343635,84,1285.798134
529.40497,95,1285.842336
643.076041,118,1285.89982
499.103528,93,1285.942182
844.220074,152,1286.012279
500.818678,94,1286.055434
770.217871,152,1286.746269
323.533393,70,1286.779191
436.152245,81,1286.817335
436.461782,81,1286.854589
585.709051,108,1286.903397
486.647842,96,1286.946473
645.596112,120,1286.999598
394.361818,83,1287.035217
534.422551,100,1287.081955
535.312451,101,1287.129487
489.73417,90,1287.171846
553.398079,114,1287.222822
511.000556,97,1287.266643
605.12949,111,1287.314827
657.158637,120,1287.368312
449.755094,84,1287.406308
455.752572,89,1287.446832
554.755345,113,1287.498842
670.097349,125,1287.557798
551.646655,119,1287.612318
443.629631,92,1288.237632
451.855165,95,1288.282965
807.967672,153,1288.364907
570.58657,105,1288.412049
522.847092,97,1288.455178
640.752445,118,1288.510175
730.07985,135,1288.572555
624.430482,118,1288.625998
578.261042,112,1288.677448
642.714741,136,1288.741777
444.401645,93,1288.783505
443.802498,86,1288.822971
850.103916,161,1288.899217
970.96721,189,1288.98486
568.856609,112,1289.037211
574.597719,106,1289.083767
618.434028,116,1289.134446
529.767131,101,1289.675919
691.510936,129,1289.738566
505.753422,96,1289.781089
648.379464,120,1289.833723
763.764587,142,1289.898952
661.244384,122,1289.95381
610.097726,111,1290.003346
902.225346,165,1290.078929
683.52406,127,1290.151272
488.819311,99,1290.200533
397.226502,81,1290.235767
566.640975,110,1290.284469
826.818539,153,1290.352129
658.177494,119,1290.405051
455.305702,85,1290.443307
800.755642,145,1290.506538
362.298856,67,1290.536829
603.383998,111,1290.584893
481.105841,89,1291.123849
464.465649,92,1291.162999
624.346591,117,1291.216823
530.144668,101,1291.259869
582.507071,107,1291.307755
506.134475,94,1291.349397
450.555263,84,1291.385139
494.450319,99,1291.42952
724.52439,132,1291.490609
435.788279,82,1291.526518
530.491955,99,1291.570882
619.709302,115,1291.623386
578.671268,107,1291.67251
394.567658,75,1291.705197
608.844208,111,1291.753964
982.020964,184,1291.838186
590.559976,110,1291.889035
705.093152,128,1291.947258
515.689916,106,1291.993262
463.78692,99,1292.530237
630.707619,117,1292.58357
529.167308,96,1292.626678
498.713491,101,1292.674166
467.679472,96,1292.719857
597.544152,116,1292.769467
526.045844,95,1292.811001
473.306473,86,1292.849301
588.727806,108,1292.897029
492.83191,94,1292.938114
486.336301,98,1292.979596
665.800259,129,1293.055584
465.863598,89,1293.094535
663.016138,122,1293.147827
646.470839,121,1293.199889
677.966595,126,1293.258127
417.032518,81,1293.294054
538.626054,102,1293.338305
398.79519,76,1293.370867
615.944456,117,1293.42314
500.466459,95,1293.905548
368.209201,69,1293.935484
466.283061,87,1293.973925
394.574735,79,1294.008465
497.947616,96,1294.049337
598.094689,110,1294.096319
406.734785,75,1294.129489
461.09319,85,1294.167694
414.528287,79,1294.201123
543.873336,103,1294.246959
412.306934,79,1294.281706
465.558185,88,1294.321085
703.712438,130,1294.378196
669.655356,121,1294.432487
694.709756,125,1294.486789
521.591228,102,1294.531231
665.873759,126,1294.586095
684.150073,137,1294.644803
490.446343,94,1294.685708
712.977451,130,1294.74219
489.875634,96,1295.237633
585.284579,112,1295.289483
526.116095,104,1295.333136
474.406176,88,1295.371566
462.348979,86,1295.409554
523.430066,99,1295.454283
525.031214,98,1295.498407
506.179326,100,1295.542461
445.120683,87,1295.579952
481.878848,90,1295.619666
690.78029,128,1295.676728
511.357858,94,1295.71861
834.967466,152,1295.785209
1058.715652,191,1295.870057
623.91198,115,1295.922227
541.294896,100,1295.966009
497.955198,92,1296.006543
580.465567,119,1296.057884
613.184895,121,1296.112372
648.261562,125,1296.709282
728.642607,131,1296.767524
568.285558,114,1296.818394
478.801273,92,1296.858769
652.271839,120,1296.910408
714.582401,132,1296.968652
581.299438,118,1297.021124
623.427382,124,1297.07541
881.548069,185,1297.161547
589.232635,111,1297.210485
562.134838,104,1297.255582
557.864923,104,1297.302086
589.707297,110,1297.349871
483.155324,90,1297.390505
616.390667,115,1297.440715
473.985688,94,1297.483566
659.202199,121,1297.536701
820.471556,154,1298.169107
563.26396,104,1298.221556
555.498309,103,1298.269152
478.129149,94,1298.310955
732.553012,134,1298.371737
568.540433,118,1298.42519
329.019528,71,1298.455556
599.385388,109,1298.504161
556.398405,106,1298.552111
558.496947,108,1298.60142
517.388011,95,1298.643026
709.154749,129,1298.699406
452.560132,86,1298.737609
397.317956,80,1298.77259
583.133315,110,1298.82203
438.236403,88,1298.85963
500.753408,97,1298.903526
539.311315,98,1298.946151
419.093324,77,1298.979261
314.743927,61,1299.006317
495.379738,93,1299.046974
519.994518,101,1299.569549
567.504317,114,1299.6207
289.955888,63,1299.648288
360.75632,75,1299.681054
522.451821,102,1299.725649
481.892695,90,1299.764633
776.791987,146,1299.830126
860.68869,156,1299.902314
482.591462,88,1299.940976
590.61593,111,1299.98998
627.014224,132,1300.049675
435.829183,84,1300.087764
568.299833,113,1300.137054
662.589057,129,1300.193424
584.097434,111,1300.245862
613.267652,118,1300.301478
485.684324,89,1300.340157
571.022532,104,1300.384883
770.394364,143,1300.44796
455.121332,86,1301.030387
464.000995,88,1301.077108
762.106862,137,1301.137585
944.900061,172,1301.215609
420.448651,77,1301.253713
827.505561,156,1301.325125
531.73533,104,1301.370673
449.794231,89,1301.408971
688.785365,126,1301.464528
474.217492,91,1301.50697
484.256165,93,1301.549887
646.229918,126,1301.606217
549.259209,104,1301.653073
660.189471,120,1301.706704
883.106133,166,1301.781435
443.742285,82,1301.817956
701.396402,127,1301.87516
478.055657,88,1301.913818
646.040213,121,1302.710732
518.313581,96,1302.753895
483.110943,88,1302.792365
574.062016,105,1302.839556
567.606325,104,1302.905888
549.807921,100,1302.950676
620.749422,117,1303.001524
603.521834,113,1303.053533
557.434251,104,1303.099991
751.583703,140,1303.162215
700.359494,131,1303.220434
580.10493,106,1303.267962
895.364163,160,1303.340086
630.774568,121,1303.395069
680.060656,127,1303.452419
672.99459,128,1303.508947
656.417482,124,1303.56631
523.58506,97,1303.609462
516.168599,96,1304.283437
342.60515,71,1304.313208
427.197138,79,1304.348231
611.995411,115,1304.398862
648.40575,121,1304.457427
529.691935,99,1304.502756
726.203554,143,1304.567147
488.544245,90,1304.605758
574.186157,108,1304.653388
481.025758,98,1304.696959
532.728378,98,1304.739995
562.367145,107,1304.788935
558.752859,101,1304.832716
575.258454,105,1304.881018
636.046411,126,1304.939461
529.33465,112,1304.988505
770.696463,148,1305.054898
542.726142,103,1305.100359
499.512476,96,1305.143606
502.215009,95,1305.754793
741.087595,142,1305.818279
373.985857,80,1305.854353
556.882971,104,1305.902001
497.068446,98,1305.944265
460.847906,85,1305.981335
493.958656,95,1306.023368
1052.979609,194,1306.11082
523.082721,97,1306.152712
642.106198,120,1306.206191
478.551784,94,1306.247936
547.022191,102,1306.292581
671.325162,124,1306.348878
483.123852,95,1306.388771
618.735275,114,1306.438982
503.02921,94,1306.479582
457.96615,86,1306.518253
559.067084,102,1306.562326
513.064894,94,1306.603553
725.706997,138,1307.255868
625.390914,115,1307.307205
556.554701,101,1307.350336
528.410347,97,1307.392848
635.252993,139,1307.45456
894.909988,172,1307.528401
893.676616,162,1307.601694
557.406557,110,1307.650313
632.337715,114,1307.70109
644.948075,125,1307.757666
456.189913,88,1307.794926
545.609851,109,1307.842735
556.946169,118,1307.894436
612.337456,111,1307.944223
594.634413,117,1307.995039
507.478723,95,1308.03791
679.726937,122,1308.089813
493.38029,92,1308.128498
466.935193,90,1308.658862
514.326145,97,1308.701141
425.494471,77,1308.734137
591.677147,111,1308.789736
469.501835,90,1308.834349
510.702748,98,1308.876012
494.096561,92,1308.915909
626.699499,116,1308.966291
443.337804,90,1309.007163
505.498084,94,1309.047976
797.855417,143,1309.110139
526.578221,96,1309.152281
538.212825,101,1309.196394
655.793439,123,1309.250027
747.005579,138,1309.313084
583.482393,108,1309.361454
493.298526,90,1309.40071
525.792391,100,1309.446312
504.648511,92,1309.48721
528.528511,100,1309.531932
640.069686,116,1310.20682
549.677672,108,1310.254277
709.831325,134,1310.313224
387.25162,74,1310.346763
434.66757,80,1310.381406
560.098916,104,1310.43381
657.396283,120,1310.487051
775.067254,141,1310.549552
602.267217,123,1310.605848
341.610855,71,1310.637738
489.407418,90,1310.677636
517.614947,98,1310.720141
506.583104,97,1310.763476
717.269027,132,1310.821928
802.606131,149,1310.887265
542.037203,99,1310.930022
462.926515,91,1310.969193
635.880317,117,1311.020158
378.594119,71,1311.050178
435.273328,93,1311.599747
833.211263,147,1311.663809
654.137998,120,1311.71742
571.980134,109,1311.765356
639.366234,123,1311.819318
582.145604,106,1311.86646
479.296803,91,1311.906538
523.961453,102,1311.956835
448.989637,84,1311.994518
554.585207,102,1312.037754
598.481709,111,1312.085312
614.910574,115,1312.134147
590.026109,109,1312.184896
503.161352,92,1312.228454
630.22659,117,1312.283882
691.314618,129,1312.342365
433.114602,92,1312.386234
391.463609,74,1312.419469
598.444882,115,1312.471529
434.716407,97,1313.086131
635.873948,119,1313.139948
637.476702,117,1313.192761
468.176174,91,1313.23608
566.837253,103,1313.301354
723.049174,134,1313.359686
385.153337,73,1313.391771
593.936531,109,1313.441496
694.208999,125,1313.49968
853.613512,165,1313.577813
485.433759,90,1313.616642
547.712705,100,1313.660775
699.286577,132,1313.719784
534.90828,98,1313.764509
559.457916,102,1313.808815
852.625533,154,1313.875737
679.613627,126,1313.932865
430.408688,82,1313.969448
673.556239,126,1314.931526
627.036071,116,1314.983851
493.417491,99,1315.028893
556.782421,104,1315.07488
572.354484,107,1315.122855
656.270787,123,1315.178034
620.680792,115,1315.229359
515.828804,96,1315.270024
653.215772,123,1315.323832
461.990915,87,1315.361171
582.552144,110,1315.410216
523.233574,100,1315.453952
545.064191,109,1315.50199
515.898407,98,1315.545977
546.808798,104,1315.591875
470.479351,88,1315.629881
475.433012,88,1315.668557
592.743565,111,1315.718378
560.240094,103,1315.763548
459.677436,91,1315.804107
519.999363,96,1316.319347
443.822428,86,1316.369091
571.500234,105,1316.418215
774.160943,147,1316.487615
651.593806,118,1316.540261
616.446362,117,1316.591157
456.173524,89,1316.630343
569.466751,106,1316.678262
615.277899,119,1316.732686
437.058659,88,1316.772147
475.372389,98,1316.815334
578.915945,107,1316.863724
698.791666,130,1316.922495
510.500154,95,1316.964691
582.114526,117,1317.021245
437.18291,82,1317.05688
556.631421,104,1317.102141
739.199247,141,1317.164642
500.093334,93,1317.20591
683.388431,133,1317.747251
647.061146,122,1317.808246
444.899992,84,1317.847865
681.014032,128,1317.905255
672.948084,122,1317.961392
451.884503,91,1318.000978
483.998429,92,1318.042765
546.32423,112,1318.09325
478.940854,89,1318.131463
457.476325,93,1318.175334
622.742302,118,1318.22836
574.05612,107,1318.276032
448.743705,91,1318.317186
476.817031,90,1318.35708
515.458751,95,1318.400459
652.132397,123,1318.455317
510.745759,95,1318.498261
643.512052,120,1318.553448
846.27813,153,1318.621035
503.206422,99,1319.190832
420.192501,92,1319.229946
578.277399,107,1319.277079
529.771375,95,1319.320853
521.59968,97,1319.362183
515.259359,95,1319.405256
711.872611,135,1319.464695
612.212775,114,1319.516484
693.009155,133,1319.578097
673.068269,122,1319.634221
562.558557,105,1319.680009
547.308219,102,1319.725232
608.037921,115,1319.777698
680.889854,126,1319.832978
483.850819,94,1319.874059
809.812443,150,1319.939907
515.726994,96,1319.981549
584.49226,109,1320.028265
436.533521,86,1320.066701
617.24909,113,1321.187973
556.061901,104,1321.235521
484.317698,93,1321.278005
887.067683,161,1321.366735
460.767467,93,1321.409138
469.646558,89,1321.448936
488.684451,98,1321.491093
524.850333,99,1321.534408
561.412222,104,1321.580959
736.238865,136,1321.640164
548.94412,106,1321.687351
498.052713,99,1321.730287
625.687505,118,1321.781632
593.742453,118,1321.833662
531.141491,100,1321.878818
546.111028,103,1321.924361
662.726631,120,1321.978907
557.50151,102,1322.023599
740.973204,156,1322.621738
440.885634,82,1322.661464
614.183008,116,1322.715607
661.737697,122,1322.769845
928.512962,182,1322.858296
736.633786,138,1322.922698
606.410798,113,1322.971624
445.918002,92,1323.01224
336.822937,81,1323.05159
542.890366,105,1323.096336
667.941696,126,1323.152607
491.14603,98,1323.19608
519.802353,101,1323.241738
475.543621,90,1323.281996
511.472172,98,1323.324297
598.521715,115,1323.375976
666.417769,128,1323.435013
432.938367,86,1323.472573
906.456976,165,1324.030764
600.93271,125,1324.086631
595.366168,123,1324.141269
467.316645,95,1324.182937
926.510829,166,1324.256569
388.754751,75,1324.288162
572.396953,110,1324.336184
461.18546,90,1324.375521
434.180429,84,1324.41072
487.802594,94,1324.452105
652.408994,117,1324.504399
565.044605,107,1324.552472
576.490529,107,1324.599076
475.894358,88,1324.636642
495.037574,91,1324.675546
511.07521,99,1324.718844
517.74205,96,1324.762217
508.120849,94,1324.802826
505.465822,92,1324.84304
471.723221,98,1324.886348
587.932105,117,1325.409896
540.741958,99,1325.453772
504.679233,92,1325.49443
554.693733,104,1325.541631
546.434872,104,1325.585992
603.052946,110,1325.634036
580.152724,111,1325.682212
702.485514,130,1325.738789
894.509946,161,1325.810313
555.855266,110,1325.857847
487.288053,91,1325.897894
476.011472,89,1325.937523
719.085593,136,1325.997218
640.664989,117,1326.050196
958.314806,171,1326.124491
559.802895,104,1326.170183
531.251455,96,1326.212327
508.088727,102,1326.256538
517.091115,107,1326.813728
784.348465,142,1326.877611
551.236837,103,1326.922385
541.320491,100,1326.965405
396.755079,84,1327.003902
569.840308,107,1327.05132
574.912406,116,1327.104149
864.673613,159,1327.173999
524.000443,99,1327.218875
516.50995,96,1327.2626
359.23846,68,1327.292103
423.780417,78,1327.326921
569.692071,103,1327.372041
641.966052,116,1327.422948
569.84387,108,1327.470359
586.668007,122,1327.52554
631.451655,114,1327.576096
482.941465,90,1327.616918
552.282563,107,1327.670432
706.764582,133,1328.292325
530.646754,102,1328.33768
589.092869,110,1328.38708
489.755555,106,1328.436312
399.287272,74,1328.47014
524.49698,100,1328.515283
564.084135,104,1328.560791
428.222873,87,1328.59932
553.437853,103,1328.643769
503.197187,95,1328.685202
545.59066,100,1328.729725
561.43505,106,1328.778251
409.449403,76,1328.812743
1044.800101,191,1328.90251
604.781206,112,1328.954472
746.623839,139,1329.015653
824.133881,149,1329.084095
583.801796,108,1329.132862
415.4029,75,1329.167161
537.811489,99,1329.675158
662.005932,124,1329.729814
601.028125,112,1329.779083
490.922211,94,1329.82176
650.381914,123,1329.875826
454.878302,90,1329.916067
574.414153,108,1329.966075
524.220075,99,1330.008781
472.654718,89,1330.048566
610.744019,118,1330.101478
595.853214,112,1330.150391
667.625597,122,1330.203931
430.06944,82,1330.239289
504.914519,96,1330.281884
688.435929,124,1330.338215
405.184445,77,1330.372936
386.631117,78,1330.408869
592.599405,115,1330.460128
418.352709,84,1330.497655
432.824906,81,1330.533105
630.039328,119,1331.130059
625.474049,123,1331.195262
573.566263,106,1331.244192
802.044264,148,1331.312292
513.839951,94,1331.35458
594.382839,110,1331.403556
451.790433,88,1331.441766
386.370887,72,1331.47246
454.370023,89,1331.511048
577.301763,107,1331.557105
509.953986,100,1331.6008
490.087844,94,1331.641536
544.925652,103,1331.687895
491.110289,102,1331.731667
1022.166908,199,1331.82146
523.475613,95,1331.863906
618.778636,114,1331.914508
1127.727343,205,1332.008117
552.08848,101,1332.583487
632.008847,125,1332.639849
489.935854,89,1332.679165
690.212243,125,1332.734077
701.880357,130,1332.792518
436.62043,81,1332.828653
548.869216,101,1332.873593
426.939076,82,1332.909104
599.114696,111,1332.95864
759.815875,147,1333.022446
388.963523,73,1333.054017
562.649851,102,1333.09871
491.810927,92,1333.1379
470.579949,92,1333.179638
461.31788,89,1333.23714
575.598198,108,1333.286482
577.598984,108,1333.33435
655.758024,121,1333.386097
462.932982,93,1333.426392
883.158139,164,1334.014558
943.583884,191,1334.099655
808.975451,146,1334.164932
556.090067,101,1334.209892
472.023639,92,1334.250899
473.48189,90,1334.289835
507.514306,97,1334.331749
521.682984,113,1334.381764
479.772807,97,1334.429888
550.509452,101,1334.474455
531.811455,97,1334.517699
550.094069,119,1334.569382
533.606413,104,1334.615032
673.576971,124,1334.670577
626.92535,114,1334.718708
631.963906,120,1334.771278
435.440769,91,1334.811284
507.164374,95,1334.85444
482.546721,97,1334.898061
438.139005,89,1335.386966
513.971085,96,1335.428663
561.911224,107,1335.476425
482.232204,89,1335.516312
741.32967,135,1335.575153
487.598517,91,1335.615477
433.609828,93,1335.6551
615.522634,117,1335.705578
507.515914,97,1335.74931
503.609496,94,1335.790901
497.628983,98,1335.834111
521.200228,96,1335.876062
510.729341,93,1335.916251
478.819772,89,1335.95589
604.426824,119,1336.005613
494.916136,91,1336.046749
593.030449,118,1336.101699
441.77543,81,1336.136467
559.508036,108,1336.183858
535.564457,105,1336.230923
597.651961,110,1336.815551
603.021083,123,1336.870348
464.451573,85,1336.912545
533.992334,99,1336.958572
555.15372,102,1337.005327
733.467477,139,1337.070071
540.753707,101,1337.114137
549.981892,105,1337.16029
570.447678,104,1337.205086
665.55224,126,1337.260098
470.694448,86,1337.298796
618.984228,112,1337.346601
606.134364,109,1337.39382
764.200186,144,1337.456919
653.093467,117,1337.508781
552.423659,105,1337.554705
516.629592,96,1337.596425
457.25682,88,1337.635618
950.780948,172,1337.710963
713.269131,135,1338.478972
756.756863,145,1338.543311
650.08849,118,1338.599053
757.469325,145,1338.662717
545.967685,100,1338.707659
618.612584,112,1338.758252
665.423103,122,1338.814226
367.759684,78,1338.851624
499.465545,92,1338.892636
600.451713,109,1338.940027
487.698955,90,1338.980945
488.122043,90,1339.021052
603.433606,112,1339.0708
718.442324,134,1339.132724
502.45275,93,1339.175076
1175.592495,255,1339.295087
562.828175,102,1339.341513
390.587086,77,1339.911035
636.349493,119,1339.966651
388.467495,74,1339.998716
921.022232,175,1340.077433
368.565916,81,1340.113262
805.708491,145,1340.178751
456.663279,87,1340.219116
603.34449,113,1340.270134
581.43498,113,1340.320466
543.354628,105,1340.367224
655.600645,123,1340.420966
719.520098,131,1340.480534
584.713855,107,1340.529088
447.971945,88,1340.568651
582.581969,109,1340.617526
506.973677,115,1340.669107
568.636766,107,1340.71731
417.843651,85,1340.755196
528.559853,98,1340.79823
493.707177,91,1341.54759
429.321595,88,1341.585578
601.248326,110,1341.633804
756.48897,148,1341.701394
436.625188,81,1341.73723
612.014083,116,1341.791097
688.849673,127,1341.845914
742.689747,137,1341.907499
716.399953,133,1341.967014
549.304912,102,1342.010442
479.265213,92,1342.051226
554.626194,105,1342.098634
552.44946,106,1342.147274
651.234441,122,1342.200843
469.613461,95,1342.242874
809.112603,147,1342.308064
608.488201,112,1342.356406
833.211597,154,1342.422822
477.937944,90,1342.93207
646.570132,121,1342.986671
493.135447,94,1343.028172
444.238152,84,1343.064831
572.994259,112,1343.114024
450.154809,81,1343.148704
422.37417,81,1343.183861
623.11741,115,1343.233985
584.774277,109,1343.280821
499.258282,95,1343.32312
580.855061,110,1343.372793
519.183637,108,1343.418871
874.993372,179,1343.500201
803.702892,146,1343.563647
547.395104,101,1343.606786
673.815212,130,1343.665242
574.241472,116,1343.715131
610.670593,113,1343.764119
589.720095,112,1344.267409
474.613899,92,1344.306764
608.0478,112,1344.356349
589.545689,117,1344.407777
571.695682,109,1344.454123
550.276477,102,1344.499556
707.710331,144,1344.56311
535.056386,103,1344.60876
566.038777,106,1344.655854
520.909726,95,1344.69706
648.328941,123,1344.750782
673.257978,128,1344.808304
522.282411,100,1344.851421
565.064937,111,1344.89957
588.814363,115,1344.95071
560.946345,111,1344.999218
516.606993,98,1345.041945
518.799066,100,1345.08492
708.329423,132,1345.142269
641.869119,130,1345.65742
601.075846,110,1345.704551
570.823718,104,1345.749641
634.13561,114,1345.800449
614.897616,111,1345.849633
516.94158,101,1345.893758
559.274953,110,1345.943002
785.364874,151,1346.011085
712.229082,129,1346.067949
760.674695,142,1346.131016
700.912336,132,1346.190285
444.339212,90,1346.228598
738.799745,134,1346.28871
842.843872,154,1346.357957
719.77635,136,1346.418444
699.664206,130,1346.476322
586.123764,106,1346.969334
611.515995,115,1347.020254
734.513552,141,1347.081258
595.152005,110,1347.131585
562.857921,108,1347.179109
781.902546,149,1347.244492
442.665792,82,1347.279708
429.149047,92,1347.31906
736.121782,136,1347.378502
744.410961,139,1347.439324
672.228206,124,1347.492955
628.650759,115,1347.543396
586.472225,122,1347.59789
441.492224,88,1347.635943
686.958165,125,1347.690312
655.487004,127,1347.744554
523.710296,98,1347.788905
524.285376,99,1347.834126
542.21138,106,1348.388471
538.092909,99,1348.43604
716.835616,134,1348.500777
674.525674,121,1348.557304
349.036697,68,1348.588225
544.176628,102,1348.63562
888.817707,167,1348.713318
543.417695,103,1348.758537
524.514789,97,1348.800068
465.117304,87,1348.838381
639.483996,116,1348.891108
550.932973,106,1348.938236
788.210067,146,1349.003631
420.832726,84,1349.040835
1068.115018,192,1349.126242
602.679738,112,1349.174719
872.182363,157,1349.243493
472.675064,86,1349.281616
639.21498,118,1349.808687
566.491526,106,1349.8592
507.317887,97,1349.904438
703.215562,130,1349.964234
568.307721,108,1350.012372
722.563309,135,1350.073256
861.32435,162,1350.145295
603.731599,109,1350.192296
527.053498,113,1350.243691
716.380295,130,1350.301977
437.946288,84,1350.33919
654.828395,136,1350.401044
520.531115,97,1350.444312
589.363598,107,1350.492759
553.016975,103,1350.538059
672.076852,128,1350.595513
617.573401,114,1350.646343
707.227239,149,1351.219035
529.254222,101,1351.269687
674.263388,123,1351.328986
511.43273,95,1351.372497
483.99482,93,1351.415371
719.47511,129,1351.479127
641.570829,120,1351.531579
534.866484,102,1351.575989
527.353783,106,1351.622804
511.415604,101,1351.670482
616.993076,112,1351.720073
371.238471,81,1351.756462
530.164052,97,1351.797762
791.027992,149,1351.864012
538.021019,100,1351.909907
856.001053,159,1351.982222
454.092121,84,1352.021693
639.50891,129,1352.08031
775.762781,144,1352.624164
569.91401,107,1352.674811
560.053892,105,1352.723857
441.306563,81,1352.761104
797.547791,145,1352.825757
1015.328479,189,1352.913099
633.024324,117,1352.968056
483.144264,89,1353.007982
630.83738,116,1353.059241
679.092807,126,1353.114945
573.282297,106,1353.163538
522.972928,93,1353.20483
592.192076,108,1353.25472
452.392144,90,1353.296006
739.181488,138,1353.357501
662.092693,125,1353.418036
439.837975,91,1353.457692
586.524322,111,1353.509579
617.100385,112,1354.012412
534.693782,99,1354.059106
507.594577,95,1354.112428
608.52102,112,1354.170568
543.86768,100,1354.215523
313.175259,65,1354.243788
607.757287,120,1354.29723
629.665578,119,1354.348832
539.90752,107,1354.396518
433.666432,87,1354.434735
433.346389,80,1354.472899
794.185959,153,1354.540193
648.834478,128,1354.598404
585.73622,114,1354.651028
470.244241,95,1354.691935
540.25624,105,1354.738211
587.456451,110,1354.78637
565.873999,104,1354.832195
504.728569,95,1354.874028
629.59286,116,1354.925483
582.820515,111,1355.506328
660.634956,124,1355.566664
508.30924,94,1355.608812
866.889282,157,1355.681713
537.085331,101,1355.727666
568.29303,110,1355.777392
556.720375,102,1355.83905
560.403711,106,1355.887009
735.393573,133,1355.945654
869.471445,167,1356.021052
578.149587,109,1356.069166
536.853575,100,1356.112382
507.901092,97,1356.15627
656.514833,119,1356.208024
659.404095,121,1356.260056
508.262516,94,1356.302001
568.890929,108,1356.349875
503.231516,97,1356.392188
625.386239,115,1356.963111
529.938021,101,1357.009065
562.723384,106,1357.056022
754.150456,143,1357.122588
489.032693,93,1357.163236
598.900721,110,1357.210352
434.235952,94,1357.253774
593.865609,110,1357.302157
495.732855,94,1357.341137
839.976899,153,1357.406832
648.153109,119,1357.459258
479.894503,89,1357.499086
518.163308,98,1357.541749
598.601149,113,1357.591468
607.695675,116,1357.643666
521.547737,97,1357.685372
475.268877,93,1357.72392
596.63344,112,1357.773189
576.944966,109,1358.82084
767.496028,141,1358.885659
614.451238,112,1358.936105
522.806874,96,1358.978518
869.424286,159,1359.050915
488.346534,91,1359.090627
687.648319,125,1359.146318
479.336025,88,1359.185981
555.043536,106,1359.232027
543.364087,102,1359.277915
502.35313,96,1359.320915
624.917625,114,1359.370938
538.747379,101,1359.41588
516.71575,95,1359.458072
1324.53831,242,1359.569391
536.247308,102,1359.616096
627.785494,118,1359.667865
474.589977,97,1359.710991
512.201214,101,1360.277512
470.906766,94,1360.318465
526.499038,97,1360.360601
632.594345,120,1360.413625
387.08142,72,1360.44613
565.78288,109,1360.493758
626.764884,114,1360.543854
724.314002,133,1360.602465
484.447555,100,1360.650949
613.907598,114,1360.705
542.790516,101,1360.751406
841.613612,149,1360.820423
719.813668,139,1360.886158
922.576677,170,1360.961426
409.175644,77,1360.995994
529.20133,99,1361.040322
632.728689,121,1361.095881
631.944197,119,1361.149274
687.687399,128,1361.835097
588.942401,110,1361.884085
464.449829,86,1361.923207
628.045009,116,1361.974182
524.506392,116,1362.030139
602.472395,112,1362.08107
466.32769,86,1362.118501
466.791256,85,1362.155689
853.516924,167,1362.229658
533.353943,104,1362.277115
635.134119,117,1362.328889
611.747938,116,1362.380448
619.499193,112,1362.429367
796.626014,145,1362.494691
567.80006,105,1362.541706
461.267126,87,1362.58132
559.058858,105,1362.630642
603.483815,113,1362.681594
555.470523,109,1363.340209
537.02105,101,1363.385538
614.379587,117,1363.437938
573.919958,102,1363.482836
557.10009,104,1363.530752
674.615139,123,1363.589457
477.95028,95,1363.637865
611.678453,113,1363.687603
356.301374,66,1363.716804
368.206341,75,1363.750457
522.205426,98,1363.794516
583.075632,107,1363.841873
542.492081,101,1363.888443
414.288636,80,1363.925312
499.746648,96,1363.96806
684.487976,127,1364.026828
549.300508,102,1364.072626
468.912762,91,1364.111741
553.134057,101,1364.157037
420.880594,85,1364.195748
952.730709,175,1364.864922
314.968906,61,1364.89051
583.516335,110,1364.940399
512.902124,100,1364.984201
492.929035,98,1365.026867
544.548098,102,1365.072469
595.555983,110,1365.123449
802.772491,152,1365.191661
638.323696,118,1365.241887
537.24273,107,1365.288307
446.972574,82,1365.326317
463.745754,86,1365.365031
498.778213,93,1365.406538
558.469512,104,1365.450485
561.566272,105,1365.496074
576.170559,105,1365.542122
547.183272,101,1365.58835
545.05483,100,1365.630972
427.836952,80,1365.665573
464.922997,93,1365.707131
498.999181,97,1365.748039
442.462999,82,1366.282606
647.045727,124,1366.337888
392.326567,77,1366.371502
442.550929,83,1366.413573
529.882209,102,1366.457097
604.560991,111,1366.50587
794.178652,148,1366.57342
563.960448,111,1366.622926
797.961029,146,1366.701043
743.565707,134,1366.76077
479.283086,92,1366.800222
514.861256,95,1366.842474
628.313671,132,1366.901294
402.657039,75,1366.934503
562.520776,105,1366.980948
514.096012,100,1367.025131
550.553491,99,1367.067433
828.738501,151,1367.135845
714.222763,128,1367.767062
522.05693,99,1367.811692
852.946588,158,1367.898
536.646187,102,1367.944885
564.612231,131,1368.001153
656.033199,120,1368.052698
600.399457,113,1368.101081
513.781631,111,1368.151026
503.253699,97,1368.193604
480.052391,90,1368.232668
570.196868,106,1368.27875
628.097265,116,1368.330618
655.965211,123,1368.384429
672.706249,124,1368.439363
489.231483,93,1368.480079
845.788233,154,1368.550397
688.082016,129,1368.606816
643.197539,129,1368.665663
521.32628,95,1369.178521
596.669069,113,1369.23053
462.786679,85,1369.268775
569.063976,105,1369.315079
804.987362,145,1369.380032
963.511125,172,1369.457431
487.57054,94,1369.498985
464.993058,85,1369.536114
551.234211,104,1369.580785
806.755628,148,1369.647173
477.868286,92,1369.686591
568.748306,107,1369.734529
986.035718,177,1369.815037
629.537203,120,1369.870811
590.137902,110,1369.918633
849.655351,157,1369.987787
594.530769,110,1370.037274
600.322325,112,1370.906519
554.439584,102,1370.950822
570.505247,105,1370.996535
720.303884,133,1371.057093
706.287509,150,1371.126469
703.255398,129,1371.185312
503.776724,96,1371.228362
714.080647,142,1371.292481
601.261066,117,1371.343055
586.109342,114,1371.393779
590.697851,109,1371.441328
497.182133,91,1371.480649
587.199404,114,1371.5333
580.135196,109,1371.581692
833.757529,152,1371.649252
483.130426,95,1371.691159
462.830728,97,1371.732055
395.771809,73,1371.763882
715.735964,139,1372.769618
417.790663,84,1372.807398
653.429817,126,1372.864932
688.005699,132,1372.92624
533.35103,111,1372.978355
489.389058,91,1373.018339
650.045508,124,1373.072858
567.868921,116,1373.125062
645.651063,120,1373.177823
614.229643,114,1373.228335
593.4218,110,1373.279224
354.399522,73,1373.311056
631.400326,118,1373.364655
522.200144,107,1373.41211
613.987635,117,1373.463104
471.137393,96,1373.519334
578.044776,108,1373.565809
420.20559,81,1373.600236
587.423881,108,1373.647426
573.481046,105,1374.191397
364.632691,79,1374.227992
543.902381,106,1374.276067
562.231763,104,1374.324886
608.81365,111,1374.375533
516.397588,96,1374.419255
580.538449,108,1374.467539
504.520104,93,1374.508143
406.915355,75,1374.541468
466.830463,90,1374.580959
536.179548,100,1374.626062
425.421942,79,1374.661705
453.852799,88,1374.703351
685.411215,125,1374.759603
533.73721,101,1374.805782
520.764723,97,1374.849181
549.596345,101,1374.894207
771.869596,142,1374.958004
519.245503,100,1375.003053
396.827384,78,1375.036781
626.572596,121,1375.561645
526.537738,99,1375.609803
586.272581,109,1375.67439
324.077586,66,1375.703091
796.749591,147,1375.768969
589.459952,110,1375.817295
524.942531,101,1375.861848
439.118155,86,1375.900472
577.926542,109,1375.948798
487.027989,96,1375.991752
462.195298,86,1376.030343
695.202179,128,1376.088461
631.471553,118,1376.140211
607.748899,113,1376.189143
738.457888,133,1376.248247
547.39266,99,1376.29189
545.308999,102,1376.338058
570.075787,107,1376.385379
522.432278,95,1376.426646
718.658314,134,1376.485996
502.146785,97,1376.987152
853.586368,160,1377.059861
466.946282,88,1377.097135
688.608851,128,1377.1548
886.259038,163,1377.225046
505.330657,93,1377.265224
635.025814,117,1377.316515
520.014365,106,1377.364584
594.546333,108,1377.413785
597.728407,124,1377.467974
670.732957,123,1377.523052
580.758939,107,1377.569107
541.738026,101,1377.613385
493.529812,94,1377.655455
679.873994,124,1377.71024
557.212707,105,1377.757642
674.392411,125,1377.812991
492.629875,90,1378.527313
497.873269,92,1378.569902
468.335673,86,1378.60726
484.337335,92,1378.649729
588.274636,109,1378.698248
669.185458,122,1378.752136
593.788552,108,1378.799795
536.759756,97,1378.84287
368.64948,68,1378.873724
976.966569,182,1378.956601
524.424,99,1379.00231
583.817393,107,1379.050234
395.921302,74,1379.082445
807.096636,145,1379.147199
928.749696,170,1379.221685
542.292616,104,1379.268553
513.187594,97,1379.31086
475.635164,90,1379.351961
613.945722,115,1379.405515
444.070183,82,1379.441598
742.613925,134,1380.095889
386.893807,78,1380.129231
449.621429,83,1380.164666
508.722358,106,1380.210751
536.901957,101,1380.252844
529.733158,101,1380.296092
439.322237,81,1380.331794
508.635416,103,1380.37875
916.049984,171,1380.453969
645.236237,119,1380.50659
846.412656,151,1380.571817
597.331888,127,1380.627715
676.437999,126,1380.68191
688.408433,130,1380.738348
480.764574,89,1380.777673
705.243277,129,1380.834799
480.424926,99,1380.881586
562.453801,105,1380.926249
666.877736,122,1381.440021
595.12053,111,1381.488363
398.864793,75,1381.521218
611.475934,113,1381.570228
703.898445,127,1381.6244
477.023354,90,1381.66368
644.854498,120,1381.715177
716.831766,133,1381.773117
595.098663,112,1381.823143
482.546953,93,1381.863716
791.217595,141,1381.924927
624.150027,116,1381.975539
668.244036,124,1382.028077
675.377173,126,1382.082387
423.06463,85,1382.120477
564.114195,106,1382.167567
530.884505,97,1382.209332
859.335072,156,1382.277729
428.650925,79,1382.813271
350.224218,73,1382.847201
386.477419,82,1382.886005
405.194633,75,1382.918669
365.563821,75,1382.951336
461.69229,85,1382.989666
762.39044,142,1383.052923
495.544332,94,1383.095468
681.985563,129,1383.153066
521.537058,95,1383.195409
685.887701,126,1383.253011
488.987514,93,1383.293781
577.101839,109,1383.34182
610.353659,115,1383.393507
521.674806,96,1383.436026
517.673222,99,1383.479697
337.344193,64,1383.508676
681.668381,125,1383.562418
518.057423,97,1383.604967
491.095429,91,1383.646314
584.193899,109,1383.695858
633.806625,115,1384.19401
506.671034,100,1384.237175
604.86482,113,1384.289276
473.601834,87,1384.327139
564.591114,103,1384.373084
574.028143,103,1384.418476
578.361844,109,1384.466478
514.515578,94,1384.508251
482.725293,104,1384.553527
616.679109,118,1384.60743
614.867615,118,1384.659709
517.481107,102,1384.70447
540.619741,100,1384.749463
589.102222,121,1384.803154
429.691304,79,1384.837949
654.781251,121,1384.895378
365.259062,75,1384.929593
526.817166,101,1384.976807
996.418417,181,1385.058944
414.16218,81,1385.541517
467.361839,90,1385.58442
634.957173,123,1385.640551
496.722255,92,1385.681322
502.423607,98,1385.724091
599.290018,108,1385.772016
594.659633,110,1385.821612
558.466183,105,1385.869048
549.670264,102,1385.913325
598.173072,112,1385.96278
510.298776,99,1386.0086
413.802703,77,1386.042612
417.612616,79,1386.077314
587.000629,112,1386.127802
565.740523,107,1386.175984
535.701289,102,1386.221581
512.286649,101,1386.266204
433.867652,80,1386.302036
540.441937,101,1386.349688
566.227234,108,1386.39692
465.273189,88,1386.963966
525.594621,103,1387.016365
551.191334,103,1387.063006
486.203207,94,1387.104984
596.448444,111,1387.153506
429.373694,82,1387.191019
645.042168,121,1387.245234
444.64997,85,1387.282457
377.441227,70,1387.313097
393.322843,82,1387.34958
538.512127,101,1387.397138
585.89695,112,1387.446767
586.182984,106,1387.494781
534.123597,97,1387.538306
592.013626,111,1387.586149
460.090813,87,1387.624745
531.900657,101,1387.670353
423.091861,83,1387.70723
628.180344,114,1387.756692
678.652679,127,1387.81382
705.761296,125,1387.86947
463.299852,86,1388.401196
543.606771,101,1388.444759
409.568118,76,1388.480862
553.14279,103,1388.530436
583.464675,107,1388.578435
503.876408,94,1388.620056
474.949252,87,1388.659001
481.747037,95,1388.700769
528.757393,97,1388.742792
490.431556,90,1388.781999
446.405355,88,1388.821305
581.970871,109,1388.8692
468.851723,92,1388.909416
692.188192,129,1388.967685
435.905876,82,1389.00395
472.783238,87,1389.040961
422.370655,92,1389.082212
586.657981,109,1389.129216
634.058047,117,1389.181319
760.203678,140,1389.242122
486.993101,89,1389.280594
647.912098,126,1389.782712
488.686985,94,1389.822929
512.402304,108,1389.869688
459.621141,86,1389.907318
928.71766,177,1389.98381
399.707756,79,1390.01777
364.163948,81,1390.051633
454.025015,83,1390.087187
423.584638,84,1390.123809
410.076536,79,1390.158071
516.195234,99,1390.200779
598.260603,115,1390.252996
558.347232,101,1390.297583
335.125011,69,1390.325948
849.345483,155,1390.393828
500.651274,95,1390.434728
463.442466,92,1390.474528
559.931227,124,1390.529285
767.425765,143,1390.591502
529.936499,98,1391.077342
616.042964,117,1391.127473
406.678089,78,1391.161373
668.753465,122,1391.214565
524.96299,102,1391.260929
671.865546,122,1391.314749
535.778744,100,1391.359558
543.883975,104,1391.40451
780.44961,147,1391.467868
504.93959,94,1391.508778
749.79138,136,1391.568996
377.621886,79,1391.601986
614.491607,115,1391.653822
430.088794,87,1391.692963
421.82482,82,1391.729972
422.329184,80,1391.765623
564.610998,105,1391.81227
585.990236,107,1391.86001
730.035443,135,1391.919236
511.251405,95,1391.959567
425.43172,84,1392.521379
796.877648,142,1392.594995
657.132958,123,1392.654166
565.907049,105,1392.701957
479.715984,90,1392.740973
531.73049,99,1392.784667
583.417202,109,1392.830938
605.93328,116,1392.881567
499.98835,92,1392.921706
463.970968,85,1392.958264
849.283025,162,1393.028571
549.104538,103,1393.075628
403.046236,82,1393.112544
568.92299,108,1393.158514
730.406639,131,1393.215527
671.00824,126,1393.270282
620.810116,118,1393.323406
600.767722,115,1393.373016
501.32348,112,1393.890676
455.158153,86,1393.926728
353.55599,67,1393.955769
503.87484,96,1393.998614
433.011647,81,1394.03334
419.452506,78,1394.067715
805.234395,154,1394.136972
800.865171,153,1394.207888
635.114514,114,1394.256922
568.538354,110,1394.304116
581.994836,107,1394.349278
739.531009,145,1394.413918
441.074377,82,1394.449516
538.957022,101,1394.491735
533.80029,102,1394.535839
356.1181,74,1394.568293
567.455239,105,1394.61345
487.839358,92,1394.654559
523.076932,95,1394.696377
532.045591,99,1394.739749
660.340985,131,1395.294474
400.736785,74,1395.325567
270.460528,52,1395.347288
528.292598,97,1395.390177
458.978656,95,1395.433055
493.536204,90,1395.471498
703.267571,141,1395.53349
653.314851,119,1395.584765
480.64375,91,1395.624623
643.048356,119,1395.677382
389.210648,73,1395.707532
624.85409,117,1395.758795
990.090806,193,1395.845945
392.156559,73,1395.877586
840.683521,155,1395.945627
476.509043,92,1395.986641
687.163568,129,1396.043805
454.671703,88,1396.083072
498.990764,92,1396.124875
340.986869,64,1396.152908
435.600417,84,1396.790316
627.345223,113,1396.840759
644.754767,115,1396.891188
479.023489,93,1396.933307
427.156977,83,1396.969264
640.930099,144,1397.031559
476.81435,87,1397.070491
798.571711,148,1397.139086
474.611034,89,1397.179368
542.927454,99,1397.22286
497.880732,92,1397.263129
460.685054,84,1397.300388
420.121288,79,1397.334184
542.377785,100,1397.377973
559.680413,104,1397.423681
503.10693,93,1397.464983
637.146032,125,1397.520607
516.490006,98,1397.565595
522.297413,100,1397.608992
501.435302,93,1397.650316
574.582512,107,1398.205261
499.23427,96,1398.253278
754.324252,140,1398.317652
512.031396,111,1398.367232
558.512741,104,1398.413433
713.548843,127,1398.469713
626.141014,112,1398.519384
828.476648,149,1398.588603
632.589226,120,1398.641463
720.648534,134,1398.703318
374.817772,77,1398.738604
444.139775,90,1398.779715
734.023182,132,1398.839017
469.822012,87,1398.883871
704.802764,128,1398.940557
643.116432,118,1398.993283
412.033217,75,1399.025942
633.527225,117,1399.079379
469.417446,89,1399.61483
633.37644,118,1399.668334
484.923738,95,1399.712251
502.976715,97,1399.756456
798.398054,149,1399.82558
431.294847,85,1399.867188
465.397648,86,1399.905911
623.463215,132,1399.964408
532.545412,98,1400.009562
805.116098,148,1400.075415
534.560096,104,1400.122619
591.493342,117,1400.174118
479.051115,88,1400.213794
455.680258,84,1400.250478
529.474687,96,1400.292528
592.726318,111,1400.341401
540.981347,102,1400.387637
607.940399,111,1400.436367
451.908599,86,1400.473268
455.07431,84,1400.509821
663.104476,121,1401.15941
507.042854,95,1401.20019
501.780804,92,1401.24031
506.934096,95,1401.282458
566.789118,104,1401.328864
403.104866,85,1401.365035
607.556805,117,1401.418487
428.265211,85,1401.455079
599.592921,112,1401.504284
495.18192,96,1401.54666
843.597217,151,1401.613741
516.10371,96,1401.656075
612.331549,115,1401.707238
487.618561,89,1401.745893
701.058422,135,1401.805031
526.657221,107,1401.852316
515.846517,112,1401.901225
598.47039,110,1401.948796
557.216768,106,1401.996018
464.69053,89,1402.483059
778.28033,144,1402.547785
601.892643,136,1402.609975
580.946492,107,1402.656595
575.835927,108,1402.703528
527.128864,106,1402.749582
507.588785,93,1402.791239
490.698469,94,1402.831235
378.960759,77,1402.864778
661.59408,123,1402.918621
484.076292,95,1402.960494
742.868903,145,1403.0253
453.767482,85,1403.061928
533.840646,99,1403.106077
479.175793,91,1403.147305
442.515363,82,1403.182284
683.051383,126,1403.236383
776.766504,143,1403.302166
656.209315,121,1403.355237
406.618883,81,1403.82959
508.764864,99,1403.874039
526.610035,100,1403.918525
578.442617,111,1403.966429
644.68558,123,1404.019997
464.203722,90,1404.059021
439.844222,81,1404.094405
569.677861,110,1404.14103
548.117184,101,1404.184579
450.23804,83,1404.22052
540.808647,100,1404.265056
671.395928,124,1404.319517
622.871184,115,1404.370709
572.003209,107,1404.416838
675.575443,136,1404.480121
511.842436,96,1404.522595
447.136953,91,1404.564864
617.591079,115,1404.614475
639.693917,116,1404.664378
842.30111,154,1405.413265
725.850974,134,1405.472846
662.24895,122,1405.532351
668.708692,124,1405.58662
562.040207,104,1405.633454
590.530512,107,1405.680043
636.961258,118,1405.733741
490.350321,94,1405.77407
577.244002,107,1405.822692
485.30387,91,1405.862396
798.855006,148,1405.931075
511.469377,99,1405.97488
984.18925,178,1406.0566
541.441681,102,1406.10094
576.531905,109,1406.148113
1098.86957,204,1406.237802
715.222291,133,1406.298154
630.737115,119,1407.076211
566.485261,104,1407.122814
464.045213,86,1407.161903
740.149152,144,1407.259629
559.357534,104,1407.307237
477.540077,87,1407.345093
652.086571,128,1407.40272
618.273898,118,1407.454706
431.355279,86,1407.493629
595.266908,114,1407.545061
443.252822,85,1407.582743
490.800008,93,1407.622772
389.463913,76,1407.655061
786.20173,141,1407.717969
440.530134,98,1407.761516
487.856115,92,1407.8003
462.255043,85,1407.836996
732.174065,138,1407.901136
508.921576,92,1407.941739
534.032657,97,1407.984008
594.67159,109,1408.730511
430.348715,78,1408.763947
475.757176,87,1408.812012
521.091664,98,1408.865941
743.655054,136,1408.927742
522.937948,99,1408.971036
581.799311,109,1409.020321
582.044237,110,1409.071851
497.493692,94,1409.113919
931.284156,183,1409.202368
570.221366,105,1409.249638
598.57208,111,1409.298426
761.025692,137,1409.360296
556.575617,104,1409.406317
725.781184,136,1409.468547
661.877179,122,1409.525332
542.662333,99,1409.569786
477.881031,92,1409.610931
664.695066,123,1410.270744
511.679324,97,1410.31437
853.751015,156,1410.384914
466.57423,87,1410.423399
789.244661,146,1410.48862
531.000544,98,1410.530329
531.249493,99,1410.574805
530.884511,102,1410.621587
1006.1869,177,1410.698967
456.380531,84,1410.736456
612.523185,111,1410.786493
527.352292,98,1410.83216
377.191319,72,1410.864104
525.571809,103,1410.910251
540.461386,101,1410.954721
634.762287,118,1411.010525
783.156819,146,1411.075794
649.478053,118,1411.127184
620.443542,115,1411.638102
503.108162,98,1411.682974
532.410108,102,1411.742671
572.880517,109,1411.796258
604.976345,113,1411.844641
684.335976,131,1411.903539
550.13629,102,1411.948941
599.745056,111,1411.998106
419.130549,78,1412.031889
515.258969,97,1412.075236
603.068608,112,1412.124104
641.095341,118,1412.175386
634.513319,140,1412.239295
427.726177,79,1412.27568
643.558075,119,1412.328484
522.804672,93,1412.369255
509.926202,95,1412.410998
1173.916361,225,1412.512972
390.540982,73,1413.010823
425.9389,80,1413.056094
448.909304,85,1413.09348
574.230566,112,1413.141875
439.226751,83,1413.178468
587.155386,114,1413.229193
759.061067,138,1413.289959
690.45898,128,1413.345588
699.303781,126,1413.40233
447.16195,84,1413.439165
804.190811,145,1413.503478
745.529431,135,1413.562963
512.642423,94,1413.604509
540.719236,98,1413.647543
501.502649,98,1413.690238
588.188876,112,1413.741048
361.363381,67,1413.769992
551.391862,104,1413.817541
643.572039,124,1413.874871
438.653886,81,1413.910919
559.235564,102,1414.401937
611.902202,112,1414.453703
802.994395,149,1414.519
527.087184,104,1414.563296
409.035473,77,1414.596513
595.644649,114,1414.64762
529.065576,118,1414.700416
563.908985,105,1414.747981
569.616843,107,1414.794062
548.854235,112,1414.844829
552.568142,106,1414.893034
529.195433,97,1414.934943
672.410413,128,1414.990836
661.617357,124,1415.045802
471.507144,87,1415.083346
561.133329,107,1415.131388
641.555936,120,1415.184002
438.166316,84,1415.221267
473.593256,87,1415.258756
665.019624,123,1415.761891
503.113696,94,1415.802352
570.241645,108,1415.849211
751.483732,138,1415.910742
450.379005,84,1415.946894
563.8974,105,1415.992764
466.265584,94,1416.035076
544.979875,104,1416.081809
450.507484,88,1416.120189
609.963586,114,1416.170066
526.210286,96,1416.213213
659.559939,118,1416.26437
254.425163,53,1416.286805
558.562235,102,1416.331216
515.215821,97,1416.374055
540.806702,104,1416.419074
649.713543,117,1416.470193
565.11929,103,1416.516025
725.186535,132,1416.573496
653.484293,122,1417.093865
560.562484,104,1417.139518
787.989629,142,1417.201085
563.119461,101,1417.24646
645.611591,127,1417.303815
492.489172,92,1417.344832
768.021319,139,1417.408002
941.124087,174,1417.48525
585.098043,107,1417.532965
341.717922,74,1417.565379
712.491209,129,1417.623561
544.61257,104,1417.670178
538.230803,98,1417.714963
888.510779,161,1417.788063
511.053621,94,1417.829483
719.500275,130,1417.887074
562.962909,105,1417.933498
321.232963,63,1417.960341
629.17406,113,1418.66792
536.415269,99,1418.712034
492.594438,95,1418.756306
581.427109,105,1418.80252
630.708273,114,1418.852991
377.90479,75,1418.886395
636.738432,117,1418.937259
486.149412,90,1418.976906
728.449122,134,1419.039237
627.783535,115,1419.091157
487.447512,92,1419.129523
525.594576,98,1419.174428
561.038887,104,1419.220433
549.451562,104,1419.266106
668.80844,123,1419.319325
559.8698,104,1419.36493
500.999204,101,1419.411371
468.37375,101,1419.455327
591.597753,119,1419.506422
558.829682,106,1419.554331
701.932362,131,1420.222205
556.0634,101,1420.266978
466.647322,95,1420.30958
621.444499,114,1420.361306
817.850037,147,1420.427969
439.555976,86,1420.468832
620.186493,117,1420.521264
438.215505,81,1420.55588
456.697017,84,1420.593334
586.943272,109,1420.643376
673.671243,129,1420.702051
516.654277,96,1420.745054
600.771933,115,1420.796565
536.664013,99,1420.841681
400.120619,82,1420.878095
674.589494,126,1420.934124
630.294793,119,1420.98875
559.913988,102,1421.033066
548.619113,101,1421.077119
575.653803,108,1421.643624
468.471236,92,1421.685925
561.599051,106,1421.731775
496.630469,92,1421.771539
436.578273,81,1421.806097
488.219489,89,1421.848025
543.234372,102,1421.894069
533.715746,99,1421.939883
694.200296,126,1421.997612
385.728793,72,1422.031006
510.322679,97,1422.075113
602.074197,124,1422.130016
383.129299,76,1422.164552
560.182188,103,1422.210752
446.923555,84,1422.247823
580.479694,111,1422.295815
542.04666,99,1422.340534
639.584816,117,1422.392266
662.388224,121,1422.444101
481.368091,90,1422.484557
711.363207,127,1423.118187
465.210288,88,1423.157978
453.56509,84,1423.197738
908.474695,173,1423.276932
475.998189,93,1423.321074
593.668934,108,1423.368708
472.228109,94,1423.409973
518.651098,97,1423.453518
699.159835,135,1423.513442
617.097097,119,1423.566196
622.384792,113,1423.617455
502.189793,97,1423.659666
932.438959,189,1423.747553
498.522661,95,1423.788316
445.098498,85,1423.82823
521.508843,97,1423.871235
265.863161,58,1423.896399
462.679342,87,1423.934318
444.534863,82,1423.970791
766.005729,141,1424.474122
501.30523,91,1424.513678
606.662573,111,1424.560894
515.792669,97,1424.602527
545.8146,101,1424.645907
568.511,105,1424.692475
477.441009,93,1424.732608
573.02537,107,1424.779107
520.315389,98,1424.82247
719.334927,129,1424.878506
670.791611,126,1424.933764
588.027862,108,1424.98178
521.708759,97,1425.024611
652.439344,120,1425.07931
478.24614,94,1425.120082
468.804784,88,1425.159776
533.977967,102,1425.206381
565.195539,106,1425.254071
364.610518,72,1425.286988
478.654551,90,1425.327491
620.144159,114,1425.874457
539.180079,97,1425.925279
583.411047,107,1425.974336
580.117954,110,1426.023731
522.898958,102,1426.070556
472.105549,92,1426.114116
467.02544,89,1426.153718
478.268592,88,1426.193367
550.678387,104,1426.239389
686.463997,129,1426.299124
664.134789,124,1426.355217
626.340681,121,1426.410119
564.61996,109,1426.45901
486.968733,92,1426.502113
508.718717,101,1426.549415
492.995132,93,1426.591201
544.569699,104,1426.63735
419.828338,78,1426.672783
688.368273,126,1426.728902
557.457808,100,1426.77199
401.32531,78,1427.396961
493.182104,95,1427.439026
527.18665,97,1427.482363
633.218938,120,1427.53816
386.523404,78,1427.571402
519.72236,98,1427.616854
837.948197,155,1427.68861
443.181138,84,1427.726475
431.98128,85,1427.763736
607.534605,113,1427.813869
425.56741,85,1427.852958
448.753026,88,1427.890783
429.658002,91,1427.930505
618.886626,113,1427.980061
583.919041,112,1428.031945
473.648706,87,1428.070812
516.285801,99,1428.112495
516.20622,96,1428.156863
523.782963,112,1428.20565
577.339085,111,1428.254952
369.410722,71,1428.286071
655.803503,118,1428.7876
446.51554,87,1428.825467
554.246903,109,1428.874636
505.378235,97,1428.918699
576.577229,108,1428.968987
714.188287,137,1429.031237
725.421711,135,1429.094824
505.638197,92,1429.135827
529.191638,96,1429.178179
763.872125,146,1429.245219
626.686044,114,1429.294701
578.344743,112,1429.347347
559.33557,104,1429.393186
657.416435,125,1429.448655
270.121941,55,1429.471978
513.806037,95,1429.514466
556.993254,103,1429.561522
327.492444,69,1429.593348
663.255459,119,1429.646391
698.539027,129,1430.33884
448.169496,84,1430.375964
527.423435,99,1430.419205
619.177457,112,1430.469206
718.116674,131,1430.530263
723.540302,135,1430.590316
612.568693,114,1430.643435
519.024589,100,1430.689884
600.515527,114,1430.741627
460.863446,85,1430.780472
515.255065,97,1430.823785
681.388479,130,1430.882643
951.2447,168,1430.957543
748.880711,137,1431.019425
549.778135,101,1431.064422
546.497727,106,1431.111759
652.338693,121,1431.165702
498.462738,91,1431.206344
486.608779,88,1431.744065
692.335004,129,1431.802441
829.050394,152,1431.871975
584.890491,105,1431.916353
443.129696,84,1431.954318
540.750119,100,1431.997145
775.272108,147,1432.063332
709.855624,134,1432.123164
486.868169,97,1432.165664
651.445929,120,1432.220143
551.098014,108,1432.269043
723.548682,133,1432.328206
523.626433,101,1432.371922
642.005168,121,1432.426276
508.586873,95,1432.467519
581.70467,111,1432.517797
574.479419,108,1432.566591
414.76434,75,1432.599964
422.05275,86,1432.639538
608.311558,111,1433.381394
480.414082,88,1433.427779
724.398674,134,1433.48785
490.869839,91,1433.530216
543.062936,103,1433.57585
476.766567,88,1433.616607
453.780054,84,1433.654319
731.212753,136,1433.718349
713.148763,130,1433.77587
477.318104,95,1433.817994
517.161175,95,1433.860823
656.491139,124,1433.917171
522.227132,98,1433.96015
399.807856,82,1433.996522
660.556697,138,1434.059427
633.829482,119,1434.113541
526.161835,101,1434.157902
639.301621,116,1434.210018
501.809902,93,1434.251683
462.698636,88,1434.962338
480.451708,94,1435.002638
536.733616,100,1435.051086
564.284779,102,1435.096455
511.384465,94,1435.140223
554.514989,103,1435.188427
539.295839,98,1435.232348
449.628501,84,1435.270608
539.663527,107,1435.318498
507.754992,94,1435.360712
607.571483,119,1435.412538
799.975805,142,1435.477623
567.465987,102,1435.52118
528.545652,98,1435.567151
526.038027,99,1435.612596
791.914592,144,1435.678595
516.710999,100,1435.724897
540.36896,101,1435.768894
681.151683,130,1435.829064
559.170302,102,1436.537875
708.892701,133,1436.602784
684.470165,126,1436.659072
393.443183,74,1436.690133
669.068823,127,1436.747436
550.765527,109,1436.796341
545.933185,100,1436.842335
456.320771,96,1436.882976
397.432761,76,1436.915696
426.928734,79,1436.950034
561.747572,108,1436.996873
377.288879,72,1437.028369
649.859887,126,1437.086189
490.871091,90,1437.126119
524.091213,102,1437.17314
707.445636,130,1437.231149
506.559929,93,1437.271269
384.374158,71,1437.302331
705.550501,133,1437.360791
525.327915,105,1437.406847
419.410316,88,1437.444884
494.49986,92,1438.036052
376.220657,71,1438.068809
637.869649,119,1438.132629
579.152872,106,1438.178491
421.026234,77,1438.212161
569.456862,106,1438.25986
863.225346,157,1438.327591
730.713928,138,1438.386077
538.575144,98,1438.429564
481.568372,90,1438.470204
573.937615,105,1438.517413
631.183457,116,1438.567917
562.269461,105,1438.613996
769.872913,140,1438.674874
564.874132,111,1438.723574
476.4472,92,1438.764864
806.772208,149,1438.831469
686.836739,125,1438.887156
617.996805,120,1439.67855
821.697432,150,1439.763713
695.416178,128,1439.824209
468.030884,86,1439.861029
671.162816,122,1439.915164
520.905925,99,1439.961247
434.896575,80,1439.996453
455.560159,84,1440.033143
529.145643,95,1440.074107
659.622839,123,1440.128722
519.463744,97,1440.169275
1134.096088,221,1440.268252
609.607059,112,1440.317138
545.892913,100,1440.36101
767.361766,139,1440.422122
511.087122,95,1440.4648
461.307472,88,1440.503645
584.677785,112,1440.553904
799.8263,150,1441.096758
592.304202,108,1441.147307
443.738694,83,1441.184369
502.721532,94,1441.22551
507.707411,93,1441.265872
522.837653,101,1441.309555
551.507567,103,1441.355916
543.758112,102,1441.401078
706.323949,132,1441.460712
623.485924,118,1441.512571
554.730262,107,1441.559548
429.599886,79,1441.595487
600.675497,109,1441.642803
462.198159,87,1441.681024
406.357337,75,1441.713779
662.159413,124,1441.768543
458.306393,87,1441.805796
394.887422,74,1441.838531
478.789789,88,1441.877015
715.331949,134,1441.937094
328.627783,71,1442.415585
502.054789,92,1442.455192
423.956593,79,1442.490887
526.482793,97,1442.534032
609.528192,111,1442.584295
468.960201,85,1442.622105
401.971294,75,1442.655113
647.238635,119,1442.707321
461.078192,85,1442.746267
501.653226,96,1442.787782
649.633261,119,1442.839391
474.333983,88,1442.878768
521.532282,96,1442.919795
660.562728,122,1442.974083
407.842728,90,1443.015008
493.674675,94,1443.060132
464.48873,85,1443.09826
664.562037,118,1443.149967
626.684169,115,1443.203403
458.810148,83,1443.244045
502.654152,93,1443.288262
614.422802,114,1444.460429
731.768578,136,1444.522042
535.109567,100,1444.568086
490.182759,97,1444.612693
812.406097,147,1444.679663
560.335897,103,1444.725578
652.124419,122,1444.779027
432.267246,92,1444.818828
748.191578,141,1444.881425
402.195383,75,1444.914522
457.828045,84,1444.951622
420.737477,79,1444.987602
1344.468694,237,1445.093442
606.540287,112,1445.143494
517.857215,104,1445.189338
496.553611,97,1445.23363
625.587859,113,1445.287929
495.086925,97,1445.332793
642.146071,121,1446.479842
426.85183,85,1446.518404
735.548148,138,1446.580029
419.548033,78,1446.615534
737.445649,138,1446.678902
446.918871,88,1446.717625
480.427947,89,1446.75635
623.225086,118,1446.81113
506.30428,98,1446.852834
443.063601,83,1446.889879
549.65515,101,1446.935435
487.992851,94,1446.978431
381.593347,71,1447.008456
516.516425,95,1447.050664
426.928997,80,1447.087771
665.972817,128,1447.144325
591.492974,106,1447.192078
495.49575,91,1447.233955
512.700492,96,1447.275322
723.760592,140,1447.338367
490.59353,95,1447.380213
404.72951,89,1448.519088
617.294428,117,1448.57097
533.156701,104,1448.617864
667.760108,125,1448.674601
592.965838,109,1448.72324
675.283798,125,1448.780184
591.164776,109,1448.831137
456.578842,85,1448.869881
512.787329,100,1448.915157
509.109387,93,1448.956497
441.936689,81,1448.993797
384.868338,73,1449.026457
700.567836,126,1449.083752
508.103485,99,1449.130181
570.018907,107,1449.179681
544.257587,100,1449.225026
645.065704,121,1449.281854
436.511542,82,1449.317606
703.548518,129,1449.375844
643.854084,115,1450.88274
526.695229,118,1450.939337
827.954633,148,1451.008409
826.393182,153,1451.076323
561.996887,109,1451.12635
473.65617,86,1451.165825
431.620613,87,1451.203247
483.311328,91,1451.244581
658.132277,122,1451.300894
516.986377,95,1451.343476
505.690652,98,1451.388085
447.51558,89,1451.426789
837.661199,152,1451.496083
676.492771,124,1451.552086
660.240656,123,1451.60787
620.629977,113,1451.657576
762.93006,143,1451.723691
480.02701,94,1451.76542
485.525136,90,1453.477502
349.22609,66,1453.506817
553.165672,105,1453.556188
452.626219,84,1453.592808
525.356139,105,1453.638717
436.294031,88,1453.678184
523.745767,96,1453.721666
476.229725,88,1453.76178
597.836639,122,1453.816051
882.077008,163,1453.889557
402.994194,82,1453.928278
520.820192,95,1453.970519
598.674379,112,1454.02092
647.066564,124,1454.076853
631.040494,117,1454.128076
500.197666,92,1454.16945
602.058965,111,1454.218752
763.162936,138,1454.281124
611.672385,112,1454.331365
586.781795,110,1454.382522
489.327137,89,1455.561786
587.132981,117,1455.620209
570.931954,105,1455.669365
505.909856,98,1455.715012
803.002308,148,1455.782824
615.622387,113,1455.833627
735.683284,140,1455.898495
607.010304,109,1455.945977
427.605406,83,1455.983814
720.437424,135,1456.047568
470.778489,91,1456.090218
825.597814,165,1456.170867
468.821282,87,1456.209977
537.714919,100,1456.255305
547.796396,103,1456.303217
541.014424,104,1456.350813
671.204958,121,1456.406701
677.062233,133,1456.467693
780.368959,162,1457.766938
542.83071,102,1457.813164
396.068655,73,1457.846852
607.346459,113,1457.899643
427.79768,80,1457.937038
516.645028,94,1457.980098
582.027502,109,1458.030499
702.520146,131,1458.092361
650.399184,120,1458.14968
792.715686,143,1458.216134
402.168257,77,1458.251693
525.40534,101,1458.29714
695.614219,135,1458.361832
531.123612,101,1458.407514
482.918169,93,1458.449448
403.770247,76,1458.483878
487.49825,90,1458.523363
672.044726,124,1458.583025
636.3425,120,1458.637254
626.555572,113,1460.059437
532.579612,97,1460.102603
489.823802,98,1460.14515
686.642683,125,1460.218481
559.171026,107,1460.265529
555.247143,103,1460.310574
695.206942,126,1460.366369
426.740437,89,1460.407663
686.673859,124,1460.464276
505.291706,101,1460.511822
624.430823,114,1460.562117
576.858026,107,1460.611553
575.281258,110,1460.661339
625.235719,115,1460.711513
776.162044,139,1460.772616
465.940809,86,1460.812002
821.021825,150,1460.879839
557.58278,105,1460.928241
549.123849,108,1462.022605
428.225959,84,1462.065273
514.245864,97,1462.109173
673.601865,125,1462.164312
579.170208,108,1462.213103
538.9177,111,1462.26668
454.008718,84,1462.30514
659.988128,120,1462.359658
546.537639,101,1462.404264
530.535979,103,1462.452133
547.734995,102,1462.499578
518.648999,101,1462.545343
646.627131,143,1462.608016
636.037168,123,1462.664542
442.252069,83,1462.701532
402.460841,76,1462.734593
758.629758,137,1462.795029
612.277782,113,1462.84482
548.418457,101,1462.890342
536.335314,107,1463.933024
975.658885,178,1464.015474
410.248433,77,1464.052632
724.098396,134,1464.114591
795.725311,146,1464.182301
579.316279,112,1464.236091
488.122633,91,1464.277401
349.535083,66,1464.306835
564.312888,103,1464.354944
472.516003,87,1464.396082
582.434091,107,1464.446615
454.696272,85,1464.485489
545.59125,99,1464.529874
583.965871,112,1464.58112
685.014345,127,1464.639753
652.05904,124,1464.700507
751.615174,144,1464.767565
571.708852,105,1464.817349
528.296502,97,1464.863581
832.149885,151,1466.092589
439.77616,89,1466.135435
520.913483,95,1466.179805
680.584756,124,1466.236247
802.618939,144,1466.300824
510.131138,102,1466.34786
486.294352,94,1466.389387
580.704366,109,1466.438103
569.195649,107,1466.486358
554.989487,104,1466.53407
564.280352,115,1466.586331
449.473858,92,1466.62641
439.4794,88,1466.665067
388.829507,72,1466.696777
951.883408,177,1466.775976
477.985602,92,1466.818182
697.042951,135,1466.879845
635.855062,119,1466.934116
533.935731,101,1468.182058
477.987005,93,1468.228717
708.864105,128,1468.291886
639.580648,119,1468.348434
533.229533,102,1468.395858
542.183887,107,1468.447403
540.5907,100,1468.495999
708.823806,131,1468.556956
635.49972,116,1468.611455
524.019574,97,1468.656196
522.595574,95,1468.699844
580.061366,107,1468.749839
511.579982,99,1468.794297
592.634669,107,1468.84376
562.149137,102,1468.889774
495.632158,92,1468.934376
692.591736,126,1468.992978
497.807074,100,1469.037523
434.835945,91,1469.080317
496.455775,96,1469.124163
501.720802,96,1470.548762
513.356111,95,1470.592686
584.001634,106,1470.641052
724.161898,139,1470.703242
679.137088,130,1470.760898
610.3444,123,1470.817101
736.727458,144,1470.883997
603.454525,116,1470.935013
587.374164,109,1470.984685
569.319175,109,1471.03482
528.130255,96,1471.07744
490.944581,90,1471.117605
642.749471,118,1471.170715
592.289226,107,1471.219032
554.494015,102,1471.263363
797.428769,145,1471.329768
647.976376,119,1471.38157
622.601842,119,1471.435643
601.408032,110,1473.439314
825.598947,148,1473.50628
585.468166,112,1473.555104
677.682467,127,1473.611905
423.268066,79,1473.64769
447.334657,82,1473.683888
443.577718,90,1473.724981
458.830276,95,1473.767164
670.035401,124,1473.822566
468.769387,91,1473.863295
344.165079,73,1473.89547
476.762854,90,1473.936099
549.451081,100,1473.981251
595.900688,113,1474.032584
723.495765,129,1474.087982
786.950439,142,1474.151296
374.240113,73,1474.185234
587.883948,110,1474.234835
579.48603,108,1474.283077
461.361039,84,1475.790488
651.338536,120,1475.851764
464.300552,93,1475.902911
612.942702,110,1475.954333
522.831612,102,1476.000912
513.040336,99,1476.04741
626.945032,114,1476.099357
574.474059,105,1476.147277
491.861288,95,1476.191131
509.11047,96,1476.233807
553.903478,101,1476.279879
816.735807,147,1476.347968
535.713606,101,1476.396393
503.473159,92,1476.439008
615.792027,115,1476.490993
476.600222,98,1476.53638
523.040818,98,1476.580693
649.747738,116,1476.634332
599.930374,110,1476.685797
533.610742,98,1476.730591
552.269397,106,1477.959547
567.373996,111,1478.00889
572.17302,108,1478.056203
467.535142,92,1478.096958
781.572037,145,1478.162282
619.424257,114,1478.212411
733.559411,136,1478.272927
694.892849,133,1478.335162
458.933849,90,1478.375544
657.112413,128,1478.433691
598.39815,109,1478.481658
766.562547,142,1478.544323
454.022634,87,1478.581523
488.276331,89,1478.620765
343.267222,69,1478.650995
490.599763,90,1478.693092
725.887559,131,1478.750152
476.545235,88,1478.789225
437.463687,86,1478.825974
449.695157,100,1479.31049
463.816912,100,1479.354694
687.797067,140,1479.418288
505.324311,99,1479.462844
433.919207,91,1479.503766
543.586633,103,1479.548801
644.54496,118,1479.601578
357.534918,71,1479.632219
609.864453,113,1479.683674
404.647641,80,1479.720432
595.263945,113,1479.7719
448.67123,90,1479.811898
455.982195,88,1479.849844
501.513961,91,1479.889464
548.496045,101,1479.934205
490.400306,92,1479.975472
456.344649,84,1480.012634
556.821379,101,1480.057257
524.465311,96,1480.099871
636.773376,115,1480.148388
618.657422,120,1480.687212
520.219263,95,1480.729793
428.431473,85,1480.768241
802.281481,145,1480.832057
571.774623,104,1480.877534
417.518277,80,1480.912864
476.945867,90,1480.954248
494.761964,90,1480.993505
571.820905,109,1481.042664
485.9025,96,1481.085285
633.542254,116,1481.137509
765.407526,141,1481.203429
702.821665,131,1481.264635
494.244587,96,1481.309571
647.183192,120,1481.366268
1181.526149,215,1481.462555
504.808559,94,1481.505311
643.113667,120,1481.56267
527.94238,97,1482.197406
500.972433,92,1482.23882
665.321133,123,1482.295907
553.831779,102,1482.34205
757.10888,142,1482.405906
643.802323,120,1482.461042
800.712723,148,1482.527882
529.986695,105,1482.576013
714.324329,134,1482.634959
631.416499,115,1482.686958
491.85674,95,1482.735137
577.753367,106,1482.78223
698.906748,131,1482.841116
674.257997,124,1482.897457
662.666167,131,1482.953976
558.780663,111,1483.00483
525.939187,103,1483.05059
493.898538,92,1483.093276
507.774378,96,1483.74075
479.747892,92,1483.781614
484.623915,93,1483.822018
562.614892,109,1483.87016
750.720066,137,1483.931706
568.84428,119,1483.986202
589.661491,116,1484.038083
466.725401,87,1484.075644
953.3439,174,1484.151747
642.286869,118,1484.204522
532.052151,100,1484.248445
767.222077,140,1484.309845
503.08693,93,1484.350896
620.790008,112,1484.398906
580.322977,110,1484.446951
538.600118,102,1484.49145
521.091488,103,1484.535855
529.671743,97,1484.579077
544.273107,102,1485.065954
568.302404,108,1485.116627
633.561694,119,1485.170185
487.807473,98,1485.214628
605.124528,110,1485.264422
947.710755,169,1485.340875
775.234325,141,1485.404922
569.150937,107,1485.45334
669.919813,124,1485.511297
1197.288338,218,1485.608227
628.255636,115,1485.659205
700.087796,129,1485.716803
498.896499,95,1485.759902
560.850754,102,1485.804459
692.338747,126,1485.861608
756.799852,147,1485.927247
619.471997,114,1485.978224
701.032958,125,1486.4911
333.483928,62,1486.518309
547.946355,101,1486.562935
697.119143,135,1486.622308
499.507882,94,1486.664192
636.30883,117,1486.715669
486.12184,90,1486.754327
533.755633,101,1486.79874
443.19042,87,1486.836982
520.808258,97,1486.880845
704.803521,138,1486.941166
529.198924,96,1486.98319
500.931093,101,1487.02724
519.307404,96,1487.070273
659.52532,120,1487.123134
719.10753,140,1487.184604
456.784875,84,1487.221219
715.157439,141,1487.283149
498.427446,91,1487.323383
404.36815,75,1487.807721
797.878863,145,1487.871628
555.127689,104,1487.917222
593.202935,114,1487.969835
448.228808,93,1488.011604
535.901283,99,1488.054433
449.488959,85,1488.093343
681.538777,125,1488.148222
528.535359,101,1488.191738
727.656951,131,1488.249008
560.275497,104,1488.294743
688.487515,124,1488.348641
582.438926,107,1488.395877
685.893687,127,1488.4526
554.366329,102,1488.497994
693.20274,127,1488.553075
647.372751,124,1488.608839
644.089803,140,1488.674767
703.609687,149,1489.210846
391.803257,74,1489.242261
590.948692,110,1489.290675
732.873071,135,1489.350927
646.503291,118,1489.40212
554.898826,105,1489.447384
559.087879,105,1489.492696
530.134284,98,1489.534921
380.197423,71,1489.566048
508.128131,92,1489.606483
525.666939,98,1489.650635
769.872501,140,1489.712327
605.015839,113,1489.764104
513.264557,93,1489.804583
603.28459,110,1489.851561
558.925275,106,1489.8982
524.385877,98,1489.941542
513.031391,114,1489.992376
497.474442,93,1490.033722
581.890137,113,1490.542556
942.010917,181,1490.629352
711.661002,132,1490.694513
572.270596,108,1490.744333
635.104336,117,1490.796195
543.918626,101,1490.84377
389.543812,78,1490.880265
487.954546,104,1490.93027
627.426018,115,1490.983734
991.455019,183,1491.064221
611.844201,115,1491.115769
597.405074,110,1491.167014
640.816715,120,1491.22304
639.198297,118,1491.278762
712.267191,129,1491.338239
827.969512,154,1491.407767
636.681048,116,1491.458663
643.886549,123,1491.96931
485.201002,95,1492.01247
876.135085,157,1492.081334
703.687521,131,1492.139589
651.115168,124,1492.195126
545.882161,103,1492.239654
710.308932,132,1492.297446
634.490656,117,1492.350489
432.018292,80,1492.386787
485.88158,88,1492.424226
477.388089,90,1492.463031
569.43049,110,1492.51005
567.162575,104,1492.554732
913.343901,172,1492.631784
554.715142,103,1492.67581
524.484979,106,1492.720516
385.923903,73,1492.751641
470.884886,92,1492.790505
524.944388,99,1493.283477
733.910854,133,1493.341817
527.472042,99,1493.386532
701.665872,130,1493.44603
732.511119,137,1493.510294
559.167292,104,1493.563406
649.385197,120,1493.615269
604.881558,113,1493.664593
548.280066,103,1493.709627
505.314958,93,1493.750427
475.014816,88,1493.788692
458.178986,91,1493.827323
529.881676,96,1493.868496
518.546464,96,1493.911599
674.309024,128,1493.968755
436.187667,82,1494.005687
581.672186,109,1494.053486
670.386337,127,1494.110006
614.674675,113,1494.159342
635.374813,117,1494.653702
664.374733,120,1494.70599
540.862892,100,1494.750182
715.559755,129,1494.806591
560.46851,107,1494.853809
506.103505,101,1494.898386
447.539272,90,1494.939466
530.970445,97,1494.981783
545.945319,101,1495.025187
505.286854,94,1495.065073
536.659727,108,1495.111481
433.287085,81,1495.145563
816.383351,149,1495.208855
548.580655,104,1495.253986
515.998885,96,1495.297415
556.756371,105,1495.342631
585.183381,104,1495.386467
502.823163,93,1495.428312
490.055229,92,1495.46883
502.657027,96,1495.510941
458.029044,84,1495.997066
632.877582,118,1496.051812
560.461522,106,1496.100122
514.288806,94,1496.140945
493.048584,93,1496.182253
439.013606,82,1496.218719
514.233671,99,1496.260756
879.401372,162,1496.333583
555.37703,101,1496.378609
608.984328,112,1496.426852
622.482627,129,1496.484813
503.381478,111,1496.5342
423.77747,79,1496.568966
780.965254,142,1496.63196
712.96131,134,1496.690768
641.158499,118,1496.74435
629.048281,115,1496.795716
464.599295,90,1496.836131
485.96517,99,1496.885436
576.840584,105,1497.408475
384.060263,71,1497.44035
453.652429,96,1497.481736
650.732939,122,1497.53757
437.0124,84,1497.575927
472.741459,87,1497.614602
894.340503,162,1497.68738
668.810078,123,1497.743855
486.420422,100,1497.787379
559.536522,103,1497.832565
676.752564,130,1497.89076
845.474418,156,1497.96208
728.805636,135,1498.021201
580.542255,107,1498.067225
467.957309,85,1498.104738
440.499422,83,1498.142673
565.636845,104,1498.189237
580.341262,108,1498.237684
638.885473,117,1498.763741
635.585712,120,1498.816653
449.337424,88,1498.854619
764.944019,149,1498.921824
565.874425,106,1498.969301
726.07232,138,1499.034792
549.127818,103,1499.081765
501.26728,94,1499.139181
563.243986,112,1499.187486
699.857553,127,1499.24267
566.170952,105,1499.287322
729.943528,136,1499.347109
566.837751,109,1499.398084
516.651531,97,1499.444559
433.613751,83,1499.483314
593.480796,110,1499.534402
409.711877,77,1499.567915
431.153318,85,1499.605579
459.291639,95,1499.646691
501.57755,93,1499.68882
505.535357,100,1500.188694
542.568378,99,1500.233707
541.095985,99,1500.278651
520.107472,101,1500.325667
848.947618,155,1500.396946
520.811769,101,1500.446062
706.146907,128,1500.50531
567.95847,107,1500.556037
559.942106,103,1500.602364
812.761204,146,1500.670597
359.263063,73,1500.703151
681.621531,133,1500.761709
555.856468,101,1500.805909
615.701722,111,1500.856005
417.80886,77,1500.890423
886.818916,160,1500.960965
374.498348,73,1500.99257
549.017361,101,1501.039361
739.421741,133,1501.540974
446.973612,81,1501.576634
544.765598,100,1501.621241
427.642843,80,1501.657454
538.447182,111,1501.706502
699.045717,132,1501.763945
760.643202,137,1501.823881
583.044654,109,1501.873163
511.919995,97,1501.916344
490.963526,113,1501.966578
524.403324,96,1502.008374
737.658728,137,1502.068017
527.682318,98,1502.112122
626.227331,117,1502.164217
654.097693,122,1502.221271
504.128557,93,1502.263799
606.827057,113,1502.316768
615.219596,111,1502.368945
523.060283,99,1502.414626
536.978546,103,1503.102607
437.43662,80,1503.138748
528.644369,104,1503.191321
617.930334,113,1503.241596
787.166411,146,1503.308409
556.627448,106,1503.356338
489.911589,96,1503.397761
827.636069,150,1503.466259
503.132795,97,1503.512332
718.94454,131,1503.573753
509.811184,93,1503.616687
428.840437,80,1503.654776
797.947334,142,1503.722186
409.155911,84,1503.75958
572.2136,109,1503.812284
468.240933,98,1503.858871
487.896871,104,1503.904679
482.926596,89,1503.945294
437.864799,88,1503.987022
620.289373,116,1504.860664
492.951031,94,1504.92038
397.603308,75,1504.953485
570.672503,107,1505.002565
594.769213,111,1505.052805
421.206366,77,1505.08613
446.441095,82,1505.123143
531.557155,98,1505.16847
526.847467,98,1505.212894
602.369098,112,1505.262846
679.564981,123,1505.318648
523.952423,97,1505.364047
473.427844,87,1505.402173
532.095206,102,1505.448899
498.555595,106,1505.498967
588.07174,107,1505.547122
631.65745,114,1505.601288
469.682097,92,1505.64228
526.19474,98,1505.686106
475.602407,94,1505.727633
474.022557,89,1505.767356
641.436566,116,1506.279018
546.970116,101,1506.326856
692.51476,127,1506.383258
604.580331,117,1506.437525
693.38222,127,1506.494643
736.042441,138,1506.555208
449.653746,88,1506.593435
505.321827,95,1506.635627
497.756007,95,1506.678331
487.191949,91,1506.719722
660.676045,127,1506.776786
395.721465,85,1506.817205
816.85404,150,1506.884304
545.688791,108,1506.932988
727.029151,165,1507.010205
342.222961,70,1507.040785
423.399659,77,1507.073466
633.477848,117,1507.125574
457.073834,103,1507.170665
567.684518,115,1507.795093
443.914042,94,1507.8372
575.228325,109,1507.888133
592.780791,113,1507.93788
552.70928,101,1507.9823
482.826064,95,1508.023536
447.789601,95,1508.067576
482.250505,90,1508.1066
516.474297,95,1508.149302
437.24005,87,1508.187072
564.481674,104,1508.249268
745.147001,141,1508.311227
748.914873,140,1508.374624
517.208499,101,1508.418901
634.565533,118,1508.47274
815.815924,152,1508.539369
457.342187,88,1508.578242
670.502079,133,1508.638866
506.467853,94,1508.680129
530.671957,98,1509.31248
512.87288,98,1509.358835
626.184672,117,1509.412256
418.943148,82,1509.449029
601.375649,118,1509.503351
489.200703,98,1509.547869
457.114261,94,1509.589715
506.305039,97,1509.632087
1154.045464,209,1509.725758
492.175759,91,1509.764932
511.338979,95,1509.806823
648.757778,117,1509.858229
363.921393,69,1509.900824
544.389639,104,1509.961803
505.775101,93,1510.00497
340.148531,74,1510.038722
671.941481,126,1510.096755
561.558815,104,1510.143662
550.120595,104,1510.189446
681.48924,124,1510.831424
509.467658,100,1510.878041
781.658261,142,1510.94313
772.425783,142,1511.016232
815.693344,153,1511.088469
557.742164,105,1511.138494
516.09683,107,1511.186733
454.191307,87,1511.224226
703.219555,127,1511.280202
609.365386,117,1511.333641
517.256612,100,1511.379946
671.88736,123,1511.437598
528.716115,104,1511.485632
641.197098,116,1511.53839
605.807503,114,1511.589856
609.369413,112,1511.637915
563.875451,110,1511.686853
582.533793,108,1511.73663
457.411173,102,1512.269811
560.919255,105,1512.317775
480.950102,91,1512.358377
545.116844,100,1512.407043
543.983697,102,1512.454026
542.39106,101,1512.499846
501.111822,92,1512.543654
473.016353,90,1512.583706
796.53274,144,1512.648278
538.465767,101,1512.694567
607.777255,113,1512.746301
457.276207,94,1512.789335
558.988587,105,1512.835274
492.632349,96,1512.879117
452.038062,87,1512.920083
433.042253,82,1512.957143
511.26492,103,1513.002123
620.26094,119,1513.055375
421.851258,82,1513.091358
478.629832,93,1513.131833
364.315913,77,1513.650093
566.958562,116,1513.70196
620.082446,117,1513.753497
556.24421,105,1513.806669
676.501379,124,1513.862306
697.135896,130,1513.921754
701.712772,132,1513.980764
554.941634,114,1514.029852
520.931984,104,1514.077061
360.522949,77,1514.111621
510.981579,103,1514.158786
585.848756,111,1514.211707
491.917212,91,1514.252451
482.919147,92,1514.293896
595.491701,110,1514.341719
705.172985,128,1514.39688
473.368972,93,1514.440263
604.67343,115,1514.493236
664.095704,121,1514.547897
651.273512,119,1515.306035
678.333913,124,1515.363095
587.778264,108,1515.41272
604.219022,113,1515.463729
464.455793,97,1515.508512
514.711001,94,1515.548959
497.169097,94,1515.589033
633.467974,116,1515.641215
660.357972,125,1515.696551
712.551747,130,1515.753507
537.919033,99,1515.797024
424.460566,82,1515.833286
597.242992,111,1515.882264
435.514317,82,1515.918407
573.709899,107,1515.967287
601.183015,111,1516.015656
503.330935,96,1516.05984
496.893315,91,1516.101109
571.763127,106,1516.150019
500.416081,94,1516.193374
522.906817,102,1516.804826
508.083336,99,1516.850241
675.195543,124,1516.90951
427.509628,81,1516.945583
561.252584,103,1516.990499
738.962541,138,1517.053249
563.355897,118,1517.107623
477.645181,96,1517.151473
613.240047,115,1517.202917
478.16508,95,1517.245161
680.576185,122,1517.298198
706.213928,130,1517.355389
554.682821,103,1517.400958
604.424823,117,1517.45299
574.626927,106,1517.500755
422.56204,78,1517.535785
522.494261,99,1517.579309
609.833721,113,1517.629881
750.347174,135,1518.218883
596.298246,115,1518.270712
497.917282,99,1518.314878
472.394169,87,1518.352586
500.932603,98,1518.39596
692.589386,126,1518.453187
499.8265,94,1518.494741
552.614857,108,1518.543447
565.136909,104,1518.590564
527.475941,102,1518.635931
739.998477,140,1518.69776
1034.732394,186,1518.777231
664.419364,124,1518.830801
895.630201,164,1518.904666
684.676853,130,1518.963183
525.82325,103,1519.007435
542.872854,100,1519.05201
523.085334,95,1519.095069
491.348925,91,1519.803597
487.12585,95,1519.846217
536.465565,108,1519.893884
541.336049,99,1519.93729
464.339919,85,1519.975911
474.563436,89,1520.016934
812.120228,152,1520.084937
628.290869,117,1520.153861
417.291406,78,1520.193944
685.312156,131,1520.253933
787.675383,144,1520.3179
828.545698,150,1520.3851
554.588155,103,1520.430922
775.334559,145,1520.495517
498.804363,99,1520.539969
594.539739,111,1520.587741
401.063108,81,1520.622619
602.033169,112,1520.671626
598.934139,106,1520.717315
688.737264,126,1521.272765
666.263003,121,1521.333872
887.497941,168,1521.4114
479.293949,88,1521.450141
438.542893,86,1521.489271
550.494525,106,1521.536609
574.307842,105,1521.581586
700.378585,131,1521.638685
494.397384,106,1521.686555
662.134983,127,1521.743174
538.312685,100,1521.786877
654.87394,121,1521.840386
482.33529,93,1521.881753
503.221258,99,1521.927121
720.155153,132,1521.984592
557.816922,105,1522.031282
534.656626,99,1522.074835
525.705148,98,1522.117736
517.419303,100,1522.867707
491.964721,99,1522.916554
522.607866,96,1522.963655
641.186593,120,1523.024316
421.675411,79,1523.063005
510.512037,94,1523.106801
459.674548,94,1523.14982
671.507171,132,1523.210102
605.178993,115,1523.26211
642.849614,122,1523.316648
696.400892,126,1523.3744
654.160908,122,1523.430452
593.023144,110,1523.481383
446.08932,88,1523.521561
533.713344,114,1523.573788
736.284285,133,1523.635314
734.251029,136,1523.69682
497.795619,95,1523.739923
635.892108,123,1524.343619
565.138393,102,1524.393414
528.175973,98,1524.438047
458.542174,93,1524.48122
785.178377,146,1524.546132
510.848984,96,1524.589285
411.24227,82,1524.625763
618.498814,116,1524.680375
428.324713,78,1524.71581
510.304659,99,1524.759847
432.193089,84,1524.798404
770.1178,142,1524.861272
507.785741,93,1524.903133
636.267405,124,1524.958395
630.474264,114,1525.010733
554.658341,114,1525.062309
522.219637,97,1525.106786
487.23972,93,1525.148688
652.272369,116,1525.200108
656.940913,125,1525.256711
445.152111,87,1525.88642
449.383238,84,1525.936821
689.601354,123,1525.992918
550.048658,102,1526.039471
618.114189,115,1526.091032
460.675989,89,1526.129575
634.002552,115,1526.181583
758.944498,136,1526.241406
1190.985826,215,1526.336758
597.378653,109,1526.384643
545.388636,103,1526.429942
555.748834,103,1526.475951
652.251131,121,1526.531709
571.422922,107,1526.579076
475.517344,95,1526.621079
744.565574,139,1526.684512
617.437692,114,1526.735482
538.14639,103,1526.780701
481.417049,108,1527.308642
622.703397,113,1527.358407
541.857244,108,1527.408201
496.054823,94,1527.449978
562.086226,103,1527.496711
443.679325,88,1527.535832
802.625266,150,1527.602478
529.990206,115,1527.652725
824.080009,151,1527.719411
513.57408,103,1527.766255
886.535838,163,1527.840052
514.186169,94,1527.882531
599.063346,110,1527.931626
448.672113,89,1527.969947
742.13131,136,1528.029164
349.083967,65,1528.057184
425.108431,85,1528.094702
396.669373,79,1528.12853
405.697937,81,1528.163263
447.317759,83,1528.795345
631.12745,114,1528.846417
601.79091,111,1528.896443
646.237433,125,1528.953504
572.694259,106,1529.002347
443.588676,92,1529.044131
718.238237,130,1529.101043
603.384673,115,1529.153453
565.826635,103,1529.199681
480.029616,94,1529.240254
445.288278,88,1529.279409
603.081795,110,1529.329246
610.434121,112,1529.378369
464.886155,94,1529.420165
758.401048,137,1529.481181
490.22295,98,1529.523995
470.10892,90,1529.562348
434.223128,85,1529.599754
522.767218,100,1529.644243
631.614629,117,1530.148089
479.888613,92,1530.189401
445.596692,82,1530.225149
489.857314,105,1530.271535
534.841838,101,1530.316723
429.043702,84,1530.353547
518.23406,95,1530.395639
608.813756,113,1530.448516
577.384702,111,1530.497931
527.603927,106,1530.54821
563.255523,106,1530.595038
464.569068,89,1530.634204
509.674813,98,1530.67716
521.274147,100,1530.720823
558.693927,104,1530.767605
495.614856,91,1530.808532
518.569166,96,1530.851592
431.19675,86,1530.888358
409.524229,76,1530.92118
608.801775,118,1530.973627
491.601945,96,1531.015073
622.198914,113,1531.510124
496.507867,95,1531.55476
735.061507,135,1531.615999
558.326551,109,1531.663208
792.305939,147,1531.727377
440.449388,95,1531.769367
741.830607,137,1531.830848
509.208671,94,1531.873244
471.273395,95,1531.914902
982.584615,178,1531.996187
403.392787,82,1532.034418
450.893661,84,1532.072175
516.434442,96,1532.114988
595.806735,114,1532.166725
504.464462,103,1532.210593
559.343222,105,1532.257326
880.428205,164,1532.331213
574.247455,106,1532.377461
493.464011,91,1532.871747
719.086411,135,1532.932383
502.148568,95,1532.973051
437.2203,81,1533.00888
422.344183,79,1533.045053
432.990588,85,1533.084546
792.60574,148,1533.150693
454.851601,84,1533.187032
496.637303,90,1533.226038
606.092857,114,1533.275836
503.250331,95,1533.316883
544.040395,102,1533.362357
787.114051,147,1533.428285
675.101218,132,1533.485991
527.078081,100,1533.534209
709.429344,132,1533.593318
546.717503,102,1533.638467
568.330404,109,1533.685685
506.000366,97,1533.730875
546.440614,103,1534.242098
587.944349,107,1534.289726
806.538057,150,1534.356104
531.435068,100,1534.399749
407.895932,83,1534.438045
660.138139,128,1534.495255
651.207105,124,1534.553274
747.369563,139,1534.613183
487.791353,90,1534.6532
500.114347,92,1534.693065
528.762596,98,1534.737427
975.479226,181,1534.819538
1078.271745,193,1534.905334
568.424282,112,1534.954566
502.210453,91,1534.994328
554.136499,105,1535.040389
549.76787,101,1535.086487
588.357831,110,1535.135697
645.230125,119,1535.652152
817.130357,150,1535.720217
674.753738,128,1535.775521
520.772464,103,1535.822653
386.168787,78,1535.85715
557.260456,108,1535.905492
563.938607,107,1535.953668
553.573793,106,1535.999579
636.390934,122,1536.053604
543.608441,103,1536.098595
502.924854,96,1536.141556
619.554357,114,1536.191678
765.768993,146,1536.256479
552.423351,100,1536.300898
454.292757,86,1536.338576
615.625417,113,1536.387648
422.261228,84,1536.424335
649.104551,118,1536.477733
579.665179,107,1536.99682
508.91188,92,1537.037785
777.269934,150,1537.106646
603.715498,112,1537.15628
718.131595,136,1537.216937
633.001292,114,1537.267103
477.155955,92,1537.306849
623.300194,115,1537.356053
490.66927,91,1537.397185
415.697876,83,1537.43464
600.824898,111,1537.483122
406.332743,75,1537.51648
391.182009,88,1537.552712
597.8903,113,1537.604022
432.572403,82,1537.640876
735.323839,133,1537.698004
668.138553,126,1537.753528
417.452937,78,1537.789213
483.628419,97,1537.831685
905.454277,170,1538.366641
865.452733,166,1538.441348
443.591137,86,1538.480547
628.316704,116,1538.534204
636.825134,116,1538.586012
644.385686,124,1538.641023
890.468582,163,1538.712935
650.554224,121,1538.768095
607.313784,112,1538.821879
712.764631,134,1538.882373
578.619722,110,1538.931499
460.225408,86,1538.969079
839.702076,153,1539.037834
666.609724,123,1539.094106
498.475446,98,1539.137683
493.91013,100,1539.18351
506.373158,97,1539.23228
511.935687,96,1539.277164
510.333887,94,1539.865693
568.468327,108,1539.915674
497.353927,92,1539.956114
403.549287,81,1539.991532
568.947141,104,1540.036986
516.08008,101,1540.081954
479.71253,95,1540.124474
633.196232,114,1540.174802
708.161639,129,1540.234095
761.560331,138,1540.298412
488.990806,90,1540.338716
408.852828,85,1540.379343
628.762678,119,1540.434592
655.544431,119,1540.489952
900.066275,165,1540.562653
511.784401,104,1540.609775
622.359328,114,1540.660316
546.34234,102,1540.705953
510.902418,106,1540.753139
645.741074,122,1541.474419
539.685081,102,1541.522908
455.453752,86,1541.565095
525.432316,98,1541.621702
704.956818,132,1541.680151
539.103443,106,1541.727769
785.528208,145,1541.792911
467.860705,86,1541.83115
615.426013,118,1541.884827
517.244115,104,1541.931574
589.943023,109,1541.981448
563.137243,106,1542.030361
728.350042,133,1542.087368
575.233015,107,1542.135248
812.071142,150,1542.201601
453.907314,91,1542.242132
570.755052,104,1542.288868
810.304074,150,1542.35596
582.248321,114,1543.028284
575.926275,111,1543.082313
744.908335,139,1543.142503
660.489717,121,1543.197383
527.757156,98,1543.243655
516.505655,97,1543.28856
504.379414,93,1543.330485
611.766395,110,1543.37883
712.099399,133,1543.438278
424.621401,86,1543.476987
528.466888,101,1543.523955
725.462507,137,1543.586383
488.360013,90,1543.625557
496.745641,91,1543.665414
463.214853,86,1543.702549
583.264702,120,1543.755304
751.868046,151,1543.825083
628.90476,115,1543.877907
465.683445,88,1544.55734
532.28051,102,1544.604502
644.655285,122,1544.662193
700.537833,132,1544.722563
700.290314,129,1544.781999
536.722803,100,1544.826114
445.014081,85,1544.867649
519.860122,95,1544.910575
495.71861,93,1544.952164
704.201679,128,1545.009591
593.892666,109,1545.060031
507.912296,96,1545.102234
677.142018,125,1545.157855
905.441284,168,1545.236492
544.427983,101,1545.282711
581.017323,108,1545.331386
441.328356,82,1545.369061
467.122543,91,1545.41112
507.997882,107,1545.458561
522.965187,97,1545.96964
650.087036,118,1546.024773
469.204883,89,1546.065938
931.857141,169,1546.143126
493.764329,90,1546.184533
443.362224,82,1546.222114
433.814402,81,1546.259212
452.555879,84,1546.296691
455.990175,85,1546.33572
567.283226,104,1546.382195
553.202753,100,1546.426884
522.766933,101,1546.471694
586.819397,109,1546.520368
509.033639,100,1546.565565
635.602107,118,1546.618447
420.303353,78,1546.653648
635.411707,121,1546.707745
455.865812,84,1546.745112
472.623272,92,1546.784226
573.900279,106,1546.832488
908.761522,164,1547.373075
583.340696,110,1547.424172
533.644051,98,1547.469227
442.5961,83,1547.505501
532.703612,101,1547.551844
497.639357,96,1547.596019
537.269138,98,1547.640349
454.120328,90,1547.681308
850.398511,154,1547.752649
624.516611,116,1547.803751
460.846917,85,1547.841288
410.283982,83,1547.879471
567.88218,112,1547.931918
558.660152,107,1547.979414
602.566508,114,1548.032173
837.675639,154,1548.104361
511.778415,94,1548.147626
591.254416,118,1548.205437
528.947573,98,1548.249246
729.285918,133,1548.753447
579.405216,109,1548.804907
495.428052,90,1548.845331
824.499444,156,1548.914894
515.560039,95,1548.956905
464.040422,95,1548.999307
570.537256,104,1549.045325
648.417607,120,1549.100253
554.637102,102,1549.144756
492.62427,93,1549.187162
498.699605,93,1549.22854
889.806325,163,1549.302109
758.452368,144,1549.366896
449.271553,89,1549.412018
485.176572,90,1549.452499
616.980296,116,1549.506688
565.411913,104,1549.556764
862.558781,159,1549.632079
578.757859,108,1557.276494
651.831414,120,1557.342992
470.21522,94,1557.389305
521.316021,107,1557.44296
618.25272,112,1557.495153
491.201958,99,1557.544132
610.933328,111,1557.596794
478.585574,90,1557.639028
515.620359,105,1557.690006
479.941504,89,1557.732462
581.843747,107,1557.784766
838.17097,155,1557.859869
481.317568,89,1557.904626
485.460029,90,1557.94757
528.78232,101,1557.998851
456.684927,84,1558.038794
581.92258,110,1558.094763
427.651042,79,1558.133476
867.102887,164,1558.220081
521.042073,103,1558.272199
480.227682,94,1562.249832
522.935699,99,1562.29899
537.868618,106,1562.351414
700.856145,133,1562.419335
444.624785,92,1562.466896
601.647722,114,1562.522816
528.924421,97,1562.570494
514.802452,101,1562.620204
424.684003,84,1562.664495
450.706279,84,1562.705931
543.746504,103,1562.758311
658.794605,121,1562.820989
668.268555,130,1562.886121
468.020467,87,1562.928005
770.293202,144,1563.00316
611.706678,113,1563.060568
414.915975,78,1563.098667
592.586466,108,1563.152412
569.648404,107,1563.205672
588.680327,114,1567.850786
481.282681,88,1567.891435
428.139284,85,1567.929815
627.221317,121,1568.007275
543.62872,103,1568.055809
617.414722,119,1568.112811
447.074055,85,1568.153448
488.513128,90,1568.194193
619.102661,112,1568.251393
489.784402,91,1568.292348
589.012376,119,1568.346056
884.934058,163,1568.421315
544.464784,101,1568.469013
584.268072,115,1568.523721
421.751922,80,1568.560516
556.926825,103,1568.609513
482.644664,89,1568.648663
403.563361,84,1568.688882
562.63886,103,1568.735641
570.058505,106,1568.784296
819.790653,149,1569.438805
570.606981,113,1569.49194
693.214752,126,1569.552143
561.199092,105,1569.602174
673.036232,123,1569.660014
943.130884,173,1569.739183
543.565606,109,1569.803204
499.344052,91,1569.842788
515.912553,98,1569.888793
447.869738,83,1569.926528
513.780398,94,1569.968882
815.5361,148,1570.036723
663.670372,122,1570.093605
683.508425,125,1570.154418
483.570058,91,1570.197404
579.139088,111,1570.246366
556.759813,107,1570.294138
431.548695,79,1570.329654
440.515476,81,1570.837191
756.672903,138,1570.902908
633.97367,115,1570.952918
451.57919,88,1571.007853
438.863802,88,1571.047656
616.928963,117,1571.102913
587.033489,107,1571.150558
639.172323,120,1571.205498
624.559235,117,1571.257717
695.375917,129,1571.314468
448.36275,91,1571.355101
470.187924,87,1571.394016
492.138553,92,1571.434572
618.233774,114,1571.485875
585.342017,113,1571.537307
556.603487,101,1571.582274
494.003842,90,1571.621979
697.45329,135,1571.684141
572.116646,106,1571.731493
520.786419,94,1572.317395
516.937302,98,1572.364271
545.745172,103,1572.411546
666.63269,128,1572.469699
602.283543,110,1572.51935
519.896097,101,1572.562291
545.098027,103,1572.608742
462.648422,94,1572.651359
422.999251,77,1572.685626
610.480921,112,1572.733988
677.072899,130,1572.79415
591.639842,118,1572.847747
395.931507,74,1572.880113
510.813863,99,1572.925319
578.192852,107,1572.974041
657.087417,125,1573.028408
878.647042,160,1573.098994
488.533408,92,1573.141077
572.782272,105,1573.187901
557.671664,106,1573.715415
413.022522,76,1573.750005
404.847598,76,1573.785739
514.770178,102,1573.832182
571.913612,115,1573.885746
483.898654,90,1573.926339
316.607262,59,1573.954108
481.026562,96,1573.997753
593.841796,113,1574.050957
545.950517,100,1574.097526
650.488499,119,1574.151982
678.159676,131,1574.213824
628.261442,113,1574.265958
593.969695,111,1574.31636
593.617509,108,1574.368684
572.41235,106,1574.42131
485.559989,89,1574.463238
764.128429,144,1574.534426
637.664154,118,1574.591847
515.249752,95,1574.635098
478.349637,91,1575.146034
445.981814,91,1575.1872
565.774728,104,1575.235768
497.823284,91,1575.277469
528.812238,101,1575.322276
533.407728,102,1575.369565
718.854824,131,1575.430745
475.582611,88,1575.471709
531.376186,99,1575.516845
849.063404,158,1575.5903
391.807225,79,1575.627845
742.128029,134,1575.6913
731.528459,136,1575.755216
580.530133,109,1575.80558
591.737368,109,1575.859869
403.469355,76,1575.893484
699.062163,131,1575.958154
479.100598,90,1575.999445
633.009486,116,1576.053994
550.472492,108,1576.580031
648.398703,119,1576.633969
643.221677,119,1576.690367
780.643878,139,1576.751449
945.429242,168,1576.826997
598.698602,110,1576.87783
580.95333,110,1576.928395
593.382243,109,1576.977025
545.410574,100,1577.022375
512.342548,97,1577.065226
560.541547,106,1577.118507
404.44529,77,1577.152685
608.455612,114,1577.208632
548.506712,103,1577.255916
394.996629,76,1577.294508
632.377418,117,1577.349251
834.92211,152,1577.42081
454.722629,86,1577.465561
388.949428,80,1577.503864
402.903868,75,1578.020618
625.73085,120,1578.077924
506.562016,98,1578.125031
678.684389,126,1578.183048
580.677463,109,1578.232138
459.894103,88,1578.272615
646.161704,122,1578.328299
587.234898,109,1578.376657
502.969919,92,1578.418298
639.841791,116,1578.473401
652.667368,119,1578.526534
466.037471,95,1578.570405
519.212414,99,1578.619416
449.503312,87,1578.657633
405.444196,84,1578.699823
526.580576,102,1578.751735
576.316854,111,1578.803597
523.146301,100,1578.854453
521.537273,95,1578.896455
581.935553,106,1578.947409
685.284704,128,1579.485009
536.361,107,1579.534289
585.656571,111,1579.585712
504.388168,94,1579.630205
442.172888,88,1579.669398
475.742484,100,1579.714183
590.420769,112,1579.768576
571.196192,106,1579.817256
467.230672,91,1579.859819
594.157483,113,1579.911173
511.275223,102,1579.958215
1013.336864,179,1580.03921
539.853699,106,1580.089667
683.027866,129,1580.15141
641.023909,118,1580.205753
463.503548,85,1580.247766
512.202123,102,1580.295391
530.711642,103,1580.346847
620.377766,114,1580.9072
446.023829,83,1580.94703
588.365733,109,1580.996345
541.291441,102,1581.044201
579.094223,108,1581.094294
591.595478,117,1581.148871
544.713938,99,1581.194622
555.719033,102,1581.241028
505.452066,93,1581.282289
537.223479,101,1581.327481
451.006371,87,1581.368066
565.219716,109,1581.417412
553.011724,103,1581.464611
499.667736,92,1581.506881
730.329559,136,1581.572175
591.598068,109,1581.623841
488.753862,96,1581.671483
489.267618,99,1581.715791
509.207003,94,1581.763371
641.62346,118,1581.818132
465.770453,96,1582.357489
591.110264,109,1582.406958
531.801911,98,1582.452087
459.988935,92,1582.494813
507.426698,96,1582.538623
427.070061,89,1582.581623
533.932781,100,1582.626294
549.313064,100,1582.671525
718.577374,134,1582.732293
691.001011,130,1582.790205
494.094395,92,1582.83168
439.040785,91,1582.873491
566.811823,104,1582.92187
478.619919,90,1582.963698
534.257766,108,1583.014226
513.099136,98,1583.059435
496.761494,97,1583.103504
689.056303,127,1583.162033
769.253925,149,1583.235095
560.367114,108,1583.286163
671.374133,124,1584.095243
651.269108,122,1584.150804
713.784448,141,1584.219915
466.559455,93,1584.263231
556.933551,104,1584.309691
500.569703,94,1584.352552
527.227374,102,1584.399903
367.107869,76,1584.433847
685.795946,128,1584.493338
619.59201,115,1584.545348
591.830344,109,1584.596475
577.875733,113,1584.648129
486.207949,96,1584.691916
449.643417,91,1584.732466
459.400751,85,1584.769494
478.889655,91,1584.812004
576.789524,105,1584.861581
786.704396,149,1584.93264
515.052793,95,1584.976659
571.46778,107,1585.968933
433.119625,80,1586.005757
455.638609,85,1586.044369
689.085452,127,1586.10727
700.958162,128,1586.166787
624.047811,116,1586.232343
482.727708,89,1586.272373
496.686561,92,1586.315132
573.007538,108,1586.364295
390.397729,73,1586.396604
642.234077,121,1586.4518
735.775096,136,1586.513333
547.38824,111,1586.564115
750.890477,138,1586.626744
533.980666,98,1586.672285
647.254208,120,1586.726343
542.674593,100,1586.773462
478.192868,88,1586.81303
465.946221,97,1586.85601
644.289008,121,1587.558059
553.218821,101,1587.604419
699.733293,131,1587.660997
584.859957,107,1587.709933
437.299303,81,1587.746081
811.225661,152,1587.813841
674.709356,126,1587.870781
708.089809,133,1587.92999
536.248886,101,1587.974019
506.413854,95,1588.016173
749.249715,139,1588.081987
565.133225,107,1588.129191
467.228059,89,1588.169603
516.949795,100,1588.214482
719.333537,131,1588.27284
599.514903,109,1588.321619
593.929702,116,1588.375361
650.607247,121,1588.429161
681.983377,129,1588.971092
540.40404,105,1589.017724
674.620646,129,1589.07747
422.053614,85,1589.116582
438.733973,84,1589.153173
707.837577,130,1589.211197
532.786135,99,1589.254617
567.161729,110,1589.306778
720.616643,129,1589.364693
719.525034,141,1589.429606
665.59622,122,1589.484199
750.54384,136,1589.546003
717.0872,132,1589.60448
514.896346,98,1589.646712
518.285974,103,1589.691985
557.953456,110,1589.740911
584.194819,109,1589.789471
695.589606,131,1589.847261
460.78193,86,1590.358273
629.310968,116,1590.419181
547.722796,108,1590.468811
738.20726,135,1590.530257
830.262191,150,1590.598927
864.466936,163,1590.673143
419.134203,84,1590.708675
792.432748,154,1590.776801
543.385309,105,1590.824162
458.802959,84,1590.862414
636.482861,118,1590.917239
825.683574,165,1590.993049
1056.395715,193,1591.079892
587.334474,111,1591.129441
589.995894,110,1591.17676
505.824285,101,1591.221539
654.314255,120,1591.77102
648.723988,123,1591.826082
504.310897,92,1591.866458
496.230959,91,1591.907674
539.36934,100,1591.952039
446.790566,83,1591.987962
487.718185,90,1592.027083
887.867408,158,1592.099182
485.804775,91,1592.139285
445.722554,85,1592.178499
692.215185,131,1592.237066
422.821094,78,1592.27121
518.13319,94,1592.313191
667.553116,124,1592.369916
788.246337,145,1592.434608
585.990818,106,1592.482527
732.923982,140,1592.545872
538.750408,98,1592.587985
630.872112,119,1592.641031
505.938973,107,1593.300733
603.475036,113,1593.355009
717.032183,133,1593.418653
442.870531,91,1593.462257
605.208225,112,1593.516254
424.979722,86,1593.557013
698.094166,126,1593.617425
817.98449,148,1593.685678
754.673431,140,1593.749724
731.329508,136,1593.814537
483.443732,94,1593.859996
511.100408,98,1593.905337
625.676117,122,1593.96154
585.474965,108,1594.01068
664.013554,120,1594.06768
500.291599,99,1594.113304
563.425746,104,1594.161996
444.017267,83,1594.201031
580.938604,111,1594.755982
814.929151,146,1594.82626
597.785243,109,1594.876416
645.141429,119,1594.934518
625.697649,113,1594.984101
649.074723,119,1595.038149
480.519396,95,1595.082967
635.754304,116,1595.135923
598.547886,110,1595.185941
549.657541,109,1595.237691
512.5113,95,1595.278523
429.25527,79,1595.312847
424.917344,84,1595.350324
439.872584,84,1595.387413
550.804871,105,1595.434155
645.776544,118,1595.485557
676.396034,124,1595.542701
540.373638,106,1595.606246
544.972303,104,1595.654141
627.306521,117,1596.397682
615.277572,118,1596.451354
920.890417,169,1596.531063
512.548648,98,1596.575288
471.700168,103,1596.6214
611.765844,127,1596.679303
564.291203,112,1596.729523
479.857989,88,1596.769395
659.504173,127,1596.828368
550.556264,102,1596.877595
591.8879,110,1596.928851
559.68481,107,1596.981077
568.054626,109,1597.032104
963.053391,174,1597.112864
468.449349,96,1597.156931
488.149454,89,1597.198083
620.791102,116,1597.251783
556.109594,108,1597.299501
552.956353,104,1597.901802
443.127314,86,1597.941128
437.533559,89,1597.981151
732.838514,130,1598.038444
549.204202,106,1598.086375
573.102802,106,1598.135204
653.840934,122,1598.188874
665.177147,120,1598.242724
697.565203,127,1598.298943
406.448093,85,1598.337903
612.262205,113,1598.387545
465.492624,85,1598.426358
537.816323,102,1598.473913
396.650815,77,1598.508434
426.047799,89,1598.548884
604.139882,115,1598.603446
660.767258,120,1598.657207
506.192358,96,1598.699389
519.895031,95,1598.742068
482.441678,89,1598.780949
492.440666,99,1600.00889
504.356071,92,1600.049947
595.902301,108,1600.098679
667.866596,122,1600.155579
690.639883,127,1600.216474
530.393396,98,1600.261101
552.88455,102,1600.305887
474.918202,87,1600.345244
537.71874,105,1600.394185
723.852381,134,1600.455662
485.586738,90,1600.496055
478.048954,91,1600.535537
478.221602,88,1600.575096
484.273309,92,1600.61925
558.339921,100,1600.663011
578.731979,111,1600.713505
756.664311,145,1600.776905
609.663514,111,1600.829161
811.728078,149,1600.898777
501.742915,97,1601.51157
485.918293,93,1601.554034
456.849155,83,1601.591814
480.420275,93,1601.633874
508.110297,106,1601.683995
596.524464,111,1601.74892
382.670803,72,1601.781728
597.796821,113,1601.835596
412.495589,77,1601.870399
572.503355,105,1601.917316
464.744534,89,1601.95656
571.567937,105,1602.002601
567.587996,113,1602.053416
463.256055,87,1602.091568
504.845398,94,1602.136374
538.320202,110,1602.189098
801.740461,148,1602.256503
475.687562,92,1602.295938
470.451769,87,1602.335497
855.687551,158,1602.409229
565.73524,105,1603.119717
567.793562,104,1603.165866
726.812624,140,1603.243554
821.394649,150,1603.310678
638.183614,117,1603.365539
709.519858,131,1603.422678
347.599821,66,1603.453308
498.216864,97,1603.500401
425.866734,81,1603.537511
516.432754,95,1603.580388
832.917008,149,1603.648733
539.804747,100,1603.693122
659.37654,121,1603.746815
859.849207,162,1603.819322
574.283365,105,1603.866241
489.95286,90,1603.905651
421.326251,90,1603.944423
491.539915,92,1603.985194
469.830757,88,1604.024505
520.992838,101,1605.112206
885.908086,161,1605.186318
743.828334,135,1605.249302
430.708749,79,1605.284507
605.887114,116,1605.336311
454.724914,86,1605.373489
361.805227,81,1605.410855
502.339153,93,1605.451711
446.430416,90,1605.492271
620.996737,115,1605.543225
885.055749,178,1605.624224
786.89071,144,1605.688202
819.070344,155,1605.756825
672.62802,123,1605.81062
421.026239,78,1605.844601
954.52157,171,1605.921324
650.636829,120,1605.974884
653.609858,120,1606.807124
539.376009,100,1606.854669
724.917052,134,1606.932016
444.19671,98,1606.973673
507.214182,94,1607.015437
857.529554,155,1607.084751
543.550578,105,1607.131411
734.241336,136,1607.191617
597.943245,110,1607.239858
684.353045,130,1607.298087
627.141514,115,1607.34973
701.500434,128,1607.405598
673.272983,126,1607.460546
500.31052,93,1607.502941
534.646073,99,1607.545997
433.293425,82,1607.585163
499.780068,93,1607.627304
646.970884,119,1607.680011
717.100344,132,1608.343909
481.440233,94,1608.386105
476.745014,89,1608.432741
407.866612,76,1608.466073
518.035118,94,1608.507754
495.432113,94,1608.550539
581.698726,112,1608.604359
560.388432,105,1608.651233
601.967691,118,1608.703263
552.520355,113,1608.754404
561.179617,104,1608.800707
418.201718,76,1608.834737
661.488461,124,1608.88933
450.570187,88,1608.930941
468.419483,91,1608.972191
780.145958,140,1609.035729
638.563755,124,1609.091551
533.93429,105,1609.139589
798.564038,152,1609.21216
336.317321,65,1609.239626
637.28053,119,1610.2778
643.062393,121,1610.3314
1101.973482,204,1610.427969
496.701091,91,1610.466902
486.883114,91,1610.507539
718.791699,131,1610.568281
547.195077,108,1610.618633
401.736038,81,1610.655433
685.590584,129,1610.712482
507.787849,98,1610.756065
577.734639,108,1610.804579
571.95322,105,1610.850397
662.923085,126,1610.905728
477.032597,92,1610.945812
543.559414,107,1610.993564
597.945077,111,1611.043463
356.863053,73,1611.075712
467.649745,87,1611.113103
461.168648,87,1611.604881
690.573109,131,1611.663415
717.191918,130,1611.722089
715.286797,132,1611.783935
771.391843,144,1611.847769
602.278083,112,1611.897593
551.356132,103,1611.945668
667.187048,121,1611.99823
506.31047,93,1612.039861
743.238154,140,1612.104408
472.088686,86,1612.141062
438.368424,88,1612.17981
590.363418,110,1612.228042
490.489165,94,1612.268921
556.21282,105,1612.317394
640.821243,119,1612.370955
547.787921,106,1612.418253
490.751098,92,1612.458281
683.81301,124,1612.513187
428.088357,81,1613.058243
453.337001,85,1613.103276
492.036814,93,1613.147996
734.231446,134,1613.207283
732.909652,135,1613.266809
523.119219,101,1613.312468
670.764248,119,1613.364151
740.706817,135,1613.424125
647.562709,124,1613.481546
436.831678,83,1613.518399
772.632467,149,1613.58483
535.876483,102,1613.631067
694.467136,126,1613.685478
549.790946,103,1613.731302
773.089362,144,1613.79397
474.358542,88,1613.832011
472.215342,87,1613.869732
608.102632,116,1613.920994
733.036411,137,1614.518445
422.564436,86,1614.559441
507.255927,95,1614.622702
354.348865,66,1614.652593
497.744135,93,1614.694221
512.213708,96,1614.739512
594.345035,111,1614.789397
580.626384,108,1614.838736
647.104934,120,1614.892527
499.069005,97,1614.935824
759.953559,146,1615.00556
505.50438,100,1615.051309
517.428582,97,1615.096186
397.653052,77,1615.130405
663.690235,141,1615.194876
405.76553,86,1615.232687
565.755548,106,1615.281118
446.411164,83,1615.318327
467.350861,91,1615.359891
781.292803,156,1615.429773
555.952497,102,1616.017334
716.101951,135,1616.077816
615.780405,116,1616.131288
1007.105697,183,1616.216655
792.018934,153,1616.2861
496.345161,92,1616.327572
498.402763,94,1616.369954
476.304449,89,1616.411559
758.557131,151,1616.482131
708.572621,129,1616.541116
462.718008,88,1616.58048
757.259624,138,1616.644427
607.747958,111,1616.695896
589.63609,110,1616.745255
594.849723,112,1616.794997
481.183409,97,1616.837062
427.36334,81,1616.872407
1014.632249,185,1617.431859
896.872301,167,1617.511498
476.608313,91,1617.552822
591.366623,118,1617.624196
428.559136,81,1617.661768
769.42754,140,1617.725042
516.689866,104,1617.770769
557.329184,110,1617.819908
529.373417,101,1617.864228
590.852947,109,1617.914308
483.899323,94,1617.956543
612.094967,116,1618.007606
513.666897,98,1618.051846
608.892322,112,1618.100464
453.618299,82,1618.135627
775.437334,148,1618.20238
719.025162,131,1618.261758
675.359859,123,1618.316206
461.356237,89,1618.856561
602.404976,112,1618.906257
750.704652,138,1618.968948
515.958105,93,1619.010181
485.325305,95,1619.052862
747.493295,140,1619.115284
589.74932,112,1619.164754
626.982357,115,1619.21615
427.33242,80,1619.2521
594.942832,113,1619.302927
584.156313,112,1619.351837
430.746684,89,1619.389668
646.011367,123,1619.444686
414.207754,86,1619.483181
458.037691,87,1619.523596
561.455327,110,1619.569012
521.865798,105,1619.615024
501.657951,92,1619.654903
472.391452,87,1619.693584
573.932075,105,1620.194728
606.773441,113,1620.245805
829.322592,156,1620.316309
635.597606,120,1620.369005
663.319227,124,1620.424861
552.478385,105,1620.471885
489.17818,91,1620.511561
513.487745,94,1620.553472
466.982697,91,1620.594779
668.489865,123,1620.649002
501.116788,95,1620.691547
609.792092,113,1620.740991
572.146663,108,1620.786621
369.153518,68,1620.817843
606.392316,111,1620.866599
595.381105,109,1620.914811
469.673687,96,1620.958533
427.104687,85,1620.996527
522.648133,104,1621.042233
742.605553,136,1621.582177
542.058846,99,1621.625363
536.011891,98,1621.669414
896.46377,170,1621.744179
546.039791,104,1621.790541
827.107255,150,1621.857241
575.91809,119,1621.913563
468.18409,88,1621.951221
648.437385,122,1622.004858
935.956639,190,1622.089988
433.65538,84,1622.126193
473.560723,87,1622.163562
585.077048,109,1622.213227
834.777002,149,1622.278947
610.711264,114,1622.330788
670.945976,133,1622.389396
627.356608,119,1622.441153
488.792152,91,1622.479967
373.04305,69,1622.970962
456.801297,89,1623.010552
650.164871,122,1623.06454
551.46086,111,1623.111439
560.423872,105,1623.158607
555.377943,106,1623.207144
653.78535,124,1623.261975
629.031886,116,1623.317284
529.039434,99,1623.362558
468.164141,86,1623.400782
539.165786,110,1623.450888
527.113132,102,1623.495926
420.066856,82,1623.53107
582.941443,117,1623.585179
414.834571,76,1623.617475
546.626461,100,1623.661541
636.048808,116,1623.712745
586.220623,108,1623.760333
601.144667,119,1623.813143
571.840291,109,1624.44814
585.83484,110,1624.49623
776.488292,143,1624.560644
520.746302,96,1624.603562
726.308328,137,1624.662929
361.443325,68,1624.692932
589.293061,117,1624.744559
567.541738,108,1624.791481
513.241241,95,1624.832829
630.082036,117,1624.887773
709.000482,131,1624.965288
442.931492,88,1625.008022
570.417665,107,1625.056149
651.561405,118,1625.10739
575.0548,108,1625.153129
566.725385,111,1625.204108
574.886256,106,1625.249184
467.980967,92,1625.289833
613.996663,113,1625.339105
645.165752,120,1625.969996
584.910782,107,1626.019399
453.512605,88,1626.057902
592.436663,109,1626.106887
555.579686,102,1626.151946
621.385723,115,1626.201456
693.255307,130,1626.257833
620.881234,115,1626.306259
402.209301,76,1626.339189
521.134166,95,1626.379922
385.522353,77,1626.413608
695.865484,131,1626.471371
434.887155,96,1626.513514
635.086722,118,1626.564722
532.165933,97,1626.606867
553.189221,110,1626.655482
608.352052,110,1626.704542
643.711232,118,1626.75736
518.25189,95,1626.797162
702.456824,128,1627.349717
845.557689,154,1627.418028
504.545826,93,1627.45802
573.358442,115,1627.509313
694.429578,134,1627.567178
785.058179,151,1627.651396
737.132206,134,1627.71143
691.124871,127,1627.768632
519.063101,98,1627.81351
531.821628,103,1627.859566
480.002836,90,1627.900709
498.890364,93,1627.941558
646.064051,121,1627.996039
563.054327,103,1628.041122
861.629085,161,1628.111827
516.346853,97,1628.155328
338.532623,63,1628.182583
606.506628,117,1628.235503
562.406937,104,1628.77999
501.468235,102,1628.829024
734.770811,135,1628.892382
522.544987,107,1628.942635
343.507363,76,1628.974601
605.913386,117,1629.028492
704.261906,128,1629.086883
468.011357,92,1629.130655
532.022452,99,1629.176258
551.61204,104,1629.225058
604.860678,111,1629.275935
759.582101,141,1629.339531
870.610301,164,1629.416405
554.08121,104,1629.46232
502.963321,94,1629.521921
534.762683,100,1629.56695
621.980791,114,1629.618796
544.172776,101,1629.662577
955.111723,176,1630.791181
817.032212,152,1630.857953
436.860514,82,1630.894622
595.627807,117,1630.947855
731.500891,135,1631.008178
655.341937,120,1631.064985
478.605055,92,1631.105578
497.026107,91,1631.145369
388.325393,75,1631.180977
613.354926,113,1631.228823
840.717167,159,1631.299544
536.118195,99,1631.342223
623.556294,116,1631.392791
491.483238,92,1631.431579
624.554284,116,1631.483398
649.780983,120,1631.551182
475.871899,90,1631.591386
515.846091,99,1631.634624
739.164429,137,1631.694803
612.833726,116,1633.069793
667.761133,127,1633.126775
506.179301,93,1633.1681
448.387343,82,1633.204551
589.64442,108,1633.250337
865.646925,175,1633.330649
383.410788,71,1633.365119
690.049758,128,1633.426381
596.571254,111,1633.476441
582.191936,112,1633.525858
502.907958,96,1633.568906
501.467821,95,1633.610533
711.937515,132,1633.667125
487.983828,106,1633.717249
649.705904,120,1633.771228
630.878947,120,1633.823497
635.18464,117,1633.875387
510.563146,93,1633.915158
557.96182,103,1634.45914
543.821887,102,1634.506091
487.825658,90,1634.548751
516.991163,95,1634.589701
751.586925,137,1634.652236
534.113154,100,1634.694538
554.412059,100,1634.737629
452.987404,89,1634.775665
644.561563,120,1634.82874
682.705309,128,1634.886967
581.042909,123,1634.944733
507.000432,107,1634.991866
513.103288,93,1635.032877
564.588223,103,1635.077629
401.013682,82,1635.113707
551.258689,100,1635.155994
590.971284,109,1635.206527
545.589322,99,1635.250315
485.971194,94,1635.292267
571.062782,106,1635.339998
527.130158,110,1635.865388
480.550239,89,1635.905352
507.477146,98,1635.949562
571.805096,105,1635.99643
641.027305,133,1636.056606
441.535198,83,1636.093769
597.866718,115,1636.144267
638.11709,115,1636.193773
518.892415,100,1636.237533
762.777924,141,1636.299023
516.990943,100,1636.34463
516.238421,102,1636.389257
503.464318,100,1636.434204
398.668308,75,1636.468388
639.951775,121,1636.522709
549.254781,107,1636.569285
913.771544,171,1636.64583
404.857706,80,1636.683063
491.197412,94,1636.72463
687.654091,127,1637.242262
565.796186,109,1637.291433
537.94064,105,1637.337708
744.449732,142,1637.403284
573.036836,107,1637.450895
504.377942,98,1637.494538
546.353446,103,1637.539238
467.152259,95,1637.581402
468.637893,88,1637.621853
578.150719,107,1637.668665
579.65824,110,1637.717207
619.45248,119,1637.770319
680.119985,125,1637.82431
464.457359,85,1637.860948
548.796008,103,1637.905139
656.684736,135,1637.964576
484.423091,90,1638.003042
616.777061,112,1638.054232
769.526763,139,1638.571027
370.749795,76,1638.605241
556.306842,109,1638.65354
483.822907,91,1638.692833
483.867259,91,1638.731712
671.11146,124,1638.785706
493.590838,93,1638.827582
604.670372,113,1638.87815
864.740532,157,1638.949143
575.83757,107,1638.99765
514.794469,98,1639.042305
760.682791,139,1639.104072
451.206343,88,1639.142574
502.633214,92,1639.184542
698.930341,133,1639.243263
676.318346,125,1639.298505
573.330492,104,1639.344007
700.579704,132,1639.40221
512.448783,102,1639.446624
559.618936,110,1639.961206
733.895246,133,1640.021159
537.136247,98,1640.06393
521.211899,97,1640.105963
661.877145,130,1640.163429
514.562101,94,1640.205365
425.390631,78,1640.240271
608.664054,112,1640.289429
628.717183,124,1640.344387
516.266799,101,1640.390374
771.731126,145,1640.453987
476.689053,89,1640.490731
459.633874,93,1640.532381
551.767153,101,1640.576103
511.844418,97,1640.618838
599.679227,123,1640.672335
802.007433,147,1640.738532
579.355304,110,1640.786465
592.873631,114,1641.295289
487.503317,95,1641.337896
480.719007,86,1641.374047
769.248477,155,1641.440979
647.067166,123,1641.494924
588.302722,107,1641.540476
794.031164,147,1641.605531
547.047099,102,1641.650518
885.084288,158,1641.720241
753.643577,150,1641.789544
589.188872,106,1641.836735
510.711308,93,1641.877194
461.975848,91,1641.917132
735.082067,136,1641.976028
629.003173,116,1642.028291
550.582234,103,1642.074659
658.346837,122,1642.128709
455.6261,86,1642.166691
620.407142,112,1642.690494
464.555201,85,1642.728696
517.791395,97,1642.770205
575.420136,106,1642.81669
615.749056,117,1642.869846
601.384235,117,1642.926599
808.403432,146,1642.988528
484.246375,90,1643.028208
586.637197,113,1643.076615
497.611916,100,1643.120584
530.252965,98,1643.162804
593.520543,110,1643.211986
546.911807,102,1643.257939
596.030436,110,1643.305926
693.691822,128,1643.365062
679.284297,123,1643.420968
438.248611,82,1643.457389
856.439876,160,1643.527648
590.511154,106,1643.573086
515.683712,96,1644.097822
504.8393,99,1644.143394
472.391549,87,1644.181138
631.140776,115,1644.231963
645.59009,122,1644.28488
441.971499,87,1644.323265
873.783708,162,1644.395533
540.973271,105,1644.440279
496.216958,102,1644.485576
592.928646,109,1644.53368
454.776154,89,1644.572052
542.27052,103,1644.61846
433.672903,81,1644.654212
804.95655,146,1644.719767
476.710078,92,1644.760067
410.472567,79,1644.794747
607.21584,112,1644.844929
444.232619,89,1644.883604
536.724788,104,1644.930187
434.361281,89,1645.422831
582.990056,107,1645.469294
497.099953,94,1645.511649
554.779189,105,1645.558574
323.351704,69,1645.587055
468.176455,86,1645.625319
458.414876,84,1645.661471
359.619582,78,1645.693491
845.093457,153,1645.760844
587.539949,108,1645.809024
563.492803,115,1645.859728
455.407528,83,1645.895989
462.954101,85,1645.932911
570.560519,115,1645.983527
498.188947,91,1646.022762
644.609512,120,1646.07379
657.728321,122,1646.128792
516.791098,95,1646.192496
408.244014,76,1646.22772
448.927004,85,1646.265386
644.160593,121,1646.318358
547.241395,105,1646.859541
406.916471,76,1646.893162
648.843079,123,1646.946693
616.099479,113,1646.997289
425.165715,81,1647.03251
331.901318,71,1647.061731
691.097157,126,1647.117912
493.843383,93,1647.159805
692.588645,131,1647.218068
538.222485,104,1647.263429
457.093573,85,1647.300634
581.5672,111,1647.34909
697.271788,148,1647.413825
595.377756,117,1647.463396
616.277953,114,1647.514189
554.718808,109,1647.560127
339.085743,65,1647.58823
592.898869,109,1647.635903
627.70317,119,1647.688245
476.866464,91,1647.728903
586.681531,116,1648.234795
652.181452,120,1648.288695
628.831888,115,1648.338642
560.410379,105,1648.38377
867.251705,155,1648.452744
572.054563,104,1648.499913
620.867295,130,1648.557449
475.808563,90,1648.596523
788.768718,150,1648.663306
647.495309,118,1648.715178
597.144467,110,1648.762988
751.33246,137,1648.824666
417.155515,87,1648.861065
615.391109,115,1648.912128
878.598559,162,1648.983642
478.02567,95,1649.025011
525.837325,103,1649.069284
738.115338,140,1649.723347
430.013803,83,1649.762415
669.848837,126,1649.817496
593.090006,114,1649.867539
550.457843,108,1649.914498
476.662625,94,1649.954044
693.310305,128,1650.009647
488.748547,90,1650.049968
622.605759,114,1650.101613
578.742076,108,1650.149053
599.336612,113,1650.19848
657.260449,128,1650.256696
958.122584,174,1650.333897
644.335058,130,1650.389074
453.23381,85,1650.427448
609.946551,116,1650.47768
648.337569,126,1650.532823
457.571536,85,1650.570195
654.504095,125,1651.209792
720.01952,136,1651.270879
649.157472,119,1651.324682
505.811318,92,1651.3655
330.006728,64,1651.394551
413.295429,84,1651.430578
596.004181,114,1651.480472
623.166684,116,1651.532733
456.125683,87,1651.571462
456.681148,86,1651.610113
362.795263,72,1651.642928
488.201178,90,1651.68226
626.803973,120,1651.734456
565.375334,106,1651.781721
713.536295,139,1651.844743
552.85729,102,1651.888493
585.472936,113,1651.940032
415.613683,87,1651.978888
490.765807,91,1652.021319
535.234257,103,1652.066919
623.24515,114,1653.091794
517.561075,97,1653.13457
641.144048,117,1653.186086
457.921314,86,1653.224344
555.874944,103,1653.270282
703.893789,130,1653.326503
580.075164,108,1653.374025
475.354172,95,1653.415428
628.757533,118,1653.467027
513.365542,103,1653.512316
621.458915,116,1653.564789
531.629195,98,1653.609454
455.345426,85,1653.646695
462.275962,89,1653.68435
554.930256,106,1653.733165
463.529771,100,1653.779251
496.732564,94,1653.818995
510.578347,93,1653.859121
488.594057,92,1653.900108
499.234766,95,1653.942202
519.262163,100,1654.573161
650.054641,123,1654.628895
472.277224,89,1654.668916
642.568515,118,1654.722003
464.686841,86,1654.761442
571.826926,106,1654.809763
567.603077,104,1654.856541
679.488594,125,1654.912313
693.478956,131,1654.9856
409.20785,79,1655.020195
461.459431,84,1655.057605
541.010326,102,1655.10171
511.791611,94,1655.143618
566.707723,107,1655.190352
470.926238,87,1655.228429
689.544348,130,1655.285709
537.770728,100,1655.329042
511.62563,95,1655.372892
686.55977,131,1655.431075
502.061818,92,1655.471159
605.307906,114,1655.983693
624.090338,114,1656.034947
576.993825,111,1656.083946
468.796771,86,1656.120602
718.576755,134,1656.17953
588.178137,118,1656.232998
576.561529,106,1656.278277
877.93882,159,1656.346983
837.063597,172,1656.42569
866.381623,159,1656.496761
810.719018,145,1656.559407
817.753655,152,1656.627737
476.122158,89,1656.667895
529.013134,100,1656.713598
583.440719,109,1656.762599
518.949905,104,1656.8079
571.681205,108,1657.441312
446.158902,87,1657.479076
631.985988,122,1657.534213
507.905859,96,1657.577388
449.882164,84,1657.614352
525.794541,98,1657.657238
448.661027,85,1657.696096
642.114306,119,1657.749337
565.584645,107,1657.795853
475.077252,93,1657.840021
695.367876,129,1657.896587
594.561981,111,1657.946276
556.24548,114,1657.996473
629.860147,118,1658.049598
576.502956,104,1658.095994
596.682469,122,1658.151182
465.770034,87,1658.189776
711.731375,132,1658.250354
540.422328,101,1658.293425
664.979919,121,1658.94501
578.602194,108,1658.992629
344.95201,70,1659.022736
462.702703,89,1659.061316
883.81498,167,1659.133608
361.493204,74,1659.165485
473.975492,95,1659.206757
898.765913,169,1659.282259
566.683602,109,1659.331503
698.15755,128,1659.388798
523.146815,96,1659.430492
609.894762,113,1659.481597
671.763423,123,1659.534109
731.414719,135,1659.594329
811.499374,151,1659.65971
491.113078,93,1659.70046
671.688206,125,1659.755789
599.783205,112,1659.804985
403.001304,76,1659.838861
537.116463,101,1661.101816
660.817751,125,1661.161399
699.475148,152,1661.22958
547.699456,101,1661.275173
485.329477,89,1661.317741
405.040766,76,1661.353521
478.548739,93,1661.395396
709.056418,133,1661.456061
457.698666,91,1661.495727
670.491141,126,1661.553818
785.52524,144,1661.616929
768.683419,139,1661.67962
699.575489,137,1661.742497
532.593989,103,1661.78959
499.432181,92,1661.832598
531.657365,102,1661.880626
637.693919,122,1661.933612
450.491429,83,1661.972378
843.643043,154,1662.646051
517.635381,98,1662.692078
560.368623,106,1662.739645
530.165672,102,1662.785987
534.709061,103,1662.829533
563.657609,106,1662.87823
624.683878,119,1662.930747
418.721311,81,1662.966072
498.351055,96,1663.011814
410.711361,83,1663.049665
388.030935,80,1663.085779
514.417413,108,1663.136575
736.217766,138,1663.195944
526.194695,103,1663.241064
521.509983,101,1663.285088
551.896893,104,1663.329279
489.495186,91,1663.369631
611.338844,121,1663.423134
703.651939,132,1663.481141
467.388195,89,1664.135552
304.180207,65,1664.163322
678.018091,128,1664.219971
434.692692,93,1664.260205
594.585398,112,1664.308898
521.287966,97,1664.352604
591.656755,117,1664.403368
401.256306,80,1664.438882
560.226377,105,1664.484874
624.305872,114,1664.536258
719.057351,135,1664.598511
540.850854,100,1664.643004
487.97105,93,1664.6836
588.083305,108,1664.730794
706.844112,127,1664.786471
602.173513,118,1664.838628
695.428286,129,1664.895464
619.989042,113,1664.944253
449.735737,85,1664.982427
676.853185,135,1665.753299
474.727289,89,1665.796768
408.395933,78,1665.845521
621.673007,116,1665.897826
575.019291,107,1665.948307
654.515337,120,1666.002263
398.614248,76,1666.037354
890.64703,164,1666.138475
617.501621,116,1666.200416
615.304563,115,1666.256676
597.21151,114,1666.306076
681.336015,125,1666.363097
798.922784,150,1666.433683
543.271465,106,1666.480533
503.317082,100,1666.52369
657.813603,126,1666.577582
679.535145,125,1666.633885
533.912838,107,1666.682707
659.798541,121,1667.417329
527.187745,97,1667.462823
627.873544,116,1667.518431
445.415308,89,1667.559776
561.60884,105,1667.615323
661.237706,126,1667.680435
390.337398,75,1667.716034
622.135546,112,1667.767202
449.964475,84,1667.80636
525.565144,96,1667.850812
405.818803,77,1667.885679
490.318364,95,1667.928996
471.578902,92,1667.970805
554.83973,103,1668.018509
515.101929,97,1668.063848
789.995106,151,1668.137618
401.80025,77,1668.172847
474.914226,96,1668.216111
692.074736,132,1668.280695
522.002781,94,1668.323517
415.702553,78,1668.357718
554.738044,103,1669.200382
607.524239,113,1669.251001
501.346306,101,1669.297006
695.792505,131,1669.360029
597.895651,122,1669.416084
562.102157,107,1669.467788
475.503051,93,1669.509867
452.540929,90,1669.550628
731.079307,146,1669.617851
859.119407,158,1669.690501
417.186008,82,1669.72715
669.90793,126,1669.783507
429.935082,79,1669.819594
565.773103,104,1669.865567
573.537972,105,1669.910942
661.350254,123,1669.967036
561.151418,109,1670.016817
497.809039,102,1670.062629
587.124195,110,1670.60422
630.23102,117,1670.657334
500.752435,92,1670.701515
460.294204,84,1670.739366
543.864671,101,1670.78471
778.989031,150,1670.853017
444.822093,84,1670.892444
437.67421,87,1670.930444
875.884736,170,1671.01019
537.254075,102,1671.059246
718.975628,135,1671.120024
544.982011,105,1671.16762
602.70085,114,1671.21952
580.896089,109,1671.269315
585.022335,106,1671.316834
433.267243,82,1671.353672
471.28302,93,1671.396484
456.343424,85,1671.434662
587.201345,109,1671.485774
669.944652,135,1672.134777
468.021458,85,1672.181506
530.944308,111,1672.231642
616.402796,113,1672.282113
493.028616,98,1672.328129
850.222173,154,1672.398259
512.744214,96,1672.440735
494.271628,91,1672.482695
564.584309,104,1672.529444
653.092779,132,1672.59058
611.113038,115,1672.64347
520.263864,98,1672.686312
661.102894,156,1672.759921
574.689829,105,1672.805689
686.525119,129,1672.864188
401.000474,87,1672.904927
593.808449,109,1672.955329
556.824692,107,1673.005568
527.277871,103,1673.052134
504.30378,99,1673.600088
351.230975,68,1673.630234
656.627957,126,1673.687464
464.938789,91,1673.727612
509.856492,96,1673.769696
442.819789,93,1673.80991
661.798268,129,1673.865959
485.228629,97,1673.923244
587.202227,123,1673.977146
546.1706,102,1674.020206
477.51126,90,1674.060011
526.452755,106,1674.104568
318.38924,60,1674.131551
659.351636,124,1674.185025
658.568541,126,1674.238461
447.384045,82,1674.273894
366.73441,67,1674.302907
478.691071,95,1674.343023
451.122628,90,1674.392288
473.428209,87,1674.438669
687.902931,127,1674.965124
462.969103,85,1675.002423
534.184013,102,1675.045975
485.992128,92,1675.085588
508.655391,95,1675.126839
723.51529,136,1675.186724
520.079079,99,1675.230437
466.769799,88,1675.268724
766.422079,148,1675.337647
467.163536,91,1675.378062
511.47261,95,1675.418427
719.790434,131,1675.474609
396.47866,77,1675.508241
408.9021,77,1675.542365
516.614566,95,1675.584006
485.827804,90,1675.624248
562.256861,108,1675.672615
543.11113,107,1675.719548
487.122963,91,1675.758959
942.394756,178,1675.83827
542.660046,107,1677.420417
610.905845,121,1677.479858
532.272132,106,1677.545278
547.948254,118,1677.596955
544.814279,101,1677.642353
747.671525,138,1677.702394
572.478611,112,1677.751667
538.458872,101,1677.796545
667.79115,122,1677.850645
586.3471,111,1677.898794
436.67491,84,1677.935995
367.406274,71,1677.967407
401.221289,80,1678.002628
631.772991,115,1678.052251
345.119107,66,1678.081185
415.749045,80,1678.1164
431.695814,88,1678.154956
538.947171,105,1678.199782
364.789671,74,1678.231386
367.201027,74,1678.264881
464.207927,87,1678.304482
538.114253,109,1678.811296
411.350792,84,1678.849684
408.64278,84,1678.887321
523.41659,98,1678.930458
454.742235,90,1678.971381
454.526299,88,1679.009148
579.486906,105,1679.056229
672.777487,124,1679.111551
572.879568,103,1679.156255
638.215824,127,1679.210437
469.42763,87,1679.248105
539.725211,102,1679.291156
402.607742,83,1679.326208
566.138648,103,1679.370945
428.396609,85,1679.407465
561.150694,104,1679.45249
498.68887,93,1679.493275
867.055346,154,1679.559432
428.064217,91,1679.598551
382.568089,75,1679.632773
650.43125,128,1680.145312
475.737098,95,1680.186465
480.854224,95,1680.227892
358.605583,70,1680.257392
501.391056,98,1680.298917
470.181644,97,1680.341435
473.097896,99,1680.385619
575.240536,107,1680.432841
639.300969,126,1680.48855
566.345113,107,1680.534313
688.197599,125,1680.58942
466.35352,92,1680.628963
480.599165,89,1680.668586
585.737548,108,1680.71599
533.729318,103,1680.761176
484.043072,91,1680.800391
760.928205,150,1680.865459
448.760662,83,1680.9028
603.831719,112,1680.950714
568.40899,113,1680.998568
599.146224,113,1681.536293
612.647071,122,1681.590084
423.710581,80,1681.623871
590.523129,110,1681.673553
580.796731,112,1681.723036
539.432393,100,1681.76687
629.116059,127,1681.82149
439.59568,84,1681.859118
474.31822,87,1681.898329
564.084214,108,1681.945237
441.342097,84,1681.981584
461.241745,93,1682.022851
561.777651,107,1682.070871
545.468375,106,1682.116839
561.446169,113,1682.166266
645.96683,126,1682.222511
601.459768,115,1682.273987
608.614168,129,1682.333109
577.653262,106,1682.382303
561.914864,105,1682.907071
513.667237,96,1682.947271
1248.878794,242,1683.052706
472.35399,94,1683.093895
507.865369,99,1683.136178
544.878146,107,1683.181
683.343387,127,1683.236831
451.213003,83,1683.272971
743.223946,136,1683.333238
456.037309,85,1683.371149
604.530496,113,1683.423925
464.433095,87,1683.46491
602.032517,113,1683.516456
602.093993,123,1683.571229
421.235299,81,1683.607137
651.478072,120,1683.658875
352.634287,69,1683.689964
507.058471,95,1683.73112
519.004029,101,1683.774346
579.482062,109,1684.348307
441.628179,82,1684.389841
592.802721,116,1684.442282
425.538091,85,1684.481596
411.836636,80,1684.517043
447.353847,83,1684.555471
519.495921,97,1684.60107
639.002784,124,1684.661478
580.800357,107,1684.711926
626.605843,116,1684.767066
447.861424,84,1684.806131
385.671006,75,1684.839353
489.56176,95,1684.884215
379.864369,74,1684.916921
547.220035,102,1684.963403
387.618228,73,1684.996444
538.048003,101,1685.042983
402.843614,78,1685.07905
571.393358,108,1685.126811
475.126437,95,1685.169361
426.623664,81,1685.206162
509.807488,97,1685.252686
486.980035,97,1685.981932
593.655189,109,1686.031423
590.951844,108,1686.080286
506.451604,103,1686.128371
514.266187,96,1686.173208
567.610438,116,1686.225646
524.674277,109,1686.276025
376.011528,73,1686.307583
432.070561,87,1686.346691
493.677398,92,1686.389552
370.876301,71,1686.421721
421.737902,81,1686.458056
691.956369,134,1686.518709
757.448324,145,1686.586036
463.003915,91,1686.627253
451.483948,86,1686.665848
553.110597,102,1686.710006
617.392126,113,1686.759199
428.560843,80,1686.795463
380.731429,75,1686.828875
844.750756,155,1687.49112
456.960942,86,1687.528368
463.138297,90,1687.568094
510.868364,95,1687.609861
554.006776,101,1687.678216
657.245836,120,1687.733832
576.494761,110,1687.783869
377.100277,73,1687.817669
543.631322,102,1687.864302
549.386651,107,1687.913701
508.829961,94,1687.954671
450.626572,85,1687.991312
657.77917,137,1688.054852
547.313305,102,1688.102476
481.323727,93,1688.144519
634.910255,120,1688.197222
629.504162,115,1688.246974
542.794597,106,1688.294285
514.319533,94,1688.33594
514.029489,96,1688.378639
582.19274,107,1689.166978
648.728127,120,1689.219574
436.989468,84,1689.257265
955.904208,184,1689.344614
397.690305,80,1689.381412
489.074352,94,1689.424309
550.858649,102,1689.467999
631.243866,122,1689.522096
545.278532,105,1689.565851
334.876392,63,1689.593673
439.181538,89,1689.632942
725.078823,144,1689.694634
655.192171,127,1689.749578
601.707531,117,1689.799352
498.502828,100,1689.842701
606.277998,120,1689.894924
453.65272,83,1689.931592
590.849395,110,1689.979292
348.837769,65,1690.007711
591.307078,108,1690.054867
557.694658,112,1690.721476
620.971612,116,1690.779222
502.438742,101,1690.82905
576.99319,104,1690.874558
525.281166,101,1690.918769
609.438558,118,1690.973444
470.050512,91,1691.013447
490.524065,93,1691.055345
696.683799,136,1691.114958
718.41037,135,1691.172669
622.943156,125,1691.22827
369.846498,70,1691.26158
529.300831,99,1691.308431
488.808273,91,1691.350596
392.965034,77,1691.387788
584.195282,115,1691.442692
499.78867,91,1691.483144
800.867167,151,1691.552959
465.474712,85,1691.589573
338.530791,65,1692.216498
361.641889,69,1692.247839
578.999923,109,1692.295274
563.524655,104,1692.34172
490.376262,90,1692.382305
423.779249,79,1692.419314
621.654585,113,1692.485426
403.441863,74,1692.520666
443.168897,82,1692.556425
634.866477,115,1692.606718
613.602528,117,1692.6616
816.558914,148,1692.731065
540.551822,102,1692.775
658.95168,118,1692.825862
454.765237,87,1692.862782
555.934674,103,1692.909083
580.447942,113,1692.959993
626.616816,115,1693.009253
379.723333,74,1693.041696
458.071624,87,1693.080679
536.197136,101,1693.124985
479.079308,86,1693.82392
717.582312,133,1693.88508
466.744322,87,1693.922918
439.97565,92,1693.962818
592.56211,117,1694.014376
390.361085,80,1694.049726
456.701912,83,1694.08622
577.539115,111,1694.135004
423.373052,79,1694.168877
510.735248,98,1694.213102
429.869856,79,1694.246385
851.995027,171,1694.319543
515.36515,99,1694.366353
556.086144,101,1694.411312
398.73283,76,1694.443936
535.417226,108,1694.490871
523.702889,106,1694.535929
382.689954,76,1694.568795
522.07361,98,1694.624253
627.562601,115,1694.682034
278.352264,57,1694.709528
368.0676,70,1695.697222
452.787961,85,1695.736248
626.811921,117,1695.792263
490.246568,99,1695.836059
536.092353,113,1695.886284
454.574394,84,1695.923929
510.285582,102,1695.971525
450.493358,83,1696.009625
601.9045,119,1696.060863
497.508322,96,1696.101997
821.625802,157,1696.171121
689.391504,134,1696.230047
430.93574,84,1696.267385
623.308495,113,1696.319314
466.208413,91,1696.361066
658.252043,117,1696.413064
403.997953,76,1696.447819
449.527931,91,1696.487382
652.897761,124,1696.541517
547.37146,100,1696.586262
415.557692,91,1697.144777
528.643952,98,1697.188979
873.48135,156,1697.256504
359.242738,75,1697.288971
362.62813,72,1697.32291
540.60676,110,1697.373794
544.013983,101,1697.419999
378.326128,72,1697.453051
562.054632,105,1697.502554
444.258487,93,1697.544022
597.590367,112,1697.59475
792.186032,145,1697.656863
639.366927,122,1697.710742
532.558755,100,1697.75487
485.450964,93,1697.794087
700.155898,134,1697.853695
673.636078,123,1697.90928
469.862684,88,1697.948027
660.9687,126,1698.004994
592.445075,113,1698.513177
533.775626,105,1698.561459
525.426464,96,1698.603439
386.507872,79,1698.63855
497.35594,93,1698.679529
556.128451,102,1698.724602
560.339256,106,1698.76909
525.727666,103,1698.815868
336.591691,64,1698.844238
671.343054,126,1698.898277
722.367986,141,1698.960886
503.112314,93,1699.003504
635.326556,122,1699.055572
463.875134,87,1699.094281
482.213893,91,1699.13637
507.445709,104,1699.185377
580.740632,108,1699.232721
616.573417,115,1699.283348
470.558574,96,1699.327102
499.57557,92,1699.367921
486.542361,90,1699.90851
490.179111,92,1699.949995
831.336379,157,1700.032926
506.953223,92,1700.072909
491.726929,101,1700.117681
473.429108,87,1700.158916
592.885933,122,1700.215473
431.935733,84,1700.252699
437.411335,84,1700.29055
558.239254,100,1700.334035
409.919609,84,1700.371564
457.525643,88,1700.412297
563.638724,105,1700.459024
456.572251,84,1700.496227
462.032336,87,1700.534958
587.659566,113,1700.587129
414.316197,78,1700.62263
548.189638,111,1700.671652
491.365963,90,1700.711765
467.859666,89,1700.754659
480.161365,97,1700.799654
421.844888,81,1701.526498
428.404022,79,1701.562452
644.396908,130,1701.623519
520.236616,108,1701.669426
505.957786,100,1701.714164
333.256034,63,1701.744853
481.823992,98,1701.789245
765.112622,141,1701.85379
571.337726,103,1701.900134
572.962868,109,1701.952117
490.632605,98,1701.997822
631.829384,118,1702.051842
693.761612,130,1702.111937
511.110905,98,1702.1573
537.421421,101,1702.202204
429.361247,78,1702.237971
455.539956,84,1702.276173
452.894913,84,1702.313112
499.447147,97,1702.357229
397.493534,84,1702.393182
547.209848,109,1702.442574
727.734124,144,1703.115123
465.764955,93,1703.156662
472.003638,95,1703.202271
450.49273,84,1703.243614
434.159935,81,1703.282118
792.419065,146,1703.346912
506.721198,108,1703.394781
447.686413,81,1703.431139
727.339536,133,1703.491296
366.26633,72,1703.524818
518.90755,97,1703.568183
575.21808,107,1703.614953
487.958957,98,1703.659962
553.059141,104,1703.706634
402.839319,74,1703.739475
543.091569,100,1703.783876
577.67633,113,1703.834331
592.913712,113,1703.885067
569.964751,106,1703.932498
609.236246,113,1703.982403
408.982194,82,1704.472962
615.908354,115,1704.52949
539.816221,100,1704.576757
467.339445,88,1704.61657
659.274341,124,1704.672472
869.754702,165,1704.744588
686.332775,127,1704.799864
639.765046,120,1704.850903
631.805888,115,1704.900687
435.417292,83,1704.937287
386.144454,71,1704.967607
502.736923,94,1705.01113
538.709492,106,1705.058103
646.307653,112,1705.106365
615.737685,118,1705.15881
630.16609,120,1705.211941
745.125241,144,1705.276879
438.547999,84,1705.313918
418.327916,78,1705.348553
594.411776,125,1705.908561
568.944309,107,1705.955859
504.655117,101,1705.999739
541.035091,105,1706.046374
588.840331,111,1706.096008
708.220125,133,1706.155387
833.593164,161,1706.226565
589.924652,109,1706.275671
343.948383,66,1706.305528
416.492637,76,1706.33976
514.789303,96,1706.382988
581.544005,109,1706.431862
535.048907,100,1706.475709
762.220409,147,1706.541844
413.692837,79,1706.57766
562.414672,106,1706.625728
527.896092,110,1706.677497
319.963432,66,1706.708484
703.415515,135,1706.769156
491.832828,88,1707.328763
482.50743,96,1707.370667
507.208739,92,1707.411006
233.188647,52,1707.431762
479.860744,91,1707.471959
563.413594,115,1707.52269
661.320103,132,1707.582234
500.45994,94,1707.625622
747.260519,134,1707.684597
699.741209,133,1707.745456
805.854426,144,1707.807559
486.527376,97,1707.849896
443.09451,83,1707.887473
588.954616,114,1707.937662
619.812397,117,1707.989884
621.819318,114,1708.039509
392.231081,77,1708.073075
382.899674,80,1708.107786
416.004298,78,1708.140933
398.561623,76,1708.174701
611.724432,114,1708.766135
586.171687,117,1708.816432
482.739463,97,1708.858882
590.236884,112,1708.907068
498.599008,96,1708.950223
445.160242,90,1708.992951
576.049566,108,1709.042418
475.243382,89,1709.080941
681.03296,128,1709.137154
485.613404,89,1709.17628
587.405344,117,1709.228582
424.457046,81,1709.266296
471.086307,90,1709.308002
492.484125,92,1709.352648
435.195775,82,1709.391215
579.295948,107,1709.440511
1058.918622,195,1709.526882
611.588004,113,1709.576524
517.051612,95,1709.620011
488.715866,91,1709.659977
351.064027,67,1710.339252
391.742052,72,1710.371453
641.945484,119,1710.423486
400.898125,76,1710.457163
533.266227,105,1710.503505
437.345634,84,1710.538571
697.538269,131,1710.595011
474.443098,91,1710.63395
595.03186,110,1710.68103
338.964286,66,1710.710235
552.720078,105,1710.757198
520.988692,102,1710.801276
488.118978,91,1710.841243
433.640689,87,1710.879918
366.805462,75,1710.914768
348.363856,67,1710.945317
521.921704,103,1710.9905
427.316465,79,1711.023679
585.472243,108,1711.073831
488.617784,91,1711.116613
526.031924,104,1711.16271
508.166922,101,1711.206024
579.097592,114,1711.982602
525.984466,100,1712.028536
543.690639,108,1712.075685
558.357762,105,1712.137818
687.232332,131,1712.198833
404.656044,76,1712.232301
533.354049,108,1712.279629
519.960577,96,1712.323057
546.619848,102,1712.370686
499.71159,94,1712.414159
619.311885,115,1712.466619
520.151919,96,1712.508629
626.267255,114,1712.55895
487.782823,100,1712.603159
433.653435,82,1712.638413
495.997408,99,1712.680765
533.766051,99,1712.725882
655.967337,121,1712.779029
340.056756,69,1712.809794
584.491532,106,1712.858377
468.926647,87,1713.583605
548.511639,103,1713.635755
457.399037,83,1713.674387
749.67979,146,1713.739464
634.753379,117,1713.789813
461.296012,87,1713.829588
464.900828,86,1713.868246
657.993617,128,1713.924152
667.784817,126,1713.981795
704.5376,132,1714.042766
446.105074,81,1714.080307
716.088034,130,1714.14026
633.797306,124,1714.19584
713.140687,130,1714.251891
499.822844,103,1714.298456
480.366255,94,1714.342576
656.076651,122,1714.397856
756.713788,140,1714.461545
592.628394,109,1715.155526
672.949577,122,1715.208499
451.498619,84,1715.252366
474.522511,92,1715.293811
407.506203,82,1715.328322
545.061078,102,1715.372746
450.987362,84,1715.410197
814.004197,149,1715.487155
505.438674,98,1715.530842
468.073591,87,1715.56938
492.646492,97,1715.61023
733.02302,134,1715.671217
400.27789,77,1715.706722
574.510779,108,1715.75395
593.769836,110,1715.802933
660.049191,121,1715.85707
450.868354,90,1715.895387
474.395032,100,1715.939233
428.414249,81,1715.974637
535.924449,107,1716.020923
458.916959,88,1716.543446
429.212794,79,1716.578157
392.165294,77,1716.612082
477.497414,90,1716.651286
511.953837,104,1716.696879
466.301222,93,1716.736859
477.029129,94,1716.780323
436.566715,88,1716.820488
480.096897,97,1716.864472
425.452229,81,1716.901387
527.088017,99,1716.946949
597.030683,117,1716.998214
477.504926,94,1717.045678
461.014589,86,1717.086508
699.63014,132,1717.148385
686.032664,132,1717.208637
513.10852,99,1717.253176
393.241864,75,1717.286714
430.487435,84,1717.324348
489.529762,93,1717.365608
479.753586,90,1717.405723
631.567087,127,1717.461344
788.33764,155,1718.191888
481.997631,90,1718.235728
427.664108,87,1718.27928
465.631511,86,1718.318919
525.2761,99,1718.362564
483.679724,90,1718.40364
434.781411,80,1718.439936
533.437259,102,1718.486607
547.99327,114,1718.535767
437.398691,81,1718.571121
533.442896,99,1718.614158
522.056558,99,1718.657835
464.681688,87,1718.695921
614.752736,119,1718.745961
437.161755,82,1718.781402
538.007512,102,1718.826708
581.715641,108,1718.874298
484.049327,96,1718.91602
553.922544,103,1718.96089
464.304432,85,1718.99908
480.613765,88,1719.037813
944.308255,174,1719.676317
396.089192,80,1719.709942
500.428059,96,1719.761889
550.304206,106,1719.808592
540.37788,97,1719.851002
563.385019,108,1719.897959
672.079091,131,1719.954163
415.442911,77,1719.991685
564.108517,108,1720.040978
467.33111,91,1720.081258
660.931411,123,1720.134691
489.00101,93,1720.176377
542.241188,107,1720.224899
316.988813,59,1720.250683
458.029802,86,1720.290736
498.669223,92,1720.329909
470.746438,88,1720.369646
616.706693,114,1720.418909
444.147663,86,1720.456027
567.172588,118,1720.507552
406.79967,84,1721.141498
551.009445,102,1721.187423
592.115273,107,1721.245402
488.807379,95,1721.28757
628.443574,126,1721.342212
865.503134,181,1721.425841
569.929357,113,1721.474645
632.62254,115,1721.527449
518.505931,109,1721.577066
491.757792,96,1721.618861
531.397979,101,1721.663486
466.706512,86,1721.700698
635.601268,122,1721.752755
331.915849,65,1721.781318
679.261759,125,1721.837988
518.200377,96,1721.879662
413.838131,85,1721.918925
505.214407,94,1721.961066
747.840565,136,1722.02223
423.326395,79,1722.624959
673.182176,128,1722.683114
375.715718,77,1722.716539
563.09533,104,1722.762891
327.642205,63,1722.791795
574.925815,106,1722.839478
654.399022,119,1722.891246
606.67524,113,1722.940775
429.56227,79,1722.976132
461.894595,85,1723.013376
569.329666,108,1723.060246
544.456121,100,1723.106794
552.462012,103,1723.152523
778.606747,141,1723.214341
559.946154,109,1723.260288
737.120228,135,1723.321265
529.090648,109,1723.367534
640.855344,122,1723.423672
551.600782,102,1723.467943
503.356181,94,1723.953453
455.602638,84,1723.989659
318.114464,71,1724.018693
511.710514,95,1724.060005
613.734,115,1724.110427
572.904739,113,1724.159998
509.492622,103,1724.205753
452.775728,86,1724.243767
714.742496,136,1724.301753
590.350295,111,1724.348354
529.328012,100,1724.391708
459.774366,87,1724.429544
699.321427,130,1724.485004
443.879359,83,1724.519948
313.428713,62,1724.546183
687.674168,128,1724.602042
417.379446,84,1724.639813
694.875807,144,1724.701625
489.7014,96,1724.745457
1019.255157,208,1724.837558
480.908272,93,1725.337767
286.868231,54,1725.362412
505.041455,98,1725.403667
597.499917,115,1725.452729
699.353854,125,1725.506003
630.487232,117,1725.555756
365.42487,72,1725.58609
350.563583,69,1725.616249
549.096461,102,1725.661439
544.923446,103,1725.706925
414.819565,79,1725.740451
582.554714,109,1725.787637
382.181151,78,1725.820929
480.140596,92,1725.861984
456.526919,86,1725.90034
644.734145,119,1725.951548
615.125216,119,1726.002606
748.937917,140,1726.063058
676.361913,128,1726.117969
426.93537,80,1726.153268
559.565251,112,1726.667793
538.655114,108,1726.713294
537.411699,100,1726.756397
741.385836,137,1726.815414
554.113035,102,1726.859444
560.704771,105,1726.906154
510.723991,104,1726.95201
513.865215,105,1726.997183
594.944755,111,1727.047071
636.524385,119,1727.100221
476.948294,89,1727.141035
519.473103,99,1727.183045
427.53076,81,1727.219336
514.985532,96,1727.261441
733.058119,143,1727.322906
643.89374,119,1727.37399
464.174955,86,1727.412383
410.718592,80,1727.447251
540.987694,100,1727.491568
429.995869,80,1727.526129
261.233952,51,1727.547495
676.049371,131,1728.057512
444.628812,84,1728.09492
516.86795,97,1728.13647
424.282327,82,1728.17344
487.081674,92,1728.21455
471.360719,94,1728.256131
529.337526,101,1728.300318
617.953541,113,1728.349855
441.944617,84,1728.387065
538.669806,99,1728.430327
592.83469,109,1728.478411
620.531405,124,1728.531471
605.228016,114,1728.579979
478.751245,89,1728.619206
501.475779,98,1728.662062
536.987731,103,1728.706517
356.608664,73,1728.739115
573.826261,108,1728.785223
556.424345,100,1728.828031
734.24715,137,1728.88973
725.330672,136,1729.41214
494.557405,95,1729.454391
639.485835,122,1729.507385
789.646471,146,1729.571511
552.888003,102,1729.614777
510.925928,94,1729.655256
436.122405,83,1729.692451
428.552766,82,1729.729152
555.937628,104,1729.774883
535.934295,102,1729.819659
358.225,71,1729.851558
466.84612,87,1729.890601
423.616657,80,1729.924229
510.189526,93,1729.964901
585.250006,119,1730.017764
523.039144,99,1730.062152
506.697699,94,1730.10383
533.691209,99,1730.146507
489.219314,92,1730.186913
562.270627,109,1730.234662
449.242651,83,1730.727561
506.811234,94,1730.769495
537.438955,105,1730.816446
795.938319,145,1730.880033
640.233865,122,1730.935498
559.827017,104,1730.980943
679.29472,124,1731.033916
644.545405,121,1731.088388
623.079111,117,1731.139763
449.664767,82,1731.175117
732.457814,138,1731.236499
388.91611,73,1731.269016
471.550169,87,1731.307424
639.458268,119,1731.358415
497.983899,94,1731.400081
583.152784,110,1731.448689
425.063265,80,1731.48455
556.116882,102,1731.528596
525.938722,110,1731.57604
486.005648,90,1731.614941
377.451519,72,1732.092701
550.197013,101,1732.136939
596.937699,108,1732.183585
507.655941,94,1732.226875
534.174511,101,1732.270692
445.513029,85,1732.307703
656.370064,124,1732.36148
496.212126,91,1732.400572
377.131275,72,1732.433115
661.835948,122,1732.487577
581.953027,107,1732.534121
545.363851,102,1732.579976
492.516624,100,1732.623715
550.089885,104,1732.670041
612.177967,115,1732.720128
469.925938,88,1732.758519
429.215245,81,1732.795595
666.307886,123,1732.84939
546.882463,102,1732.894225
453.155282,86,1732.933
554.16017,102,1733.418456
540.566885,102,1733.46225
360.54426,70,1733.492725
450.067772,83,1733.528096
757.159071,146,1733.591531
476.179521,87,1733.631704
516.529194,100,1733.674033
655.588349,123,1733.730475
297.444948,56,1733.755951
568.583045,106,1733.802161
540.526366,109,1733.849312
542.623255,99,1733.891294
407.682614,83,1733.927935
588.46115,110,1733.976848
561.721252,104,1734.023435
649.512033,125,1734.082042
611.697925,113,1734.131077
584.26225,112,1734.1806
529.996911,101,1734.224148
552.509814,101,1734.269632
327.471518,61,1734.295713
454.749829,86,1734.773835
947.424944,175,1734.852131
581.357034,106,1734.89895
1208.667406,234,1735.000435
812.425624,150,1735.067356
542.459412,103,1735.111953
482.783946,88,1735.150709
574.457099,109,1735.196224
629.117049,117,1735.245373
520.913029,98,1735.28685
539.039965,109,1735.335213
398.496426,74,1735.366738
292.931071,57,1735.391241
693.379227,129,1735.447884
577.926615,107,1735.49568
505.384029,93,1735.536726
869.107995,160,1735.604985
417.393677,79,1735.637914
417.6339,82,1736.134788
346.790324,67,1736.16427
446.664013,83,1736.201246
464.995399,86,1736.239558
599.375598,113,1736.291348
508.612655,94,1736.332778
473.921402,92,1736.373253
597.343124,110,1736.421247
634.21347,120,1736.473388
427.452811,79,1736.507554
414.864587,80,1736.541753
437.101594,85,1736.580837
739.809424,139,1736.641814
652.96953,130,1736.700214
607.408691,112,1736.750159
818.826883,157,1736.818863
561.59802,102,1736.864117
372.419638,73,1736.895193
559.029709,109,1736.94098
405.137214,76,1736.976285
589.483485,111,1744.91006
562.978728,107,1744.956538
325.327949,63,1744.985085
518.541113,101,1745.029494
568.230236,107,1745.075989
666.364475,125,1745.130288
585.000926,108,1745.175706
568.464126,108,1745.221624
435.872384,81,1745.258076
440.45027,92,1745.297204
659.707825,123,1745.350731
544.115123,101,1745.394768
362.113777,71,1745.424567
622.379514,116,1745.476384
510.590161,101,1745.520719
569.503956,109,1745.569133
508.00195,102,1745.613405
404.380265,76,1745.647025
463.318573,86,1745.68418
685.82777,126,1745.739534
527.790509,98,1746.245075
544.240219,101,1746.290793
570.286669,110,1746.340188
405.371073,77,1746.373499
518.598366,100,1746.416181
402.246156,82,1746.451735
448.643907,84,1746.487865
427.270018,79,1746.521671
185.411321,40,1746.537774
622.360645,115,1746.586081
455.614918,85,1746.624118
405.255162,77,1746.657109
465.59918,97,1746.69769
493.948049,93,1746.737649
643.230743,118,1746.788801
646.859308,124,1746.843095
536.911604,102,1746.886484
348.576477,74,1746.91816
441.563237,81,1746.953548
557.949577,101,1746.997899
528.192479,97,1747.040679
599.908235,109,1747.089033
664.540911,121,1747.649855
499.757676,98,1747.693966
647.328088,121,1747.748104
579.885997,108,1747.795989
486.231663,90,1747.83586
436.131136,85,1747.872614
478.908913,94,1747.914699
671.933526,121,1747.966612
605.62576,114,1748.018209
540.912806,100,1748.062566
274.819463,53,1748.085952
463.019161,85,1748.123664
507.646176,94,1748.165081
402.376537,77,1748.198894
506.032037,94,1748.241474
430.540677,88,1748.279163
595.087487,113,1748.327962
689.889416,129,1748.385124
302.692683,56,1748.41095
689.975226,125,1748.465661
866.214379,159,1748.535605
401.909116,74,1754.993766
429.623174,80,1755.030408
551.385717,104,1755.07759
611.67166,112,1755.128058
598.426112,111,1755.179603
328.807441,63,1755.21091
599.061494,111,1755.261722
401.847154,75,1755.296476
743.729385,138,1755.360539
870.96239,162,1755.434162
662.960748,122,1755.490829
467.26675,87,1755.529432
600.700813,115,1755.581683
728.056721,132,1755.641844
752.261728,144,1755.710539
559.357986,107,1755.759159
503.717434,91,1755.800362
424.468278,79,1755.835974
496.814175,102,1755.881286
395.442421,81,1756.637693
476.492567,88,1756.67975
608.422321,115,1756.744609
589.883233,112,1756.809464
474.860279,89,1756.847682
622.566687,125,1756.905125
476.793396,93,1756.94712
661.250985,123,1757.002977
475.978529,93,1757.044799
593.507776,118,1757.099416
475.383248,97,1757.144556
490.659857,95,1757.186941
514.934117,95,1757.231803
450.554062,83,1757.270186
552.733993,106,1757.317277
576.582985,106,1757.36338
465.548513,86,1757.400835
438.706939,88,1757.44148
413.023956,81,1757.478085
555.716851,115,1757.529653
419.069593,85,1757.567869
427.058622,89,1758.200625
584.278671,115,1758.255729
496.512935,95,1758.298832
597.464334,104,1758.344117
743.957037,135,1758.404935
603.85163,115,1758.455623
564.774902,106,1758.503201
563.137474,104,1758.549429
523.59198,100,1758.59419
335.789356,66,1758.623836
643.637208,121,1758.678836
472.582054,89,1758.719648
519.999455,98,1758.761871
472.730596,87,1758.801287
538.870282,103,1758.846452
489.089185,92,1758.887866
636.771687,122,1758.941826
482.138382,89,1758.980913
721.070304,133,1759.039191
384.383088,75,1759.07131
478.313414,89,1759.641279
503.112881,94,1759.682135
475.272819,99,1759.725645
510.30086,96,1759.768801
581.590844,106,1759.81508
515.203748,98,1759.859519
641.69243,118,1759.914254
514.662983,95,1759.959477
359.866926,72,1759.99175
476.058121,93,1760.033596
396.978781,76,1760.068079
467.405896,97,1760.110795
385.295647,78,1760.145243
836.790984,153,1760.212779
537.045754,100,1760.256973
423.266293,80,1760.292868
432.280605,82,1760.330711
431.768854,83,1760.367429
277.933881,61,1760.393731
590.141665,114,1760.444422
403.846291,75,1760.477768
385.111216,73,1760.511437
710.490284,139,1761.579867
603.481462,117,1761.635229
593.20408,110,1761.686395
457.181686,85,1761.724629
647.324919,119,1761.776867
441.750881,81,1761.81356
515.814932,99,1761.856126
335.033612,74,1761.888489
415.400194,76,1761.922158
333.435293,66,1761.952038
449.904507,82,1761.987449
576.856514,110,1762.0365
478.399465,90,1762.075544
615.56532,120,1762.130634
496.027013,92,1762.170412
680.656059,130,1762.226505
459.733128,90,1762.266111
465.006108,93,1762.306172
467.455393,85,1762.342358
570.794124,107,1762.388925
449.353605,84,1762.426291
757.718483,148,1763.204734
581.791362,108,1763.251769
533.8798,107,1763.332884
467.707202,92,1763.376017
706.329299,129,1763.432856
553.145681,102,1763.479435
442.219145,87,1763.517545
385.473552,74,1763.549518
351.70345,67,1763.58022
466.299198,84,1763.617362
465.968248,93,1763.658879
514.990213,97,1763.702361
448.636648,87,1763.73975
584.406607,123,1763.793656
706.356601,131,1763.850995
536.337226,108,1763.89866
502.68608,93,1763.939446
460.173622,95,1763.980271
410.223,81,1764.015621
692.901025,127,1764.07106
573.478761,112,1764.784537
438.172578,82,1764.822901
590.916469,117,1764.895591
533.026503,97,1764.937918
496.343234,91,1764.979172
706.398242,137,1765.040986
460.090082,87,1765.080713
533.138335,99,1765.125644
492.041838,90,1765.165544
599.413913,109,1765.213688
570.530803,109,1765.261854
629.211635,116,1765.312989
634.665909,121,1765.364423
538.845441,102,1765.40857
413.596051,80,1765.444236
575.322373,110,1765.491894
358.123452,71,1765.525189
545.146668,102,1765.570638
609.520947,113,1765.620377
795.236034,144,1765.685151
708.448468,128,1766.771719
798.610972,146,1766.841709
570.499328,105,1766.889106
962.355949,184,1766.972353
624.84423,118,1767.026175
600.012755,116,1767.075484
503.161521,95,1767.116343
561.987196,105,1767.160484
690.563356,130,1767.217726
422.221124,79,1767.251052
612.445426,111,1767.300528
434.261336,82,1767.338037
463.151532,91,1767.378757
513.278216,95,1767.420268
546.663462,101,1767.464748
733.669001,137,1767.52476
411.703757,77,1767.557629
505.71503,92,1767.597718
672.251288,124,1768.28847
529.165946,96,1768.33109
502.410504,93,1768.373021
546.034078,108,1768.420538
585.077968,109,1768.468517
547.995247,111,1768.51906
636.590362,118,1768.571245
427.343744,80,1768.607285
552.653196,112,1768.65595
498.229549,100,1768.700354
452.908775,89,1768.740417
597.669645,118,1768.799086
570.793796,106,1768.847518
405.042681,78,1768.881365
492.601426,91,1768.92206
624.764994,116,1768.971749
445.899045,82,1769.008748
741.97153,144,1769.074452
506.798173,102,1769.119744
509.93605,95,1769.160657
439.36449,85,1769.766927
602.924324,119,1769.83318
652.744368,121,1769.890722
425.039406,77,1769.925792
314.369481,62,1769.954318
516.80107,102,1770.000871
481.877963,88,1770.041085
532.544108,96,1770.082303
520.601207,98,1770.12749
684.337424,126,1770.184801
410.070615,80,1770.220218
491.233046,94,1770.263541
458.215947,85,1770.30147
561.513144,107,1770.348609
476.245911,100,1770.391752
467.78226,89,1770.432606
595.594823,111,1770.480939
479.556505,93,1770.523052
337.766584,65,1770.552312
411.534474,78,1770.587811
452.31984,83,1770.62733
487.465104,94,1770.669184
490.144321,100,1771.298509
511.811707,95,1771.33908
620.066066,116,1771.390743
643.091275,116,1771.440671
748.460758,137,1771.499938
828.108092,158,1771.568313
444.181549,85,1771.605423
413.474691,85,1771.642455
296.048566,56,1771.667398
421.219352,81,1771.703073
490.608841,90,1771.740256
476.381004,95,1771.781767
524.231527,102,1771.842227
406.936032,76,1771.876662
467.636928,85,1771.914362
560.187951,102,1771.959786
368.51721,70,1771.991172
528.622261,100,1772.037336
450.157235,84,1772.074322
411.765544,76,1772.109226
690.704824,128,1772.165162
576.782902,106,1772.69185
446.354041,90,1772.730975
409.790078,84,1772.768348
520.725371,95,1772.811234
433.187613,82,1772.849262
499.300096,92,1772.889793
549.373073,107,1772.939088
412.514627,77,1772.974259
528.049497,97,1773.017469
521.058767,104,1773.065891
521.297312,97,1773.109351
389.907709,80,1773.147164
485.774897,91,1773.188503
407.417398,82,1773.224923
393.559687,84,1773.263762
463.939006,91,1773.306424
504.110375,93,1773.347594
547.69743,107,1773.394925
580.179295,107,1773.441053
455.654867,86,1773.477772
756.554499,155,1773.545207
650.749135,120,1774.108579
435.74359,82,1774.145001
478.762844,88,1774.185641
498.390509,97,1774.23022
464.589651,86,1774.269732
467.64613,92,1774.308809
592.688389,109,1774.358086
507.19045,94,1774.39898
495.498535,92,1774.440518
500.241495,95,1774.482246
574.312716,105,1774.528255
577.046888,111,1774.577951
428.843711,84,1774.615591
537.270228,102,1774.659679
422.490847,78,1774.694534
525.356179,98,1774.738808
542.033967,99,1774.783082
493.999435,93,1774.824525
662.4188,127,1774.882468
535.624426,99,1774.927324
658.986044,119,1774.980902
408.71197,77,1775.015317
457.77618,102,1775.646118
417.95308,85,1775.683681
657.040635,137,1775.744364
414.034236,82,1775.781159
586.105392,110,1775.830018
440.006646,91,1775.869691
823.83125,154,1775.939361
477.797161,93,1775.979935
446.321473,90,1776.018266
441.756881,82,1776.055175
467.284149,97,1776.099283
489.200001,91,1776.139627
546.082585,100,1776.184949
661.505496,124,1776.240295
540.543709,104,1776.287712
396.830338,76,1776.322522
504.573698,93,1776.364469
747.948,138,1776.427058
456.797184,86,1776.465683
474.630272,87,1776.506414
695.151229,132,1777.082591
505.807557,93,1777.123961
386.46438,72,1777.157071
511.257753,95,1777.199227
567.274945,107,1777.25104
519.806649,93,1777.293261
367.776378,67,1777.322248
552.078213,102,1777.368788
440.206435,87,1777.40683
525.934477,97,1777.448773
651.78307,118,1777.50207
797.574981,142,1777.564689
458.215876,90,1777.604606
525.943341,106,1777.65225
494.637265,98,1777.695806
617.448807,115,1777.748996
489.184255,90,1777.788393
522.295859,96,1777.830542
658.717771,127,1777.887113
636.405016,122,1777.943109
510.754051,94,1778.659406
420.029515,78,1778.696001
461.994194,87,1778.735149
463.555047,86,1778.773299
405.05172,79,1778.809679
535.642977,106,1778.857082
497.277547,90,1778.896891
595.443029,109,1778.94597
679.050429,126,1779.000907
503.391833,96,1779.042424
476.716155,99,1779.086968
720.252679,133,1779.146002
503.303564,103,1779.19076
627.516706,120,1779.244829
636.241748,116,1779.295331
418.307309,79,1779.329369
492.260908,91,1779.370344
569.755377,106,1779.416924
523.374756,96,1779.459029
570.004744,113,1779.509177
481.67485,87,1780.676585
477.268969,90,1780.725811
521.182236,95,1780.770595
754.224004,143,1780.835185
405.564901,77,1780.868485
675.439459,126,1780.923602
511.974995,99,1780.969137
756.700304,139,1781.033087
411.100715,82,1781.06861
520.343808,100,1781.113581
575.20446,112,1781.163143
503.748869,95,1781.206267
530.430736,101,1781.250332
558.33257,104,1781.298251
474.04151,92,1781.340885
619.648755,114,1781.391781
461.319845,86,1781.429951
607.239796,113,1781.480064
412.9196,75,1781.512422
588.343438,115,1781.562512
712.952813,133,1782.325809
497.616403,94,1782.370346
584.560616,113,1782.420851
598.207639,112,1782.471726
531.045933,101,1782.516428
306.967293,57,1782.541643
639.899831,119,1782.595791
563.250702,104,1782.642509
367.148374,77,1782.675464
523.267625,98,1782.719236
578.309453,107,1782.765355
539.070317,102,1782.812007
597.586504,113,1782.86419
557.954989,105,1782.914671
362.394069,80,1782.956027
829.437336,158,1783.032396
622.026286,115,1783.086559
710.59121,131,1783.146305
468.136856,91,1783.189344
374.467231,72,1783.22151
447.001165,87,1784.761108
569.045168,106,1784.817759
502.252957,94,1784.863329
597.936278,109,1784.914518
439.878701,83,1784.953463
432.004067,86,1784.993212
580.735269,108,1785.041672
446.634132,91,1785.081079
443.228267,89,1785.120143
490.486537,96,1785.162695
671.469825,123,1785.2216
478.46558,89,1785.2621
537.777132,99,1785.304078
751.228825,135,1785.364233
318.64677,62,1785.392745
584.455595,107,1785.438075
620.557527,113,1785.486752
647.927801,122,1785.541672
506.564406,97,1785.583006
439.417455,83,1785.619165
392.795167,76,1785.651132
581.271554,109,1786.281296
475.73836,93,1786.321481
556.341021,105,1786.366494
426.801592,84,1786.402343
554.543918,105,1786.448841
472.027259,87,1786.486864
406.939225,75,1786.520429
677.466468,128,1786.5758
660.897994,124,1786.645521
548.889137,110,1786.69676
465.682135,86,1786.732405
850.28457,155,1786.799815
499.128983,93,1786.841408
541.057247,102,1786.889656
442.296101,83,1786.926815
617.433677,115,1786.979197
396.779723,76,1787.012627
436.166317,82,1787.049419
603.388413,131,1787.108108
337.918837,65,1787.138008
670.968943,123,1788.075887
470.625357,88,1788.116922
612.418772,112,1788.174564
682.630698,131,1788.235199
392.807585,78,1788.270251
544.714025,102,1788.318546
457.08439,86,1788.355653
467.459848,86,1788.393506
526.429421,97,1788.437207
734.719142,151,1788.507419
558.107701,116,1788.55874
448.789922,83,1788.596614
736.851176,132,1788.657519
813.048243,149,1788.729699
560.00612,105,1788.778202
502.195759,101,1788.824145
517.483221,97,1788.86622
425.32223,80,1788.901727
642.089487,119,1788.957479
456.59509,85,1788.99595
527.349928,100,1789.781148
424.247684,84,1789.817558
828.612695,157,1789.888792
450.162045,89,1789.928404
525.950479,97,1789.971565
446.870051,85,1790.010203
741.183079,138,1790.074885
734.242075,140,1790.137591
561.963737,106,1790.184814
507.3853,98,1790.232218
500.814081,96,1790.27688
592.199856,110,1790.326196
643.4275,125,1790.382408
395.610094,81,1790.418999
454.698191,87,1790.457172
598.651512,113,1790.507182
562.845146,105,1790.553879
489.429127,92,1790.594537
554.094683,101,1790.639241
527.996351,96,1791.275933
449.361792,83,1791.31308
536.002831,100,1791.35754
431.015696,96,1791.403977
620.846956,115,1791.456333
397.070814,81,1791.491655
611.448607,114,1791.543562
653.012482,122,1791.598281
554.876741,104,1791.644304
612.214692,110,1791.693083
691.961797,128,1791.748437
729.997777,134,1791.808178
571.221315,108,1791.855708
632.289913,120,1791.908231
744.462046,134,1791.967973
454.682632,86,1792.006715
608.557507,113,1792.059936
471.403686,86,1792.100481
353.655715,70,1792.132937
457.05208,87,1792.170957
700.473181,136,1792.813449
464.306496,90,1792.853285
497.011683,92,1792.893602
560.483068,104,1792.938885
516.234961,97,1792.981523
505.910093,102,1793.026728
504.50212,94,1793.067931
469.430062,92,1793.107488
532.863986,104,1793.154574
493.019401,91,1793.195717
563.198391,103,1793.240327
826.54769,153,1793.310434
669.121119,128,1793.367889
448.09208,90,1793.408414
755.861806,142,1793.470238
405.346172,73,1793.502754
430.98862,80,1793.538224
469.703728,93,1793.578844
522.465482,98,1793.621803
439.460102,82,1793.657553
624.418749,121,1794.164377
316.088757,60,1794.192361
595.877963,114,1794.245076
609.146524,111,1794.293767
427.755697,85,1794.33095
565.647566,104,1794.376511
405.944441,77,1794.410538
548.627875,111,1794.460245
535.284793,104,1794.504365
485.590746,90,1794.542622
498.198423,97,1794.584113
438.578137,84,1794.619591
437.981303,87,1794.655656
478.998941,89,1794.694744
498.818997,100,1794.737058
561.659175,106,1794.784194
673.290973,123,1794.835922
603.885933,115,1794.88446
549.495261,100,1794.927017
420.421007,83,1794.962784
692.935647,127,1795.47196
621.050901,113,1795.52239
533.19702,98,1795.565226
433.178483,81,1795.599994
658.144512,129,1795.656956
559.019266,103,1795.703771
562.110533,110,1795.751913
438.139702,81,1795.787288
581.639722,110,1795.83391
595.846831,111,1795.881688
484.927395,98,1795.925669
507.886849,94,1795.966547
492.259306,93,1796.006063
505.325094,97,1796.047358
451.82421,99,1796.088459
496.636189,93,1796.129223
695.598968,133,1796.186442
491.853183,92,1796.227606
691.283151,134,1796.286505
632.885251,117,1796.337386
559.523265,107,1796.840046
526.332055,97,1796.883618
471.063274,87,1796.922092
585.572019,108,1796.970813
511.081496,93,1797.011243
434.533884,82,1797.045934
464.584034,90,1797.085207
414.042214,83,1797.121961
722.64416,137,1797.183038
411.221992,79,1797.218328
522.471009,97,1797.261369
447.907089,84,1797.299479
589.637373,111,1797.346762
625.67994,123,1797.400495
515.244615,95,1797.442067
417.581495,83,1797.480452
572.670524,106,1797.526959
438.869446,85,1797.565116
446.332542,81,1797.599542
446.235692,83,1797.639824
415.763464,77,1797.673303
465.440222,93,1797.714023
410.041474,77,1798.343019
495.561605,90,1798.382212
539.515104,106,1798.42898
598.877823,113,1798.477703
438.701659,81,1798.513209
728.370194,134,1798.572192
390.742366,74,1798.604452
403.917623,76,1798.636937
695.818654,128,1798.693908
506.01708,99,1798.737252
536.298414,112,1798.784753
710.652447,146,1798.847514
416.649183,79,1798.880105
455.770425,85,1798.916801
400.528079,81,1798.953143
441.629214,83,1798.989342
463.067242,92,1799.029382
743.201713,145,1799.093179
649.780626,122,1799.147236
414.214542,80,1799.181927
621.073778,114,1799.67308
514.008514,100,1799.717733
384.490522,85,1799.754531
586.162908,108,1799.801434
565.859681,105,1799.847084
479.256863,92,1799.888232
265.918594,53,1799.909854
406.248006,85,1799.9453
558.229068,104,1799.990765
373.070351,72,1800.022794
568.145394,113,1800.07173
509.085562,96,1800.114715
487.290437,94,1800.155037
511.498014,95,1800.197804
371.939466,76,1800.230134
419.878112,79,1800.263203
493.48248,92,1800.302443
424.013363,87,1800.339314
501.778868,99,1800.381634
521.242238,104,1800.425191
603.155986,112,1800.474021
513.731793,95,1800.515639
446.187501,90,1801.030037
731.098909,150,1801.092713
537.463087,100,1801.135336
569.602789,105,1801.179513
515.592871,96,1801.219682
388.443652,75,1801.25346
574.875334,107,1801.30118
730.409781,133,1801.360165
496.21089,91,1801.401282
615.743214,117,1801.454032
551.77104,107,1801.500596
599.431968,113,1801.550039
829.97766,155,1801.617559
474.286742,95,1801.657395
417.69083,79,1801.692237
534.825079,98,1801.736034
541.335815,101,1801.780513
583.677117,107,1801.828025
410.049625,86,1801.864525
445.6686,89,1802.338297
504.570891,100,1802.382321
549.506368,100,1802.426955
632.395364,118,1802.479585
433.097669,81,1802.514903
508.491684,94,1802.558567
479.005671,88,1802.596283
427.014949,84,1802.630627
416.720911,80,1802.666001
509.430292,95,1802.708693
519.851032,97,1802.751766
771.107399,144,1802.814325
458.659879,95,1802.854487
417.313969,83,1802.890219
559.841344,102,1802.934964
554.210466,115,1802.98358
332.628439,64,1803.009644
475.192602,91,1803.048217
575.203836,113,1803.095859
478.454238,90,1803.133784
451.933578,89,1803.172474
485.043637,92,1803.213119
493.445694,95,1803.695988
696.874662,130,1803.75175
676.042428,135,1803.811455
712.295983,129,1803.866733
568.753403,105,1803.912105
742.562442,138,1803.970642
478.50974,92,1804.009881
584.576674,111,1804.057849
565.669432,110,1804.107234
463.859562,92,1804.147968
407.166848,75,1804.179667
577.988222,112,1804.228526
390.613964,81,1804.263797
727.09972,138,1804.323262
207.329802,42,1804.339369
454.693452,85,1804.376137
755.737308,142,1804.436862
648.751975,123,1804.496074
676.857059,124,1804.550065
592.875467,109,1805.071986
578.757821,113,1805.122006
441.206081,83,1805.159039
499.18566,95,1805.200498
676.091979,131,1805.257607
465.899312,92,1805.298855
487.825914,94,1805.338627
544.616835,105,1805.3822
335.564922,64,1805.410868
452.534936,90,1805.44849
469.759183,95,1805.490443
457.868943,90,1805.529948
597.455121,109,1805.577454
724.767918,141,1805.638443
570.20581,106,1805.684302
371.488888,75,1805.716451
658.715078,123,1805.770375
506.413497,94,1805.811343
402.027587,81,1805.84532
475.147609,86,1805.882056
402.403493,75,1805.91458
355.939147,74,1806.39685
550.950636,104,1806.443829
624.789989,116,1806.493616
438.438371,82,1806.530101
606.124056,116,1806.580612
497.36808,92,1806.620095
522.082823,103,1806.666748
668.309356,123,1806.720099
486.774055,97,1806.761189
490.803348,95,1806.803267
374.012414,71,1806.833226
616.875936,123,1806.886802
589.957473,114,1806.935032
546.144213,104,1806.980103
444.170914,84,1807.015994
525.598474,99,1807.057962
437.972107,80,1807.090966
459.042545,86,1807.12825
386.267176,77,1807.16293
452.177684,92,1807.204413
463.00804,92,1807.244505
545.757224,107,1807.800334
524.666505,107,1807.848423
396.59104,74,1807.881096
539.795633,107,1807.930851
580.007034,107,1807.977477
610.444152,112,1808.028013
447.8105,89,1808.070112
491.724329,92,1808.111379
469.553995,87,1808.150446
640.959673,122,1808.203107
500.571063,97,1808.247768
387.021103,78,1808.28218
306.487388,60,1808.308566
475.173993,99,1808.350013
512.470853,99,1808.393067
480.580749,90,1808.433405
452.155319,88,1808.470467
568.376367,105,1808.518447
687.791909,134,1808.576552
435.640839,85,1808.614507
741.815206,134,1808.672197
567.458402,113,1809.472673
483.249248,90,1809.523658
541.126953,99,1809.567766
554.933905,101,1809.611694
527.806253,97,1809.653724
474.571126,97,1809.696785
524.685963,96,1809.739036
429.541798,82,1809.775027
363.252,68,1809.804483
637.956023,114,1809.852815
465.689944,86,1809.890279
524.957394,95,1809.932055
474.872755,91,1809.971313
512.938591,106,1810.017381
424.567549,80,1810.052467
768.954637,150,1810.120695
464.617021,95,1810.160788
386.483345,72,1810.193155
504.254359,94,1810.233738
425.425917,81,1810.269788
478.722213,88,1810.309625
524.601072,102,1810.944617
519.325245,110,1810.991959
543.697035,99,1811.036026
582.432564,113,1811.086944
665.144789,128,1811.143831
507.01695,107,1811.206707
566.687711,103,1811.251118
597.275797,112,1811.300066
576.895802,115,1811.350791
812.136768,151,1811.416494
512.849604,96,1811.459407
555.161259,103,1811.504487
523.967149,97,1811.546329
435.775044,84,1811.583355
500.133026,93,1811.624905
479.093572,90,1811.663622
537.417859,99,1811.708324
596.399664,111,1811.756143
423.912711,78,1811.791274
584.999473,107,1811.838293
343.596777,67,1812.308895
435.745203,86,1812.345693
554.161054,102,1812.38959
567.92041,105,1812.43509
409.006526,79,1812.468653
940.917979,171,1812.541975
406.108505,77,1812.576456
908.457413,162,1812.647444
524.118729,103,1812.692232
620.987257,121,1812.744142
303.0113,60,1812.76926
390.918964,76,1812.801694
493.257952,95,1812.842918
567.77006,107,1812.889182
463.844436,90,1812.9281
399.464124,76,1812.961923
592.586367,114,1813.011349
290.214557,63,1813.037919
663.119633,125,1813.09357
605.651154,121,1813.147867
713.254319,143,1813.667987
465.117851,89,1813.706576
388.483877,71,1813.737633
441.266197,86,1813.774512
638.437405,116,1813.825578
774.107281,146,1813.889954
552.043014,100,1813.932791
395.855735,80,1813.966741
446.90762,84,1814.004235
506.141374,98,1814.046217
471.876484,94,1814.087657
480.870128,92,1814.127964
560.215527,108,1814.173234
441.520566,84,1814.210242
465.550907,87,1814.247891
476.986718,89,1814.28741
559.70443,102,1814.330645
492.898971,102,1814.374297
476.77832,89,1814.414612
545.125546,103,1814.461093
550.504797,106,1814.507956
603.82698,114,1815.228075
439.979526,80,1815.263546
682.311362,125,1815.335547
679.569961,129,1815.392241
909.232033,163,1815.464617
577.791381,111,1815.512209
436.369908,81,1815.547779
463.361579,88,1815.586182
424.692911,85,1815.62279
422.739141,81,1815.658303
600.469197,116,1815.710116
434.62468,81,1815.744823
424.347154,85,1815.782006
366.583231,74,1815.813415
500.451431,94,1815.854779
653.219682,127,1815.912474
449.753414,84,1815.949007
546.728816,102,1815.99193
715.188094,136,1816.050697
574.231194,105,1816.096235
234.628855,52,1816.673312
772.264807,155,1816.755841
547.864155,102,1816.799745
572.314878,107,1816.847318
527.073137,97,1816.888956
453.680984,90,1816.927342
474.589872,90,1816.965725
496.365207,99,1817.008192
515.011101,105,1817.054522
622.860193,110,1817.102928
492.362626,104,1817.147893
563.941398,107,1817.195432
545.343273,107,1817.242092
783.048521,146,1817.304762
707.252084,138,1817.364141
425.318441,80,1817.400619
672.021406,132,1817.460003
531.652189,102,1817.504021
599.321986,118,1817.553694
524.652434,96,1818.159865
598.829386,112,1818.214733
495.856086,98,1818.258731
402.58598,76,1818.294043
540.159816,97,1818.337649
823.291163,153,1818.404849
723.559404,137,1818.467801
538.926089,98,1818.51102
508.909161,95,1818.554191
440.331241,87,1818.592985
389.693769,72,1818.623965
528.497634,101,1818.667972
379.867247,77,1818.702433
548.081837,100,1818.75519
659.659513,133,1818.817443
502.860962,97,1818.861919
428.873637,88,1818.90138
587.056898,110,1818.950672
568.200749,104,1818.995291
427.372927,80,1819.031271
528.273864,98,1819.994834
523.911517,103,1820.043105
679.247638,124,1820.101252
496.695505,98,1820.146505
435.64621,91,1820.195007
605.481822,112,1820.251768
679.462875,128,1820.306099
495.342724,97,1820.34838
404.0808,76,1820.38114
797.475392,146,1820.444915
489.989195,92,1820.485199
441.681605,84,1820.522326
631.836436,113,1820.573695
678.831486,134,1820.63309
670.793703,124,1820.691613
596.416169,110,1820.739876
417.875995,77,1820.772654
418.115469,80,1820.808533
538.750322,99,1820.851893
581.818722,107,1820.898582
502.47181,101,1821.452449
578.526948,104,1821.499306
653.808881,127,1821.556541
395.093859,80,1821.592355
739.148178,138,1821.659371
550.917089,102,1821.705158
778.32668,145,1821.769314
546.690232,100,1821.814534
495.506794,92,1821.856461
493.143131,96,1821.899818
545.508351,100,1821.944747
325.996481,65,1821.973303
1012.322766,214,1822.06932
425.057326,81,1822.10627
477.569558,88,1822.144845
456.017731,96,1822.185533
537.943766,105,1822.232758
428.24404,79,1822.269637
421.210283,79,1822.30448
982.341241,179,1822.853969
695.164667,129,1822.914387
457.497505,86,1822.954814
548.415504,101,1823.002294
393.711793,80,1823.036308
546.787616,101,1823.082203
442.414592,84,1823.117845
471.067257,86,1823.156809
622.583141,119,1823.209508
565.336206,104,1823.25631
481.969277,87,1823.295416
460.822021,93,1823.335527
417.946025,81,1823.371133
298.368095,58,1823.395947
630.839525,118,1823.449279
387.459016,71,1823.479989
343.530654,67,1823.508257
621.201938,113,1823.558179
558.93558,108,1823.605198
442.243809,81,1823.639063
510.095806,94,1823.681191
407.592772,77,1823.71366
544.265802,104,1824.252056
400.92304,74,1824.28429
613.073246,121,1824.339987
459.665247,89,1824.379875
582.742854,110,1824.429361
474.321746,93,1824.469917
472.177038,91,1824.508627
518.788207,95,1824.550309
453.735105,85,1824.586
450.208829,83,1824.622509
375.228799,72,1824.65477
667.518319,124,1824.709905
456.782601,83,1824.747083
537.624837,104,1824.793046
484.31534,95,1824.835654
516.838593,95,1824.881948
591.798318,109,1824.930492
601.414824,110,1824.981932
442.657689,85,1825.018041
737.369872,141,1825.083425
550.670306,102,1825.565942
547.683646,101,1825.612916
683.186616,121,1825.666131
404.336082,76,1825.69885
574.691054,105,1825.744404
761.754535,142,1825.807789
525.010737,96,1825.851929
584.755133,113,1825.901345
440.207327,87,1825.940019
619.525791,115,1825.99091
491.111369,92,1826.030598
619.633843,119,1826.085326
468.518226,87,1826.124993
463.341511,87,1826.16608
386.144606,73,1826.196994
482.573081,91,1826.239876
459.699791,88,1826.279327
558.742545,102,1826.326189
473.431869,89,1826.365968
559.054804,102,1826.412636
651.786346,120,1826.468409
493.556693,100,1827.06196
644.650056,119,1827.113924
474.490229,91,1827.154331
408.686883,83,1827.188224
579.176143,105,1827.233403
694.348651,126,1827.287022
786.630207,148,1827.354505
530.256472,106,1827.401053
615.814688,117,1827.453048
344.819939,69,1827.48369
216.147803,48,1827.502246
704.392955,132,1827.56235
630.44153,130,1827.618926
694.245826,127,1827.673153
489.891673,94,1827.711585
482.997516,90,1827.750084
483.533439,96,1827.791002
408.935712,76,1827.824361
321.002844,62,1827.851062
378.513817,80,1827.886215
428.184371,83,1827.92023
498.575954,95,1828.421896
650.576508,124,1828.475494
406.489679,89,1828.511516
519.25447,107,1828.558142
521.829841,100,1828.601446
822.547408,154,1828.671142
514.14226,96,1828.712658
438.97878,81,1828.750073
562.523393,103,1828.799447
667.181639,131,1828.857557
473.597261,93,1828.899759
498.736824,92,1828.941061
403.147607,81,1828.97539
633.575228,118,1829.027467
524.80097,98,1829.070647
452.543831,84,1829.108899
458.781945,89,1829.146839
663.256077,121,1829.199207
529.065644,97,1829.23941
517.234508,96,1829.281781
568.995912,103,1829.785437
475.538732,88,1829.822303
829.856305,153,1829.887744
565.583142,110,1829.934053
594.054589,108,1829.983121
571.309596,110,1830.032006
704.551834,134,1830.089812
607.916297,112,1830.139992
478.338753,95,1830.181711
438.466899,83,1830.218129
472.192496,98,1830.259501
561.294391,105,1830.305478
414.193366,78,1830.338621
428.759574,87,1830.376921
607.498246,111,1830.425551
477.207442,86,1830.46207
714.948933,133,1830.520485
566.228991,110,1830.569321
413.169568,76,1830.601871
528.430501,97,1831.128756
502.191121,93,1831.171486
474.054532,96,1831.212808
442.944556,82,1831.248055
518.853392,105,1831.293839
620.883933,120,1831.347476
579.065745,119,1831.39819
510.696081,94,1831.439706
497.572562,98,1831.482075
565.039987,112,1831.531383
547.103708,100,1831.574965
740.653266,137,1831.634833
469.422778,88,1831.67277
523.129277,96,1831.714867
762.310792,141,1831.777048
603.52364,110,1831.824268
423.836469,78,1831.859369
651.339781,119,1831.912585
447.220642,84,1831.94881
479.562037,91,1832.004354
509.790959,93,1832.551487
839.610559,152,1832.620435
643.833992,115,1832.671462
411.8739,78,1832.706387
439.683462,87,1832.744827
308.442521,71,1832.774378
415.934823,79,1832.809409
378.523394,79,1832.843374
422.36254,82,1832.879845
467.820999,92,1832.920543
515.354717,100,1832.964632
434.158371,85,1833.002773
572.932271,111,1833.05146
591.932217,107,1833.098663
455.401202,88,1833.135886
470.618487,89,1833.174473
521.558708,96,1833.217207
632.787918,120,1833.271043
478.585787,89,1833.31125
521.885467,103,1833.356429
409.945603,87,1833.394443
638.359366,118,1833.891153
550.365658,104,1833.936945
484.921415,89,1833.978461
360.797336,74,1834.010882
376.082224,74,1834.044138
413.808997,81,1834.0822
586.826922,110,1834.13294
683.874682,125,1834.189479
475.209863,88,1834.228513
641.975159,118,1834.281022
387.318502,79,1834.315849
810.494505,148,1834.382043
460.348712,86,1834.420203
502.748181,93,1834.462031
582.721602,110,1834.51147
402.327577,76,1834.545943
490.955285,96,1834.588859
625.745337,114,1834.642448
347.419322,69,1834.673665
514.081097,96,1834.716892
511.75249,105,1834.7649
509.967903,95,1834.80699
616.595132,112,1835.350258
529.835038,97,1835.39619
676.070731,129,1835.454818
490.695205,99,1835.50058
460.166014,86,1835.539472
533.941926,100,1835.586037
509.092808,100,1835.631351
514.169488,102,1835.675281
559.598036,109,1835.723968
439.741675,84,1835.763459
398.515574,87,1835.800666
512.692842,97,1835.845246
398.896216,76,1835.877178
485.049412,96,1835.920164
473.335424,98,1835.962401
600.192134,111,1836.012448
546.546489,104,1836.060985
382.192127,78,1836.094808
475.420985,90,1836.134897
417.978237,84,1836.17507
869.948555,158,1836.711085
530.599236,112,1836.761373
496.058362,92,1836.802923
642.516579,123,1836.859574
444.858598,86,1836.897319
443.2348,84,1836.933441
492.753619,92,1836.974618
573.254905,105,1837.021342
568.164607,104,1837.065548
744.063925,137,1837.125913
760.694101,139,1837.187051
594.465326,113,1837.235803
483.641845,96,1837.278825
719.157669,137,1837.341274
516.698138,101,1837.385525
490.406765,97,1837.430616
329.544991,66,1837.458274
375.039134,72,1837.49028
484.271797,91,1837.536185
414.114693,83,1837.573082
513.841329,94,1838.08488
468.52654,88,1838.123932
333.097028,63,1838.151257
412.14623,79,1838.186567
532.821784,97,1838.228453
607.301451,116,1838.280848
503.495088,95,1838.322931
601.228694,126,1838.378212
507.478143,103,1838.424302
779.921828,143,1838.489594
575.3939,107,1838.539545
624.969712,116,1838.589935
422.224324,78,1838.625195
400.496841,79,1838.661283
468.023697,97,1838.702678
477.418242,92,1838.743314
693.695306,134,1838.805327
526.538049,100,1838.851404
559.270536,106,1838.899637
485.944838,96,1838.941563
466.315148,86,1838.982399
759.781133,142,1839.626488
433.225958,84,1839.662549
810.885611,158,1839.729818
521.482312,105,1839.775441
414.359486,78,1839.808846
571.307838,106,1839.854999
560.779613,103,1839.900333
565.598104,105,1839.946214
514.579768,94,1839.987563
423.710689,88,1840.025591
467.013527,89,1840.064884
451.814234,86,1840.102142
494.706243,93,1840.141885
461.488498,86,1840.179739
441.270448,88,1840.217033
591.456378,112,1840.265319
515.583925,95,1840.306425
485.679182,100,1840.349224
475.612432,87,1840.386558
488.906706,94,1840.429697
453.561611,83,1840.464763
398.276416,75,1840.934066
852.405787,156,1841.001784
405.02845,81,1841.035877
530.679579,97,1841.078534
464.07895,90,1841.122272
541.017233,103,1841.167962
518.615179,100,1841.212846
317.327205,65,1841.239239
744.530221,143,1841.301911
657.158017,125,1841.356412
445.205679,86,1841.39303
488.064129,90,1841.432184
466.341603,86,1841.470179
631.928762,124,1841.525428
465.452961,96,1841.56657
449.184658,85,1841.604644
495.586481,97,1841.647193
545.289681,102,1841.69161
553.111055,106,1841.736714
581.223582,110,1841.786594
477.783527,89,1842.501402
732.880675,134,1842.559929
544.044598,103,1842.605179
415.519621,78,1842.63911
611.133713,117,1842.692004
701.85212,134,1842.749831
493.667919,92,1842.79039
815.800075,150,1842.85521
464.271646,88,1842.893394
316.158601,66,1842.919646
486.005925,89,1842.957576
459.472834,86,1842.994954
551.053285,99,1843.038476
575.856871,110,1843.083918
449.77587,91,1843.123345
555.711808,101,1843.168853
633.894667,117,1843.219661
1138.931394,225,1843.316832
637.656632,119,1843.84162
468.508012,96,1843.881854
557.199571,104,1843.925339
581.935124,107,1843.971433
531.700387,97,1844.015091
555.336456,104,1844.062748
560.526731,102,1844.106499
497.664717,93,1844.148457
473.072334,92,1844.18863
567.695264,118,1844.240116
427.164485,79,1844.273933
488.178957,96,1844.31579
526.786626,100,1844.358031
540.907865,100,1844.400842
598.907392,111,1844.448584
312.333309,63,1844.474072
511.938398,95,1844.514616
586.438117,112,1844.562689
460.502532,84,1844.598048
499.553855,91,1844.63713
615.789499,115,1844.686504
457.767369,96,1845.3319
737.040061,137,1845.393966
533.535683,103,1845.440658
528.342854,98,1845.484117
888.890258,168,1845.560021
558.147367,106,1845.606563
452.864238,90,1845.645778
517.717624,97,1845.68989
491.078931,95,1845.734725
431.557265,83,1845.771662
504.046881,92,1845.812432
721.732117,157,1845.885078
489.677462,94,1845.926666
639.485732,125,1845.98123
500.637163,91,1846.021526
496.971381,93,1846.06206
562.905116,106,1846.110436
522.244182,98,1846.152633
497.505384,93,1846.193662
343.174464,66,1846.221642
527.906387,106,1846.741212
445.286854,90,1846.781309
435.350614,88,1846.819824
546.297717,101,1846.864433
653.806319,123,1846.919396
842.092696,162,1846.989679
441.625942,83,1847.025049
588.432443,108,1847.07216
499.135177,103,1847.119298
483.237993,93,1847.160681
529.71373,99,1847.205814
460.168573,94,1847.256258
449.448281,88,1847.295809
597.352422,110,1847.345679
824.449787,156,1847.416977
580.991631,107,1847.46318
557.573167,119,1847.513699
789.88614,157,1847.583395
512.95641,99,1847.625649
456.24427,84,1849.400971
629.31271,119,1849.453148
647.498203,123,1849.50543
668.738302,124,1849.561206
601.989017,119,1849.614861
489.33336,96,1849.658363
511.965369,94,1849.700236
812.881936,158,1849.76884
529.804075,103,1849.813462
699.989559,128,1849.86929
486.627504,95,1849.913262
538.594114,100,1849.958906
631.410091,114,1850.008083
438.382363,81,1850.043922
545.733791,105,1850.090203
480.754373,90,1850.129081
583.316922,106,1850.174301
418.935521,84,1850.211264
379.142843,71,1850.241155
405.081476,81,1850.85337
433.93567,82,1850.892031
410.156757,85,1850.928935
495.845675,102,1850.973709
700.676796,133,1851.033007
483.336424,92,1851.073497
488.586903,88,1851.112279
725.85782,134,1851.172278
498.732626,93,1851.213474
292.482673,59,1851.237903
452.323979,92,1851.276153
514.170336,103,1851.322598
499.681947,91,1851.362446
634.843253,115,1851.413887
440.346646,90,1851.45301
447.314532,83,1851.489268
514.049755,94,1851.530849
548.658677,101,1851.576329
386.330108,84,1851.611797
456.914543,88,1851.651557
472.261333,95,1851.693129
544.474612,101,1851.737599
404.442137,76,1852.23858
499.222021,93,1852.280401
473.04328,90,1852.320148
511.238849,94,1852.361249
385.73129,80,1852.396517
739.604633,143,1852.458343
551.87055,102,1852.505106
719.575476,137,1852.567642
516.973663,98,1852.610215
610.028648,113,1852.660468
365.026301,70,1852.691275
357.291642,70,1852.721217
491.966533,103,1852.766381
456.587315,84,1852.803507
439.595474,82,1852.839784
419.610126,85,1852.876242
467.388374,86,1852.914115
804.051256,155,1852.982743
379.639293,78,1853.016437
502.998939,93,1853.057159
487.07445,91,1853.09706
780.177888,140,1853.686538
536.164313,110,1853.735851
490.406023,95,1853.77839
518.678491,95,1853.818407
508.1787,97,1853.862112
707.288945,131,1853.919619
434.110364,82,1853.955567
663.484197,123,1854.010723
453.292402,87,1854.049008
606.356727,109,1854.096691
390.503029,73,1854.128143
606.458775,112,1854.176842
502.074861,97,1854.219615
417.401156,77,1854.252158
370.52164,69,1854.282094
762.146119,141,1854.357958
442.184282,94,1854.399618
500.54716,95,1854.443348
888.706701,163,1854.518128
494.235858,98,1854.560208
419.89126,77,1855.03335
381.060379,72,1855.064686
487.755691,89,1855.103322
490.866849,90,1855.141988
433.665662,81,1855.176824
682.356141,137,1855.235599
651.037957,117,1855.286605
464.762774,88,1855.322077
427.175362,81,1855.357717
344.78757,68,1855.387248
490.386399,93,1855.426823
541.415355,110,1855.474503
549.150455,104,1855.519855
399.537281,81,1855.555093
560.324312,105,1855.601262
524.845603,97,1855.64303
759.831014,142,1855.703941
508.868261,95,1855.745018
501.812057,97,1855.787877
485.789957,93,1855.827163
422.27482,83,1855.862771
638.099631,120,1856.407151
444.923076,83,1856.442528
550.78824,99,1856.484771
592.992838,108,1856.531884
483.711571,89,1856.571142
448.597639,90,1856.609886
527.971371,98,1856.653447
554.543214,102,1856.697461
541.360835,102,1856.741373
818.435353,157,1856.811004
490.377074,91,1856.850651
434.7651,84,1856.88731
455.488399,91,1856.926865
671.758689,123,1856.981426
586.715309,107,1857.027242
330.377445,64,1857.053343
524.95404,111,1857.101078
651.42423,122,1857.15397
662.380009,129,1857.209749
632.893095,123,1857.260059
461.649344,85,1857.758625
866.930915,164,1857.834238
517.741552,101,1857.878709
807.109265,148,1857.943981
531.058495,97,1857.985299
455.856015,92,1858.026081
488.90109,91,1858.065605
588.652056,106,1858.111953
611.981382,119,1858.163058
472.91004,87,1858.201484
539.500759,99,1858.245547
502.181462,93,1858.28562
485.72615,92,1858.325518
539.031309,105,1858.370851
488.455105,92,1858.410885
474.439517,87,1858.447822
543.08785,100,1858.492553
575.364431,106,1858.539234
413.139501,82,1858.574544
401.577795,79,1858.607199
532.081313,98,1859.109792
777.006525,142,1859.172304
566.672581,106,1859.219674
460.200822,87,1859.255622
889.421777,170,1859.328045
480.382203,89,1859.370415
562.728173,102,1859.417054
447.917612,84,1859.453266
478.004027,89,1859.491883
867.138995,161,1859.562242
556.432196,109,1859.609237
719.390254,134,1859.664929
655.031096,122,1859.718995
584.248242,119,1859.771496
475.072331,89,1859.81003
521.966576,96,1859.851968
520.667932,101,1859.894864
515.372705,98,1859.938053
550.225667,101,1860.43606
535.80436,98,1860.47964
532.303222,101,1860.524299
731.148111,135,1860.582796
442.538482,84,1860.620359
498.326284,96,1860.661263
746.75247,138,1860.721804
510.925471,101,1860.764981
439.330194,83,1860.80114
430.286386,81,1860.836558
543.23927,106,1860.882563
462.462934,86,1860.918814
645.331133,122,1860.97103
725.242573,132,1861.02955
470.538578,94,1861.070353
881.215724,166,1861.142276
394.273411,73,1861.172051
666.579758,125,1861.227086
422.015536,88,1861.26586
792.723564,146,1861.795278
371.857986,76,1861.829373
539.220908,98,1861.872011
508.764946,93,1861.911607
557.512304,102,1861.956494
590.81928,111,1862.004776
558.372269,103,1862.048501
659.047253,121,1862.10138
514.574681,98,1862.144619
577.493119,114,1862.19548
544.159319,100,1862.239206
482.188725,88,1862.277028
581.410609,107,1862.322215
464.358598,85,1862.359342
702.349331,143,1862.425511
467.712294,94,1862.465851
555.701129,104,1862.510897
816.903714,162,1862.585608
738.993628,136,1862.644846
419.899007,84,1862.67975
821.80612,152,1863.214638
433.740118,81,1863.24945
411.361132,87,1863.285888
546.222531,101,1863.328768
509.134647,93,1863.37092
509.440518,96,1863.411134
563.660774,106,1863.457445
561.440355,114,1863.506044
439.073405,81,1863.540416
621.887463,122,1863.593939
842.204596,153,1863.658975
582.038976,108,1863.705679
504.910485,93,1863.746678
582.156358,107,1863.794122
378.741254,73,1863.824798
489.574253,92,1863.864788
701.104805,130,1863.922737
449.246242,87,1863.960582
396.407456,76,1863.993477
409.097409,84,1864.029703
671.3666,129,1864.52965
312.703678,58,1864.554139
614.263556,115,1864.604527
488.295731,90,1864.64275
794.701268,147,1864.70643
805.369301,151,1864.771795
410.068693,83,1864.807902
463.68323,89,1864.848644
542.400852,107,1864.896943
643.863711,117,1864.948774
516.74147,94,1864.989703
505.10556,104,1865.035195
464.001763,88,1865.074039
527.145259,98,1865.117785
407.757959,80,1865.15169
619.847425,119,1865.20341
595.579097,112,1865.25367
534.982345,103,1865.300159
475.731644,92,1865.34479
550.544258,101,1866.16685
441.850274,88,1866.20652
380.711298,77,1866.240404
463.152018,91,1866.282447
575.111729,107,1866.332319
492.462104,90,1866.373085
520.129662,96,1866.415902
460.203042,84,1866.452379
479.831421,94,1866.492779
437.887746,83,1866.529476
815.528159,150,1866.595807
525.606262,97,1866.638611
889.745029,173,1866.714522
603.640298,109,1866.761541
643.98141,118,1866.812844
402.964465,75,1866.844931
373.464323,71,1866.875121
553.823913,102,1866.919884
429.152001,81,1866.95348
319.080209,62,1866.980137
451.22805,86,1867.017494
509.301775,95,1867.059075
758.40632,137,1867.6074
486.034386,92,1867.646072
514.547979,100,1867.688753
559.412627,102,1867.733268
543.122793,103,1867.780064
746.432734,138,1867.839991
830.028656,153,1867.90766
586.075262,109,1867.954915
553.47504,108,1868.002464
483.522894,93,1868.043476
505.271899,101,1868.08662
462.256411,84,1868.122817
514.61477,102,1868.167055
654.569055,132,1868.223891
470.620687,93,1868.26425
499.265008,109,1868.309572
454.718824,85,1868.347303
473.606507,88,1868.385977
470.680187,87,1868.425037
471.965673,88,1869.063855
534.969217,104,1869.108602
569.423058,105,1869.154722
487.515348,93,1869.196671
507.076503,97,1869.237939
542.58512,101,1869.280997
760.850121,144,1869.34396
689.588185,128,1869.399286
448.481978,82,1869.435474
634.413367,118,1869.490034
604.329904,113,1869.541135
683.717128,123,1869.593103
548.497959,102,1869.638238
671.197398,124,1869.694296
397.082143,75,1869.725743
505.782491,94,1869.766336
487.259353,90,1869.805969
765.295788,141,1869.867932
455.912581,83,1869.904552
491.936315,95,1870.401917
539.24479,100,1870.446973
637.488464,122,1870.502092
486.970352,91,1870.541792
492.558594,100,1870.58481
547.368031,99,1870.629444
523.409933,97,1870.673517
453.64975,93,1870.730151
451.395597,84,1870.767156
789.394157,150,1870.832314
465.234455,87,1870.87119
607.275457,111,1870.919886
444.038151,82,1870.95549
411.284799,77,1870.98955
502.987154,92,1871.028903
617.635751,111,1871.076672
505.385353,95,1871.1185
396.839843,76,1871.151918
553.019665,102,1871.195894
480.49319,88,1871.234904
372.557803,72,1871.265146
645.590617,117,1871.758326
548.416292,106,1871.805363
437.727591,81,1871.841516
626.591902,121,1871.896346
465.394326,86,1871.934172
291.220005,58,1871.958461
448.456297,88,1871.99623
854.360335,157,1872.066629
477.223865,87,1872.102876
525.499201,97,1872.147202
376.000281,72,1872.17838
607.336711,110,1872.226368
512.868176,94,1872.267965
509.813737,95,1872.309373
491.932095,91,1872.348743
555.277021,104,1872.394245
535.103266,98,1872.436689
627.245407,134,1872.493718
711.564986,149,1872.558429
579.370889,108,1872.606179
483.87462,90,1872.646902
607.455588,115,1873.179124
760.171186,137,1873.239863
579.549665,106,1873.286079
769.413664,146,1873.349683
436.297602,87,1873.388764
609.235625,123,1873.441517
608.988597,118,1873.492694
502.330835,95,1873.534299
487.696634,95,1873.575097
434.708385,79,1873.609146
290.452545,55,1873.631747
779.381821,140,1873.691677
602.454878,110,1873.739065
580.087736,111,1873.788479
647.678672,120,1873.841923
498.613171,95,1873.884078
474.73941,87,1873.920515
531.438297,98,1873.963449
403.029929,77,1873.996498
651.977126,120,1874.491786
571.858766,104,1874.537489
510.630883,97,1874.579252
402.453616,77,1874.61342
708.696921,130,1874.668856
642.594807,123,1874.720893
438.631928,81,1874.756115
509.526783,101,1874.799649
539.284317,98,1874.842731
640.598472,119,1874.895637
536.607146,98,1874.937621
429.329366,79,1874.971037
525.367215,96,1875.012311
557.335073,102,1875.055843
635.592966,120,1875.112854
484.476849,99,1875.156631
731.800825,138,1875.216197
575.565925,109,1875.264303
667.352156,123,1875.320822
316.211496,65,1875.347803
535.221524,99,1875.84374
415.745621,83,1875.880445
714.20447,130,1875.937727
498.577944,92,1875.977674
575.268401,107,1876.023609
541.7395,102,1876.067675
508.487092,94,1876.109359
432.9253,80,1876.144153
576.829688,110,1876.192089
482.90292,89,1876.231509
622.933687,120,1876.281801
505.504029,94,1876.321663
437.135451,80,1876.355548
421.132427,79,1876.38973
448.201527,83,1876.425244
564.974976,106,1876.471415
525.209681,97,1876.512684
498.183842,91,1876.552919
495.310585,97,1876.59421
634.311048,121,1876.646756
535.093285,108,1876.694389
457.864278,85,1877.17737
519.01533,96,1877.219493
504.448298,94,1877.259818
803.306139,152,1877.327954
564.299921,103,1877.370266
502.829059,92,1877.410073
533.711651,97,1877.451877
510.931175,95,1877.493925
507.519869,97,1877.535365
415.783071,78,1877.568451
405.78249,80,1877.602641
555.03411,113,1877.651097
520.905041,97,1877.694701
484.258617,90,1877.734147
565.651151,103,1877.77745
507.860575,92,1877.817631
518.394443,95,1877.858535
500.395519,92,1877.898035
560.365041,101,1877.941688
479.893611,95,1877.983156
476.349226,89,1878.022527
469.691782,87,1878.889369
453.95887,91,1878.929358
721.897516,135,1878.98865
496.205433,92,1879.028969
395.04622,79,1879.062131
452.748793,86,1879.100037
547.606044,101,1879.14336
492.679542,91,1879.182292
412.095406,78,1879.214435
425.385097,79,1879.248876
475.590656,100,1879.291282
457.013511,86,1879.328103
557.674333,102,1879.371913
490.24632,90,1879.41042
488.45574,99,1879.453126
523.451723,96,1879.495832
709.741939,130,1879.552128
558.970035,107,1879.59799
472.407916,94,1879.639017
602.17776,112,1879.685972
478.063834,88,1879.724256
595.181835,109,1880.253878
465.148924,86,1880.290572
411.016407,76,1880.323772
535.385356,98,1880.368093
617.909342,126,1880.423795
413.130093,86,1880.461074
501.431046,93,1880.502472
565.037104,105,1880.548131
434.132802,81,1880.584241
753.862677,143,1880.648851
353.989752,69,1880.680018
485.681018,91,1880.719791
544.102712,100,1880.763659
525.01439,102,1880.808014
467.123048,90,1880.846448
519.003321,97,1880.889391
495.162562,93,1880.930053
558.085635,103,1880.976748
525.369281,101,1881.019358
754.549303,141,1881.080503
618.079332,114,1881.71844
519.661575,100,1881.761668
430.011982,79,1881.795704
714.295688,137,1881.855523
591.409136,108,1881.908711
526.953819,99,1881.964102
557.33795,101,1882.008596
534.978003,102,1882.054126
659.881622,120,1882.105654
502.360658,94,1882.145675
361.914493,69,1882.174885
506.162458,93,1882.216108
474.214923,87,1882.254662
853.151016,158,1882.323218
622.09759,120,1882.375087
508.359066,95,1882.416341
678.052179,128,1882.471032
612.813015,112,1882.520214
955.714302,177,1882.598918
343.510582,65,1882.629176
561.273334,105,1883.295218
516.885442,102,1883.341308
404.141263,82,1883.379354
467.874403,91,1883.418612
456.467772,87,1883.45698
569.83838,109,1883.504718
611.24695,125,1883.558672
338.66012,65,1883.587296
467.784906,86,1883.623884
656.222903,118,1883.676284
669.268105,124,1883.731287
449.728768,83,1883.768466
491.007074,89,1883.806671
523.857747,106,1883.852441
583.198677,107,1883.898818
705.397527,129,1883.955852
619.666288,116,1884.006419
560.943775,103,1884.052094
651.644771,135,1884.113458
558.232126,104,1884.606655
747.142715,139,1884.667691
531.753939,97,1884.710105
533.703318,101,1884.75452
638.739955,119,1884.806209
539.878845,109,1884.853109
429.525812,81,1884.890636
687.398708,134,1884.949347
497.998771,93,1884.989638
513.701491,95,1885.032949
623.280356,121,1885.086296
570.969731,106,1885.132663
493.123951,97,1885.17447
419.667643,77,1885.208708
435.782148,85,1885.247488
450.036965,84,1885.284182
591.583969,111,1885.33115
416.501219,83,1885.368172
539.02244,99,1885.410434
537.274467,102,1885.454757
464.905001,88,1885.492625
703.068935,134,1885.993065
589.781085,121,1886.046278
589.828151,111,1886.093819
589.581244,110,1886.142705
476.536143,88,1886.181075
621.908649,119,1886.232564
663.521863,134,1886.288924
536.453063,101,1886.333991
577.613391,111,1886.381446
550.358391,104,1886.426122
476.118705,87,1886.46346
418.527636,79,1886.498696
515.897881,96,1886.540638
580.057141,121,1886.593106
504.228489,94,1886.634244
744.692708,137,1886.694379
552.313711,103,1886.739112
527.91083,99,1886.78278
457.462486,86,1886.820544
612.901946,119,1887.326193
887.330466,167,1887.399966
540.726351,101,1887.444784
855.675168,158,1887.51274
383.920269,77,1887.54451
653.35078,117,1887.594732
392.383945,74,1887.625927
763.280405,137,1887.684306
485.616312,89,1887.721055
419.720848,79,1887.75575
545.893904,103,1887.801108
458.334479,84,1887.836089
445.958506,84,1887.873459
416.670101,85,1887.9101
565.542518,101,1887.953566
451.917137,84,1887.989463
608.748252,111,1888.03793
417.665451,76,1888.072726
625.095991,118,1888.125261
465.708611,91,1888.164202
529.294626,99,1888.643583
615.086005,115,1888.693856
561.7373,113,1888.743332
582.682328,106,1888.789379
610.987762,112,1888.837365
458.715913,86,1888.874974
539.005052,102,1888.919966
373.918489,70,1888.950763
462.58514,86,1888.98693
579.157904,106,1889.033044
329.8206,64,1889.059027
619.205057,130,1889.114883
564.663125,104,1889.159231
506.336278,95,1889.199817
414.106882,81,1889.234942
487.511953,95,1889.275955
455.467038,85,1889.312672
543.288204,100,1889.357512
563.860806,115,1889.406918
686.690025,127,1889.463823
365.249168,69,1889.493236
450.475807,81,1889.962827
578.759615,116,1890.01257
477.664827,95,1890.052607
567.692258,103,1890.0969
511.9202,96,1890.138473
503.988853,101,1890.182136
380.811748,71,1890.213103
376.261553,71,1890.243156
421.830997,78,1890.276042
561.935206,112,1890.324038
426.618419,81,1890.359592
344.152592,65,1890.388485
489.050897,91,1890.428885
439.357107,81,1890.46402
409.090674,77,1890.49681
377.672312,73,1890.52687
546.044121,101,1890.571472
493.930721,90,1890.610455
457.374132,90,1890.650682
545.467127,101,1890.695045
475.455636,89,1890.734571
542.354813,102,1890.778999
441.176971,84,1890.815709
517.702239,103,1891.333634
489.722714,91,1891.389342
564.394357,111,1891.438461
803.882233,152,1891.504261
472.917645,88,1891.541877
417.082715,79,1891.576174
629.394192,114,1891.626498
451.200318,87,1891.664144
444.155522,84,1891.700268
468.884842,87,1891.736563
530.70347,100,1891.779716
518.499423,97,1891.821471
561.358765,105,1891.867536
668.807831,128,1891.923113
551.471146,103,1891.968136
587.341911,118,1892.019728
385.572853,74,1892.050558
433.228524,80,1892.08541
556.333927,103,1892.130892
655.205332,122,1892.184548
524.224455,95,1892.700438
542.359132,103,1892.745532
548.49433,99,1892.787508
540.882705,109,1892.836032
355.341559,67,1892.864428
372.402676,72,1892.895968
537.654198,105,1892.942247
349.536793,69,1892.971958
523.355396,99,1893.015847
498.551186,96,1893.056471
466.223488,92,1893.095093
591.116116,107,1893.141085
397.544977,75,1893.173093
403.845494,78,1893.207787
482.551342,92,1893.247109
711.276225,136,1893.308073
508.733857,93,1893.347827
528.12789,103,1893.392992
432.759345,80,1893.428367
481.511024,91,1893.466332
376.964215,71,1893.49694
534.725659,100,1893.540425
462.709622,87,1894.081905
524.367851,98,1894.125371
579.470961,107,1894.173867
449.840262,91,1894.215573
654.815827,131,1894.27364
460.547716,88,1894.313294
489.112567,93,1894.35409
465.576873,85,1894.390979
634.358997,117,1894.441129
591.846604,111,1894.488727
521.386233,97,1894.530007
625.899948,115,1894.580351
536.361775,100,1894.623329
401.740919,84,1894.658976
538.465492,100,1894.702602
521.072669,96,1894.743488
530.117088,97,1894.785954
719.663236,132,1894.844148
676.48551,124,1894.89824
421.747574,84,1894.934188
535.956415,100,1895.442573
495.729493,94,1895.485192
478.545541,93,1895.523471
510.994853,110,1895.57045
508.192681,103,1895.61492
444.582113,82,1895.650409
464.228266,86,1895.687744
765.37804,141,1895.746991
591.576165,119,1895.798632
468.320555,87,1895.836226
445.418597,82,1895.871828
414.802777,77,1895.904666
499.168775,91,1895.943112
480.21231,88,1895.980853
652.783192,122,1896.033599
480.83409,96,1896.075988
695.154653,129,1896.131887
571.83685,108,1896.178758
599.328013,116,1896.230669
712.947162,143,1896.294309
528.71117,98,1897.345617
552.375823,104,1897.390679
664.201217,120,1897.442865
506.229231,93,1897.48332
315.306055,61,1897.510512
607.440159,110,1897.559063
496.094577,92,1897.599052
655.486914,124,1897.654158
522.711143,97,1897.696888
438.492041,85,1897.733883
502.663728,94,1897.774326
382.283193,71,1897.804782
487.803207,93,1897.845864
528.520354,103,1897.891221
529.018762,101,1897.937109
679.743541,137,1897.995187
765.692769,140,1898.055642
621.910592,114,1898.104573
518.173383,95,1898.145328
441.813235,82,1898.180524
689.760174,128,1898.69235
404.414781,75,1898.725041
608.361916,118,1898.775609
753.952696,151,1898.840952
533.81778,101,1898.885399
587.808015,112,1898.934927
457.256608,91,1898.975095
451.74937,84,1899.010983
427.077067,82,1899.04763
515.554476,96,1899.091007
409.30355,77,1899.12482
352.492517,70,1899.155866
487.033555,88,1899.195022
472.742067,89,1899.233546
455.558411,85,1899.271399
595.640096,114,1899.322401
489.238441,91,1899.362063
569.178526,105,1899.407574
602.43611,115,1899.456397
610.204322,117,1899.508099
538.51307,106,1899.555612
443.012081,85,1900.148263
584.532367,107,1900.205709
540.536409,106,1900.25445
471.501792,88,1900.295065
570.986176,107,1900.342939
735.919278,144,1900.410473
492.031853,93,1900.450423
568.543455,109,1900.498163
420.165333,78,1900.533137
519.148211,102,1900.578729
348.892331,65,1900.606919
534.966186,109,1900.653633
443.821206,81,1900.689579
418.861627,79,1900.724976
523.574851,105,1900.770896
716.260728,133,1900.830251
665.115984,130,1900.890143
458.32516,86,1900.930331
552.31716,109,1900.980033
710.572592,131,1901.040878
598.398777,109,1901.594828
435.906466,82,1901.630084
578.254659,109,1901.677722
537.381192,105,1901.724258
494.754317,94,1901.766147
357.346849,69,1901.797729
669.397453,123,1901.852045
455.927625,85,1901.88853
546.865783,103,1901.933359
538.088824,100,1901.974731
498.738403,94,1902.014918
482.676007,90,1902.054418
468.253275,87,1902.092701
590.833066,117,1902.145154
631.933562,116,1902.1964
369.989794,71,1902.227658
376.714976,71,1902.259568
449.814442,83,1902.295578
527.563542,97,1902.337694
474.277462,90,1902.376497
828.463446,155,1902.44436
625.617441,117,1903.016848
442.308337,81,1903.052678
475.152009,86,1903.090057
550.459818,104,1903.136096
634.937403,118,1903.18888
491.02549,92,1903.230242
409.043699,78,1903.264375
507.123782,98,1903.30722
395.920177,82,1903.344834
410.022331,77,1903.378598
424.718864,91,1903.418774
474.852426,90,1903.45854
602.738824,114,1903.508653
541.25463,99,1903.551843
490.161495,99,1903.595909
533.062949,101,1903.639793
587.972117,124,1903.693299
553.628789,105,1903.740028
487.916226,91,1903.780878
459.975082,87,1903.819552
587.626491,118,1903.871393
580.358843,104,1904.391733
400.409152,75,1904.424634
510.036998,94,1904.466337
406.090844,76,1904.498758
437.201069,86,1904.536116
577.907939,106,1904.582849
528.411581,106,1904.628663
478.833586,89,1904.668658
439.090567,82,1904.704633
608.694964,116,1904.75663
477.476331,93,1904.798196
449.318738,85,1904.835891
467.592318,90,1904.874859
488.265289,100,1904.917834
487.073152,92,1904.959705
518.538042,102,1905.005233
435.526556,83,1905.042675
570.48212,104,1905.089679
423.689062,80,1905.124709
415.384302,81,1905.160186
522.513698,98,1905.203832
494.163848,92,1905.24487
554.346769,105,1905.91076
618.672026,112,1905.96445
553.882951,103,1906.012586
445.002203,83,1906.05069
435.514158,87,1906.089943
730.389915,145,1906.15576
630.495847,117,1906.208462
423.156097,80,1906.24402
500.668115,108,1906.292675
579.330404,116,1906.343752
378.879083,70,1906.375857
464.571101,87,1906.414832
517.731149,97,1906.457737
689.943959,131,1906.51686
438.654976,85,1906.556005
390.160749,74,1906.587393
460.292814,87,1906.625484
479.077157,95,1906.669432
614.654441,120,1906.722605
446.592035,83,1906.759276
436.11211,82,1906.7974
418.346953,80,1907.485568
546.17108,102,1907.53263
460.556435,87,1907.570369
502.551152,100,1907.613088
605.166505,113,1907.662253
442.634384,89,1907.701136
501.001047,92,1907.741909
298.78304,61,1907.766745
473.286662,93,1907.807436
521.235673,96,1907.848699
469.497148,91,1907.889042
448.183745,83,1907.924585
527.156521,99,1907.967661
536.550908,104,1908.013908
626.266666,116,1908.066825
554.097967,111,1908.114035
335.831599,65,1908.141318
485.629828,90,1908.178789
356.189784,70,1908.210253
424.451551,80,1908.244658
478.378304,95,1908.285419
503.084858,93,1908.326004
701.541048,127,1908.999281
465.264213,92,1909.039568
660.702951,129,1909.095267
560.558414,103,1909.139766
488.204604,95,1909.18418
611.595698,125,1909.239557
500.751663,93,1909.281445
349.176945,66,1909.31052
457.793994,89,1909.34755
509.864726,104,1909.393542
409.345372,76,1909.426818
497.15171,93,1909.465551
496.237013,100,1909.508823
467.461742,94,1909.549629
278.09133,57,1909.574521
340.443281,65,1909.603797
558.059397,109,1909.651046
777.954758,164,1909.725322
428.999693,81,1909.761989
503.170902,107,1909.808836
531.836628,107,1909.85565
411.659598,80,1910.38191
421.818973,80,1910.416915
312.73719,59,1910.443221
545.075858,100,1910.487853
400.344884,81,1910.523333
521.780924,96,1910.564013
387.848069,76,1910.598737
468.467421,88,1910.636786
465.069227,91,1910.677632
510.234571,100,1910.721452
532.296131,100,1910.766797
509.193593,99,1910.80956
607.900719,112,1910.858979
376.843657,74,1910.891132
402.850535,77,1910.924179
724.899248,157,1910.993943
591.137392,109,1911.040633
474.42005,91,1911.08101
441.10272,88,1911.119255
391.177763,77,1911.151633
517.529044,100,1911.193304
402.412383,75,1911.225901
582.216909,122,1911.756399
504.966981,93,1911.797227
734.236304,140,1911.86225
578.680417,106,1911.909056
601.257096,113,1911.957456
411.093648,83,1911.994016
1192.322041,221,1912.090633
520.282583,111,1912.139298
452.469503,85,1912.177385
420.027241,80,1912.211703
577.211925,106,1912.258488
473.108594,87,1912.298114
601.387196,112,1912.346841
513.035574,96,1912.389473
609.223276,122,1912.44452
591.959329,113,1912.493955
373.854591,74,1912.525844
446.303195,82,1912.561571
710.756493,137,1912.621566
1110.789101,201,1913.254208
508.524397,99,1913.298288
517.398357,101,1913.34222
459.906427,93,1913.383453
451.548333,84,1913.419135
416.522836,78,1913.45262
510.564829,98,1913.494882
425.186466,83,1913.531313
656.627197,121,1913.584132
275.044876,54,1913.608312
456.147993,85,1913.64553
465.322404,95,1913.687408
455.463259,88,1913.724598
617.791467,116,1913.77512
541.682277,100,1913.818524
653.268832,125,1913.871896
617.206116,113,1913.921867
556.658732,116,1913.973077
470.547591,89,1914.012338
607.029498,120,1914.063476
601.827782,114,1914.61862
527.637143,97,1914.661012
556.030715,107,1914.709612
387.686685,71,1914.741061
600.175783,112,1914.790398
451.489153,87,1914.828506
505.144864,95,1914.871376
404.114032,77,1914.905191
505.703977,93,1914.94549
297.294541,57,1914.96996
588.457929,115,1915.019778
570.31941,113,1915.070291
681.86638,123,1915.125755
448.485603,90,1915.16459
618.693433,118,1915.217912
419.066647,76,1915.251514
503.07134,99,1915.295152
700.326094,137,1915.35467
575.168542,107,1915.403227
511.734702,94,1915.443343
629.034378,114,1916.07082
436.80526,80,1916.104498
463.318054,87,1916.142748
569.831736,108,1916.188701
492.800942,95,1916.229856
668.684722,122,1916.282459
491.795439,91,1916.320808
513.151278,96,1916.362325
636.413766,117,1916.413671
442.738186,83,1916.448522
637.864356,117,1916.500077
572.344705,110,1916.547257
428.918901,80,1916.582392
619.225574,114,1916.635635
736.414661,138,1916.695134
507.854262,94,1916.735071
386.991565,71,1916.765617
410.594192,75,1916.797889
568.9404,107,1916.845422
551.12563,99,1916.887262
495.816199,94,1916.928023
511.60102,96,1917.530196
568.750399,106,1917.583704
337.906645,64,1917.610538
580.140574,108,1917.657351
396.839245,73,1917.688676
550.559852,102,1917.732941
685.552642,129,1917.788919
457.35086,86,1917.827686
360.686381,72,1917.859554
555.230172,102,1917.903684
428.751956,83,1917.939282
538.087792,100,1917.984741
492.84701,92,1918.024406
572.874784,111,1918.071797
518.782435,101,1918.11772
395.955147,74,1918.15005
560.160973,105,1918.195845
471.492514,93,1918.236062
523.99143,96,1918.27847
527.229943,94,1918.318767
755.613612,140,1918.380515
481.854333,92,1918.920945
451.288246,84,1918.961859
560.018846,102,1919.007311
569.349953,106,1919.054101
483.184216,94,1919.09556
463.315933,91,1919.135054
472.698374,88,1919.17474
501.610795,104,1919.220435
520.996946,105,1919.265647
515.964948,98,1919.308543
347.974146,66,1919.337892
596.863001,116,1919.388724
464.616484,86,1919.427556
634.658339,123,1919.481459
465.247703,88,1919.519
480.000217,87,1919.557474
439.439728,81,1919.591735
513.010484,98,1919.633316
306.411637,58,1919.65939
586.414034,109,1919.708176
565.276368,104,1919.751559
470.013431,87,1919.789024
396.965995,79,1920.350366
616.246566,113,1920.40068
497.650397,92,1920.441216
545.555577,101,1920.485571
745.142991,139,1920.545646
498.878361,92,1920.585872
548.53512,102,1920.629749
602.451483,110,1920.678442
505.499944,100,1920.722191
555.847539,105,1920.766832
557.009464,112,1920.815672
360.017548,69,1920.845405
579.063379,108,1920.896713
332.855123,62,1920.92381
425.695349,82,1920.958435
457.030648,84,1920.995161
492.545848,91,1921.034239
450.837909,89,1921.073897
651.163586,125,1921.127066
547.247653,100,1921.170317
583.056665,106,1921.216295
567.810612,115,1921.776784
429.587188,81,1921.811435
514.23663,94,1921.852402
424.985933,79,1921.886302
426.879258,80,1921.920296
792.766182,146,1921.982503
530.447706,97,1922.025418
518.20521,97,1922.069353
537.112399,100,1922.114858
351.880283,65,1922.143049
376.630216,73,1922.175092
474.749043,88,1922.21331
674.686521,127,1922.268459
411.799879,85,1922.305786
446.194209,81,1922.341871
520.149988,103,1922.387058
547.21692,104,1922.433216
530.66485,102,1922.478002
494.484326,92,1922.518095
526.418266,97,1922.561035
546.742343,99,1922.604302
667.878072,119,1923.172594
418.536153,80,1923.207843
519.732829,96,1923.249584
604.964487,112,1923.298137
628.245928,114,1923.348331
525.131849,107,1923.393894
551.767649,106,1923.440025
512.833592,95,1923.482656
290.553947,54,1923.506488
423.697878,81,1923.540378
623.854124,126,1923.597027
481.067753,90,1923.635652
492.003457,92,1923.673971
506.04986,99,1923.716468
842.139262,155,1923.783975
470.211409,88,1923.822242
593.41603,108,1923.871396
973.476201,178,1923.94819
522.754039,96,1923.98946
664.188442,127,1924.50304
439.673517,84,1924.539124
627.934496,117,1924.589468
649.32828,118,1924.640244
442.973177,87,1924.677153
421.061046,81,1924.711711
480.952894,90,1924.749967
402.334825,76,1924.782319
222.253749,45,1924.799937
463.298397,86,1924.836906
491.828924,95,1924.87878
476.241429,89,1924.917026
448.517988,84,1924.952897
605.680496,112,1925.000861
343.002623,65,1925.028973
537.653965,103,1925.072183
429.071217,82,1925.108491
456.524701,86,1925.145996
615.809087,113,1925.195925
543.520175,99,1925.238338
637.409305,114,1925.287202
454.122596,87,1925.32533
477.508496,93,1925.36525
465.62268,86,1925.872127
271.695498,56,1925.894501
768.847263,141,1925.956461
432.563766,88,1925.993949
667.728357,125,1926.047709
444.118487,86,1926.084784
336.751319,65,1926.111736
496.157087,91,1926.150126
516.587939,95,1926.191261
498.391812,92,1926.229415
406.208559,78,1926.262627
556.88532,101,1926.305623
482.324644,91,1926.344843
496.189861,95,1926.385622
550.365607,103,1926.430328
525.55113,100,1926.475667
445.754629,87,1926.512925
579.939541,106,1926.558947
423.826266,82,1926.597076
524.625419,99,1926.640581
653.54652,120,1926.695036
585.699642,108,1927.278201
435.097338,85,1927.315591
434.98381,80,1927.350741
594.816658,107,1927.401094
523.622588,94,1927.444364
590.624209,115,1927.498369
558.964889,105,1927.547469
622.073564,114,1927.59789
587.258187,107,1927.646176
708.308432,129,1927.703249
519.487799,98,1927.746021
450.255477,84,1927.782963
476.303464,90,1927.822478
618.127749,112,1927.871121
539.229586,100,1927.91433
556.684255,112,1927.965783
710.964797,140,1928.026376
553.921442,103,1928.071403
506.002205,95,1928.111834
301.39039,59,1928.137419
607.054016,115,1928.696377
502.811238,96,1928.738438
839.439394,152,1928.805458
500.164546,95,1928.847151
434.064889,82,1928.883354
388.024913,72,1928.914942
463.070618,86,1928.953539
466.432829,85,1928.990599
608.203281,116,1929.041415
628.32931,115,1929.091957
570.590099,106,1929.137712
574.270349,112,1929.186139
705.347086,133,1929.24564
595.826904,108,1929.292794
576.462811,107,1929.34124
663.715037,126,1929.398196
536.401591,98,1929.441068
637.569139,118,1929.493247
810.419295,158,1929.560881
482.304025,96,1930.148179
510.805375,95,1930.191605
630.016774,118,1930.244021
566.092447,102,1930.2868
421.336213,78,1930.32043
493.355998,89,1930.358379
320.443135,60,1930.384958
573.771133,105,1930.429881
470.726937,85,1930.468834
536.401956,112,1930.517224
567.713928,110,1930.563968
798.158097,142,1930.626861
532.498914,106,1930.672015
483.83957,93,1930.710644
828.78299,149,1930.775148
518.614358,102,1930.818263
446.332841,79,1930.851508
524.689819,99,1930.894179
642.852484,121,1930.945194
558.780595,102,1930.98902
847.39266,160,1931.640179
650.010817,120,1931.693789
449.94202,86,1931.732561
363.62939,70,1931.76287
537.502205,99,1931.805983
487.538175,88,1931.844365
599.462168,109,1931.89107
485.255709,88,1931.929378
458.053718,86,1931.966532
775.093311,137,1932.027295
483.369281,88,1932.065552
481.49115,96,1932.107999
499.78347,93,1932.14904
449.481932,84,1932.184711
493.864252,93,1932.225752
441.738095,87,1932.276819
484.066262,89,1932.321473
522.761726,96,1932.362806
500.827716,96,1932.404256
446.656724,82,1932.441657
469.863363,86,1932.479575
406.637231,83,1932.516029
540.432728,100,1933.143029
561.187669,111,1933.193817
575.07824,106,1933.240627
552.003099,102,1933.285321
458.467216,83,1933.32162
446.093808,83,1933.357626
529.412549,95,1933.398508
521.656212,96,1933.439209
520.695501,99,1933.481282
607.385519,114,1933.530259
693.892006,126,1933.584049
545.129917,101,1933.628479
473.968706,89,1933.666223
547.615325,103,1933.71024
588.090765,115,1933.75939
410.086366,77,1933.79234
461.621875,93,1933.832516
475.522405,88,1933.870206
488.736748,94,1933.912764
574.722549,108,1933.959093
610.249733,113,1934.472227
586.280424,107,1934.519809
539.158239,100,1934.564404
419.503722,79,1934.59922
688.099652,131,1934.658453
495.520069,93,1934.699326
518.760802,99,1934.741443
643.379819,120,1934.794163
627.737368,127,1934.852132
792.523133,145,1934.917233
920.874468,171,1934.993489
494.785334,99,1935.036936
681.872034,134,1935.09515
485.856869,91,1935.13531
666.077626,122,1935.189402
467.019344,88,1935.228172
457.56675,84,1935.265776
461.938568,86,1935.303683
570.900805,107,1935.349559
614.752257,113,1935.905245
638.443253,118,1935.957215
742.016092,142,1936.019932
565.410567,104,1936.064704
364.160772,70,1936.094435
786.072009,143,1936.15627
555.815946,101,1936.201185
430.852863,81,1936.240997
484.995337,89,1936.281152
599.554891,111,1936.329659
641.245493,128,1936.388338
697.175793,127,1936.445204
653.71532,120,1936.497004
543.999332,99,1936.539221
636.892273,116,1936.589949
504.659043,97,1936.632213
569.130464,104,1936.677154
432.134974,79,1936.71234
511.384209,95,1936.753951
409.530901,77,1937.305163
688.512847,127,1937.361148
458.268255,92,1937.401822
384.196798,80,1937.435953
549.660419,104,1937.482284
526.403412,98,1937.524949
576.158132,108,1937.572312
439.79295,86,1937.60991
511.858426,95,1937.650266
572.093615,108,1937.697749
532.641831,106,1937.743638
479.055492,89,1937.782272
453.998166,88,1937.820276
470.430469,87,1937.85868
451.314729,89,1937.898338
636.400976,128,1937.953631
485.323519,95,1937.996684
523.387281,97,1938.039175
599.464367,111,1938.087212
453.559109,88,1938.127621
588.112443,108,1938.175207
368.289531,68,1938.887471
524.084113,102,1938.936389
477.634135,89,1938.976152
472.201227,93,1939.017378
456.028918,84,1939.053873
517.227469,98,1939.095839
497.593066,93,1939.13647
475.503104,88,1939.174879
641.503938,125,1939.229289
726.519329,132,1939.287075
379.202771,71,1939.31805
475.659133,90,1939.358392
604.852789,113,1939.40819
714.989409,130,1939.466022
683.221105,121,1939.520032
374.085939,82,1939.558159
476.368553,92,1939.598572
540.521396,107,1939.645411
418.376718,80,1939.680233
473.269734,91,1939.721897
569.93983,107,1939.770677
595.783695,115,1940.401665
571.453939,106,1940.45913
503.856448,94,1940.500878
437.729449,88,1940.540725
672.078659,126,1940.59643
575.853125,112,1940.646554
572.446224,108,1940.693876
556.63043,110,1940.742795
631.336043,115,1940.793563
476.875718,87,1940.831865
496.505992,100,1940.875779
464.675719,96,1940.91919
548.034104,104,1940.963101
620.252531,115,1941.013946
597.985553,111,1941.061311
494.722868,90,1941.101263
615.057184,111,1941.149264
482.457323,90,1941.189339
502.40236,97,1941.230114
593.062105,109,1941.772039
546.155157,99,1941.814337
452.16955,84,1941.851092
518.141405,99,1941.893275
523.299369,99,1941.936369
564.833667,106,1941.982027
588.2537,108,1942.027715
670.323887,119,1942.079929
581.938456,106,1942.126375
493.930145,91,1942.166085
511.374746,99,1942.209863
677.007952,131,1942.265112
478.796065,94,1942.3054
806.189905,148,1942.369234
508.861448,96,1942.410503
596.278669,109,1942.457333
719.889488,129,1942.513539
465.791921,91,1942.552352
701.295621,130,1942.609564
611.815691,116,1943.224831
262.464064,56,1943.248033
510.651398,96,1943.291108
475.942043,93,1943.332256
518.217031,95,1943.372931
727.420553,145,1943.43902
662.597824,135,1943.49862
448.722971,82,1943.534697
412.032117,79,1943.569474
544.687971,102,1943.612414
553.769609,104,1943.65708
519.165825,97,1943.699098
487.224943,91,1943.738347
592.890675,112,1943.785298
636.050054,122,1943.839489
611.176381,116,1943.88971
462.581532,92,1943.929258
559.599541,104,1943.974739
602.247811,114,1944.02551
740.365098,138,1944.085541
492.590927,91,1944.855069
501.370649,95,1944.897038
474.315615,95,1944.938424
475.383465,87,1944.975754
471.500993,93,1945.016754
662.102812,120,1945.070955
481.974692,93,1945.111231
653.35493,122,1945.164671
487.634017,90,1945.20441
615.065741,116,1945.255966
553.041355,106,1945.302478
519.286646,97,1945.351369
506.767065,99,1945.393656
555.03307,101,1945.438055
492.748528,91,1945.47705
443.821371,83,1945.515883
584.972888,107,1945.563533
503.753298,95,1945.604845
602.780003,112,1945.654904
582.544894,114,1945.706242
507.929998,93,1946.34398
478.543319,90,1946.385423
738.037181,135,1946.444505
487.613835,95,1946.48482
492.709842,95,1946.525655
580.871306,109,1946.574222
455.293547,95,1946.617813
564.254886,105,1946.66314
429.58669,82,1946.699757
694.637658,126,1946.753811
824.786593,152,1946.819368
476.133712,88,1946.859237
577.97239,106,1946.905487
469.38058,91,1946.944402
430.719332,85,1946.980574
545.065473,104,1947.025336
499.337756,96,1947.068102
502.810783,95,1947.110502
506.548031,99,1947.153901
384.828636,87,1947.191472
575.038371,105,1947.236478
448.66871,83,1947.732781
541.908273,104,1947.777569
443.065886,83,1947.813196
645.56794,116,1947.864052
723.686392,131,1947.92256
527.631857,96,1947.963915
580.530679,107,1948.010214
440.43361,87,1948.04745
540.586117,100,1948.090778
435.426888,82,1948.127162
447.522282,85,1948.165821
585.268628,116,1948.217021
462.01932,87,1948.254528
541.169294,104,1948.299801
560.510311,105,1948.345632
648.954441,123,1948.399183
559.067196,108,1948.447206
452.730431,87,1948.485284
446.536903,82,1948.521455
630.480807,123,1948.574636
529.598508,98,1949.157476
658.827056,126,1949.213688
449.065829,88,1949.251898
538.986975,99,1949.295409
478.085879,89,1949.333156
448.305308,84,1949.369761
670.786715,122,1949.423752
461.945193,86,1949.462446
542.2779,101,1949.506523
551.604504,107,1949.555149
716.01267,131,1949.613151
544.90626,99,1949.658379
499.785209,96,1949.700531
689.128809,133,1949.759537
507.284998,95,1949.801332
643.664791,129,1949.857764
522.649155,100,1949.903866
871.491518,171,1949.980914
521.875566,97,1950.025092
477.839722,93,1950.660041
604.194569,113,1950.709374
548.028643,101,1950.754581
464.391275,87,1950.791832
559.8267,104,1950.836892
500.937283,94,1950.878299
887.777473,159,1950.948727
686.820689,131,1951.006305
517.685159,98,1951.049104
446.586775,93,1951.088303
648.813237,119,1951.140388
586.94718,113,1951.189197
521.465181,96,1951.232259
596.082366,112,1951.282591
441.990172,87,1951.321767
639.706199,117,1951.374914
484.014411,94,1951.415407
735.917441,131,1951.47298
543.336617,102,1951.518271
628.995175,117,1952.030202
493.752945,94,1952.071346
432.268481,86,1952.107449
439.446072,86,1952.143437
593.579845,112,1952.191709
581.722507,108,1952.23888
577.83855,110,1952.2854
489.644227,92,1952.325439
569.862319,103,1952.370097
440.422228,85,1952.406189
465.154283,89,1952.445423
436.802837,81,1952.481501
610.086582,113,1952.530134
534.32145,101,1952.574563
476.492485,92,1952.614881
524.757231,97,1952.656225
695.120163,131,1952.714147
390.223588,74,1952.746022
621.967144,117,1952.795592
472.382101,90,1952.833517
469.429141,92,1952.873779
477.115337,93,1953.432452
472.134355,91,1953.472751
516.28898,96,1953.516204
560.367363,108,1953.561536
575.620886,107,1953.609443
599.647973,115,1953.660134
613.912387,112,1953.709644
474.893405,88,1953.748704
483.916971,89,1953.787372
488.378469,96,1953.828767
650.62818,125,1953.882613
488.935815,95,1953.923707
429.30406,82,1953.959664
537.822941,104,1954.005206
531.436542,99,1954.048686
596.552485,111,1954.096454
738.400256,139,1954.157438
483.288306,89,1954.196626
488.996781,91,1954.235882
471.306786,93,1954.276543
603.76294,110,1954.820722
563.453941,107,1954.868493
482.072994,94,1954.909975
501.272172,94,1954.952265
572.235912,107,1955.002578
490.116577,92,1955.041445
372.83127,71,1955.072024
508.212142,94,1955.113821
552.486488,102,1955.158802
503.432895,94,1955.200215
504.639755,95,1955.241572
488.288321,96,1955.283718
705.287885,131,1955.340541
529.463158,101,1955.38607
643.909369,119,1955.438754
785.340254,142,1955.498791
654.640684,131,1955.555608
499.424675,94,1955.597035
1053.655572,197,1955.684422
593.465903,110,1956.170883
617.147689,116,1956.223323
492.008531,92,1956.262147
614.505001,114,1956.311278
499.871386,99,1956.354733
610.660935,113,1956.403057
627.407102,123,1956.457812
784.05685,148,1956.522719
533.813986,103,1956.569045
541.475113,104,1956.614646
690.586019,131,1956.671011
457.539775,91,1956.709802
474.752087,90,1956.748476
528.636462,96,1956.789535
493.64988,92,1956.829066
515.255603,99,1956.871671
567.324564,105,1956.918272
421.797295,82,1956.952365
572.281309,110,1957.002196
577.11916,110,1957.508483
440.116797,84,1957.547842
508.146776,99,1957.591904
589.07764,114,1957.643317
522.900703,100,1957.686869
551.426565,102,1957.731425
479.395152,93,1957.771512
463.008902,91,1957.810894
433.882465,82,1957.846588
456.885508,88,1957.885915
504.070758,95,1957.926504
434.607075,86,1957.962737
510.143796,94,1958.004071
462.608829,86,1958.041423
504.07659,96,1958.083796
515.353768,99,1958.126815
646.140496,120,1958.181361
547.239538,102,1958.226779
449.204042,86,1958.266074
663.386038,127,1958.32186
447.837513,86,1958.359737
615.674683,114,1959.229029
449.958365,85,1959.266714
531.275567,105,1959.312581
477.6566,90,1959.353547
678.743923,124,1959.407511
420.90918,85,1959.443019
579.827324,107,1959.490444
498.874608,101,1959.534529
525.646956,96,1959.577033
438.711753,84,1959.612131
450.376297,85,1959.649289
653.16618,131,1959.705896
539.42312,102,1959.749715
732.173788,144,1959.812312
576.540217,105,1959.857784
536.582662,101,1959.901624
555.772589,104,1959.953279
507.544583,93,1959.994492
544.14035,106,1960.041559
486.140012,94,1960.08284
569.280518,106,1960.857912
650.36744,117,1960.913796
477.285765,89,1960.952823
668.124682,126,1961.007761
590.372627,111,1961.055923
547.129202,106,1961.101907
499.239542,94,1961.142889
420.461817,84,1961.179652
458.605154,88,1961.217994
490.085223,99,1961.262135
687.928479,125,1961.316619
610.918853,116,1961.366979
466.239904,91,1961.40599
532.177606,100,1961.450782
660.985717,128,1961.507642
654.919887,121,1961.559704
643.575113,117,1961.609694
594.140502,110,1961.656873
567.021596,105,1961.703022
477.309156,91,1962.390722
815.223545,158,1962.46575
421.384648,81,1962.500062
727.970572,134,1962.558546
453.034556,85,1962.593926
386.803302,72,1962.624647
513.168174,96,1962.666225
434.786689,82,1962.701224
352.712645,71,1962.731391
507.039428,94,1962.771853
553.242763,105,1962.817094
624.588841,114,1962.865989
489.540989,89,1962.90437
673.204022,124,1962.958949
709.785331,130,1963.014747
607.322901,111,1963.062066
546.411348,106,1963.107865
643.816438,122,1963.160022
398.814258,79,1963.194163
657.822147,129,1963.248533
593.610575,113,1963.795806
471.096886,92,1963.836888
397.432717,77,1963.869647
534.799604,99,1963.914137
710.086942,128,1963.969428
515.427534,99,1964.014775
457.588827,87,1964.052138
574.175124,112,1964.100342
489.596753,92,1964.139616
481.822641,91,1964.179962
754.039353,137,1964.24069
413.235481,85,1964.277924
458.911356,86,1964.315174
324.958971,68,1964.343121
427.793179,84,1964.379485
570.695265,103,1964.423368
495.107158,93,1964.46245
462.58277,86,1964.499833
568.023906,109,1964.546017
393.909576,74,1964.577605
589.688749,113,1964.625823
591.644233,112,1965.157869
471.953746,89,1965.19613
386.555499,80,1965.231039
722.668251,136,1965.29425
422.555845,82,1965.330516
501.17255,97,1965.373487
614.609203,114,1965.422299
577.539852,105,1965.466813
786.894936,144,1965.531749
376.318466,71,1965.562561
461.236411,91,1965.601925
619.225415,120,1965.653156
616.140376,113,1965.703032
614.59065,116,1965.75201
646.599369,125,1965.809479
423.661569,82,1965.84358
479.2337,91,1965.882231
519.36976,98,1965.924962
577.730653,109,1965.972972
441.989637,85,1966.009742
433.144402,85,1966.578516
428.889763,81,1966.612908
776.363768,143,1966.67648
381.093598,75,1966.707874
519.805994,96,1966.749553
572.558251,106,1966.795754
808.899552,144,1966.858495
552.923616,111,1966.906281
368.631543,72,1966.936118
557.416753,108,1966.983801
470.669026,86,1967.020162
461.402124,87,1967.056835
513.86841,96,1967.100138
629.196666,118,1967.150658
619.570363,113,1967.199965
532.466659,99,1967.242735
594.33188,110,1967.289872
629.829491,115,1967.339912
712.272579,130,1967.396085
498.755393,94,1967.436931
508.508495,97,1968.038717
468.078877,91,1968.078134
477.652097,89,1968.11716
398.80643,74,1968.149093
525.08446,97,1968.190471
461.777558,88,1968.228938
549.564091,103,1968.273055
487.342297,96,1968.314052
461.286484,83,1968.349309
593.969052,108,1968.397409
547.061893,101,1968.441246
406.069641,78,1968.475542
366.953671,74,1968.507024
679.454711,121,1968.558475
506.268651,96,1968.60041
569.3743,105,1968.646685
626.766742,115,1968.6963
519.02524,101,1968.740158
540.594543,99,1968.783211
488.314756,90,1968.821955
601.857193,119,1968.873434
493.777469,100,1969.451687
537.853048,101,1969.506076
568.74714,108,1969.555444
528.489471,97,1969.59932
478.552007,87,1969.637619
567.564528,104,1969.686497
417.012233,78,1969.722356
733.431957,139,1969.788448
557.656089,102,1969.83463
589.589747,106,1969.88113
512.861401,96,1969.923158
514.600374,97,1969.965305
440.264843,83,1970.002053
563.135269,108,1970.050416
624.210784,117,1970.100952
645.459537,121,1970.153818
600.717033,111,1970.203405
701.519695,131,1970.261741
552.202203,105,1970.307388
627.166432,121,1970.87288
610.750338,110,1970.923443
513.702494,105,1970.97036
489.160062,99,1971.013604
473.144154,87,1971.052217
497.354973,93,1971.09372
615.009592,112,1971.144022
541.263036,101,1971.188791
466.600232,91,1971.229935
554.07736,102,1971.274467
620.683766,113,1971.324515
529.356493,105,1971.370341
592.773372,112,1971.419749
563.363484,107,1971.468976
592.298903,109,1971.518327
526.930571,99,1971.562474
457.254612,86,1971.599065
638.569917,117,1971.651819
564.619372,107,1971.69944
574.44257,106,1971.746315
532.464099,108,1972.293665
591.194299,115,1972.34665
707.102626,131,1972.40666
624.223912,125,1972.461118
477.214028,89,1972.49991
438.570588,85,1972.537561
548.913154,101,1972.582636
612.33041,120,1972.636165
645.141991,119,1972.687745
727.135472,141,1972.748362
575.511795,106,1972.79361
707.490886,127,1972.847909
561.135879,104,1972.892988
622.02731,113,1972.941615
480.290151,89,1972.981223
917.569329,165,1973.051292
530.610107,96,1973.09301
529.512297,102,1973.136655
724.794578,133,1973.752518
669.273341,123,1973.807892
460.605897,88,1973.846401
731.535052,138,1973.905813
374.138587,70,1973.935858
662.852709,122,1973.987911
435.674787,80,1974.02229
535.913761,101,1974.0651
475.701576,88,1974.1055
510.487752,97,1974.147673
767.806129,148,1974.211595
678.788404,130,1974.267904
533.858975,103,1974.311722
996.227981,180,1974.390722
742.463716,135,1974.449122
487.564972,90,1974.489242
611.968417,114,1974.537469
644.518817,119,1974.588759
751.546667,136,1975.227609
566.180989,105,1975.273202
552.94043,104,1975.318915
498.486796,93,1975.358945
667.960135,131,1975.415771
532.536195,102,1975.460175
470.885699,87,1975.499382
521.718469,101,1975.543862
522.814325,100,1975.58652
550.07546,102,1975.63041
529.104387,99,1975.672505
568.991812,105,1975.717078
577.06369,112,1975.766164
467.857076,90,1975.803873
545.288927,104,1975.847932
434.68106,92,1975.887295
350.956679,73,1975.919525
850.205524,155,1975.986326
627.872128,117,1976.036544
635.464702,117,1976.0872
504.329308,94,1976.605247
677.330467,124,1976.659847
558.107687,105,1976.73096
458.196537,86,1976.768101
606.024637,114,1976.818079
569.521325,109,1976.866127
584.416188,110,1976.913701
592.679546,110,1976.96114
571.137854,105,1977.007171
590.042107,112,1977.054514
663.320766,123,1977.107571
639.054319,117,1977.157918
460.317945,88,1977.195931
427.835523,81,1977.230877
753.314246,140,1977.29157
541.138353,99,1977.334637
654.988095,127,1977.389678
381.790502,76,1977.421515
835.171604,149,1977.990384
743.126587,136,1978.055711
358.424308,67,1978.085664
593.067708,110,1978.134152
534.908146,99,1978.187203
495.136547,97,1978.229663
722.306218,136,1978.288654
479.684244,94,1978.328838
468.171294,91,1978.368965
541.914017,104,1978.41485
522.470674,99,1978.457711
526.902917,100,1978.501033
487.376179,93,1978.542216
448.496855,84,1978.577915
483.673958,94,1978.62881
513.898909,99,1978.671613
518.265685,100,1978.714898
447.390568,87,1978.753657
633.453517,122,1978.805355
528.955316,98,1978.849563
521.01218,96,1978.893499
652.560619,118,1979.731143
877.18758,170,1979.807082
392.969768,75,1979.839263
690.867516,130,1979.89813
852.10871,159,1979.968465
410.271873,86,1980.008144
701.41648,129,1980.067979
678.064962,122,1980.120249
555.526141,105,1980.166001
833.302626,156,1980.23497
751.801327,136,1980.292606
520.284963,102,1980.337111
572.884532,108,1980.385851
702.093748,133,1980.443594
541.184502,99,1980.487829
665.808949,129,1980.545021
584.954888,110,1980.594227
442.002398,83,1981.363463
513.941584,96,1981.405736
559.406275,103,1981.452609
479.745486,89,1981.491558
1224.024075,220,1981.586779
418.535634,79,1981.620667
551.982648,102,1981.664092
632.513442,117,1981.715928
513.863847,97,1981.757269
580.157458,112,1981.805117
593.859116,109,1981.852886
560.657553,108,1981.900297
486.33401,91,1981.941083
381.938033,74,1981.972764
705.527048,130,1982.030239
446.17126,83,1982.067359
497.278616,91,1982.107309
671.397224,123,1982.160791
481.369372,90,1982.201
461.733918,84,1982.88633
543.266696,103,1982.934714
724.497659,132,1982.993491
732.322419,134,1983.052044
558.528534,103,1983.098888
423.15908,84,1983.135884
870.85025,160,1983.205986
461.409183,85,1983.243346
454.049966,86,1983.280848
494.434137,97,1983.323406
662.88583,121,1983.377037
490.470809,91,1983.421872
530.471548,97,1983.464791
780.738899,148,1983.52987
496.603254,97,1983.572305
575.510241,108,1983.61919
701.048308,127,1983.674919
858.223289,164,1983.746971
610.777118,113,1984.511339
597.074275,110,1984.561517
537.031844,99,1984.604084
474.88695,91,1984.646833
669.218864,123,1984.702078
552.292992,106,1984.748943
658.690137,126,1984.804323
531.627876,100,1984.847752
591.841928,108,1984.895436
628.938052,115,1984.945745
514.973196,95,1984.988024
450.648323,84,1985.023634
616.276822,116,1985.073787
575.479869,108,1985.120845
726.358699,138,1985.182682
578.131739,107,1985.230438
678.488529,130,1985.286989
735.197107,136,1985.347315
490.811536,92,1985.389845
615.060053,112,1986.154194
844.156674,155,1986.226099
502.523068,95,1986.268679
732.468004,136,1986.329089
608.337143,111,1986.376758
596.355877,109,1986.424191
540.845383,102,1986.468752
261.602392,59,1986.491882
442.883479,86,1986.528751
488.843972,93,1986.568848
507.625919,96,1986.610628
488.182885,91,1986.650766
718.976218,129,1986.706801
574.775635,111,1986.756979
569.048008,107,1986.803479
528.661509,98,1986.845731
543.494728,104,1986.890935
621.238922,120,1986.943733
738.445828,153,1987.01224
381.38953,72,1987.783763
464.339857,89,1987.831009
485.558067,93,1987.874007
730.088745,135,1987.934064
593.66229,110,1987.985236
711.837614,129,1988.04302
484.217889,93,1988.086134
440.851133,85,1988.122536
526.190692,99,1988.166931
611.875935,119,1988.219608
561.494691,103,1988.264933
1002.908659,180,1988.344978
712.315394,131,1988.402595
697.194803,125,1988.457534
656.037003,125,1988.512794
648.757014,127,1988.569107
621.692585,119,1988.622567
545.847032,108,1988.669942
841.194711,152,1989.802607
515.87961,97,1989.846043
460.860924,91,1989.887443
584.093632,110,1989.936368
522.752347,99,1989.980647
656.570632,124,1990.036891
522.703344,100,1990.081259
488.453987,93,1990.123103
498.284662,97,1990.166588
587.106727,110,1990.215442
557.939135,103,1990.262503
657.180723,131,1990.320257
698.732601,128,1990.377641
518.185402,96,1990.420363
562.289797,109,1990.469853
545.481973,104,1990.516178
623.30088,117,1990.567452
536.465449,100,1990.613005
687.918897,125,1991.7087
668.065424,125,1991.768365
523.324336,97,1991.813499
448.195376,82,1991.851277
517.947661,97,1991.898133
500.315662,97,1991.942214
624.371873,119,1991.996733
490.646139,91,1992.0361
520.321306,96,1992.078104
636.912735,117,1992.131472
640.910954,116,1992.183272
560.606145,108,1992.229975
492.065396,101,1992.276851
507.872553,95,1992.317766
447.826565,84,1992.355242
558.482251,103,1992.401862
683.821912,124,1992.456424
830.416713,151,1992.522996
649.800643,120,1992.57599
607.083807,111,1993.883552
616.540549,114,1993.944709
417.61792,78,1993.988164
397.325174,74,1994.02233
601.57064,111,1994.072771
662.787066,122,1994.133505
510.008592,98,1994.177579
636.316198,128,1994.234745
548.308351,100,1994.280952
751.693693,134,1994.340009
447.594988,86,1994.378999
392.918713,79,1994.416714
421.358324,78,1994.451709
480.140931,89,1994.490937
532.804577,95,1994.533853
636.790967,117,1994.5863
621.12943,116,1994.64008
790.661405,150,1994.70794
648.400694,123,1994.76115
439.031964,89,1994.801631
581.411699,106,1996.110932
460.869408,89,1996.162722
449.471415,91,1996.216563
529.95246,102,1996.262188
715.817801,135,1996.323742
407.084268,76,1996.357131
1028.467875,196,1996.44546
660.07937,124,1996.50264
562.627441,105,1996.549584
621.720939,118,1996.601979
378.242384,71,1996.633376
415.528747,78,1996.66777
687.159832,128,1996.727426
579.649284,111,1996.779595
513.913273,97,1996.823016
633.393488,116,1996.875401
429.645033,81,1996.912014
544.599864,106,1996.960688
508.929353,96,1997.004858
588.163673,112,1998.699094
473.523393,94,1998.741028
554.186837,105,1998.789215
534.348791,100,1998.833255
558.704825,103,1998.879639
515.460766,100,1998.922914
549.010543,103,1998.984377
813.573573,147,1999.050681
787.246791,144,1999.116234
498.131099,96,1999.159097
527.050534,99,1999.20291
539.495028,100,1999.245981
521.481459,97,1999.289637
496.448296,92,1999.33135
591.571781,121,1999.3843
389.293247,76,1999.417383
403.714159,76,1999.450766
564.931032,107,1999.498621
626.880708,116,1999.54793
484.979578,89,1999.587149
761.161502,136,2001.165671
689.635057,130,2001.224896
808.381479,148,2001.29025
589.335122,111,2001.337986
662.123825,124,2001.392513
549.038096,103,2001.437266
733.807524,138,2001.498384
426.437696,81,2001.534386
588.567108,111,2001.582322
562.266363,104,2001.627506
659.062587,124,2001.681263
890.527233,170,2001.757377
452.845085,89,2001.795963
646.035878,117,2001.846593
566.682529,105,2001.892458
575.182239,108,2001.940528
512.704052,96,2001.980948
534.106611,101,2002.024805
581.933887,112,2003.386036
564.033644,107,2003.434004
603.546262,113,2003.484046
599.186231,115,2003.535368
709.675903,133,2003.593709
618.607159,114,2003.645708
743.0512,138,2003.70919
621.88682,111,2003.759163
541.207373,105,2003.805219
820.06491,150,2003.872021
606.909057,112,2003.921483
476.971603,88,2003.960329
530.554355,98,2004.003236
602.623099,113,2004.053695
682.326562,128,2004.111105
516.062088,97,2004.154848
637.919404,116,2004.204509
568.125177,104,2004.25003
724.773874,142,2005.448356
572.575123,104,2005.493591
424.193583,77,2005.527539
527.870586,101,2005.573709
498.625294,96,2005.617128
516.203813,96,2005.659398
675.701673,124,2005.714639
535.412705,100,2005.757861
511.251097,100,2005.800717
493.536473,95,2005.842211
478.966642,93,2005.883102
633.527085,119,2005.935595
671.024736,126,2005.990028
595.503214,117,2006.040086
729.074135,134,2006.098134
724.19225,131,2006.154871
538.902593,99,2006.197163
648.940991,118,2006.248365
497.427323,92,2006.734411
528.133979,98,2006.778414
777.275744,143,2006.839895
741.317689,136,2006.896895
596.132705,109,2006.945194
504.141095,96,2006.986776
710.780586,142,2007.047907
508.359047,95,2007.088771
678.306978,129,2007.144741
626.995909,114,2007.194165
662.783442,125,2007.24762
503.639133,97,2007.288922
722.554716,129,2007.345819
587.262489,108,2007.391998
481.885242,94,2007.432773
467.15893,87,2007.470585
384.779546,71,2007.501412
788.473992,143,2007.562275
770.998252,143,2008.090929
896.121301,162,2008.161437
569.724099,105,2008.207524
545.655503,100,2008.251334
541.96671,98,2008.293983
686.867701,122,2008.346207
661.601089,121,2008.399362
530.898802,98,2008.441421
900.602389,165,2008.514079
484.019166,92,2008.554396
539.457295,102,2008.599276
514.818201,101,2008.643639
562.780205,105,2008.689534
564.766748,105,2008.735762
509.5454,98,2008.777879
694.088716,128,2008.833249
556.583091,105,2008.879501
686.535272,127,2008.93527
516.965421,99,2009.419422
500.871289,94,2009.462052
448.685942,86,2009.500427
673.923411,122,2009.552812
468.209065,89,2009.591768
604.107814,113,2009.641627
546.690017,104,2009.686329
463.774061,86,2009.724247
677.014125,125,2009.779316
885.012204,166,2009.851792
394.712666,78,2009.885504
585.054859,114,2009.934819
562.468214,104,2009.979762
452.226453,86,2010.017025
539.737737,100,2010.061916
462.85589,92,2010.102651
550.777844,103,2010.14902
774.748967,145,2010.21244
565.483326,103,2010.257034
584.611665,108,2010.304711
667.287396,131,2010.804853
768.553867,146,2010.868903
612.435338,113,2010.917458
652.119499,120,2010.968982
636.2814,120,2011.020248
493.575101,94,2011.06113
492.529397,95,2011.103277
554.646618,103,2011.147717
659.286022,125,2011.201862
782.427009,145,2011.265602
799.222322,151,2011.333416
517.564274,99,2011.376115
565.887808,107,2011.422704
323.31765,73,2011.474396
424.255466,79,2011.509194
663.259248,126,2011.568248
490.360577,91,2011.609103
544.536432,103,2011.6559
561.747129,108,2012.241141
541.281548,101,2012.288517
559.818834,111,2012.34008
492.567119,95,2012.383764
646.964294,123,2012.439926
450.135257,88,2012.488513
677.708373,131,2012.545969
569.719016,105,2012.5929
602.704248,110,2012.643127
480.570391,93,2012.685351
455.089157,89,2012.724508
675.626608,127,2012.782135
765.852941,142,2012.84677
638.143887,118,2012.898137
609.854963,112,2012.947398
436.577288,83,2012.984164
641.717871,118,2013.035618
427.811092,83,2013.071073
497.037687,97,2013.112728
686.088278,128,2013.625438
447.801885,87,2013.664285
686.908774,131,2013.724092
675.581347,121,2013.778528
543.609317,102,2013.824801
381.183701,72,2013.857142
564.749689,102,2013.90243
759.49401,141,2013.964775
536.728626,99,2014.008608
702.408152,131,2014.067335
578.439621,108,2014.114816
579.614424,108,2014.163208
507.59773,100,2014.209326
453.462089,84,2014.246358
597.55946,111,2014.301126
481.627093,90,2014.340366
464.536589,86,2014.381502
502.572158,95,2014.422404
711.669841,130,2014.483864
668.055551,122,2014.983993
625.910586,114,2015.035604
489.561696,95,2015.079598
669.382178,124,2015.1335
469.011268,88,2015.172141
488.642133,90,2015.211785
421.526983,83,2015.248019
494.843927,93,2015.28906
484.239837,100,2015.334604
619.589021,117,2015.386715
493.444026,93,2015.426502
570.118907,106,2015.472727
607.170499,116,2015.524893
549.4249,107,2015.574769
517.845869,95,2015.618336
667.085221,123,2015.675911
744.621658,136,2015.739801
655.954063,121,2015.792792
602.664395,112,2015.845903
721.358716,134,2016.34638
575.130202,109,2016.395731
627.067326,118,2016.449846
675.0179,127,2016.505323
737.38142,134,2016.567553
696.574577,131,2016.62548
576.809107,120,2016.679785
606.915999,114,2016.730245
639.055933,117,2016.782267
646.013327,120,2016.834859
520.860002,96,2016.880189
617.374574,119,2016.934393
696.52909,137,2016.999101
612.039592,113,2017.051133
817.134098,149,2017.123145
548.026649,101,2017.167001
509.629828,97,2017.213458
560.426109,104,2017.259949
840.648278,155,2017.916925
384.67472,74,2017.952254
451.802437,88,2017.991349
940.051104,182,2018.073371
632.287208,116,2018.125414
669.566868,125,2018.18724
547.452279,102,2018.231692
527.069383,104,2018.276195
844.103985,156,2018.342964
449.912069,86,2018.379459
730.891071,133,2018.437563
674.717764,122,2018.490699
662.119038,124,2018.545883
864.474646,155,2018.61485
588.779233,108,2018.661882
597.997045,108,2018.710429
622.316701,115,2018.763246
469.44044,89,2019.305094
432.03201,81,2019.340413
482.666034,89,2019.379361
596.519514,110,2019.427537
506.590774,93,2019.468593
473.318945,87,2019.506755
626.963815,120,2019.558753
373.671748,71,2019.589449
627.967109,116,2019.640152
530.702046,101,2019.684791
555.647784,103,2019.72996
611.588784,113,2019.778767
662.017796,124,2019.833896
635.419346,116,2019.885195
451.320159,86,2019.922232
526.859205,99,2019.965069
612.315814,117,2020.015077
491.413623,91,2020.055496
524.195831,96,2020.098269
514.433378,98,2020.14055
429.537075,84,2020.660845
617.240024,114,2020.710917
689.573253,128,2020.769075
528.518338,98,2020.815322
516.943733,98,2020.860651
497.038057,92,2020.90076
590.439972,117,2020.952236
683.507189,133,2021.010856
452.831515,90,2021.049764
665.340622,122,2021.104324
477.119626,90,2021.143282
532.666035,101,2021.188374
554.638966,106,2021.234743
563.708253,106,2021.280977
779.74435,139,2021.340666
442.361718,85,2021.37695
526.378552,96,2021.417989
419.07682,78,2021.451854
525.021946,97,2021.495136
615.769867,113,2021.547006
615.941599,114,2022.137968
582.922779,109,2022.18375
699.941387,129,2022.240573
544.867012,106,2022.2863
704.531291,129,2022.345066
964.693269,185,2022.430599
534.086043,98,2022.473762
482.169848,92,2022.513933
451.591799,87,2022.55177
494.010106,95,2022.594087
538.43688,98,2022.637311
785.727501,142,2022.699492
459.374355,85,2022.737112
832.608518,152,2022.804078
590.919554,109,2022.854035
537.855118,103,2022.899268
928.045712,168,2022.973817
869.541919,155,2023.504532
440.346289,82,2023.540537
589.302578,113,2023.58866
412.878571,78,2023.622105
679.320878,127,2023.67909
598.051081,113,2023.727503
520.260992,99,2023.769588
759.611405,140,2023.831719
529.705277,99,2023.874195
615.144734,114,2023.924985
645.674892,118,2023.97553
498.306853,93,2024.016195
682.627455,128,2024.070753
672.09625,124,2024.126539
862.27365,163,2024.198213
643.853179,120,2024.250414
594.830712,110,2024.299841
624.04091,115,2024.351503
512.353945,95,2024.923496
715.102304,130,2024.982199
716.504034,134,2025.039549
528.052877,98,2025.082728
511.341078,98,2025.126006
534.838441,100,2025.170844
460.733725,86,2025.207913
666.569038,124,2025.263831
698.268843,128,2025.320678
568.97208,107,2025.367805
495.17388,95,2025.409007
438.229156,82,2025.445741
376.703893,72,2025.477437
406.633026,79,2025.511372
402.6365,77,2025.544527
533.409821,100,2025.587304
535.296159,99,2025.630874
586.49412,107,2025.678309
608.899273,113,2025.725847
609.28822,113,2025.774845
497.790299,96,2026.261934
493.342636,94,2026.303287
441.302044,87,2026.339787
540.271556,100,2026.383209
678.267762,126,2026.437966
586.225666,109,2026.483957
661.541686,128,2026.539367
457.924054,85,2026.575732
343.893979,67,2026.603348
959.911741,174,2026.679702
726.620907,135,2026.739032
630.332965,117,2026.790955
625.089159,120,2026.841567
609.832858,113,2026.891163
575.539926,108,2026.938553
621.266371,118,2026.988397
502.727225,96,2027.029572
233.93359,49,2027.048569
508.757066,94,2027.08963
552.68193,106,2027.606984
523.552516,97,2027.64874
587.030864,110,2027.698231
592.310228,115,2027.74612
616.00103,114,2027.796083
773.714521,143,2027.858162
499.935606,96,2027.899249
531.528714,102,2027.943295
681.227244,126,2028.000142
568.848248,110,2028.048484
1358.376136,250,2028.158743
689.015059,130,2028.21479
737.089399,135,2028.272866
712.723004,131,2028.329958
619.478548,112,2028.378151
627.034593,117,2028.429398
580.209443,112,2028.944292
623.427284,114,2028.998766
538.821377,103,2029.04743
431.143663,87,2029.089388
592.281282,108,2029.139522
471.746255,89,2029.179971
550.201141,106,2029.228579
452.469822,95,2029.27144
511.702816,96,2029.315431
813.508318,150,2029.38147
379.633655,77,2029.416296
654.606124,122,2029.47049
653.790776,120,2029.523154
584.612991,109,2029.571851
409.609261,82,2029.607538
552.418278,104,2029.65488
815.992372,149,2029.72203
681.706784,122,2029.776381
578.143076,109,2029.823581
424.087371,80,2029.859126
563.061706,110,2030.461341
416.051797,78,2030.498422
642.997496,121,2030.553654
574.335072,109,2030.601629
472.703239,91,2030.642525
454.712076,86,2030.680303
544.603518,103,2030.726158
471.891491,90,2030.764969
650.474247,121,2030.819757
636.162709,118,2030.874203
531.733087,100,2030.920439
754.309961,142,2030.985002
436.474515,85,2031.022628
499.806207,95,2031.065694
446.776438,86,2031.1049
525.34896,98,2031.14777
534.069328,101,2031.193247
653.687364,122,2031.246858
674.590956,127,2031.303824
501.986251,97,2031.809712
526.735644,97,2031.854702
631.268125,115,2031.906473
727.10264,137,2031.967085
613.955049,112,2032.016662
613.48493,115,2032.067605
524.520873,98,2032.113482
551.728104,105,2032.15971
443.720868,90,2032.201521
601.267927,110,2032.249108
622.888873,116,2032.300677
475.909446,89,2032.339925
605.657483,114,2032.393429
726.939705,135,2032.452645
715.153455,142,2032.519146
514.435873,97,2032.562083
547.031758,100,2032.61207
653.165043,125,2032.66702
685.796024,125,2032.726767
638.164389,119,2033.237633
425.539263,84,2033.275127
432.211046,80,2033.310152
685.550662,132,2033.370358
485.599139,93,2033.412964
498.901256,93,2033.453946
872.407597,189,2033.537233
584.722167,112,2033.586652
625.287674,114,2033.638602
459.306238,89,2033.677187
543.538762,101,2033.721332
712.493783,129,2033.779544
528.733478,102,2033.824453
568.93967,109,2033.875104
466.322602,90,2033.915246
688.494123,126,2033.97719
593.677194,108,2034.024069
529.760729,98,2034.070806
371.96269,74,2034.10323
754.136992,140,2034.631012
453.973285,92,2034.672015
461.185,88,2034.710538
484.772598,91,2034.750758
534.405832,106,2034.797839
714.160664,128,2034.854491
535.061975,102,2034.900279
592.349534,111,2034.951925
725.98657,132,2035.011793
654.657336,126,2035.06661
525.935206,98,2035.110145
486.682659,93,2035.152027
691.994765,126,2035.207977
522.281972,102,2035.252645
558.651012,100,2035.297791
614.421542,114,2035.351353
571.414644,111,2035.400495
647.819087,132,2035.462565
541.655884,101,2036.004939
606.578687,115,2036.057672
670.345682,125,2036.115098
458.616036,86,2036.154198
475.565777,92,2036.196778
413.125531,80,2036.232416
612.148574,114,2036.284362
453.148171,88,2036.323829
499.806418,91,2036.363457
708.348471,128,2036.421877
480.676684,93,2036.462678
654.358295,121,2036.517626
530.063491,97,2036.560687
728.688073,135,2036.621728
540.895141,100,2036.665841
526.865402,98,2036.708793
849.167372,157,2036.783968
550.918597,106,2036.831707
434.376721,90,2036.874662
583.948634,107,2036.921276
522.694756,100,2037.66062
420.389941,79,2037.695805
632.145328,116,2037.747398
429.030316,80,2037.782351
576.505127,108,2037.830785
612.48441,113,2037.882038
639.458779,116,2037.937437
649.987626,119,2037.991135
529.70574,98,2038.035251
874.666866,159,2038.107652
432.473305,81,2038.145628
430.891471,87,2038.183873
507.9775,94,2038.229689
497.825312,95,2038.272617
503.10235,94,2038.314947
433.432244,85,2038.353275
410.879614,85,2038.392233
866.882959,161,2038.467322
615.96229,110,2038.516211
522.328216,98,2039.143855
413.226125,79,2039.178812
919.270917,169,2039.253056
497.997434,98,2039.297718
506.969139,94,2039.339005
691.112777,136,2039.398998
504.223022,98,2039.440163
487.547435,95,2039.4819
1032.323249,193,2039.566795
532.999189,100,2039.609723
520.903924,101,2039.654969
460.218685,85,2039.691584
473.769504,90,2039.730626
490.469304,95,2039.771409
485.238106,96,2039.81249
591.914085,111,2039.860358
666.164886,123,2039.913143
465.405489,94,2039.953955
587.748427,113,2040.004309
567.473686,103,2040.496689
518.243648,99,2040.539909
507.401022,99,2040.584389
474.076066,89,2040.624053
537.942543,106,2040.670095
426.556194,80,2040.704162
451.791854,84,2040.741603
501.775507,93,2040.781495
533.694786,99,2040.824545
535.646361,103,2040.870984
590.800543,113,2040.920225
654.81426,124,2040.974467
619.219868,119,2041.02758
523.174813,101,2041.072081
626.25152,117,2041.124121
252.033758,50,2041.144532
531.013814,99,2041.188533
551.00482,104,2041.233613
558.680813,109,2041.282233
493.621736,93,2041.322612
604.386701,114,2041.373284
682.930113,126,2041.885326
622.83516,115,2041.936065
714.158982,133,2041.995356
564.579741,106,2042.042249
583.608659,110,2042.089057
587.499804,110,2042.135973
516.727021,95,2042.176759
702.259587,126,2042.232261
618.414525,121,2042.284116
619.874412,116,2042.333861
508.061449,93,2042.374108
447.774853,85,2042.409742
531.666477,99,2042.451653
503.281401,94,2042.492458
553.095743,104,2042.539882
631.233709,115,2042.58981
584.866585,111,2042.637951
519.55759,97,2042.679863
470.930501,92,2042.719224
757.495957,137,2043.227813
687.803814,138,2043.28749
514.885361,104,2043.332955
586.924679,112,2043.38179
447.761776,87,2043.418895
673.917495,126,2043.474751
723.748439,134,2043.536323
506.477014,94,2043.577236
834.428827,152,2043.64312
566.056317,107,2043.688469
494.653145,90,2043.727277
592.353542,117,2043.776665
632.98348,122,2043.83003
659.168995,131,2043.885313
715.127776,132,2043.943379
543.540021,103,2043.987818
455.61502,89,2044.026154
643.069099,117,2044.522552
532.208349,107,2044.569215
611.882211,117,2044.620659
529.117389,99,2044.664505
578.383753,106,2044.709824
522.374619,98,2044.751897
450.059294,84,2044.788723
713.491636,149,2044.854398
689.208582,127,2044.908982
667.888599,125,2044.96325
530.419204,99,2045.007312
569.889597,109,2045.054049
1102.350898,205,2045.143852
771.162769,144,2045.206004
840.828997,149,2045.272398
707.812713,132,2045.329797
677.687422,125,2045.384734
584.589395,107,2045.958355
559.243014,109,2046.005384
524.61736,95,2046.046222
606.522738,110,2046.093706
439.857571,89,2046.131788
571.730726,108,2046.179678
498.342692,98,2046.22106
454.773566,84,2046.256297
486.864628,94,2046.29667
513.266945,95,2046.338345
623.106451,114,2046.38922
458.118674,84,2046.427043
504.536848,94,2046.471023
425.598355,78,2046.506763
581.397862,111,2046.558032
536.748582,100,2046.602664
457.185375,85,2046.642005
691.092045,127,2046.700249
529.512865,100,2046.746325
622.848553,114,2046.79775
734.463471,133,2047.331066
576.97883,106,2047.378981
561.480019,105,2047.426184
488.279734,100,2047.472426
478.130575,91,2047.51578
441.657821,81,2047.553993
717.515356,131,2047.615646
638.855803,132,2047.680706
674.608939,126,2047.739352
879.486118,170,2047.820931
467.94527,89,2047.864282
595.006625,115,2047.922227
629.615931,116,2047.977706
691.259824,126,2048.035229
522.844114,97,2048.078943
813.881724,151,2048.148547
737.460176,140,2048.217939
563.534829,106,2048.281038
763.36136,143,2048.926965
586.19864,109,2048.974469
472.357233,97,2049.015179
676.726781,136,2049.074293
707.865043,129,2049.131627
521.015505,96,2049.173598
469.213884,93,2049.214335
749.185821,138,2049.273261
576.522164,107,2049.319638
527.408918,99,2049.361269
740.048478,144,2049.420624
443.174624,84,2049.455742
691.563895,127,2049.510522
587.442582,108,2049.55661
674.33865,123,2049.609176
550.959683,106,2049.655759
702.508582,129,2049.71288
531.520377,98,2050.221612
668.916759,126,2050.277102
736.902864,134,2050.336399
590.158591,111,2050.385587
585.809989,108,2050.435023
700.987173,134,2050.493297
624.135004,118,2050.54462
441.900664,84,2050.580697
617.98605,116,2050.63022
615.574523,113,2050.678222
526.383871,108,2050.723549
593.751019,110,2050.770849
579.492631,110,2050.819892
858.343245,154,2050.886104
606.583223,111,2050.936389
485.054747,89,2050.974471
538.416728,103,2051.018112
610.917645,117,2051.069545
668.882372,123,2051.572254
557.828579,105,2051.618814
544.714098,105,2051.664208
624.246754,117,2051.715428
509.895217,95,2051.756649
494.305832,94,2051.797129
588.51589,114,2051.847317
580.757051,110,2051.896349
541.781363,101,2051.942919
636.958722,115,2051.992377
441.796373,81,2052.027462
825.936513,164,2052.099654
575.093968,110,2052.146452
499.493209,106,2052.195042
465.10359,89,2052.233374
699.19401,138,2052.294069
764.404176,148,2052.356114
585.029532,109,2052.4035
542.741785,99,2052.445803
545.68571,102,2052.943107
508.344095,95,2052.985767
516.364585,98,2053.028837
551.954631,103,2053.073475
523.513079,97,2053.116065
618.348617,114,2053.163604
455.828059,90,2053.203975
573.279709,106,2053.250631
728.071363,137,2053.309978
439.945148,83,2053.346875
641.338466,128,2053.403101
474.551706,87,2053.440888
619.895918,115,2053.492537
548.32085,102,2053.536734
671.67421,125,2053.591328
540.500097,100,2053.63497
406.407872,83,2053.671328
671.508292,129,2053.726648
595.415575,113,2053.776498
652.668413,142,2054.282624
562.00452,112,2054.33005
444.21224,87,2054.366807
884.995141,162,2054.435664
569.25926,105,2054.481892
1178.141252,221,2054.578156
592.31871,109,2054.625118
570.702202,104,2054.669003
398.144624,74,2054.70072
571.319892,106,2054.745963
573.434241,109,2054.793304
479.473223,88,2054.83013
622.30491,114,2054.883984
1156.260509,219,2054.985856
655.099959,122,2055.038284
826.64572,152,2055.104391
605.252752,115,2055.594443
605.521882,112,2055.643157
580.777332,104,2055.688211
562.484113,103,2055.732976
677.837288,125,2055.788333
495.376489,93,2055.829237
414.902253,81,2055.863739
540.647068,101,2055.907613
778.843683,141,2055.968767
683.463877,125,2056.022739
584.418573,107,2056.068759
614.425662,117,2056.117927
499.24953,92,2056.15731
703.293,131,2056.214598
684.167936,132,2056.272789
528.368244,102,2056.316242
416.858745,77,2056.349447
607.373987,111,2056.398988
550.987133,101,2056.443671
564.173244,104,2056.958003
538.430767,100,2057.002392
594.540136,109,2057.049763
495.020669,91,2057.089883
562.063921,103,2057.135112
647.462463,119,2057.188694
600.394426,114,2057.239511
517.711125,96,2057.281377
536.112516,102,2057.327082
500.195652,94,2057.367965
598.911643,112,2057.416965
370.696833,74,2057.448522
906.657195,163,2057.521068
524.624356,107,2057.567413
496.166059,91,2057.606691
758.092133,140,2057.669066
505.419767,94,2057.708848
483.31651,92,2057.750088
822.681594,150,2057.817707
490.870276,96,2058.31561
561.993215,102,2058.35963
436.606287,82,2058.397232
756.184688,141,2058.460146
522.061684,98,2058.503586
898.117044,164,2058.574692
521.709337,100,2058.617816
533.485094,99,2058.66108
488.882967,90,2058.700925
547.218015,101,2058.74578
972.546006,180,2058.825453
635.623611,119,2058.879055
688.583419,126,2058.933354
576.648008,106,2058.979531
764.978453,142,2059.041974
524.93064,99,2059.085657
813.382449,149,2059.151989
716.301522,134,2059.856852
597.830006,108,2059.905285
573.748023,105,2059.967628
610.515413,114,2060.021132
548.165822,103,2060.067351
594.630138,111,2060.11878
488.319199,98,2060.162396
557.887321,102,2060.208037
495.557036,93,2060.249979
806.309639,153,2060.320051
668.835071,122,2060.374316
523.522147,96,2060.417637
652.096469,127,2060.475255
515.942806,100,2060.521498
986.765393,179,2060.602316
629.583671,115,2060.655189
675.263752,127,2060.712072
608.210506,112,2060.764377
768.542759,142,2061.438775
589.669898,107,2061.488613
710.836306,130,2061.552427
485.230512,92,2061.594542
458.96062,91,2061.63647
658.826247,125,2061.694504
636.555665,124,2061.754114
958.996268,179,2061.843132
439.804197,83,2061.883046
525.150612,101,2061.931789
537.894001,103,2061.979593
669.397627,126,2062.0385
478.011749,87,2062.07847
700.330416,127,2062.137595
588.571475,120,2062.196007
424.451416,80,2062.233827
751.747717,136,2062.299309
753.066914,141,2062.369178
782.974465,143,2063.22954
568.0035,110,2063.280047
450.894723,84,2063.319607
505.867115,93,2063.362306
567.047439,104,2063.408965
517.667558,95,2063.45165
740.517078,131,2063.510793
519.90543,107,2063.558629
893.675796,164,2063.633965
692.002609,129,2063.69313
561.89839,104,2063.739235
456.059215,84,2063.77582
541.33687,99,2063.819188
563.821457,103,2063.864029
643.29182,122,2063.917173
643.836076,122,2063.971234
634.254541,119,2064.024732
643.125582,121,2064.078496
677.09858,128,2064.823838
673.107717,123,2064.882866
571.255886,116,2064.938789
538.113972,99,2064.984505
891.292909,161,2065.055361
752.569008,142,2065.118596
569.047498,105,2065.164734
590.422647,114,2065.215634
459.958708,90,2065.258353
407.350805,77,2065.293316
635.119746,119,2065.348593
423.353438,80,2065.387026
535.906697,99,2065.433559
653.768909,121,2065.490254
1089.354999,203,2065.584608
691.082154,125,2065.641762
573.524867,104,2065.689745
499.819627,92,2066.327565
521.029318,100,2066.37193
510.756045,97,2066.41391
426.150887,93,2066.454046
510.889311,97,2066.496315
561.760393,103,2066.541634
512.255375,95,2066.583281
666.527033,129,2066.640611
653.895959,121,2066.692521
648.047439,122,2066.746578
613.136782,117,2066.797497
458.534669,89,2066.836747
485.882831,94,2066.877207
612.129721,116,2066.927671
646.906215,127,2066.981776
725.226704,134,2067.039803
644.359753,119,2067.091117
609.181069,119,2067.145093
906.508025,173,2067.790887
817.941688,158,2067.861528
628.12691,116,2067.914869
619.35395,119,2067.966161
494.58727,93,2068.006314
506.625451,100,2068.050726
685.749771,130,2068.109028
601.77976,112,2068.156994
539.308289,98,2068.198912
614.286231,111,2068.247805
743.807901,146,2068.309977
539.840345,99,2068.352909
518.448507,101,2068.396813
635.382222,115,2068.446875
454.497661,86,2068.483645
583.811712,109,2068.533393
470.489245,87,2068.570629
613.65947,111,2068.619511
511.362278,95,2068.661581
578.206219,107,2069.174303
542.693398,99,2069.219267
632.307681,115,2069.26907
552.230593,100,2069.313472
488.6744,95,2069.356075
543.583456,100,2069.400056
735.88617,133,2069.458804
752.051347,140,2069.520891
496.608595,92,2069.559885
654.059986,119,2069.611902
715.173049,135,2069.671949
610.837368,113,2069.720248
528.121504,98,2069.762881
505.072047,95,2069.803622
587.903356,108,2069.849917
898.522388,163,2069.922331
542.133931,97,2069.964676
760.743216,142,2070.02545
362.669348,70,2070.523248
932.463821,170,2070.598717
689.625547,127,2070.654868
558.823815,103,2070.699428
787.302656,145,2070.763458
485.420188,89,2070.80252
719.291478,133,2070.860187
743.948006,141,2070.921175
456.629913,86,2070.959376
943.948163,171,2071.035192
773.605327,141,2071.096252
684.764663,131,2071.153998
569.300605,103,2071.198125
596.398457,112,2071.248637
557.259814,101,2071.293134
574.886678,106,2071.339489
484.424476,89,2071.378519
588.175038,112,2071.976964
506.441447,97,2072.023833
711.569248,153,2072.09462
934.630153,176,2072.171995
833.409189,155,2072.240368
642.917163,117,2072.29269
1051.574559,191,2072.37619
666.240675,121,2072.429329
521.467495,97,2072.47048
747.825533,141,2072.531593
389.344985,80,2072.566228
782.384107,141,2072.626736
437.700393,89,2072.664089
588.108905,111,2072.712853
597.50168,107,2072.759356
487.896411,90,2072.797531
665.57155,128,2072.852429
647.100791,117,2073.399084
382.991111,70,2073.429211
671.425948,125,2073.484737
537.898123,99,2073.530161
746.391791,143,2073.594426
445.145963,83,2073.631181
708.907224,132,2073.689545
497.145824,94,2073.7296
651.595917,119,2073.781663
589.693805,113,2073.830347
565.173953,106,2073.875479
515.644694,94,2073.915684
554.7001,105,2073.961115
593.034159,114,2074.010269
524.285654,97,2074.05237
474.440662,92,2074.093391
705.391828,132,2074.150342
647.66413,124,2074.206114
547.767962,101,2074.252351
599.322803,111,2074.793985
486.5169,92,2074.834124
536.720838,102,2074.878702
527.761719,98,2074.921893
840.743814,151,2074.986844
815.376678,147,2075.05282
654.553243,120,2075.106802
423.626592,79,2075.140491
527.279506,96,2075.18299
567.677422,108,2075.230742
577.826107,109,2075.279125
738.991652,143,2075.341547
500.32505,92,2075.381842
514.999777,102,2075.428115
641.717412,120,2075.481692
869.774073,160,2075.552722
609.988892,112,2075.602527
669.162117,123,2076.210312
591.51598,107,2076.257592
534.409684,97,2076.300934
577.097533,113,2076.350409
641.186306,121,2076.403806
588.425792,111,2076.450536
546.421092,104,2076.49768
594.156101,110,2076.545317
616.383535,111,2076.594302
611.240796,110,2076.642853
634.77246,119,2076.694771
667.660868,121,2076.74779
682.19972,123,2076.802448
423.15491,81,2076.837369
755.557711,144,2076.902354
581.099652,108,2076.949367
702.659187,129,2077.006019
552.08756,105,2077.051556
302.259723,62,2077.078347
677.177106,126,2077.737455
514.59697,95,2077.781673
597.439654,112,2077.833683
501.299665,96,2077.877068
686.104222,128,2077.941475
490.64722,91,2077.982223
669.389387,125,2078.043888
625.866945,118,2078.100552
636.694102,118,2078.154304
486.640857,96,2078.197578
664.193868,120,2078.25128
368.878353,81,2078.288768
490.053058,90,2078.330845
590.094439,111,2078.383106
480.644708,97,2078.428176
748.362548,161,2078.500898
541.683051,99,2078.545452
639.067192,116,2078.597744
572.014851,112,2078.648895
692.480234,126,2079.183443
582.949103,108,2079.233908
490.365831,89,2079.274862
645.116157,122,2079.330055
683.883635,126,2079.387109
505.454324,99,2079.431163
573.954276,106,2079.477164
506.569809,103,2079.523124
469.473672,87,2079.562198
550.234542,101,2079.607359
605.605776,109,2079.655692
571.195077,106,2079.702143
625.3312,114,2079.755121
727.359779,140,2079.81656
532.442369,104,2079.862964
569.76406,105,2079.909471
691.268875,137,2079.972146
570.967658,109,2080.020952
675.287779,125,2080.541449
479.910747,91,2080.582109
601.170962,110,2080.631234
686.540729,129,2080.691504
930.073844,177,2080.773787
456.401808,85,2080.813021
819.566754,158,2080.886635
533.862263,101,2080.93445
573.849197,113,2080.98495
658.848538,122,2081.039266
409.471939,76,2081.072233
611.054057,119,2081.125404
388.74902,80,2081.161866
638.340907,116,2081.218628
570.23425,106,2081.268005
503.071373,94,2081.310485
619.467176,114,2081.362064
536.344223,98,2081.406495
376.17735,78,2081.441668
455.941267,87,2082.046811
442.665271,85,2082.085227
451.500808,89,2082.123958
562.685256,104,2082.170575
509.865898,93,2082.212359
574.34586,114,2082.261519
704.365471,136,2082.321995
513.847867,100,2082.368597
456.300691,90,2082.409429
498.995558,96,2082.454436
826.898059,154,2082.524169
506.62644,92,2082.566269
622.351979,113,2082.617193
688.365847,126,2082.673213
467.604085,87,2082.712135
612.700652,116,2082.764569
544.851973,100,2082.809147
647.655787,123,2082.864215
576.438297,107,2082.912075
558.072239,106,2083.566165
656.21026,119,2083.618093
417.903586,78,2083.652185
690.767743,128,2083.70883
451.454238,83,2083.743861
755.903695,139,2083.804128
684.583111,125,2083.858541
469.406571,92,2083.897229
509.453988,92,2083.937047
656.732924,125,2083.992059
454.322989,98,2084.034806
485.410042,89,2084.074032
652.196462,118,2084.12688
842.354036,152,2084.194462
559.432732,104,2084.24141
496.691051,92,2084.281534
691.616456,130,2084.336155
373.771562,69,2084.365495
569.231915,105,2084.411595
779.519995,145,2085.123719
492.806613,95,2085.166317
649.155929,122,2085.21906
478.493366,92,2085.258416
532.934897,100,2085.301728
458.120371,86,2085.340925
489.769527,90,2085.38058
620.292335,115,2085.431155
511.603973,95,2085.473229
558.754808,105,2085.518166
747.137344,135,2085.576957
636.394643,118,2085.62913
510.849803,101,2085.672826
510.937388,97,2085.714647
599.9848,108,2085.763052
539.334406,99,2085.806564
703.92929,140,2085.867414
413.392383,76,2085.901497
556.724621,103,2085.946388
504.824579,93,2085.986337
566.761097,105,2086.488432
515.944747,99,2086.531002
614.067013,114,2086.580949
655.734751,127,2086.637184
502.119069,95,2086.678627
762.047421,140,2086.741457
755.131254,137,2086.803232
599.503924,112,2086.852334
512.284419,102,2086.896876
301.159419,66,2086.924519
504.368039,93,2086.964304
605.130717,112,2087.013927
542.57657,106,2087.059425
665.967707,124,2087.113972
536.700813,102,2087.160156
487.267546,102,2087.205715
635.142312,116,2087.256001
663.793771,131,2087.313604
562.994126,103,2087.840732
558.175413,103,2087.887035
586.699201,109,2087.935478
628.312127,116,2087.986417
770.125053,138,2088.047702
618.682041,120,2088.102411
540.977415,103,2088.147725
583.156429,108,2088.194255
716.652749,132,2088.252144
585.430452,107,2088.29923
472.573426,87,2088.336889
618.986062,112,2088.384983
645.509291,119,2088.438835
620.133483,113,2088.489118
1157.908841,226,2088.591082
538.666463,102,2088.635448
607.708784,113,2088.686463
597.738134,112,2089.221999
496.780484,96,2089.265745
715.913439,133,2089.32459
770.798067,141,2089.387382
656.160364,119,2089.440201
690.830505,123,2089.492769
365.609979,73,2089.523708
601.592539,116,2089.577387
669.769615,126,2089.63435
566.913473,104,2089.681198
639.839693,119,2089.732839
678.373843,126,2089.787304
525.241004,96,2089.829493
496.346061,98,2089.872204
510.992462,109,2089.922485
756.745146,143,2089.986592
448.841594,92,2090.027147
461.087321,90,2090.06591
672.386944,123,2090.119509
544.644713,106,2090.617291
576.658821,105,2090.663907
657.571972,120,2090.716087
595.447522,110,2090.764772
519.166875,98,2090.806846
392.955428,79,2090.841094
620.086216,122,2090.895385
550.774677,108,2090.942425
413.647518,84,2090.97975
536.142625,103,2091.024587
584.598261,108,2091.072346
665.419588,122,2091.126297
613.3918,115,2091.178682
638.347755,124,2091.232744
619.272302,120,2091.284526
476.32456,87,2091.323303
579.047642,106,2091.371333
547.764716,101,2091.415042
547.858023,101,2091.45801
570.678115,111,2091.989905
671.130529,130,2092.048369
474.562942,89,2092.087437
789.291759,144,2092.156116
491.631465,94,2092.196143
596.383322,110,2092.243896
639.387896,126,2092.301682
750.864499,144,2092.365852
659.959744,122,2092.420212
457.388064,90,2092.459959
624.643918,113,2092.508641
525.621332,103,2092.554831
737.546646,136,2092.615448
530.58729,102,2092.661607
604.806006,110,2092.709531
551.800671,103,2092.753751
461.450028,95,2092.796135
603.759525,112,2092.84523
726.813073,137,2093.386548
451.331763,90,2093.427681
603.936053,114,2093.477114
716.45921,132,2093.533958
619.908402,116,2093.585296
596.14023,110,2093.635176
614.092114,114,2093.687475
1061.520117,191,2093.774082
472.774765,92,2093.814587
486.262328,90,2093.853121
891.406295,162,2093.925153
551.907416,108,2093.973473
630.782516,122,2094.029408
623.180505,112,2094.078481
452.268665,83,2094.114018
616.718887,115,2094.16277
582.935251,105,2094.208893
885.984769,176,2094.748104
719.017314,132,2094.805931
560.563237,102,2094.851093
722.951272,131,2094.909262
532.391451,98,2094.95175
570.455964,109,2094.999039
398.327592,74,2095.031067
818.434153,153,2095.097798
533.230917,101,2095.141899
544.684544,100,2095.185436
635.9284,120,2095.237336
613.907611,112,2095.28397
541.363145,102,2095.328069
565.322,107,2095.373242
515.776963,95,2095.414299
555.809754,105,2095.460257
778.557545,141,2095.52184
566.743233,106,2095.571301
331.542876,68,2095.602414
445.269893,84,2096.09341
513.693841,96,2096.136325
492.546542,91,2096.175932
591.132354,110,2096.224562
442.206481,81,2096.260074
534.071209,101,2096.303721
675.54606,123,2096.35728
492.10008,92,2096.397374
543.621933,100,2096.441178
559.208193,106,2096.488648
472.968875,87,2096.526003
540.371924,114,2096.574939
677.30792,126,2096.631707
614.935427,113,2096.681968
558.479545,103,2096.726501
533.634352,106,2096.772587
489.653144,92,2096.811997
973.018644,175,2096.890253
470.060775,87,2096.927859
589.570757,108,2097.416868
451.750819,85,2097.454049
587.254965,111,2097.502492
586.637293,108,2097.551405
854.855415,156,2097.621006
498.527555,92,2097.66067
487.709751,90,2097.699103
621.674285,118,2097.74978
751.420077,138,2097.810259
498.188948,98,2097.854051
620.079214,113,2097.902448
643.449437,117,2097.953234
271.037184,57,2097.976552
646.456561,120,2098.02869
800.912462,148,2098.094184
515.127434,95,2098.135602
536.951314,100,2098.17906
626.676143,117,2098.230817
537.560088,102,2098.276581
578.331165,109,2098.815022
630.471445,120,2098.871296
559.142107,105,2098.918753
931.397268,182,2099.000368
609.965901,113,2099.049201
625.922166,114,2099.098081
754.109308,138,2099.158669
533.5607,103,2099.204697
438.405392,81,2099.240077
476.78113,88,2099.279281
494.80349,91,2099.318569
526.888188,102,2099.362648
807.449309,145,2099.424063
511.926098,93,2099.464667
494.057769,93,2099.504852
507.343411,106,2099.550894
838.885767,151,2099.616172
687.046648,135,2099.677017
543.853361,99,2100.193684
520.978816,96,2100.236248
394.134221,72,2100.266546
596.571886,108,2100.3132
1105.613589,207,2100.406121
934.54267,175,2100.483993
538.746813,104,2100.530656
657.993883,122,2100.584349
583.67629,110,2100.632636
466.261171,86,2100.670388
675.137559,122,2100.72375
538.468831,107,2100.770924
615.936391,116,2100.821088
564.138927,108,2100.868331
637.548282,120,2100.921424
449.99523,86,2100.957939
568.789054,111,2101.007055
615.697187,112,2101.05531
571.284027,105,2101.563529
741.200533,133,2101.622525
501.342582,93,2101.662001
477.855023,91,2101.702289
589.500686,108,2101.749191
900.322219,178,2101.8309
583.251413,108,2101.878986
606.152553,112,2101.92822
743.012974,134,2101.986925
494.912655,93,2102.027745
790.195372,143,2102.09026
625.098916,129,2102.151189
536.037704,103,2102.196114
673.778469,124,2102.251001
546.097007,104,2102.298593
574.569732,110,2102.347504
680.913588,128,2102.407059
398.346701,73,2102.439312
615.082146,124,2102.943282
472.805359,88,2102.982747
720.235827,130,2103.039661
478.697599,89,2103.078121
594.595971,111,2103.126361
568.721701,104,2103.171419
503.47629,94,2103.212176
467.696815,87,2103.251727
538.717237,101,2103.295732
708.268733,128,2103.351688
460.31926,90,2103.39098
518.974786,95,2103.432502
717.942684,132,2103.490229
642.01272,119,2103.541325
508.794553,100,2103.584993
536.053999,99,2103.628098
579.598365,107,2103.674628
673.299398,123,2103.730722
673.932235,124,2103.785383
541.719086,101,2104.335517
612.338122,125,2104.392531
591.366551,109,2104.440314
519.292742,97,2104.482753
471.470987,87,2104.522582
741.405191,135,2104.585475
571.626202,108,2104.634182
576.419465,107,2104.682082
474.301904,85,2104.719306
657.019592,121,2104.773885
458.268716,90,2104.81244
661.486892,127,2104.868949
612.566287,115,2104.92173
483.040272,89,2104.960037
664.191276,123,2105.013921
632.759505,116,2105.0659
812.065301,148,2105.130604
775.686807,143,2105.1923
624.609129,125,2105.697942
660.171285,125,2105.753406
561.433055,102,2105.798262
505.337804,102,2105.841618
440.904258,82,2105.878404
596.168896,116,2105.930669
905.320413,166,2106.003619
499.170509,95,2106.046071
657.643285,121,2106.100195
504.493979,92,2106.140225
705.378226,131,2106.199178
575.739177,106,2106.24639
675.502285,125,2106.301775
782.543045,146,2106.366575
561.188259,108,2106.413723
724.33313,129,2106.470197
563.495103,105,2106.514879
491.311073,91,2106.553802
822.310074,145,2107.065477
547.494401,102,2107.109522
462.632131,94,2107.151555
677.070431,121,2107.20531
489.353846,93,2107.244764
553.432827,108,2107.292808
544.094836,101,2107.337895
539.502946,101,2107.381259
533.975143,100,2107.425379
556.234893,101,2107.471018
433.885641,83,2107.507759
514.310152,104,2107.554039
574.483741,110,2107.604266
633.008831,117,2107.6566
509.531969,95,2107.698921
616.428205,113,2107.748102
525.004083,107,2107.794585
674.396139,125,2107.849286
567.771146,108,2107.896959
526.305285,107,2108.395293
722.578713,136,2108.455427
632.66087,122,2108.514731
588.981874,108,2108.565467
610.253176,118,2108.619179
529.621614,101,2108.664648
444.454665,83,2108.701723
543.640952,99,2108.744858
1183.55226,209,2108.837604
580.375935,114,2108.888315
522.168337,100,2108.930805
419.103911,79,2108.966399
607.426836,110,2109.01511
722.793866,129,2109.072065
546.008283,104,2109.117247
630.638864,119,2109.168616
418.501187,84,2109.205442
518.805486,108,2109.252835
710.549587,127,2109.760905
825.883592,160,2109.845905
770.93134,143,2109.909402
469.0712,88,2109.950028
503.205784,94,2109.992852
557.558607,105,2110.039143
493.852087,96,2110.081558
694.617244,125,2110.139494
559.092267,108,2110.191645
493.878839,91,2110.232276
437.319184,83,2110.269334
732.793445,135,2110.330112
489.857388,90,2110.370417
551.797565,108,2110.420793
546.850315,102,2110.464916
649.743828,119,2110.517871
777.722061,145,2110.582563
567.728006,106,2110.629946
474.160377,104,2111.270737
501.86361,91,2111.31109
703.901477,130,2111.370192
590.370936,114,2111.419487
630.761768,117,2111.470987
733.065247,132,2111.529124
640.455114,121,2111.585131
557.879939,104,2111.6311
765.235291,142,2111.69462
611.513927,114,2111.745388
491.763118,95,2111.789096
492.565116,90,2111.827741
533.847639,101,2111.871909
506.067787,98,2111.913511
701.693006,143,2111.979871
661.992839,123,2112.03401
500.561707,97,2112.077589
578.686615,106,2112.124823
588.972451,109,2112.737216
590.406805,111,2112.785747
704.561048,130,2112.848301
665.614803,124,2112.901859
761.791417,143,2112.968234
726.46996,146,2113.032224
496.640827,95,2113.074667
762.006933,142,2113.136355
705.961561,130,2113.19438
551.861048,103,2113.238321
490.697738,90,2113.278862
806.878746,148,2113.345316
534.577989,101,2113.390512
650.462904,121,2113.445285
730.767815,136,2113.505068
485.828226,91,2113.545896
529.21125,99,2113.589297
682.598415,131,2114.158976
745.968835,138,2114.222093
464.088875,93,2114.263448
479.503625,87,2114.302359
572.879866,109,2114.350247
556.799465,105,2114.398346
813.485631,150,2114.464894
504.701466,98,2114.509103
512.96537,94,2114.5506
825.96362,155,2114.620588
523.819118,99,2114.664446
598.440947,114,2114.715948
514.900518,96,2114.759376
462.377971,89,2114.798311
368.766723,70,2114.828288
487.119919,94,2114.870126
852.026959,170,2114.963223
558.404848,103,2115.010514
567.601792,105,2115.057248
471.588214,87,2115.617733
805.109579,154,2115.686491
491.901897,95,2115.728239
447.424996,87,2115.768903
455.864488,90,2115.808504
567.259431,108,2115.856091
760.589425,141,2115.917902
524.431492,99,2115.962228
371.408782,81,2115.998448
647.376316,125,2116.053849
566.01284,102,2116.09793
621.478321,117,2116.151731
468.265436,87,2116.189288
709.522799,129,2116.246799
663.313832,126,2116.303714
593.810873,113,2116.353877
667.772538,123,2116.407819
776.207064,141,2116.489895
491.729605,91,2116.53099
588.469747,110,2117.175171
527.943311,101,2117.221832
535.173885,96,2117.269642
425.082779,82,2117.304918
517.925376,101,2117.349278
596.653061,110,2117.399379
1154.65708,220,2117.499702
562.72192,106,2117.5452
602.185414,110,2117.592996
466.909408,88,2117.631794
539.081096,98,2117.675313
830.430531,149,2117.741396
518.518008,95,2117.781399
684.225769,124,2117.836146
473.317859,101,2117.880443
690.813322,130,2117.937071
684.895069,134,2117.995734
640.031259,123,2118.72097
506.109688,93,2118.764607
546.477752,99,2118.808259
678.171144,125,2118.862982
558.745056,110,2118.914233
592.160766,115,2118.967089
695.29937,128,2119.023894
544.007995,101,2119.068097
677.980423,127,2119.125627
624.567746,115,2119.175337
587.742738,108,2119.222808
1001.596459,180,2119.302568
464.303151,88,2119.341144
528.466912,101,2119.384203
624.660421,118,2119.434864
562.191262,102,2119.480891
540.401681,100,2119.524829
598.320132,108,2119.572085
509.758212,99,2119.614993
522.630405,98,2120.112229
394.644849,87,2120.149544
527.503105,100,2120.193276
523.917204,97,2120.237465
481.956156,94,2120.280065
671.878883,126,2120.337974
530.711462,97,2120.380321
682.912742,131,2120.437613
487.927876,90,2120.477614
473.332953,98,2120.521057
572.481037,106,2120.568137
689.666794,125,2120.624358
871.611123,158,2120.695141
865.077311,157,2120.76515
503.419201,97,2120.808375
686.620254,124,2120.864806
633.279826,115,2120.915221
487.295382,92,2120.955484
584.783396,111,2121.45449
617.671815,116,2121.507805
728.598179,135,2121.569739
512.198933,94,2121.610928
550.999591,102,2121.656094
544.040267,104,2121.703105
552.798214,106,2121.749593
620.11961,116,2121.800321
650.85819,118,2121.852683
696.775036,129,2121.910242
627.950276,118,2121.961486
706.578996,127,2122.01753
462.121551,90,2122.055667
584.024025,107,2122.103441
532.470409,97,2122.144922
546.992402,102,2122.189735
528.544936,98,2122.232248
486.677232,89,2122.27112
576.012395,109,2122.319336
689.991889,143,2122.904697
467.758894,93,2122.944739
487.476948,92,2122.984642
788.317697,145,2123.049561
685.986256,125,2123.105255
571.476851,108,2123.154637
447.051001,83,2123.191652
514.509972,101,2123.23723
1024.587499,191,2123.323622
541.913501,101,2123.367802
612.714912,111,2123.416724
569.83105,108,2123.466797
487.497514,100,2123.511047
505.90373,95,2123.5521
840.360926,151,2123.619902
616.591414,115,2123.670794
525.935352,100,2123.713918
697.432678,127,2123.769094
702.621187,134,2124.868954
715.135295,128,2124.940686
388.088008,77,2124.975398
431.871297,84,2125.011897
481.491792,89,2125.050961
784.56988,142,2125.114176
567.753398,107,2125.161739
645.095417,118,2125.216053
496.275925,92,2125.257728
605.453644,114,2125.310506
445.048002,82,2125.348035
483.264928,89,2125.387534
810.484639,146,2125.45231
600.927324,110,2125.501687
760.530126,140,2125.566736
652.045767,123,2125.623174
485.239814,93,2125.66389
576.477463,106,2125.711929
685.163208,125,2126.285137
516.221905,101,2126.332599
513.134036,94,2126.373744
500.149161,93,2126.417831
867.395684,155,2126.486714
587.630103,109,2126.535492
663.745124,121,2126.58959
656.090085,122,2126.644849
448.666712,89,2126.683614
921.782851,171,2126.76095
845.098368,155,2126.828961
650.049822,121,2126.882114
679.040753,127,2126.937327
576.578494,109,2126.985591
513.031229,95,2127.028088
615.505861,123,2127.10127
514.517443,98,2127.14362
507.03498,92,2127.185275
770.84806,140,2127.755736
624.636368,117,2127.808011
618.524166,125,2127.863825
983.805179,183,2127.945054
882.370403,158,2128.013814
554.447354,102,2128.059098
757.49462,140,2128.120558
463.385842,90,2128.160734
585.939495,107,2128.210352
477.161112,88,2128.250301
577.527492,108,2128.299848
585.931918,111,2128.348902
605.593296,114,2128.399539
581.446087,115,2128.451213
745.859304,142,2128.513975
542.578828,102,2128.559149
803.619503,145,2128.642854
669.634308,123,2129.364591
656.540671,121,2129.416692
539.500449,104,2129.463555
552.846341,102,2129.508833
532.447491,105,2129.556936
497.343854,93,2129.598859
671.63477,131,2129.656908
677.585587,124,2129.712956
576.130394,109,2129.760952
646.505808,121,2129.815456
591.611495,113,2129.867006
858.464222,156,2129.938661
643.979211,118,2129.991911
819.263159,149,2130.060371
648.809622,124,2130.11714
616.43489,114,2130.167723
523.50314,95,2130.208516
499.664355,93,2130.880055
690.120831,128,2130.937527
542.438697,99,2130.981202
1024.424728,183,2131.063918
511.60128,94,2131.105156
722.65732,132,2131.164069
690.328674,129,2131.222415
616.484216,112,2131.271132
750.985895,135,2131.331121
514.882738,102,2131.378385
711.717668,132,2131.437212
515.699134,96,2131.480497
597.114689,111,2131.530667
565.67691,103,2131.576599
611.148702,113,2131.626545
487.653929,90,2131.668078
488.806143,89,2131.707616
609.356303,114,2131.758016
678.166731,127,2132.458851
506.218057,95,2132.499336
528.684937,97,2132.55527
602.550067,111,2132.606043
495.617393,90,2132.646656
530.211227,97,2132.691117
454.62914,89,2132.730734
683.681729,123,2132.785708
622.088555,114,2132.836643
377.283541,83,2132.871812
463.296208,89,2132.912964
559.798682,111,2132.962908
701.017704,129,2133.020637
572.40177,104,2133.067385
563.494641,106,2133.115654
748.225199,135,2133.176616
844.173238,152,2133.245316
804.086783,146,2133.311661
550.055976,102,2133.935491
596.974285,110,2133.990215
562.326687,105,2134.039394
606.724384,112,2134.090275
658.227578,122,2134.14343
705.307405,143,2134.213767
998.524736,185,2134.300534
510.520641,110,2134.355523
574.239651,104,2134.40323
531.531934,101,2134.449365
623.976442,117,2134.501938
777.242947,153,2134.573626
485.13149,89,2134.613154
451.661344,83,2134.650153
544.713198,112,2134.712908
665.199848,125,2134.772638
491.628237,99,2134.81855
573.845424,104,2134.86489
866.81793,156,2135.9713
427.358688,81,2136.011916
587.170952,111,2136.061088
747.812829,135,2136.120894
593.798552,110,2136.168876
855.007654,152,2136.235565
936.045157,175,2136.313185
478.947341,93,2136.354861
554.04061,101,2136.39942
678.020267,123,2136.45308
625.395484,118,2136.504528
553.420544,101,2136.549014
420.067471,79,2136.58379
594.911941,107,2136.630948
568.639165,104,2136.676816
594.474887,114,2136.727465
466.124614,87,2136.767141
604.226673,112,2136.815701
502.02914,100,2137.485866
469.093196,87,2137.526477
532.307396,102,2137.575615
682.923394,133,2137.634182
661.981943,128,2137.69009
500.713012,101,2137.738591
482.422612,89,2137.778391
608.686299,115,2137.831313
513.312847,99,2137.875281
769.744718,139,2137.938272
728.093112,134,2137.998187
478.604686,89,2138.036523
509.380516,93,2138.077318
468.465785,90,2138.117419
652.010777,132,2138.178267
573.460609,111,2138.22919
858.047243,161,2138.301438
732.131463,133,2138.360661
559.496048,102,2138.909783
664.352483,120,2138.963776
433.362455,88,2139.00188
643.514818,117,2139.054667
577.380686,113,2139.104734
570.574251,105,2139.151635
428.519205,85,2139.189698
442.792646,88,2139.227988
572.183115,117,2139.281493
1100.718689,199,2139.369421
923.35058,168,2139.443966
623.03799,112,2139.493337
681.711888,123,2139.547406
525.399233,105,2139.593942
591.716072,109,2139.641848
417.957784,83,2139.680399
525.756429,103,2139.727114
566.123667,109,2139.775437
396.340229,83,2140.582377
615.379898,112,2140.633097
558.247998,103,2140.678869
527.524787,99,2140.72324
552.478535,101,2140.770558
504.136649,92,2140.811059
566.884226,109,2140.857953
666.82363,126,2140.91396
454.660865,86,2140.954587
806.360196,148,2141.020996
435.904004,79,2141.055835
630.354302,113,2141.10541
419.772648,82,2141.141844
545.732176,99,2141.186873
528.991545,99,2141.231147
678.553535,132,2141.29106
603.129579,113,2141.342228
564.559522,107,2141.390697
494.517102,101,2141.43654
493.491122,98,2141.479357
526.379675,103,2142.262489
650.341546,122,2142.318283
506.463102,95,2142.361034
598.742495,115,2142.415543
518.205461,97,2142.461316
750.401489,137,2142.523036
636.774941,118,2142.576349
535.183984,101,2142.623099
623.25227,113,2142.672265
465.506173,93,2142.71278
466.107231,85,2142.749889
642.703858,131,2142.807426
919.351553,168,2142.881996
856.50059,154,2142.951334
777.583083,141,2143.01524
654.362014,123,2143.070034
602.808404,116,2143.120545
583.301235,109,2143.88854
500.479851,96,2143.930801
820.301684,162,2144.003241
485.878492,95,2144.044621
473.387507,87,2144.083001
646.946846,118,2144.135847
649.886766,118,2144.188914
992.751116,179,2144.268011
651.341734,121,2144.319455
540.346864,98,2144.362893
628.363444,118,2144.415248
707.973072,136,2144.476165
589.035408,113,2144.524937
622.893256,116,2144.574777
576.515536,107,2144.621533
719.554984,132,2144.680476
487.27304,94,2144.721936
448.560109,84,2144.760028
520.490235,110,2145.394643
946.668257,188,2145.481735
958.079176,174,2145.561069
474.788711,90,2145.601115
771.056154,142,2145.665592
674.33316,134,2145.725772
479.275332,89,2145.764045
595.264321,111,2145.811393
441.980684,82,2145.849734
471.208375,94,2145.891488
434.752065,87,2145.930341
675.704536,139,2145.994776
612.823787,113,2146.044986
612.86079,110,2146.095634
612.95899,114,2146.147557
439.430776,87,2146.185349
522.148897,104,2146.230301
712.08936,130,2146.805219
560.191693,103,2146.851841
612.454027,115,2146.903246
592.904953,113,2146.953407
438.550878,88,2146.991758
780.890186,145,2147.056015
530.76097,97,2147.098906
656.157673,125,2147.156588
566.252918,108,2147.205356
634.015267,114,2147.257015
643.097542,121,2147.314612
592.87209,118,2147.369708
467.8021,93,2147.410273
502.448682,97,2147.453154
671.591118,124,2147.509396
468.269424,89,2147.548022
646.442946,121,2147.603528
814.322674,149,2147.670623
489.555678,97,2147.715488
607.40506,115,2148.27112
532.160399,99,2148.315538
569.728595,117,2148.368993
634.023469,117,2148.422848
536.835333,101,2148.470243
371.760271,75,2148.504023
575.671173,105,2148.551727
578.484897,108,2148.601882
600.743738,112,2148.651978
558.581022,105,2148.698425
472.775978,87,2148.735608
606.095942,118,2148.787816
438.873378,90,2148.827078
506.671243,104,2148.873068
677.442219,122,2148.927756
617.123616,111,2148.976838
481.393769,97,2149.019107
924.395382,168,2149.094333
592.747147,112,2149.143264
434.655902,89,2149.656905
666.328097,124,2149.712013
595.805741,115,2149.764201
914.595116,166,2149.857039
513.711037,95,2149.899163
523.558005,96,2149.942152
519.604345,97,2149.986667
495.980966,99,2150.02896
597.933768,117,2150.081434
495.065903,96,2150.125039
431.978873,90,2150.164542
589.084925,106,2150.210818
572.903107,105,2150.256102
545.825904,104,2150.303417
484.734255,89,2150.341763
500.348269,94,2150.384396
694.760166,129,2150.441768
425.752082,86,2150.479138
606.281956,117,2150.530731
841.319831,154,2151.059196
743.037691,137,2151.12111
515.58581,95,2151.162577
479.489586,92,2151.202296
587.028711,110,2151.250862
403.166586,80,2151.284779
362.965666,83,2151.321507
835.609478,154,2151.391268
575.206852,107,2151.437337
477.39599,89,2151.475848
467.13381,91,2151.515594
645.574507,119,2151.566607
433.336418,91,2151.606686
780.303096,146,2151.671491
578.683587,105,2151.716872
545.735206,103,2151.762253
564.263599,112,2151.811258
521.027559,98,2151.85364
570.45977,111,2151.904726
459.05079,90,2152.414018
421.274109,85,2152.45184
619.63545,118,2152.504793
602.310477,113,2152.555183
616.933203,117,2152.607766
538.90844,98,2152.652177
598.597466,111,2152.704285
637.883397,117,2152.759699
635.537057,118,2152.811905
406.17019,76,2152.845459
561.711573,108,2152.892737
615.692109,114,2152.942839
643.247752,125,2152.999952
662.766642,118,2153.053735
552.856485,105,2153.099726
524.694781,95,2153.141271
575.481204,112,2153.191721
568.455338,104,2153.236224
617.155821,122,2153.289965
453.492081,91,2153.814871
637.714953,117,2153.869463
586.616034,107,2153.918109
608.058513,116,2153.973009
718.859935,131,2154.031012
526.118497,100,2154.075046
621.259518,118,2154.127387
557.674741,109,2154.177663
672.333941,135,2154.236133
555.545446,114,2154.286481
609.652163,113,2154.335615
568.852703,108,2154.38322
614.121618,119,2154.436376
702.610864,129,2154.492204
606.353737,113,2154.542382
624.473095,122,2154.59656
597.429296,111,2154.644571
555.257779,103,2154.68965
432.225248,86,2155.208728
496.423511,90,2155.248018
484.516343,89,2155.286716
593.229496,110,2155.334368
576.244431,106,2155.381474
778.950233,141,2155.445015
542.361803,100,2155.489271
663.269303,125,2155.545822
465.083404,86,2155.584152
600.705977,110,2155.632741
495.658236,99,2155.675933
383.768163,81,2155.713062
477.7987,89,2155.75246
625.830549,121,2155.805359
763.566976,150,2155.873086
668.240299,125,2155.928686
836.936317,155,2155.99697
476.695512,97,2156.041194
1033.717259,184,2156.645134
575.374655,106,2156.691793
443.322619,85,2156.729527
799.156791,144,2156.793761
643.001057,123,2156.8501
528.190876,97,2156.893814
530.852146,101,2156.939304
638.00207,116,2156.989825
916.674194,169,2157.062842
603.159375,118,2157.114996
488.905808,94,2157.1562
709.043452,135,2157.216569
498.950602,90,2157.255572
711.639351,131,2157.313697
507.156838,97,2157.357031
486.468422,97,2157.399989
646.627118,122,2157.454644
625.155228,115,2157.50604
503.421822,104,2158.139074
601.551594,117,2158.194
542.390105,103,2158.241266
680.173629,126,2158.296315
423.637478,84,2158.332878
539.706216,100,2158.377696
599.023319,115,2158.429339
499.221581,95,2158.470706
471.208895,95,2158.511776
534.948294,108,2158.558922
718.648881,131,2158.616528
588.5368,107,2158.671811
562.674536,109,2158.723367
458.30872,89,2158.763783
644.340463,120,2158.818382
594.634395,108,2158.868327
450.209207,87,2158.908826
731.847563,133,2158.968086
492.686336,100,2159.012466
670.243375,123,2159.644009
587.111113,110,2159.694935
827.11368,150,2159.768352
604.309992,115,2159.819599
607.542512,112,2159.868928
689.392138,122,2159.922183
604.10718,113,2159.973627
523.050132,96,2160.015651
849.937207,162,2160.087061
598.102301,111,2160.137079
765.474908,139,2160.19879
467.659645,92,2160.2406
591.755759,113,2160.292675
608.256146,113,2160.341533
593.08324,108,2160.38878
532.955599,107,2160.435765
483.960484,99,2160.479365
689.440197,129,2160.978049
680.526264,127,2161.033836
580.552468,107,2161.080946
720.382602,132,2161.138249
557.486279,108,2161.186198
547.467368,107,2161.234151
676.836236,122,2161.288093
458.946352,90,2161.327841
773.715942,145,2161.391943
414.345528,79,2161.427207
745.139087,133,2161.486092
620.98749,115,2161.537507
532.907295,99,2161.580996
574.618247,105,2161.627783
605.98918,112,2161.677929
757.673688,139,2161.73997
574.426573,117,2161.790213
536.988143,100,2161.834058
581.437915,109,2162.360005
510.366991,100,2162.404317
472.151569,93,2162.444872
657.798551,119,2162.497551
688.446832,129,2162.557556
459.555808,91,2162.597971
676.085359,126,2162.654459
660.892671,122,2162.708669
569.971769,107,2162.754693
622.766852,113,2162.804649
584.914901,108,2162.851963
482.692222,105,2162.898991
481.439094,91,2162.939155
775.362167,139,2163.002075
423.280526,84,2163.037978
522.16735,97,2163.080186
603.145753,110,2163.128161
466.825499,91,2163.168059
654.108516,119,2163.220411
548.312934,105,2163.719956
529.576865,101,2163.765162
478.11813,94,2163.805876
619.963411,112,2163.855586
649.080821,121,2163.90883
515.163926,103,2163.953619
810.696338,150,2164.019432
636.903903,117,2164.070438
698.714273,132,2164.129395
693.606758,127,2164.185022
688.18522,129,2164.242568
706.733675,134,2164.300939
466.949258,86,2164.338324
550.131944,101,2164.382689
684.726536,126,2164.439536
535.460584,99,2164.483604
535.260495,105,2164.531484
643.950898,129,2164.588752
519.847514,96,2165.220325
654.517523,122,2165.276313
661.379983,121,2165.33003
663.512493,120,2165.382363
545.907288,102,2165.427423
487.042149,100,2165.472327
475.950611,89,2165.511352
602.756859,112,2165.560117
752.729915,135,2165.620804
579.342799,116,2165.672613
825.483963,155,2165.741843
333.98399,73,2165.772493
646.515143,119,2165.825432
576.737991,106,2165.873065
641.40325,116,2165.925146
802.119674,145,2165.990731
558.48888,105,2166.037788
603.820998,113,2166.086083
449.994903,87,2166.650841
536.039739,102,2166.696698
568.458252,111,2166.745294
544.541856,110,2166.792248
675.38396,129,2166.848554
684.655219,125,2166.904267
535.897144,103,2166.950936
569.142959,103,2166.995484
527.187318,100,2167.041133
712.839265,130,2167.097369
551.475204,103,2167.142601
450.669139,83,2167.1785
629.659472,114,2167.228256
522.520009,102,2167.273246
1114.025078,227,2167.374784
522.989696,100,2167.418964
506.431243,93,2167.459571
554.135049,107,2167.506239
488.389942,94,2168.025615
418.337266,88,2168.064964
791.116614,146,2168.129666
479.44591,88,2168.168676
468.564052,92,2168.2086
778.068076,141,2168.278412
457.094953,94,2168.320673
428.230674,86,2168.358613
888.619407,168,2168.43222
771.725358,148,2168.497951
574.051244,105,2168.543824
719.728283,129,2168.601124
650.770093,120,2168.654599
525.580135,102,2168.699389
557.438662,100,2168.743242
957.439221,173,2168.820868
629.925994,116,2168.87285
484.300616,95,2168.914848
831.420935,152,2169.471524
603.273396,112,2169.521789
638.301763,117,2169.573755
545.756719,101,2169.638752
626.2902,118,2169.691974
603.012064,114,2169.744841
509.439683,94,2169.786606
985.609334,184,2169.868584
651.962761,122,2169.923078
661.678972,130,2169.980469
486.166211,89,2170.018583
495.468571,98,2170.060944
578.909423,104,2170.105325
542.660951,108,2170.153641
457.928322,91,2170.195303
653.557922,129,2170.252615
405.990738,76,2170.28556
522.536922,96,2170.327537
846.524777,158,2170.852018
611.66962,112,2170.904493
585.861569,109,2170.952208
536.44207,109,2171.000047
566.847283,104,2171.045767
601.254132,113,2171.09569
656.958759,126,2171.149987
578.796805,109,2171.196907
955.299711,173,2171.274064
503.20439,91,2171.312535
503.404208,93,2171.352823
486.913608,100,2171.397076
650.243937,120,2171.450156
914.708384,167,2171.523457
604.390804,117,2171.574406
632.680726,116,2171.624563
475.247313,89,2171.663814
504.467586,92,2172.174702
517.534452,94,2172.216516
805.521231,148,2172.28181
579.609293,106,2172.328533
587.463189,107,2172.374992
667.372779,121,2172.430372
551.163532,102,2172.475699
572.22785,103,2172.521229
752.304585,143,2172.584961
554.608229,101,2172.629992
620.297069,125,2172.684936
464.916798,92,2172.727423
698.734447,130,2172.786263
434.214859,85,2172.824779
387.356255,81,2172.863808
639.838133,121,2172.918769
506.063484,99,2172.96415
491.402745,91,2173.003928
541.510851,103,2173.049417
555.23931,102,2173.571401
738.856166,138,2173.632001
723.138221,130,2173.708104
654.438355,120,2173.759959
747.663384,135,2173.819671
568.300477,104,2173.86638
562.243747,110,2173.916249
661.787318,121,2173.970159
530.759864,104,2174.015772
457.930493,84,2174.052143
638.537127,116,2174.103191
563.351001,111,2174.153567
668.363624,124,2174.208926
738.991978,136,2174.268692
673.362513,124,2174.323603
610.536707,113,2174.374193
552.810461,101,2174.419192
575.954524,114,2174.469864
509.757416,100,2175.014582
430.132498,80,2175.050977
564.657548,115,2175.103261
423.887866,85,2175.141185
731.932383,132,2175.200081
787.377133,141,2175.263505
610.365687,117,2175.315408
581.566755,107,2175.362864
491.11311,90,2175.401959
401.330818,75,2175.434501
672.927021,120,2175.486537
489.613731,99,2175.529054
730.392612,143,2175.59335
706.706371,128,2175.649496
596.709436,112,2175.698871
518.312094,102,2175.744175
488.961071,96,2175.787092
556.026212,107,2175.83584
590.727758,112,2175.885684
682.958379,125,2176.453752
485.512095,98,2176.500596
455.829159,93,2176.543818
563.002181,106,2176.591802
518.504708,100,2176.636775
441.97615,91,2176.678075
574.852274,107,2176.727405
499.586699,102,2176.772346
812.170282,147,2176.839164
654.306566,131,2176.897565
478.817713,89,2176.936734
677.27374,133,2176.994941
570.307146,107,2177.040499
705.405705,132,2177.09842
474.487497,94,2177.139482
659.889925,118,2177.192234
1102.364843,206,2177.285975
519.331298,103,2177.330785
507.476721,95,2177.824356
562.306004,102,2177.868666
510.484246,96,2177.913922
554.084821,108,2177.96236
595.924395,108,2178.009876
695.312582,127,2178.06582
565.376908,105,2178.112768
588.186298,109,2178.161061
565.207505,103,2178.206232
568.817479,105,2178.252605
617.873715,119,2178.303592
532.474869,107,2178.350205
657.824772,121,2178.404847
539.736912,103,2178.451385
915.319859,179,2178.531188
523.657793,98,2178.573745
812.221248,153,2178.641417
569.678878,105,2178.687361
485.821047,96,2179.208909
643.862006,121,2179.261791
827.394805,151,2179.329268
597.571735,109,2179.378644
653.702297,124,2179.433401
556.667342,104,2179.479003
982.48733,185,2179.561646
542.814375,107,2179.610018
334.897259,75,2179.642611
532.587836,105,2179.688818
578.133066,111,2179.738053
706.783438,133,2179.797139
513.765229,95,2179.83914
626.571958,115,2179.889656
576.414644,111,2179.939028
712.656677,129,2179.996245
696.814228,128,2180.054342
544.645413,107,2180.678255
630.209706,114,2180.729637
592.963699,109,2180.777625
451.442853,84,2180.81469
867.457969,166,2180.891109
588.643601,113,2180.941187
531.405379,97,2180.983844
510.717753,93,2181.02493
624.601036,125,2181.079554
722.629087,135,2181.141035
522.580216,99,2181.183983
680.291087,123,2181.238697
457.903845,89,2181.277367
423.608077,86,2181.315733
560.769395,110,2181.364983
519.051964,102,2181.409226
847.773311,173,2181.488391
590.454698,112,2181.53723
539.565049,109,2182.092352
624.302376,120,2182.147551
768.447676,147,2182.212307
697.949844,129,2182.270245
750.061164,136,2182.330055
465.447008,96,2182.372866
490.40827,98,2182.415472
774.241383,141,2182.476698
520.928032,94,2182.517398
821.916819,160,2182.588869
559.061086,103,2182.63534
750.179981,140,2182.697685
387.248369,78,2182.730677
827.132797,152,2182.798972
601.699823,118,2182.850796
876.615446,158,2182.920678
637.752333,118,2182.973371
535.73199,101,2183.559852
553.924388,104,2183.606412
1021.223367,183,2183.689128
767.532891,151,2183.756542
509.777479,104,2183.802218
485.614162,98,2183.845682
699.195656,133,2183.906518
698.378219,128,2183.964248
409.434487,81,2184.000034
478.566321,94,2184.041197
480.508048,99,2184.084487
903.087002,163,2184.160247
492.163553,92,2184.200791
761.992717,161,2184.275368
703.49328,134,2184.334602
812.799122,150,2184.401671
654.334103,121,2184.937116
597.112555,109,2184.985075
617.293159,111,2185.034243
489.164564,95,2185.075429
654.910388,119,2185.127522
581.271133,105,2185.17235
558.308475,104,2185.218562
749.87875,142,2185.283253
648.599707,117,2185.333578
648.085088,124,2185.388332
668.032999,122,2185.442364
663.107714,124,2185.496911
905.000098,163,2185.569373
463.00424,94,2185.611591
611.957734,111,2185.659316
719.133622,131,2185.717131
683.811186,124,2185.770847
449.434928,92,2185.809997
709.557745,130,2186.354697
542.292206,99,2186.398195
717.693646,143,2186.465808
531.48637,103,2186.512528
662.186921,119,2186.566179
381.582172,77,2186.600099
702.778543,131,2186.658352
463.034356,86,2186.696221
464.583108,92,2186.736513
638.113674,118,2186.790268
613.131464,113,2186.840326
743.927588,139,2186.902525
537.86947,99,2186.94649
478.31252,92,2186.987191
925.324935,171,2187.062984
467.915552,93,2187.104036
527.155923,97,2187.147055
505.769716,96,2187.190067
526.291957,106,2187.753629
382.755417,82,2187.790618
547.932408,105,2187.838382
634.390333,118,2187.892992
702.821215,132,2187.950482
571.446424,104,2187.997102
700.250703,127,2188.05509
442.400815,82,2188.091329
527.668428,101,2188.136858
371.472761,69,2188.167448
462.104588,94,2188.211348
534.269017,99,2188.255555
721.597645,130,2188.312859
534.209489,103,2188.359098
543.258666,106,2188.407148
596.253683,108,2188.455941
583.959857,111,2188.504443
456.029767,98,2188.549567
645.701976,117,2188.600863
596.316637,115,2188.651833
446.213071,88,2189.173859
644.011296,118,2189.22616
422.671715,85,2189.262265
626.222663,115,2189.313519
560.803152,107,2189.360218
673.963335,122,2189.414336
601.55818,114,2189.466855
558.99355,102,2189.512937
482.986308,97,2189.555872
568.199799,104,2189.601969
772.742759,140,2189.66364
444.378627,91,2189.702971
504.080056,104,2189.748339
404.774689,79,2189.782556
456.524188,91,2189.822474
453.658798,92,2189.861605
500.010725,98,2189.904842
730.982742,137,2189.96569
679.02364,123,2190.019334
623.100646,114,2190.530837
679.878383,128,2190.588422
588.450077,113,2190.637709
472.167085,89,2190.676304
462.009254,97,2190.718541
683.242815,124,2190.774553
624.538762,118,2190.826309
856.820946,159,2190.898446
579.497454,113,2190.951157
689.893492,128,2191.008362
494.714762,93,2191.048594
687.264475,126,2191.104428
713.310669,133,2191.163545
600.753234,107,2191.21055
727.201075,135,2191.270291
567.317315,103,2191.315788
497.009283,98,2191.359716
798.905702,144,2191.995296
553.330313,111,2192.04522
579.103907,105,2192.092061
786.237773,146,2192.157548
579.355808,106,2192.206001
563.286946,105,2192.252957
451.934977,91,2192.29335
430.479472,79,2192.328717
493.328649,91,2192.368703
471.6667,90,2192.408234
531.403089,109,2192.456628
434.108956,86,2192.494699
472.108943,89,2192.534841
703.736731,138,2192.596931
608.509513,113,2192.647021
471.862882,95,2192.688964
578.055673,105,2192.73511
499.949987,99,2192.78029
725.451935,142,2192.843205
433.178128,82,2192.879761
445.602673,83,2193.69925
412.439961,82,2193.735317
728.055567,133,2193.795365
549.369554,105,2193.843863
430.57758,79,2193.878348
565.248155,103,2193.924927
841.573075,155,2193.993749
453.258049,92,2194.036336
598.498379,108,2194.085524
716.612548,131,2194.144413
633.550477,118,2194.197932
486.556925,90,2194.239434
502.565756,94,2194.281502
585.83863,106,2194.328524
440.451054,87,2194.366636
438.119845,90,2194.406026
472.628378,96,2194.449503
598.259594,125,2194.504502
727.97088,136,2194.564778
661.796272,126,2195.192992
580.163497,105,2195.243696
714.892483,130,2195.302766
488.819699,96,2195.346078
484.83457,90,2195.38665
536.250343,98,2195.429755
557.834743,109,2195.478786
694.958977,128,2195.537086
416.815976,78,2195.586339
857.04396,151,2195.652946
627.918457,124,2195.707717
508.905072,96,2195.750525
466.767448,92,2195.791064
728.568703,134,2195.851828
530.851913,106,2195.899192
513.495792,95,2195.941256
487.959278,91,2195.981362
651.169531,119,2196.032865
589.548197,111,2196.082314
686.623672,126,2197.707706
574.756074,106,2197.753769
746.529598,138,2197.814857
583.610644,111,2197.864172
654.874287,125,2197.925809
666.242209,129,2197.987282
681.569952,124,2198.043791
799.705518,147,2198.111068
663.702116,124,2198.166811
512.081863,102,2198.210739
760.220171,144,2198.276299
894.227103,159,2198.346735
510.562152,100,2198.391026
658.385015,120,2198.443609
601.033024,113,2198.49561
464.986704,86,2198.534175
696.659441,134,2198.593688
769.460496,145,2199.188749
499.43714,98,2199.233629
679.692452,124,2199.288767
607.016767,113,2199.338936
493.922985,90,2199.378785
585.888363,118,2199.430615
579.104167,113,2199.481435
416.712159,83,2199.517021
389.301102,80,2199.551218
346.994239,71,2199.581058
401.058225,81,2199.617322
471.165101,92,2199.657182
503.384108,100,2199.702872
587.290595,110,2199.755557
444.558976,89,2199.798752
474.921533,98,2199.846368
739.864398,134,2199.910276
615.478991,111,2199.960354
650.580643,119,2200.01325
729.509346,134,2200.585244
575.126904,104,2200.633822
451.999294,90,2200.674558
534.595161,100,2200.720382
692.52689,127,2200.776445
555.753692,108,2200.824939
789.83823,143,2200.888305
464.031125,91,2200.92712
525.632905,95,2200.967472
721.028122,133,2201.02636
588.506389,112,2201.076012
653.547465,125,2201.131797
830.039952,156,2201.208144
417.243135,83,2201.248583
1206.578132,215,2201.344415
586.755379,108,2201.393032
460.463242,90,2201.432252
652.889105,122,2201.48824
624.414549,121,2202.325202
494.839333,93,2202.367497
578.707039,112,2202.41995
660.812261,123,2202.476407
530.765759,103,2202.521386
621.857707,112,2202.570228
578.279542,106,2202.616403
489.071578,97,2202.660138
508.190497,101,2202.704897
441.558987,82,2202.74113
437.721642,90,2202.780143
513.043384,99,2202.826278
588.610133,113,2202.878967
492.67643,100,2202.924332
486.089107,94,2202.966445
467.294097,95,2203.008035
626.386267,118,2203.062475
617.072833,115,2203.11501
630.65807,114,2203.166129
527.004325,98,2203.698355
541.90658,108,2203.74588
465.673974,92,2203.786974
557.228936,103,2203.832132
573.126867,106,2203.879209
670.1255,121,2203.935785
983.256575,181,2204.018228
493.744881,92,2204.05733
662.314853,123,2204.112794
534.294672,104,2204.158936
592.490938,114,2204.2092
434.860365,87,2204.248107
488.217302,90,2204.287536
605.903239,116,2204.339334
658.598132,119,2204.389218
562.224486,104,2204.433495
562.370973,103,2204.479267
507.036652,101,2204.527679
786.340402,145,2204.596569
442.365687,83,2205.881265
545.726599,99,2205.925735
600.986565,110,2205.996271
709.160047,130,2206.054407
567.320033,112,2206.103802
446.662474,84,2206.140294
482.43798,104,2206.186204
632.480747,117,2206.237688
546.519199,100,2206.281587
570.734304,102,2206.327419
764.87347,155,2206.399122
440.784701,87,2206.436491
670.385023,125,2206.493165
688.602413,134,2206.553324
509.78824,100,2206.600023
528.78059,100,2206.644244
545.913156,105,2206.690923
609.462319,117,2206.742374
574.783066,111,2207.903893
598.264294,113,2207.959632
439.503562,90,2208.001596
509.764495,94,2208.042016
570.21118,106,2208.089971
902.031359,167,2208.164025
753.623482,136,2208.225885
803.203333,150,2208.294052
610.726261,110,2208.342273
667.894889,121,2208.395859
476.100701,96,2208.43776
387.866798,75,2208.47132
506.385382,97,2208.514388
678.557848,125,2208.569555
501.898569,100,2208.613946
494.057512,90,2208.652709
540.847187,103,2208.698647
523.732415,97,2208.741295
426.224378,84,2208.777991
586.76112,112,2209.714648
620.035891,125,2209.769992
617.234083,119,2209.823663
714.776703,134,2209.883096
684.467293,125,2209.939556
494.149775,94,2209.980537
527.55751,98,2210.023845
833.843758,154,2210.094064
527.833664,100,2210.138976
496.876878,91,2210.180139
577.149316,109,2210.229912
544.767931,110,2210.278097
689.10682,129,2210.335652
565.320439,105,2210.381414
576.304843,110,2210.431299
510.013871,93,2210.471816
482.003791,92,2210.511681
566.106835,116,2210.56202
725.707784,136,2211.295761
619.331761,115,2211.349617
768.035855,139,2211.41267
528.309527,99,2211.457538
461.606055,94,2211.498744
587.594023,108,2211.545592
591.302564,109,2211.593481
652.46125,119,2211.647096
450.854677,86,2211.68473
547.086531,104,2211.73052
422.451878,85,2211.767554
545.224345,106,2211.81377
517.848787,108,2211.859713
474.078533,92,2211.899313
497.790882,92,2211.939299
497.364728,101,2211.984151
693.847769,127,2212.041203
498.938024,92,2212.081074
888.310871,159,2212.150329
506.810771,97,2213.027499
634.639841,118,2213.079989
666.851906,121,2213.134411
675.169097,125,2213.217628
731.350876,137,2213.276701
476.99958,97,2213.318463
451.425403,90,2213.358781
488.735822,94,2213.400575
719.970008,137,2213.462145
417.804047,77,2213.495793
589.901495,108,2213.543316
550.191221,101,2213.5866
688.743153,127,2213.642723
699.612759,136,2213.70101
487.659647,93,2213.741584
546.78906,104,2213.788381
539.163928,99,2213.830497
580.631524,106,2213.877842
772.764781,148,2213.941111
497.064578,93,2214.436474
527.560356,105,2214.482811
492.055326,94,2214.523459
552.909935,103,2214.568416
487.971037,95,2214.609652
806.277694,147,2214.673881
573.049604,106,2214.718615
650.350534,120,2214.770728
771.094194,142,2214.83233
455.896738,92,2214.871648
579.578823,107,2214.917978
662.023552,125,2214.971536
460.886663,85,2215.007756
642.253586,119,2215.06222
647.981562,119,2215.115885
633.523308,120,2215.170282
526.979028,98,2215.212777
571.343933,106,2215.258656
754.721859,142,2215.781977
514.385296,103,2215.826872
467.042048,86,2215.864341
475.718236,94,2215.904549
486.464589,89,2215.943219
509.473273,96,2215.985537
532.911295,101,2216.030612
514.940695,95,2216.072354
654.653527,120,2216.124851
567.836939,105,2216.171285
714.909958,132,2216.22816
642.691657,117,2216.280549
518.825529,104,2216.325737
532.661625,104,2216.372082
547.000505,107,2216.41872
683.326732,124,2216.472761
517.282511,99,2216.516678
499.209927,93,2216.556875
631.983079,115,2216.607789
467.669072,93,2216.649464
634.086535,125,2217.194466
693.65143,124,2217.25015
683.82936,126,2217.305312
622.033907,115,2217.357825
475.56775,89,2217.396439
596.954996,108,2217.443499
652.479072,120,2217.495705
542.208729,101,2217.539569
420.496339,86,2217.579086
461.344079,87,2217.616084
484.741423,92,2217.656379
725.269502,135,2217.715977
467.563638,92,2217.756178
607.010769,113,2217.806279
489.133165,89,2217.846721
452.854885,84,2217.884172
498.118092,101,2217.929096
570.046389,111,2217.9779
685.900241,127,2218.034554
613.813157,116,2218.535131
900.205534,164,2218.609354
569.3286,109,2218.65693
485.010653,97,2218.698881
506.468826,98,2218.742114
507.948659,102,2218.785608
718.248078,132,2218.846062
460.913995,90,2218.886431
600.662053,110,2218.932804
425.135315,84,2218.971701
703.12896,131,2219.031466
591.024207,123,2219.087605
561.880558,107,2219.134008
485.450338,90,2219.173653
539.86506,100,2219.217401
600.255093,119,2219.271604
471.522018,94,2219.313129
577.803804,105,2219.359058
709.731292,131,2219.859096
705.82488,132,2219.92234
537.022046,100,2219.967022
574.441124,105,2220.012612
461.432886,91,2220.05208
705.073935,131,2220.112298
736.007021,133,2220.169249
669.717027,120,2220.220579
487.023418,92,2220.261123
661.673274,120,2220.313461
708.601195,132,2220.371596
669.274129,126,2220.4284
592.638724,111,2220.477543
539.223629,97,2220.519728
495.856809,95,2220.564215
647.7689,120,2220.616197
615.949586,117,2220.66773
747.594298,137,2220.728966
778.897251,143,2221.915144
628.831592,117,2221.998914
488.730655,89,2222.052852
444.937094,90,2222.101095
979.931136,175,2222.194608
583.028551,106,2222.254531
584.752833,107,2222.305898
448.484405,89,2222.349432
602.854544,109,2222.402215
399.564312,81,2222.440078
614.012744,112,2222.492737
502.98174,103,2222.539791
587.507682,107,2222.591598
625.596511,118,2222.649384
795.016012,147,2222.719985
551.095005,107,2222.770887
893.086088,162,2222.851985
539.53663,97,2222.897525
527.660416,101,2224.037065
327.559677,71,2224.069728
652.062377,124,2224.132653
407.438299,81,2224.171717
582.520647,108,2224.224607
554.746372,100,2224.272933
673.846189,121,2224.330378
678.218237,126,2224.392718
464.652859,85,2224.432421
454.075545,88,2224.47366
453.582688,93,2224.517177
546.575634,103,2224.565582
553.998379,103,2224.613929
584.112075,110,2224.665187
576.669555,107,2224.716138
422.385211,85,2224.758188
643.867956,123,2224.818896
514.93974,95,2224.866598
585.253516,108,2224.918298
380.805026,76,2224.953412
445.352671,90,2224.997834
896.856876,162,2226.197936
502.724843,93,2226.242159
616.931912,112,2226.294511
523.630394,100,2226.343943
553.216867,103,2226.393547
594.187642,114,2226.447175
611.98609,110,2226.498842
525.54308,101,2226.548069
673.574948,122,2226.604511
726.204656,129,2226.664719
482.008794,89,2226.731044
504.521676,97,2226.775877
608.112754,115,2226.832416
788.248242,145,2226.902442
659.078563,122,2226.962701
650.059632,121,2227.015176
447.344436,84,2227.052084
538.820382,108,2227.097488
622.984883,118,2229.20598
498.252925,101,2229.251505
611.711176,118,2229.304952
478.649898,91,2229.343831
682.229933,130,2229.401356
484.913653,90,2229.440672
491.427926,96,2229.483145
641.088694,124,2229.537187
720.527427,131,2229.594277
810.865431,156,2229.661646
365.546241,78,2229.695994
497.473018,92,2229.73619
522.912918,97,2229.778037
557.802152,107,2229.824907
515.114691,97,2229.868144
646.542119,117,2229.91882
554.60266,102,2229.964306
498.694038,92,2230.004128
525.289783,98,2230.047311
752.194222,140,2230.847831
743.794338,138,2230.90765
809.121265,149,2230.97128
491.643708,92,2231.011881
703.243372,128,2231.066734
504.431126,92,2231.105561
520.62937,100,2231.150601
579.440083,107,2231.196745
514.61118,99,2231.241234
627.962823,113,2231.290129
535.875572,101,2231.334964
641.898173,121,2231.388066
478.421158,89,2231.426658
521.452356,96,2231.468513
781.050977,145,2231.532071
450.604973,92,2231.572749
765.018771,140,2231.633599
506.059461,93,2231.672758
508.537927,95,2232.363815
651.270225,122,2232.415901
539.948798,103,2232.460272
435.379687,88,2232.49856
506.346382,92,2232.538265
524.688587,96,2232.579755
541.28825,104,2232.62481
545.816768,100,2232.66848
413.410374,90,2232.707618
920.925098,164,2232.779701
1035.312636,191,2232.862868
591.137708,112,2232.91172
393.47817,78,2232.946933
678.007593,128,2233.002985
583.869386,108,2233.050494
578.782279,107,2233.097328
486.29935,90,2233.135369
712.995052,128,2233.191968
541.52887,104,2233.238281
408.235879,81,2234.247091
594.51935,109,2234.294867
446.090415,84,2234.331568
551.382889,105,2234.378395
410.76235,84,2234.415645
673.612677,122,2234.46806
482.786655,96,2234.509184
476.020879,88,2234.547932
662.825139,125,2234.602421
649.13883,117,2234.65238
686.795732,134,2234.711928
545.856814,104,2234.758085
637.396368,117,2234.812356
447.943329,84,2234.849702
546.310266,107,2234.912175
514.469085,93,2234.953192
497.575445,92,2234.993466
497.944214,97,2235.036178
490.56449,99,2235.07877
651.160775,121,2235.132079
553.073848,103,2235.776535
531.398924,98,2235.819874
754.571176,137,2235.882948
570.316075,104,2235.928422
495.654435,92,2235.967739
615.725223,113,2236.016793
803.881196,158,2236.086729
581.571163,107,2236.133941
681.346969,132,2236.191463
505.337695,99,2236.234232
608.621661,114,2236.284288
493.007971,95,2236.325871
512.121156,97,2236.3696
572.717065,108,2236.417768
811.629903,145,2236.481043
470.057386,94,2236.522286
862.641921,157,2236.59225
531.934458,96,2236.634293
597.376027,109,2237.227474
749.845671,137,2237.28727
549.448799,101,2237.348355
463.424365,93,2237.391315
571.663458,106,2237.437757
709.743823,131,2237.495687
770.319067,143,2237.560891
352.272511,73,2237.592633
841.333442,152,2237.658643
790.019911,146,2237.722195
620.464193,118,2237.774833
608.249679,117,2237.827373
458.630136,92,2237.869355
574.302755,110,2237.918769
435.808587,90,2237.957068
593.206797,117,2238.008145
512.086826,97,2238.050285
725.788726,132,2239.00912
587.474687,109,2239.057346
789.982753,141,2239.119911
743.196015,135,2239.178259
698.152267,127,2239.234562
579.275466,106,2239.281062
564.949795,107,2239.329075
560.601066,104,2239.374178
549.54579,105,2239.419633
565.57115,105,2239.467151
759.511194,140,2239.52935
590.117134,108,2239.576348
680.821888,125,2239.632211
625.942864,120,2239.684513
699.297093,126,2239.738986
877.308741,159,2239.807669
598.913635,121,2239.859724
430.377189,81,2239.894356
690.640992,132,2240.491575
563.834175,101,2240.535382
570.733022,105,2240.57995
589.556712,114,2240.630534
675.217957,128,2240.686851
508.322436,96,2240.727696
448.912712,83,2240.763646
636.076108,128,2240.820293
545.429597,100,2240.863082
530.037477,104,2240.909843
481.602333,96,2240.951031
592.648494,117,2241.002252
497.074105,91,2241.041686
549.733759,102,2241.08679
464.998679,87,2241.124931
642.856962,117,2241.17605
532.552408,103,2241.226162
510.454432,96,2241.268804
485.998482,89,2241.307079
