[0.042s] DEBUG:colcon:Command line arguments: ['/usr/bin/colcon', 'build', '--symlink-install']
[0.042s] DEBUG:colcon:Parsed command line arguments: Namespace(log_base=None, log_level=None, verb_name='build', build_base='build', install_base='install', merge_install=False, symlink_install=True, test_result_base=None, continue_on_error=False, executor='parallel', parallel_workers=16, event_handlers=None, ignore_user_meta=False, metas=['./colcon.meta'], base_paths=['.'], packages_ignore=None, packages_ignore_regex=None, paths=None, packages_up_to=None, packages_up_to_regex=None, packages_above=None, packages_above_and_dependencies=None, packages_above_depth=None, packages_select_by_dep=None, packages_skip_by_dep=None, packages_skip_up_to=None, packages_select_build_failed=False, packages_skip_build_finished=False, packages_select_test_failures=False, packages_skip_test_passed=False, packages_select=None, packages_skip=None, packages_select_regex=None, packages_skip_regex=None, packages_start=None, packages_end=None, allow_overriding=[], cmake_args=None, cmake_target=None, cmake_target_skip_unavailable=False, cmake_clean_cache=False, cmake_clean_first=False, cmake_force_configure=False, ament_cmake_args=None, catkin_cmake_args=None, catkin_skip_building_tests=False, verb_parser=<colcon_defaults.argument_parser.defaults.DefaultArgumentsDecorator object at 0x706912220d60>, verb_extension=<colcon_core.verb.build.BuildVerb object at 0x706912220460>, main=<bound method BuildVerb.main of <colcon_core.verb.build.BuildVerb object at 0x706912220460>>)
[0.106s] Level 1:colcon.colcon_core.package_discovery:discover_packages(colcon_meta) check parameters
[0.106s] Level 1:colcon.colcon_core.package_discovery:discover_packages(recursive) check parameters
[0.106s] Level 1:colcon.colcon_core.package_discovery:discover_packages(ignore) check parameters
[0.106s] Level 1:colcon.colcon_core.package_discovery:discover_packages(path) check parameters
[0.106s] Level 1:colcon.colcon_core.package_discovery:discover_packages(colcon_meta) discover
[0.106s] Level 1:colcon.colcon_core.package_discovery:discover_packages(recursive) discover
[0.106s] INFO:colcon.colcon_core.package_discovery:Crawling recursively for packages in '/home/jason/projects/motion_control_go2'
[0.106s] Level 1:colcon.colcon_core.package_identification:_identify(.) by extensions ['ignore', 'ignore_ament_install']
[0.106s] Level 1:colcon.colcon_core.package_identification:_identify(.) by extension 'ignore'
[0.106s] Level 1:colcon.colcon_core.package_identification:_identify(.) by extension 'ignore_ament_install'
[0.106s] Level 1:colcon.colcon_core.package_identification:_identify(.) by extensions ['colcon_pkg']
[0.106s] Level 1:colcon.colcon_core.package_identification:_identify(.) by extension 'colcon_pkg'
[0.106s] Level 1:colcon.colcon_core.package_identification:_identify(.) by extensions ['colcon_meta']
[0.106s] Level 1:colcon.colcon_core.package_identification:_identify(.) by extension 'colcon_meta'
[0.106s] Level 1:colcon.colcon_core.package_identification:_identify(.) by extensions ['ros']
[0.106s] Level 1:colcon.colcon_core.package_identification:_identify(.) by extension 'ros'
[0.111s] Level 1:colcon.colcon_core.package_identification:_identify(.) by extensions ['cmake', 'python']
[0.111s] Level 1:colcon.colcon_core.package_identification:_identify(.) by extension 'cmake'
[0.111s] Level 1:colcon.colcon_core.package_identification:_identify(.) by extension 'python'
[0.111s] Level 1:colcon.colcon_core.package_identification:_identify(.) by extensions ['python_setup_py']
[0.111s] Level 1:colcon.colcon_core.package_identification:_identify(.) by extension 'python_setup_py'
[0.111s] Level 1:colcon.colcon_core.package_identification:_identify(build) by extensions ['ignore', 'ignore_ament_install']
[0.111s] Level 1:colcon.colcon_core.package_identification:_identify(build) by extension 'ignore'
[0.111s] Level 1:colcon.colcon_core.package_identification:_identify(build) ignored
[0.111s] Level 1:colcon.colcon_core.package_identification:_identify(docs) by extensions ['ignore', 'ignore_ament_install']
[0.111s] Level 1:colcon.colcon_core.package_identification:_identify(docs) by extension 'ignore'
[0.111s] Level 1:colcon.colcon_core.package_identification:_identify(docs) by extension 'ignore_ament_install'
[0.111s] Level 1:colcon.colcon_core.package_identification:_identify(docs) by extensions ['colcon_pkg']
[0.111s] Level 1:colcon.colcon_core.package_identification:_identify(docs) by extension 'colcon_pkg'
[0.111s] Level 1:colcon.colcon_core.package_identification:_identify(docs) by extensions ['colcon_meta']
[0.111s] Level 1:colcon.colcon_core.package_identification:_identify(docs) by extension 'colcon_meta'
[0.111s] Level 1:colcon.colcon_core.package_identification:_identify(docs) by extensions ['ros']
[0.111s] Level 1:colcon.colcon_core.package_identification:_identify(docs) by extension 'ros'
[0.111s] Level 1:colcon.colcon_core.package_identification:_identify(docs) by extensions ['cmake', 'python']
[0.111s] Level 1:colcon.colcon_core.package_identification:_identify(docs) by extension 'cmake'
[0.111s] Level 1:colcon.colcon_core.package_identification:_identify(docs) by extension 'python'
[0.111s] Level 1:colcon.colcon_core.package_identification:_identify(docs) by extensions ['python_setup_py']
[0.111s] Level 1:colcon.colcon_core.package_identification:_identify(docs) by extension 'python_setup_py'
[0.128s] Level 1:colcon.colcon_core.package_identification:_identify(docs/html) by extensions ['ignore', 'ignore_ament_install']
[0.128s] Level 1:colcon.colcon_core.package_identification:_identify(docs/html) by extension 'ignore'
[0.128s] Level 1:colcon.colcon_core.package_identification:_identify(docs/html) by extension 'ignore_ament_install'
[0.128s] Level 1:colcon.colcon_core.package_identification:_identify(docs/html) by extensions ['colcon_pkg']
[0.128s] Level 1:colcon.colcon_core.package_identification:_identify(docs/html) by extension 'colcon_pkg'
[0.128s] Level 1:colcon.colcon_core.package_identification:_identify(docs/html) by extensions ['colcon_meta']
[0.128s] Level 1:colcon.colcon_core.package_identification:_identify(docs/html) by extension 'colcon_meta'
[0.128s] Level 1:colcon.colcon_core.package_identification:_identify(docs/html) by extensions ['ros']
[0.128s] Level 1:colcon.colcon_core.package_identification:_identify(docs/html) by extension 'ros'
[0.128s] Level 1:colcon.colcon_core.package_identification:_identify(docs/html) by extensions ['cmake', 'python']
[0.128s] Level 1:colcon.colcon_core.package_identification:_identify(docs/html) by extension 'cmake'
[0.128s] Level 1:colcon.colcon_core.package_identification:_identify(docs/html) by extension 'python'
[0.128s] Level 1:colcon.colcon_core.package_identification:_identify(docs/html) by extensions ['python_setup_py']
[0.128s] Level 1:colcon.colcon_core.package_identification:_identify(docs/html) by extension 'python_setup_py'
[0.128s] Level 1:colcon.colcon_core.package_identification:_identify(docs/html/search) by extensions ['ignore', 'ignore_ament_install']
[0.128s] Level 1:colcon.colcon_core.package_identification:_identify(docs/html/search) by extension 'ignore'
[0.128s] Level 1:colcon.colcon_core.package_identification:_identify(docs/html/search) by extension 'ignore_ament_install'
[0.128s] Level 1:colcon.colcon_core.package_identification:_identify(docs/html/search) by extensions ['colcon_pkg']
[0.129s] Level 1:colcon.colcon_core.package_identification:_identify(docs/html/search) by extension 'colcon_pkg'
[0.129s] Level 1:colcon.colcon_core.package_identification:_identify(docs/html/search) by extensions ['colcon_meta']
[0.129s] Level 1:colcon.colcon_core.package_identification:_identify(docs/html/search) by extension 'colcon_meta'
[0.129s] Level 1:colcon.colcon_core.package_identification:_identify(docs/html/search) by extensions ['ros']
[0.129s] Level 1:colcon.colcon_core.package_identification:_identify(docs/html/search) by extension 'ros'
[0.129s] Level 1:colcon.colcon_core.package_identification:_identify(docs/html/search) by extensions ['cmake', 'python']
[0.129s] Level 1:colcon.colcon_core.package_identification:_identify(docs/html/search) by extension 'cmake'
[0.129s] Level 1:colcon.colcon_core.package_identification:_identify(docs/html/search) by extension 'python'
[0.129s] Level 1:colcon.colcon_core.package_identification:_identify(docs/html/search) by extensions ['python_setup_py']
[0.129s] Level 1:colcon.colcon_core.package_identification:_identify(docs/html/search) by extension 'python_setup_py'
[0.129s] Level 1:colcon.colcon_core.package_identification:_identify(install) by extensions ['ignore', 'ignore_ament_install']
[0.129s] Level 1:colcon.colcon_core.package_identification:_identify(install) by extension 'ignore'
[0.129s] Level 1:colcon.colcon_core.package_identification:_identify(install) ignored
[0.129s] Level 1:colcon.colcon_core.package_identification:_identify(log) by extensions ['ignore', 'ignore_ament_install']
[0.129s] Level 1:colcon.colcon_core.package_identification:_identify(log) by extension 'ignore'
[0.129s] Level 1:colcon.colcon_core.package_identification:_identify(log) ignored
[0.129s] Level 1:colcon.colcon_core.package_identification:_identify(src) by extensions ['ignore', 'ignore_ament_install']
[0.129s] Level 1:colcon.colcon_core.package_identification:_identify(src) by extension 'ignore'
[0.129s] Level 1:colcon.colcon_core.package_identification:_identify(src) by extension 'ignore_ament_install'
[0.129s] Level 1:colcon.colcon_core.package_identification:_identify(src) by extensions ['colcon_pkg']
[0.129s] Level 1:colcon.colcon_core.package_identification:_identify(src) by extension 'colcon_pkg'
[0.129s] Level 1:colcon.colcon_core.package_identification:_identify(src) by extensions ['colcon_meta']
[0.129s] Level 1:colcon.colcon_core.package_identification:_identify(src) by extension 'colcon_meta'
[0.129s] Level 1:colcon.colcon_core.package_identification:_identify(src) by extensions ['ros']
[0.129s] Level 1:colcon.colcon_core.package_identification:_identify(src) by extension 'ros'
[0.129s] Level 1:colcon.colcon_core.package_identification:_identify(src) by extensions ['cmake', 'python']
[0.129s] Level 1:colcon.colcon_core.package_identification:_identify(src) by extension 'cmake'
[0.129s] Level 1:colcon.colcon_core.package_identification:_identify(src) by extension 'python'
[0.129s] Level 1:colcon.colcon_core.package_identification:_identify(src) by extensions ['python_setup_py']
[0.130s] Level 1:colcon.colcon_core.package_identification:_identify(src) by extension 'python_setup_py'
[0.130s] Level 1:colcon.colcon_core.package_identification:_identify(src/build) by extensions ['ignore', 'ignore_ament_install']
[0.130s] Level 1:colcon.colcon_core.package_identification:_identify(src/build) by extension 'ignore'
[0.130s] Level 1:colcon.colcon_core.package_identification:_identify(src/build) by extension 'ignore_ament_install'
[0.130s] Level 1:colcon.colcon_core.package_identification:_identify(src/build) by extensions ['colcon_pkg']
[0.130s] Level 1:colcon.colcon_core.package_identification:_identify(src/build) by extension 'colcon_pkg'
[0.130s] Level 1:colcon.colcon_core.package_identification:_identify(src/build) by extensions ['colcon_meta']
[0.130s] Level 1:colcon.colcon_core.package_identification:_identify(src/build) by extension 'colcon_meta'
[0.130s] Level 1:colcon.colcon_core.package_identification:_identify(src/build) by extensions ['ros']
[0.130s] Level 1:colcon.colcon_core.package_identification:_identify(src/build) by extension 'ros'
[0.130s] Level 1:colcon.colcon_core.package_identification:_identify(src/build) by extensions ['cmake', 'python']
[0.130s] Level 1:colcon.colcon_core.package_identification:_identify(src/build) by extension 'cmake'
[0.130s] Level 1:colcon.colcon_core.package_identification:_identify(src/build) by extension 'python'
[0.130s] Level 1:colcon.colcon_core.package_identification:_identify(src/build) by extensions ['python_setup_py']
[0.130s] Level 1:colcon.colcon_core.package_identification:_identify(src/build) by extension 'python_setup_py'
[0.130s] Level 1:colcon.colcon_core.package_identification:_identify(src/go2_control_cpp) by extensions ['ignore', 'ignore_ament_install']
[0.130s] Level 1:colcon.colcon_core.package_identification:_identify(src/go2_control_cpp) by extension 'ignore'
[0.130s] Level 1:colcon.colcon_core.package_identification:_identify(src/go2_control_cpp) by extension 'ignore_ament_install'
[0.130s] Level 1:colcon.colcon_core.package_identification:_identify(src/go2_control_cpp) by extensions ['colcon_pkg']
[0.130s] Level 1:colcon.colcon_core.package_identification:_identify(src/go2_control_cpp) by extension 'colcon_pkg'
[0.130s] Level 1:colcon.colcon_core.package_identification:_identify(src/go2_control_cpp) by extensions ['colcon_meta']
[0.130s] Level 1:colcon.colcon_core.package_identification:_identify(src/go2_control_cpp) by extension 'colcon_meta'
[0.130s] Level 1:colcon.colcon_core.package_identification:_identify(src/go2_control_cpp) by extensions ['ros']
[0.130s] Level 1:colcon.colcon_core.package_identification:_identify(src/go2_control_cpp) by extension 'ros'
[0.131s] DEBUG:colcon.colcon_core.package_identification:Package 'src/go2_control_cpp' with type 'ros.ament_cmake' and name 'go2_control_cpp'
[0.131s] Level 1:colcon.colcon_core.package_identification:_identify(src/mujoco) by extensions ['ignore', 'ignore_ament_install']
[0.131s] Level 1:colcon.colcon_core.package_identification:_identify(src/mujoco) by extension 'ignore'
[0.131s] Level 1:colcon.colcon_core.package_identification:_identify(src/mujoco) by extension 'ignore_ament_install'
[0.131s] Level 1:colcon.colcon_core.package_identification:_identify(src/mujoco) by extensions ['colcon_pkg']
[0.131s] Level 1:colcon.colcon_core.package_identification:_identify(src/mujoco) by extension 'colcon_pkg'
[0.131s] Level 1:colcon.colcon_core.package_identification:_identify(src/mujoco) by extensions ['colcon_meta']
[0.131s] Level 1:colcon.colcon_core.package_identification:_identify(src/mujoco) by extension 'colcon_meta'
[0.131s] Level 1:colcon.colcon_core.package_identification:_identify(src/mujoco) by extensions ['ros']
[0.131s] Level 1:colcon.colcon_core.package_identification:_identify(src/mujoco) by extension 'ros'
[0.131s] Level 1:colcon.colcon_core.package_identification:_identify(src/mujoco) by extensions ['cmake', 'python']
[0.131s] Level 1:colcon.colcon_core.package_identification:_identify(src/mujoco) by extension 'cmake'
[0.228s] Level 1:colcon.colcon_core.package_identification:_identify(src/mujoco) by extension 'python'
[0.228s] DEBUG:colcon.colcon_core.package_identification:Package 'src/mujoco' with type 'cmake' and name 'mujoco'
[0.228s] Level 1:colcon.colcon_core.package_identification:_identify(src/osgQt) by extensions ['ignore', 'ignore_ament_install']
[0.228s] Level 1:colcon.colcon_core.package_identification:_identify(src/osgQt) by extension 'ignore'
[0.228s] Level 1:colcon.colcon_core.package_identification:_identify(src/osgQt) by extension 'ignore_ament_install'
[0.228s] Level 1:colcon.colcon_core.package_identification:_identify(src/osgQt) by extensions ['colcon_pkg']
[0.228s] Level 1:colcon.colcon_core.package_identification:_identify(src/osgQt) by extension 'colcon_pkg'
[0.228s] Level 1:colcon.colcon_core.package_identification:_identify(src/osgQt) by extensions ['colcon_meta']
[0.228s] Level 1:colcon.colcon_core.package_identification:_identify(src/osgQt) by extension 'colcon_meta'
[0.228s] Level 1:colcon.colcon_core.package_identification:_identify(src/osgQt) by extensions ['ros']
[0.228s] Level 1:colcon.colcon_core.package_identification:_identify(src/osgQt) by extension 'ros'
[0.228s] Level 1:colcon.colcon_core.package_identification:_identify(src/osgQt) by extensions ['cmake', 'python']
[0.228s] Level 1:colcon.colcon_core.package_identification:_identify(src/osgQt) by extension 'cmake'
[0.232s] Level 1:colcon.colcon_core.package_identification:_identify(src/osgQt) by extension 'python'
[0.232s] DEBUG:colcon.colcon_core.package_identification:Package 'src/osgQt' with type 'cmake' and name 'osgQt'
[0.232s] Level 1:colcon.colcon_core.package_identification:_identify(src/robot_viz_cpp) by extensions ['ignore', 'ignore_ament_install']
[0.232s] Level 1:colcon.colcon_core.package_identification:_identify(src/robot_viz_cpp) by extension 'ignore'
[0.232s] Level 1:colcon.colcon_core.package_identification:_identify(src/robot_viz_cpp) by extension 'ignore_ament_install'
[0.232s] Level 1:colcon.colcon_core.package_identification:_identify(src/robot_viz_cpp) by extensions ['colcon_pkg']
[0.232s] Level 1:colcon.colcon_core.package_identification:_identify(src/robot_viz_cpp) by extension 'colcon_pkg'
[0.233s] Level 1:colcon.colcon_core.package_identification:_identify(src/robot_viz_cpp) by extensions ['colcon_meta']
[0.233s] Level 1:colcon.colcon_core.package_identification:_identify(src/robot_viz_cpp) by extension 'colcon_meta'
[0.233s] Level 1:colcon.colcon_core.package_identification:_identify(src/robot_viz_cpp) by extensions ['ros']
[0.233s] Level 1:colcon.colcon_core.package_identification:_identify(src/robot_viz_cpp) by extension 'ros'
[0.233s] DEBUG:colcon.colcon_core.package_identification:Package 'src/robot_viz_cpp' with type 'ros.ament_cmake' and name 'robot_viz_cpp'
[0.233s] Level 1:colcon.colcon_core.package_identification:_identify(src/unitree_mujoco) by extensions ['ignore', 'ignore_ament_install']
[0.233s] Level 1:colcon.colcon_core.package_identification:_identify(src/unitree_mujoco) by extension 'ignore'
[0.233s] Level 1:colcon.colcon_core.package_identification:_identify(src/unitree_mujoco) by extension 'ignore_ament_install'
[0.233s] Level 1:colcon.colcon_core.package_identification:_identify(src/unitree_mujoco) by extensions ['colcon_pkg']
[0.233s] Level 1:colcon.colcon_core.package_identification:_identify(src/unitree_mujoco) by extension 'colcon_pkg'
[0.233s] Level 1:colcon.colcon_core.package_identification:_identify(src/unitree_mujoco) by extensions ['colcon_meta']
[0.233s] Level 1:colcon.colcon_core.package_identification:_identify(src/unitree_mujoco) by extension 'colcon_meta'
[0.233s] Level 1:colcon.colcon_core.package_identification:_identify(src/unitree_mujoco) by extensions ['ros']
[0.233s] Level 1:colcon.colcon_core.package_identification:_identify(src/unitree_mujoco) by extension 'ros'
[0.233s] Level 1:colcon.colcon_core.package_identification:_identify(src/unitree_mujoco) by extensions ['cmake', 'python']
[0.233s] Level 1:colcon.colcon_core.package_identification:_identify(src/unitree_mujoco) by extension 'cmake'
[0.233s] Level 1:colcon.colcon_core.package_identification:_identify(src/unitree_mujoco) by extension 'python'
[0.233s] Level 1:colcon.colcon_core.package_identification:_identify(src/unitree_mujoco) by extensions ['python_setup_py']
[0.233s] Level 1:colcon.colcon_core.package_identification:_identify(src/unitree_mujoco) by extension 'python_setup_py'
[0.233s] Level 1:colcon.colcon_core.package_identification:_identify(src/unitree_mujoco/doc) by extensions ['ignore', 'ignore_ament_install']
[0.233s] Level 1:colcon.colcon_core.package_identification:_identify(src/unitree_mujoco/doc) by extension 'ignore'
[0.233s] Level 1:colcon.colcon_core.package_identification:_identify(src/unitree_mujoco/doc) by extension 'ignore_ament_install'
[0.233s] Level 1:colcon.colcon_core.package_identification:_identify(src/unitree_mujoco/doc) by extensions ['colcon_pkg']
[0.233s] Level 1:colcon.colcon_core.package_identification:_identify(src/unitree_mujoco/doc) by extension 'colcon_pkg'
[0.233s] Level 1:colcon.colcon_core.package_identification:_identify(src/unitree_mujoco/doc) by extensions ['colcon_meta']
[0.233s] Level 1:colcon.colcon_core.package_identification:_identify(src/unitree_mujoco/doc) by extension 'colcon_meta'
[0.233s] Level 1:colcon.colcon_core.package_identification:_identify(src/unitree_mujoco/doc) by extensions ['ros']
[0.233s] Level 1:colcon.colcon_core.package_identification:_identify(src/unitree_mujoco/doc) by extension 'ros'
[0.233s] Level 1:colcon.colcon_core.package_identification:_identify(src/unitree_mujoco/doc) by extensions ['cmake', 'python']
[0.233s] Level 1:colcon.colcon_core.package_identification:_identify(src/unitree_mujoco/doc) by extension 'cmake'
[0.234s] Level 1:colcon.colcon_core.package_identification:_identify(src/unitree_mujoco/doc) by extension 'python'
[0.234s] Level 1:colcon.colcon_core.package_identification:_identify(src/unitree_mujoco/doc) by extensions ['python_setup_py']
[0.234s] Level 1:colcon.colcon_core.package_identification:_identify(src/unitree_mujoco/doc) by extension 'python_setup_py'
[0.234s] Level 1:colcon.colcon_core.package_identification:_identify(src/unitree_mujoco/example) by extensions ['ignore', 'ignore_ament_install']
[0.234s] Level 1:colcon.colcon_core.package_identification:_identify(src/unitree_mujoco/example) by extension 'ignore'
[0.234s] Level 1:colcon.colcon_core.package_identification:_identify(src/unitree_mujoco/example) by extension 'ignore_ament_install'
[0.234s] Level 1:colcon.colcon_core.package_identification:_identify(src/unitree_mujoco/example) by extensions ['colcon_pkg']
[0.234s] Level 1:colcon.colcon_core.package_identification:_identify(src/unitree_mujoco/example) by extension 'colcon_pkg'
[0.234s] Level 1:colcon.colcon_core.package_identification:_identify(src/unitree_mujoco/example) by extensions ['colcon_meta']
[0.234s] Level 1:colcon.colcon_core.package_identification:_identify(src/unitree_mujoco/example) by extension 'colcon_meta'
[0.234s] Level 1:colcon.colcon_core.package_identification:_identify(src/unitree_mujoco/example) by extensions ['ros']
[0.234s] Level 1:colcon.colcon_core.package_identification:_identify(src/unitree_mujoco/example) by extension 'ros'
[0.234s] Level 1:colcon.colcon_core.package_identification:_identify(src/unitree_mujoco/example) by extensions ['cmake', 'python']
[0.234s] Level 1:colcon.colcon_core.package_identification:_identify(src/unitree_mujoco/example) by extension 'cmake'
[0.234s] Level 1:colcon.colcon_core.package_identification:_identify(src/unitree_mujoco/example) by extension 'python'
[0.234s] Level 1:colcon.colcon_core.package_identification:_identify(src/unitree_mujoco/example) by extensions ['python_setup_py']
[0.234s] Level 1:colcon.colcon_core.package_identification:_identify(src/unitree_mujoco/example) by extension 'python_setup_py'
[0.234s] Level 1:colcon.colcon_core.package_identification:_identify(src/unitree_mujoco/example/python) by extensions ['ignore', 'ignore_ament_install']
[0.234s] Level 1:colcon.colcon_core.package_identification:_identify(src/unitree_mujoco/example/python) by extension 'ignore'
[0.234s] Level 1:colcon.colcon_core.package_identification:_identify(src/unitree_mujoco/example/python) by extension 'ignore_ament_install'
[0.234s] Level 1:colcon.colcon_core.package_identification:_identify(src/unitree_mujoco/example/python) by extensions ['colcon_pkg']
[0.234s] Level 1:colcon.colcon_core.package_identification:_identify(src/unitree_mujoco/example/python) by extension 'colcon_pkg'
[0.234s] Level 1:colcon.colcon_core.package_identification:_identify(src/unitree_mujoco/example/python) by extensions ['colcon_meta']
[0.234s] Level 1:colcon.colcon_core.package_identification:_identify(src/unitree_mujoco/example/python) by extension 'colcon_meta'
[0.234s] Level 1:colcon.colcon_core.package_identification:_identify(src/unitree_mujoco/example/python) by extensions ['ros']
[0.234s] Level 1:colcon.colcon_core.package_identification:_identify(src/unitree_mujoco/example/python) by extension 'ros'
[0.234s] Level 1:colcon.colcon_core.package_identification:_identify(src/unitree_mujoco/example/python) by extensions ['cmake', 'python']
[0.234s] Level 1:colcon.colcon_core.package_identification:_identify(src/unitree_mujoco/example/python) by extension 'cmake'
[0.234s] Level 1:colcon.colcon_core.package_identification:_identify(src/unitree_mujoco/example/python) by extension 'python'
[0.234s] Level 1:colcon.colcon_core.package_identification:_identify(src/unitree_mujoco/example/python) by extensions ['python_setup_py']
[0.234s] Level 1:colcon.colcon_core.package_identification:_identify(src/unitree_mujoco/example/python) by extension 'python_setup_py'
[0.234s] Level 1:colcon.colcon_core.package_identification:_identify(src/unitree_mujoco/example/ros2) by extensions ['ignore', 'ignore_ament_install']
[0.234s] Level 1:colcon.colcon_core.package_identification:_identify(src/unitree_mujoco/example/ros2) by extension 'ignore'
[0.234s] Level 1:colcon.colcon_core.package_identification:_identify(src/unitree_mujoco/example/ros2) by extension 'ignore_ament_install'
[0.234s] Level 1:colcon.colcon_core.package_identification:_identify(src/unitree_mujoco/example/ros2) by extensions ['colcon_pkg']
[0.234s] Level 1:colcon.colcon_core.package_identification:_identify(src/unitree_mujoco/example/ros2) by extension 'colcon_pkg'
[0.234s] Level 1:colcon.colcon_core.package_identification:_identify(src/unitree_mujoco/example/ros2) by extensions ['colcon_meta']
[0.234s] Level 1:colcon.colcon_core.package_identification:_identify(src/unitree_mujoco/example/ros2) by extension 'colcon_meta'
[0.234s] Level 1:colcon.colcon_core.package_identification:_identify(src/unitree_mujoco/example/ros2) by extensions ['ros']
[0.234s] Level 1:colcon.colcon_core.package_identification:_identify(src/unitree_mujoco/example/ros2) by extension 'ros'
[0.234s] DEBUG:colcon.colcon_core.package_identification:Package 'src/unitree_mujoco/example/ros2' with type 'ros.ament_cmake' and name 'stand_go2'
[0.234s] Level 1:colcon.colcon_core.package_identification:_identify(src/unitree_mujoco/simulate) by extensions ['ignore', 'ignore_ament_install']
[0.235s] Level 1:colcon.colcon_core.package_identification:_identify(src/unitree_mujoco/simulate) by extension 'ignore'
[0.235s] Level 1:colcon.colcon_core.package_identification:_identify(src/unitree_mujoco/simulate) by extension 'ignore_ament_install'
[0.235s] Level 1:colcon.colcon_core.package_identification:_identify(src/unitree_mujoco/simulate) by extensions ['colcon_pkg']
[0.235s] Level 1:colcon.colcon_core.package_identification:_identify(src/unitree_mujoco/simulate) by extension 'colcon_pkg'
[0.235s] Level 1:colcon.colcon_core.package_identification:_identify(src/unitree_mujoco/simulate) by extensions ['colcon_meta']
[0.235s] Level 1:colcon.colcon_core.package_identification:_identify(src/unitree_mujoco/simulate) by extension 'colcon_meta'
[0.235s] Level 1:colcon.colcon_core.package_identification:_identify(src/unitree_mujoco/simulate) by extensions ['ros']
[0.235s] Level 1:colcon.colcon_core.package_identification:_identify(src/unitree_mujoco/simulate) by extension 'ros'
[0.235s] Level 1:colcon.colcon_core.package_identification:_identify(src/unitree_mujoco/simulate) by extensions ['cmake', 'python']
[0.235s] Level 1:colcon.colcon_core.package_identification:_identify(src/unitree_mujoco/simulate) by extension 'cmake'
[0.236s] Level 1:colcon.colcon_core.package_identification:_identify(src/unitree_mujoco/simulate) by extension 'python'
[0.236s] DEBUG:colcon.colcon_core.package_identification:Package 'src/unitree_mujoco/simulate' with type 'cmake' and name 'unitree_mujoco'
[0.236s] Level 1:colcon.colcon_core.package_identification:_identify(src/unitree_mujoco/simulate_python) by extensions ['ignore', 'ignore_ament_install']
[0.236s] Level 1:colcon.colcon_core.package_identification:_identify(src/unitree_mujoco/simulate_python) by extension 'ignore'
[0.236s] Level 1:colcon.colcon_core.package_identification:_identify(src/unitree_mujoco/simulate_python) by extension 'ignore_ament_install'
[0.236s] Level 1:colcon.colcon_core.package_identification:_identify(src/unitree_mujoco/simulate_python) by extensions ['colcon_pkg']
[0.236s] Level 1:colcon.colcon_core.package_identification:_identify(src/unitree_mujoco/simulate_python) by extension 'colcon_pkg'
[0.236s] Level 1:colcon.colcon_core.package_identification:_identify(src/unitree_mujoco/simulate_python) by extensions ['colcon_meta']
[0.236s] Level 1:colcon.colcon_core.package_identification:_identify(src/unitree_mujoco/simulate_python) by extension 'colcon_meta'
[0.236s] Level 1:colcon.colcon_core.package_identification:_identify(src/unitree_mujoco/simulate_python) by extensions ['ros']
[0.236s] Level 1:colcon.colcon_core.package_identification:_identify(src/unitree_mujoco/simulate_python) by extension 'ros'
[0.236s] Level 1:colcon.colcon_core.package_identification:_identify(src/unitree_mujoco/simulate_python) by extensions ['cmake', 'python']
[0.236s] Level 1:colcon.colcon_core.package_identification:_identify(src/unitree_mujoco/simulate_python) by extension 'cmake'
[0.236s] Level 1:colcon.colcon_core.package_identification:_identify(src/unitree_mujoco/simulate_python) by extension 'python'
[0.236s] Level 1:colcon.colcon_core.package_identification:_identify(src/unitree_mujoco/simulate_python) by extensions ['python_setup_py']
[0.236s] Level 1:colcon.colcon_core.package_identification:_identify(src/unitree_mujoco/simulate_python) by extension 'python_setup_py'
[0.236s] Level 1:colcon.colcon_core.package_identification:_identify(src/unitree_mujoco/simulate_python/__pycache__) by extensions ['ignore', 'ignore_ament_install']
[0.236s] Level 1:colcon.colcon_core.package_identification:_identify(src/unitree_mujoco/simulate_python/__pycache__) by extension 'ignore'
[0.236s] Level 1:colcon.colcon_core.package_identification:_identify(src/unitree_mujoco/simulate_python/__pycache__) by extension 'ignore_ament_install'
[0.236s] Level 1:colcon.colcon_core.package_identification:_identify(src/unitree_mujoco/simulate_python/__pycache__) by extensions ['colcon_pkg']
[0.236s] Level 1:colcon.colcon_core.package_identification:_identify(src/unitree_mujoco/simulate_python/__pycache__) by extension 'colcon_pkg'
[0.236s] Level 1:colcon.colcon_core.package_identification:_identify(src/unitree_mujoco/simulate_python/__pycache__) by extensions ['colcon_meta']
[0.236s] Level 1:colcon.colcon_core.package_identification:_identify(src/unitree_mujoco/simulate_python/__pycache__) by extension 'colcon_meta'
[0.236s] Level 1:colcon.colcon_core.package_identification:_identify(src/unitree_mujoco/simulate_python/__pycache__) by extensions ['ros']
[0.236s] Level 1:colcon.colcon_core.package_identification:_identify(src/unitree_mujoco/simulate_python/__pycache__) by extension 'ros'
[0.236s] Level 1:colcon.colcon_core.package_identification:_identify(src/unitree_mujoco/simulate_python/__pycache__) by extensions ['cmake', 'python']
[0.236s] Level 1:colcon.colcon_core.package_identification:_identify(src/unitree_mujoco/simulate_python/__pycache__) by extension 'cmake'
[0.236s] Level 1:colcon.colcon_core.package_identification:_identify(src/unitree_mujoco/simulate_python/__pycache__) by extension 'python'
[0.236s] Level 1:colcon.colcon_core.package_identification:_identify(src/unitree_mujoco/simulate_python/__pycache__) by extensions ['python_setup_py']
[0.236s] Level 1:colcon.colcon_core.package_identification:_identify(src/unitree_mujoco/simulate_python/__pycache__) by extension 'python_setup_py'
[0.236s] Level 1:colcon.colcon_core.package_identification:_identify(src/unitree_mujoco/simulate_python/test) by extensions ['ignore', 'ignore_ament_install']
[0.236s] Level 1:colcon.colcon_core.package_identification:_identify(src/unitree_mujoco/simulate_python/test) by extension 'ignore'
[0.236s] Level 1:colcon.colcon_core.package_identification:_identify(src/unitree_mujoco/simulate_python/test) by extension 'ignore_ament_install'
[0.236s] Level 1:colcon.colcon_core.package_identification:_identify(src/unitree_mujoco/simulate_python/test) by extensions ['colcon_pkg']
[0.236s] Level 1:colcon.colcon_core.package_identification:_identify(src/unitree_mujoco/simulate_python/test) by extension 'colcon_pkg'
[0.236s] Level 1:colcon.colcon_core.package_identification:_identify(src/unitree_mujoco/simulate_python/test) by extensions ['colcon_meta']
[0.236s] Level 1:colcon.colcon_core.package_identification:_identify(src/unitree_mujoco/simulate_python/test) by extension 'colcon_meta'
[0.236s] Level 1:colcon.colcon_core.package_identification:_identify(src/unitree_mujoco/simulate_python/test) by extensions ['ros']
[0.236s] Level 1:colcon.colcon_core.package_identification:_identify(src/unitree_mujoco/simulate_python/test) by extension 'ros'
[0.236s] Level 1:colcon.colcon_core.package_identification:_identify(src/unitree_mujoco/simulate_python/test) by extensions ['cmake', 'python']
[0.236s] Level 1:colcon.colcon_core.package_identification:_identify(src/unitree_mujoco/simulate_python/test) by extension 'cmake'
[0.236s] Level 1:colcon.colcon_core.package_identification:_identify(src/unitree_mujoco/simulate_python/test) by extension 'python'
[0.236s] Level 1:colcon.colcon_core.package_identification:_identify(src/unitree_mujoco/simulate_python/test) by extensions ['python_setup_py']
[0.236s] Level 1:colcon.colcon_core.package_identification:_identify(src/unitree_mujoco/simulate_python/test) by extension 'python_setup_py'
[0.236s] Level 1:colcon.colcon_core.package_identification:_identify(src/unitree_mujoco/terrain_tool) by extensions ['ignore', 'ignore_ament_install']
[0.236s] Level 1:colcon.colcon_core.package_identification:_identify(src/unitree_mujoco/terrain_tool) by extension 'ignore'
[0.236s] Level 1:colcon.colcon_core.package_identification:_identify(src/unitree_mujoco/terrain_tool) by extension 'ignore_ament_install'
[0.236s] Level 1:colcon.colcon_core.package_identification:_identify(src/unitree_mujoco/terrain_tool) by extensions ['colcon_pkg']
[0.237s] Level 1:colcon.colcon_core.package_identification:_identify(src/unitree_mujoco/terrain_tool) by extension 'colcon_pkg'
[0.237s] Level 1:colcon.colcon_core.package_identification:_identify(src/unitree_mujoco/terrain_tool) by extensions ['colcon_meta']
[0.237s] Level 1:colcon.colcon_core.package_identification:_identify(src/unitree_mujoco/terrain_tool) by extension 'colcon_meta'
[0.237s] Level 1:colcon.colcon_core.package_identification:_identify(src/unitree_mujoco/terrain_tool) by extensions ['ros']
[0.237s] Level 1:colcon.colcon_core.package_identification:_identify(src/unitree_mujoco/terrain_tool) by extension 'ros'
[0.237s] Level 1:colcon.colcon_core.package_identification:_identify(src/unitree_mujoco/terrain_tool) by extensions ['cmake', 'python']
[0.237s] Level 1:colcon.colcon_core.package_identification:_identify(src/unitree_mujoco/terrain_tool) by extension 'cmake'
[0.237s] Level 1:colcon.colcon_core.package_identification:_identify(src/unitree_mujoco/terrain_tool) by extension 'python'
[0.237s] Level 1:colcon.colcon_core.package_identification:_identify(src/unitree_mujoco/terrain_tool) by extensions ['python_setup_py']
[0.237s] Level 1:colcon.colcon_core.package_identification:_identify(src/unitree_mujoco/terrain_tool) by extension 'python_setup_py'
[0.237s] Level 1:colcon.colcon_core.package_identification:_identify(src/unitree_mujoco/unitree_robots) by extensions ['ignore', 'ignore_ament_install']
[0.237s] Level 1:colcon.colcon_core.package_identification:_identify(src/unitree_mujoco/unitree_robots) by extension 'ignore'
[0.237s] Level 1:colcon.colcon_core.package_identification:_identify(src/unitree_mujoco/unitree_robots) by extension 'ignore_ament_install'
[0.237s] Level 1:colcon.colcon_core.package_identification:_identify(src/unitree_mujoco/unitree_robots) by extensions ['colcon_pkg']
[0.237s] Level 1:colcon.colcon_core.package_identification:_identify(src/unitree_mujoco/unitree_robots) by extension 'colcon_pkg'
[0.237s] Level 1:colcon.colcon_core.package_identification:_identify(src/unitree_mujoco/unitree_robots) by extensions ['colcon_meta']
[0.237s] Level 1:colcon.colcon_core.package_identification:_identify(src/unitree_mujoco/unitree_robots) by extension 'colcon_meta'
[0.237s] Level 1:colcon.colcon_core.package_identification:_identify(src/unitree_mujoco/unitree_robots) by extensions ['ros']
[0.237s] Level 1:colcon.colcon_core.package_identification:_identify(src/unitree_mujoco/unitree_robots) by extension 'ros'
[0.237s] Level 1:colcon.colcon_core.package_identification:_identify(src/unitree_mujoco/unitree_robots) by extensions ['cmake', 'python']
[0.237s] Level 1:colcon.colcon_core.package_identification:_identify(src/unitree_mujoco/unitree_robots) by extension 'cmake'
[0.237s] Level 1:colcon.colcon_core.package_identification:_identify(src/unitree_mujoco/unitree_robots) by extension 'python'
[0.237s] Level 1:colcon.colcon_core.package_identification:_identify(src/unitree_mujoco/unitree_robots) by extensions ['python_setup_py']
[0.237s] Level 1:colcon.colcon_core.package_identification:_identify(src/unitree_mujoco/unitree_robots) by extension 'python_setup_py'
[0.237s] Level 1:colcon.colcon_core.package_identification:_identify(src/unitree_mujoco/unitree_robots/b2) by extensions ['ignore', 'ignore_ament_install']
[0.237s] Level 1:colcon.colcon_core.package_identification:_identify(src/unitree_mujoco/unitree_robots/b2) by extension 'ignore'
[0.237s] Level 1:colcon.colcon_core.package_identification:_identify(src/unitree_mujoco/unitree_robots/b2) by extension 'ignore_ament_install'
[0.237s] Level 1:colcon.colcon_core.package_identification:_identify(src/unitree_mujoco/unitree_robots/b2) by extensions ['colcon_pkg']
[0.237s] Level 1:colcon.colcon_core.package_identification:_identify(src/unitree_mujoco/unitree_robots/b2) by extension 'colcon_pkg'
[0.237s] Level 1:colcon.colcon_core.package_identification:_identify(src/unitree_mujoco/unitree_robots/b2) by extensions ['colcon_meta']
[0.237s] Level 1:colcon.colcon_core.package_identification:_identify(src/unitree_mujoco/unitree_robots/b2) by extension 'colcon_meta'
[0.237s] Level 1:colcon.colcon_core.package_identification:_identify(src/unitree_mujoco/unitree_robots/b2) by extensions ['ros']
[0.237s] Level 1:colcon.colcon_core.package_identification:_identify(src/unitree_mujoco/unitree_robots/b2) by extension 'ros'
[0.237s] Level 1:colcon.colcon_core.package_identification:_identify(src/unitree_mujoco/unitree_robots/b2) by extensions ['cmake', 'python']
[0.237s] Level 1:colcon.colcon_core.package_identification:_identify(src/unitree_mujoco/unitree_robots/b2) by extension 'cmake'
[0.237s] Level 1:colcon.colcon_core.package_identification:_identify(src/unitree_mujoco/unitree_robots/b2) by extension 'python'
[0.237s] Level 1:colcon.colcon_core.package_identification:_identify(src/unitree_mujoco/unitree_robots/b2) by extensions ['python_setup_py']
[0.237s] Level 1:colcon.colcon_core.package_identification:_identify(src/unitree_mujoco/unitree_robots/b2) by extension 'python_setup_py'
[0.237s] Level 1:colcon.colcon_core.package_identification:_identify(src/unitree_mujoco/unitree_robots/b2/assets) by extensions ['ignore', 'ignore_ament_install']
[0.237s] Level 1:colcon.colcon_core.package_identification:_identify(src/unitree_mujoco/unitree_robots/b2/assets) by extension 'ignore'
[0.237s] Level 1:colcon.colcon_core.package_identification:_identify(src/unitree_mujoco/unitree_robots/b2/assets) by extension 'ignore_ament_install'
[0.237s] Level 1:colcon.colcon_core.package_identification:_identify(src/unitree_mujoco/unitree_robots/b2/assets) by extensions ['colcon_pkg']
[0.237s] Level 1:colcon.colcon_core.package_identification:_identify(src/unitree_mujoco/unitree_robots/b2/assets) by extension 'colcon_pkg'
[0.237s] Level 1:colcon.colcon_core.package_identification:_identify(src/unitree_mujoco/unitree_robots/b2/assets) by extensions ['colcon_meta']
[0.237s] Level 1:colcon.colcon_core.package_identification:_identify(src/unitree_mujoco/unitree_robots/b2/assets) by extension 'colcon_meta'
[0.237s] Level 1:colcon.colcon_core.package_identification:_identify(src/unitree_mujoco/unitree_robots/b2/assets) by extensions ['ros']
[0.237s] Level 1:colcon.colcon_core.package_identification:_identify(src/unitree_mujoco/unitree_robots/b2/assets) by extension 'ros'
[0.237s] Level 1:colcon.colcon_core.package_identification:_identify(src/unitree_mujoco/unitree_robots/b2/assets) by extensions ['cmake', 'python']
[0.237s] Level 1:colcon.colcon_core.package_identification:_identify(src/unitree_mujoco/unitree_robots/b2/assets) by extension 'cmake'
[0.237s] Level 1:colcon.colcon_core.package_identification:_identify(src/unitree_mujoco/unitree_robots/b2/assets) by extension 'python'
[0.237s] Level 1:colcon.colcon_core.package_identification:_identify(src/unitree_mujoco/unitree_robots/b2/assets) by extensions ['python_setup_py']
[0.237s] Level 1:colcon.colcon_core.package_identification:_identify(src/unitree_mujoco/unitree_robots/b2/assets) by extension 'python_setup_py'
[0.237s] Level 1:colcon.colcon_core.package_identification:_identify(src/unitree_mujoco/unitree_robots/b2w) by extensions ['ignore', 'ignore_ament_install']
[0.237s] Level 1:colcon.colcon_core.package_identification:_identify(src/unitree_mujoco/unitree_robots/b2w) by extension 'ignore'
[0.237s] Level 1:colcon.colcon_core.package_identification:_identify(src/unitree_mujoco/unitree_robots/b2w) by extension 'ignore_ament_install'
[0.237s] Level 1:colcon.colcon_core.package_identification:_identify(src/unitree_mujoco/unitree_robots/b2w) by extensions ['colcon_pkg']
[0.237s] Level 1:colcon.colcon_core.package_identification:_identify(src/unitree_mujoco/unitree_robots/b2w) by extension 'colcon_pkg'
[0.237s] Level 1:colcon.colcon_core.package_identification:_identify(src/unitree_mujoco/unitree_robots/b2w) by extensions ['colcon_meta']
[0.237s] Level 1:colcon.colcon_core.package_identification:_identify(src/unitree_mujoco/unitree_robots/b2w) by extension 'colcon_meta'
[0.237s] Level 1:colcon.colcon_core.package_identification:_identify(src/unitree_mujoco/unitree_robots/b2w) by extensions ['ros']
[0.237s] Level 1:colcon.colcon_core.package_identification:_identify(src/unitree_mujoco/unitree_robots/b2w) by extension 'ros'
[0.238s] Level 1:colcon.colcon_core.package_identification:_identify(src/unitree_mujoco/unitree_robots/b2w) by extensions ['cmake', 'python']
[0.238s] Level 1:colcon.colcon_core.package_identification:_identify(src/unitree_mujoco/unitree_robots/b2w) by extension 'cmake'
[0.238s] Level 1:colcon.colcon_core.package_identification:_identify(src/unitree_mujoco/unitree_robots/b2w) by extension 'python'
[0.238s] Level 1:colcon.colcon_core.package_identification:_identify(src/unitree_mujoco/unitree_robots/b2w) by extensions ['python_setup_py']
[0.238s] Level 1:colcon.colcon_core.package_identification:_identify(src/unitree_mujoco/unitree_robots/b2w) by extension 'python_setup_py'
[0.238s] Level 1:colcon.colcon_core.package_identification:_identify(src/unitree_mujoco/unitree_robots/b2w/assets) by extensions ['ignore', 'ignore_ament_install']
[0.238s] Level 1:colcon.colcon_core.package_identification:_identify(src/unitree_mujoco/unitree_robots/b2w/assets) by extension 'ignore'
[0.238s] Level 1:colcon.colcon_core.package_identification:_identify(src/unitree_mujoco/unitree_robots/b2w/assets) by extension 'ignore_ament_install'
[0.238s] Level 1:colcon.colcon_core.package_identification:_identify(src/unitree_mujoco/unitree_robots/b2w/assets) by extensions ['colcon_pkg']
[0.238s] Level 1:colcon.colcon_core.package_identification:_identify(src/unitree_mujoco/unitree_robots/b2w/assets) by extension 'colcon_pkg'
[0.238s] Level 1:colcon.colcon_core.package_identification:_identify(src/unitree_mujoco/unitree_robots/b2w/assets) by extensions ['colcon_meta']
[0.238s] Level 1:colcon.colcon_core.package_identification:_identify(src/unitree_mujoco/unitree_robots/b2w/assets) by extension 'colcon_meta'
[0.238s] Level 1:colcon.colcon_core.package_identification:_identify(src/unitree_mujoco/unitree_robots/b2w/assets) by extensions ['ros']
[0.238s] Level 1:colcon.colcon_core.package_identification:_identify(src/unitree_mujoco/unitree_robots/b2w/assets) by extension 'ros'
[0.238s] Level 1:colcon.colcon_core.package_identification:_identify(src/unitree_mujoco/unitree_robots/b2w/assets) by extensions ['cmake', 'python']
[0.238s] Level 1:colcon.colcon_core.package_identification:_identify(src/unitree_mujoco/unitree_robots/b2w/assets) by extension 'cmake'
[0.238s] Level 1:colcon.colcon_core.package_identification:_identify(src/unitree_mujoco/unitree_robots/b2w/assets) by extension 'python'
[0.238s] Level 1:colcon.colcon_core.package_identification:_identify(src/unitree_mujoco/unitree_robots/b2w/assets) by extensions ['python_setup_py']
[0.238s] Level 1:colcon.colcon_core.package_identification:_identify(src/unitree_mujoco/unitree_robots/b2w/assets) by extension 'python_setup_py'
[0.238s] Level 1:colcon.colcon_core.package_identification:_identify(src/unitree_mujoco/unitree_robots/g1) by extensions ['ignore', 'ignore_ament_install']
[0.238s] Level 1:colcon.colcon_core.package_identification:_identify(src/unitree_mujoco/unitree_robots/g1) by extension 'ignore'
[0.238s] Level 1:colcon.colcon_core.package_identification:_identify(src/unitree_mujoco/unitree_robots/g1) by extension 'ignore_ament_install'
[0.238s] Level 1:colcon.colcon_core.package_identification:_identify(src/unitree_mujoco/unitree_robots/g1) by extensions ['colcon_pkg']
[0.238s] Level 1:colcon.colcon_core.package_identification:_identify(src/unitree_mujoco/unitree_robots/g1) by extension 'colcon_pkg'
[0.238s] Level 1:colcon.colcon_core.package_identification:_identify(src/unitree_mujoco/unitree_robots/g1) by extensions ['colcon_meta']
[0.238s] Level 1:colcon.colcon_core.package_identification:_identify(src/unitree_mujoco/unitree_robots/g1) by extension 'colcon_meta'
[0.238s] Level 1:colcon.colcon_core.package_identification:_identify(src/unitree_mujoco/unitree_robots/g1) by extensions ['ros']
[0.238s] Level 1:colcon.colcon_core.package_identification:_identify(src/unitree_mujoco/unitree_robots/g1) by extension 'ros'
[0.238s] Level 1:colcon.colcon_core.package_identification:_identify(src/unitree_mujoco/unitree_robots/g1) by extensions ['cmake', 'python']
[0.238s] Level 1:colcon.colcon_core.package_identification:_identify(src/unitree_mujoco/unitree_robots/g1) by extension 'cmake'
[0.238s] Level 1:colcon.colcon_core.package_identification:_identify(src/unitree_mujoco/unitree_robots/g1) by extension 'python'
[0.238s] Level 1:colcon.colcon_core.package_identification:_identify(src/unitree_mujoco/unitree_robots/g1) by extensions ['python_setup_py']
[0.238s] Level 1:colcon.colcon_core.package_identification:_identify(src/unitree_mujoco/unitree_robots/g1) by extension 'python_setup_py'
[0.238s] Level 1:colcon.colcon_core.package_identification:_identify(src/unitree_mujoco/unitree_robots/g1/images) by extensions ['ignore', 'ignore_ament_install']
[0.238s] Level 1:colcon.colcon_core.package_identification:_identify(src/unitree_mujoco/unitree_robots/g1/images) by extension 'ignore'
[0.238s] Level 1:colcon.colcon_core.package_identification:_identify(src/unitree_mujoco/unitree_robots/g1/images) by extension 'ignore_ament_install'
[0.238s] Level 1:colcon.colcon_core.package_identification:_identify(src/unitree_mujoco/unitree_robots/g1/images) by extensions ['colcon_pkg']
[0.238s] Level 1:colcon.colcon_core.package_identification:_identify(src/unitree_mujoco/unitree_robots/g1/images) by extension 'colcon_pkg'
[0.238s] Level 1:colcon.colcon_core.package_identification:_identify(src/unitree_mujoco/unitree_robots/g1/images) by extensions ['colcon_meta']
[0.238s] Level 1:colcon.colcon_core.package_identification:_identify(src/unitree_mujoco/unitree_robots/g1/images) by extension 'colcon_meta'
[0.238s] Level 1:colcon.colcon_core.package_identification:_identify(src/unitree_mujoco/unitree_robots/g1/images) by extensions ['ros']
[0.238s] Level 1:colcon.colcon_core.package_identification:_identify(src/unitree_mujoco/unitree_robots/g1/images) by extension 'ros'
[0.238s] Level 1:colcon.colcon_core.package_identification:_identify(src/unitree_mujoco/unitree_robots/g1/images) by extensions ['cmake', 'python']
[0.238s] Level 1:colcon.colcon_core.package_identification:_identify(src/unitree_mujoco/unitree_robots/g1/images) by extension 'cmake'
[0.238s] Level 1:colcon.colcon_core.package_identification:_identify(src/unitree_mujoco/unitree_robots/g1/images) by extension 'python'
[0.238s] Level 1:colcon.colcon_core.package_identification:_identify(src/unitree_mujoco/unitree_robots/g1/images) by extensions ['python_setup_py']
[0.238s] Level 1:colcon.colcon_core.package_identification:_identify(src/unitree_mujoco/unitree_robots/g1/images) by extension 'python_setup_py'
[0.238s] Level 1:colcon.colcon_core.package_identification:_identify(src/unitree_mujoco/unitree_robots/g1/meshes) by extensions ['ignore', 'ignore_ament_install']
[0.238s] Level 1:colcon.colcon_core.package_identification:_identify(src/unitree_mujoco/unitree_robots/g1/meshes) by extension 'ignore'
[0.238s] Level 1:colcon.colcon_core.package_identification:_identify(src/unitree_mujoco/unitree_robots/g1/meshes) by extension 'ignore_ament_install'
[0.238s] Level 1:colcon.colcon_core.package_identification:_identify(src/unitree_mujoco/unitree_robots/g1/meshes) by extensions ['colcon_pkg']
[0.238s] Level 1:colcon.colcon_core.package_identification:_identify(src/unitree_mujoco/unitree_robots/g1/meshes) by extension 'colcon_pkg'
[0.238s] Level 1:colcon.colcon_core.package_identification:_identify(src/unitree_mujoco/unitree_robots/g1/meshes) by extensions ['colcon_meta']
[0.238s] Level 1:colcon.colcon_core.package_identification:_identify(src/unitree_mujoco/unitree_robots/g1/meshes) by extension 'colcon_meta'
[0.238s] Level 1:colcon.colcon_core.package_identification:_identify(src/unitree_mujoco/unitree_robots/g1/meshes) by extensions ['ros']
[0.238s] Level 1:colcon.colcon_core.package_identification:_identify(src/unitree_mujoco/unitree_robots/g1/meshes) by extension 'ros'
[0.238s] Level 1:colcon.colcon_core.package_identification:_identify(src/unitree_mujoco/unitree_robots/g1/meshes) by extensions ['cmake', 'python']
[0.238s] Level 1:colcon.colcon_core.package_identification:_identify(src/unitree_mujoco/unitree_robots/g1/meshes) by extension 'cmake'
[0.238s] Level 1:colcon.colcon_core.package_identification:_identify(src/unitree_mujoco/unitree_robots/g1/meshes) by extension 'python'
[0.239s] Level 1:colcon.colcon_core.package_identification:_identify(src/unitree_mujoco/unitree_robots/g1/meshes) by extensions ['python_setup_py']
[0.239s] Level 1:colcon.colcon_core.package_identification:_identify(src/unitree_mujoco/unitree_robots/g1/meshes) by extension 'python_setup_py'
[0.239s] Level 1:colcon.colcon_core.package_identification:_identify(src/unitree_mujoco/unitree_robots/go2) by extensions ['ignore', 'ignore_ament_install']
[0.239s] Level 1:colcon.colcon_core.package_identification:_identify(src/unitree_mujoco/unitree_robots/go2) by extension 'ignore'
[0.239s] Level 1:colcon.colcon_core.package_identification:_identify(src/unitree_mujoco/unitree_robots/go2) by extension 'ignore_ament_install'
[0.239s] Level 1:colcon.colcon_core.package_identification:_identify(src/unitree_mujoco/unitree_robots/go2) by extensions ['colcon_pkg']
[0.239s] Level 1:colcon.colcon_core.package_identification:_identify(src/unitree_mujoco/unitree_robots/go2) by extension 'colcon_pkg'
[0.239s] Level 1:colcon.colcon_core.package_identification:_identify(src/unitree_mujoco/unitree_robots/go2) by extensions ['colcon_meta']
[0.239s] Level 1:colcon.colcon_core.package_identification:_identify(src/unitree_mujoco/unitree_robots/go2) by extension 'colcon_meta'
[0.239s] Level 1:colcon.colcon_core.package_identification:_identify(src/unitree_mujoco/unitree_robots/go2) by extensions ['ros']
[0.239s] Level 1:colcon.colcon_core.package_identification:_identify(src/unitree_mujoco/unitree_robots/go2) by extension 'ros'
[0.239s] Level 1:colcon.colcon_core.package_identification:_identify(src/unitree_mujoco/unitree_robots/go2) by extensions ['cmake', 'python']
[0.239s] Level 1:colcon.colcon_core.package_identification:_identify(src/unitree_mujoco/unitree_robots/go2) by extension 'cmake'
[0.239s] Level 1:colcon.colcon_core.package_identification:_identify(src/unitree_mujoco/unitree_robots/go2) by extension 'python'
[0.239s] Level 1:colcon.colcon_core.package_identification:_identify(src/unitree_mujoco/unitree_robots/go2) by extensions ['python_setup_py']
[0.239s] Level 1:colcon.colcon_core.package_identification:_identify(src/unitree_mujoco/unitree_robots/go2) by extension 'python_setup_py'
[0.239s] Level 1:colcon.colcon_core.package_identification:_identify(src/unitree_mujoco/unitree_robots/go2/assets) by extensions ['ignore', 'ignore_ament_install']
[0.239s] Level 1:colcon.colcon_core.package_identification:_identify(src/unitree_mujoco/unitree_robots/go2/assets) by extension 'ignore'
[0.239s] Level 1:colcon.colcon_core.package_identification:_identify(src/unitree_mujoco/unitree_robots/go2/assets) by extension 'ignore_ament_install'
[0.239s] Level 1:colcon.colcon_core.package_identification:_identify(src/unitree_mujoco/unitree_robots/go2/assets) by extensions ['colcon_pkg']
[0.239s] Level 1:colcon.colcon_core.package_identification:_identify(src/unitree_mujoco/unitree_robots/go2/assets) by extension 'colcon_pkg'
[0.239s] Level 1:colcon.colcon_core.package_identification:_identify(src/unitree_mujoco/unitree_robots/go2/assets) by extensions ['colcon_meta']
[0.239s] Level 1:colcon.colcon_core.package_identification:_identify(src/unitree_mujoco/unitree_robots/go2/assets) by extension 'colcon_meta'
[0.239s] Level 1:colcon.colcon_core.package_identification:_identify(src/unitree_mujoco/unitree_robots/go2/assets) by extensions ['ros']
[0.239s] Level 1:colcon.colcon_core.package_identification:_identify(src/unitree_mujoco/unitree_robots/go2/assets) by extension 'ros'
[0.239s] Level 1:colcon.colcon_core.package_identification:_identify(src/unitree_mujoco/unitree_robots/go2/assets) by extensions ['cmake', 'python']
[0.239s] Level 1:colcon.colcon_core.package_identification:_identify(src/unitree_mujoco/unitree_robots/go2/assets) by extension 'cmake'
[0.239s] Level 1:colcon.colcon_core.package_identification:_identify(src/unitree_mujoco/unitree_robots/go2/assets) by extension 'python'
[0.239s] Level 1:colcon.colcon_core.package_identification:_identify(src/unitree_mujoco/unitree_robots/go2/assets) by extensions ['python_setup_py']
[0.239s] Level 1:colcon.colcon_core.package_identification:_identify(src/unitree_mujoco/unitree_robots/go2/assets) by extension 'python_setup_py'
[0.239s] Level 1:colcon.colcon_core.package_identification:_identify(src/unitree_mujoco/unitree_robots/go2w) by extensions ['ignore', 'ignore_ament_install']
[0.239s] Level 1:colcon.colcon_core.package_identification:_identify(src/unitree_mujoco/unitree_robots/go2w) by extension 'ignore'
[0.239s] Level 1:colcon.colcon_core.package_identification:_identify(src/unitree_mujoco/unitree_robots/go2w) by extension 'ignore_ament_install'
[0.239s] Level 1:colcon.colcon_core.package_identification:_identify(src/unitree_mujoco/unitree_robots/go2w) by extensions ['colcon_pkg']
[0.239s] Level 1:colcon.colcon_core.package_identification:_identify(src/unitree_mujoco/unitree_robots/go2w) by extension 'colcon_pkg'
[0.239s] Level 1:colcon.colcon_core.package_identification:_identify(src/unitree_mujoco/unitree_robots/go2w) by extensions ['colcon_meta']
[0.239s] Level 1:colcon.colcon_core.package_identification:_identify(src/unitree_mujoco/unitree_robots/go2w) by extension 'colcon_meta'
[0.239s] Level 1:colcon.colcon_core.package_identification:_identify(src/unitree_mujoco/unitree_robots/go2w) by extensions ['ros']
[0.239s] Level 1:colcon.colcon_core.package_identification:_identify(src/unitree_mujoco/unitree_robots/go2w) by extension 'ros'
[0.239s] Level 1:colcon.colcon_core.package_identification:_identify(src/unitree_mujoco/unitree_robots/go2w) by extensions ['cmake', 'python']
[0.239s] Level 1:colcon.colcon_core.package_identification:_identify(src/unitree_mujoco/unitree_robots/go2w) by extension 'cmake'
[0.239s] Level 1:colcon.colcon_core.package_identification:_identify(src/unitree_mujoco/unitree_robots/go2w) by extension 'python'
[0.239s] Level 1:colcon.colcon_core.package_identification:_identify(src/unitree_mujoco/unitree_robots/go2w) by extensions ['python_setup_py']
[0.239s] Level 1:colcon.colcon_core.package_identification:_identify(src/unitree_mujoco/unitree_robots/go2w) by extension 'python_setup_py'
[0.239s] Level 1:colcon.colcon_core.package_identification:_identify(src/unitree_mujoco/unitree_robots/go2w/assets) by extensions ['ignore', 'ignore_ament_install']
[0.239s] Level 1:colcon.colcon_core.package_identification:_identify(src/unitree_mujoco/unitree_robots/go2w/assets) by extension 'ignore'
[0.239s] Level 1:colcon.colcon_core.package_identification:_identify(src/unitree_mujoco/unitree_robots/go2w/assets) by extension 'ignore_ament_install'
[0.239s] Level 1:colcon.colcon_core.package_identification:_identify(src/unitree_mujoco/unitree_robots/go2w/assets) by extensions ['colcon_pkg']
[0.239s] Level 1:colcon.colcon_core.package_identification:_identify(src/unitree_mujoco/unitree_robots/go2w/assets) by extension 'colcon_pkg'
[0.239s] Level 1:colcon.colcon_core.package_identification:_identify(src/unitree_mujoco/unitree_robots/go2w/assets) by extensions ['colcon_meta']
[0.239s] Level 1:colcon.colcon_core.package_identification:_identify(src/unitree_mujoco/unitree_robots/go2w/assets) by extension 'colcon_meta'
[0.239s] Level 1:colcon.colcon_core.package_identification:_identify(src/unitree_mujoco/unitree_robots/go2w/assets) by extensions ['ros']
[0.239s] Level 1:colcon.colcon_core.package_identification:_identify(src/unitree_mujoco/unitree_robots/go2w/assets) by extension 'ros'
[0.239s] Level 1:colcon.colcon_core.package_identification:_identify(src/unitree_mujoco/unitree_robots/go2w/assets) by extensions ['cmake', 'python']
[0.239s] Level 1:colcon.colcon_core.package_identification:_identify(src/unitree_mujoco/unitree_robots/go2w/assets) by extension 'cmake'
[0.239s] Level 1:colcon.colcon_core.package_identification:_identify(src/unitree_mujoco/unitree_robots/go2w/assets) by extension 'python'
[0.239s] Level 1:colcon.colcon_core.package_identification:_identify(src/unitree_mujoco/unitree_robots/go2w/assets) by extensions ['python_setup_py']
[0.239s] Level 1:colcon.colcon_core.package_identification:_identify(src/unitree_mujoco/unitree_robots/go2w/assets) by extension 'python_setup_py'
[0.239s] Level 1:colcon.colcon_core.package_identification:_identify(src/unitree_mujoco/unitree_robots/h1) by extensions ['ignore', 'ignore_ament_install']
[0.239s] Level 1:colcon.colcon_core.package_identification:_identify(src/unitree_mujoco/unitree_robots/h1) by extension 'ignore'
[0.240s] Level 1:colcon.colcon_core.package_identification:_identify(src/unitree_mujoco/unitree_robots/h1) by extension 'ignore_ament_install'
[0.240s] Level 1:colcon.colcon_core.package_identification:_identify(src/unitree_mujoco/unitree_robots/h1) by extensions ['colcon_pkg']
[0.240s] Level 1:colcon.colcon_core.package_identification:_identify(src/unitree_mujoco/unitree_robots/h1) by extension 'colcon_pkg'
[0.240s] Level 1:colcon.colcon_core.package_identification:_identify(src/unitree_mujoco/unitree_robots/h1) by extensions ['colcon_meta']
[0.240s] Level 1:colcon.colcon_core.package_identification:_identify(src/unitree_mujoco/unitree_robots/h1) by extension 'colcon_meta'
[0.240s] Level 1:colcon.colcon_core.package_identification:_identify(src/unitree_mujoco/unitree_robots/h1) by extensions ['ros']
[0.240s] Level 1:colcon.colcon_core.package_identification:_identify(src/unitree_mujoco/unitree_robots/h1) by extension 'ros'
[0.240s] Level 1:colcon.colcon_core.package_identification:_identify(src/unitree_mujoco/unitree_robots/h1) by extensions ['cmake', 'python']
[0.240s] Level 1:colcon.colcon_core.package_identification:_identify(src/unitree_mujoco/unitree_robots/h1) by extension 'cmake'
[0.240s] Level 1:colcon.colcon_core.package_identification:_identify(src/unitree_mujoco/unitree_robots/h1) by extension 'python'
[0.240s] Level 1:colcon.colcon_core.package_identification:_identify(src/unitree_mujoco/unitree_robots/h1) by extensions ['python_setup_py']
[0.240s] Level 1:colcon.colcon_core.package_identification:_identify(src/unitree_mujoco/unitree_robots/h1) by extension 'python_setup_py'
[0.240s] Level 1:colcon.colcon_core.package_identification:_identify(src/unitree_mujoco/unitree_robots/h1/assets) by extensions ['ignore', 'ignore_ament_install']
[0.240s] Level 1:colcon.colcon_core.package_identification:_identify(src/unitree_mujoco/unitree_robots/h1/assets) by extension 'ignore'
[0.240s] Level 1:colcon.colcon_core.package_identification:_identify(src/unitree_mujoco/unitree_robots/h1/assets) by extension 'ignore_ament_install'
[0.240s] Level 1:colcon.colcon_core.package_identification:_identify(src/unitree_mujoco/unitree_robots/h1/assets) by extensions ['colcon_pkg']
[0.240s] Level 1:colcon.colcon_core.package_identification:_identify(src/unitree_mujoco/unitree_robots/h1/assets) by extension 'colcon_pkg'
[0.240s] Level 1:colcon.colcon_core.package_identification:_identify(src/unitree_mujoco/unitree_robots/h1/assets) by extensions ['colcon_meta']
[0.240s] Level 1:colcon.colcon_core.package_identification:_identify(src/unitree_mujoco/unitree_robots/h1/assets) by extension 'colcon_meta'
[0.240s] Level 1:colcon.colcon_core.package_identification:_identify(src/unitree_mujoco/unitree_robots/h1/assets) by extensions ['ros']
[0.240s] Level 1:colcon.colcon_core.package_identification:_identify(src/unitree_mujoco/unitree_robots/h1/assets) by extension 'ros'
[0.240s] Level 1:colcon.colcon_core.package_identification:_identify(src/unitree_mujoco/unitree_robots/h1/assets) by extensions ['cmake', 'python']
[0.240s] Level 1:colcon.colcon_core.package_identification:_identify(src/unitree_mujoco/unitree_robots/h1/assets) by extension 'cmake'
[0.240s] Level 1:colcon.colcon_core.package_identification:_identify(src/unitree_mujoco/unitree_robots/h1/assets) by extension 'python'
[0.240s] Level 1:colcon.colcon_core.package_identification:_identify(src/unitree_mujoco/unitree_robots/h1/assets) by extensions ['python_setup_py']
[0.240s] Level 1:colcon.colcon_core.package_identification:_identify(src/unitree_mujoco/unitree_robots/h1/assets) by extension 'python_setup_py'
[0.240s] Level 1:colcon.colcon_core.package_identification:_identify(src/unitree_mujoco/unitree_robots/h1_2) by extensions ['ignore', 'ignore_ament_install']
[0.240s] Level 1:colcon.colcon_core.package_identification:_identify(src/unitree_mujoco/unitree_robots/h1_2) by extension 'ignore'
[0.240s] Level 1:colcon.colcon_core.package_identification:_identify(src/unitree_mujoco/unitree_robots/h1_2) by extension 'ignore_ament_install'
[0.240s] Level 1:colcon.colcon_core.package_identification:_identify(src/unitree_mujoco/unitree_robots/h1_2) by extensions ['colcon_pkg']
[0.240s] Level 1:colcon.colcon_core.package_identification:_identify(src/unitree_mujoco/unitree_robots/h1_2) by extension 'colcon_pkg'
[0.240s] Level 1:colcon.colcon_core.package_identification:_identify(src/unitree_mujoco/unitree_robots/h1_2) by extensions ['colcon_meta']
[0.240s] Level 1:colcon.colcon_core.package_identification:_identify(src/unitree_mujoco/unitree_robots/h1_2) by extension 'colcon_meta'
[0.240s] Level 1:colcon.colcon_core.package_identification:_identify(src/unitree_mujoco/unitree_robots/h1_2) by extensions ['ros']
[0.240s] Level 1:colcon.colcon_core.package_identification:_identify(src/unitree_mujoco/unitree_robots/h1_2) by extension 'ros'
[0.240s] Level 1:colcon.colcon_core.package_identification:_identify(src/unitree_mujoco/unitree_robots/h1_2) by extensions ['cmake', 'python']
[0.240s] Level 1:colcon.colcon_core.package_identification:_identify(src/unitree_mujoco/unitree_robots/h1_2) by extension 'cmake'
[0.240s] Level 1:colcon.colcon_core.package_identification:_identify(src/unitree_mujoco/unitree_robots/h1_2) by extension 'python'
[0.240s] Level 1:colcon.colcon_core.package_identification:_identify(src/unitree_mujoco/unitree_robots/h1_2) by extensions ['python_setup_py']
[0.240s] Level 1:colcon.colcon_core.package_identification:_identify(src/unitree_mujoco/unitree_robots/h1_2) by extension 'python_setup_py'
[0.240s] Level 1:colcon.colcon_core.package_identification:_identify(src/unitree_mujoco/unitree_robots/h1_2/meshes) by extensions ['ignore', 'ignore_ament_install']
[0.240s] Level 1:colcon.colcon_core.package_identification:_identify(src/unitree_mujoco/unitree_robots/h1_2/meshes) by extension 'ignore'
[0.240s] Level 1:colcon.colcon_core.package_identification:_identify(src/unitree_mujoco/unitree_robots/h1_2/meshes) by extension 'ignore_ament_install'
[0.240s] Level 1:colcon.colcon_core.package_identification:_identify(src/unitree_mujoco/unitree_robots/h1_2/meshes) by extensions ['colcon_pkg']
[0.240s] Level 1:colcon.colcon_core.package_identification:_identify(src/unitree_mujoco/unitree_robots/h1_2/meshes) by extension 'colcon_pkg'
[0.240s] Level 1:colcon.colcon_core.package_identification:_identify(src/unitree_mujoco/unitree_robots/h1_2/meshes) by extensions ['colcon_meta']
[0.240s] Level 1:colcon.colcon_core.package_identification:_identify(src/unitree_mujoco/unitree_robots/h1_2/meshes) by extension 'colcon_meta'
[0.240s] Level 1:colcon.colcon_core.package_identification:_identify(src/unitree_mujoco/unitree_robots/h1_2/meshes) by extensions ['ros']
[0.240s] Level 1:colcon.colcon_core.package_identification:_identify(src/unitree_mujoco/unitree_robots/h1_2/meshes) by extension 'ros'
[0.240s] Level 1:colcon.colcon_core.package_identification:_identify(src/unitree_mujoco/unitree_robots/h1_2/meshes) by extensions ['cmake', 'python']
[0.240s] Level 1:colcon.colcon_core.package_identification:_identify(src/unitree_mujoco/unitree_robots/h1_2/meshes) by extension 'cmake'
[0.240s] Level 1:colcon.colcon_core.package_identification:_identify(src/unitree_mujoco/unitree_robots/h1_2/meshes) by extension 'python'
[0.240s] Level 1:colcon.colcon_core.package_identification:_identify(src/unitree_mujoco/unitree_robots/h1_2/meshes) by extensions ['python_setup_py']
[0.240s] Level 1:colcon.colcon_core.package_identification:_identify(src/unitree_mujoco/unitree_robots/h1_2/meshes) by extension 'python_setup_py'
[0.240s] Level 1:colcon.colcon_core.package_identification:_identify(src/unitree_ros) by extensions ['ignore', 'ignore_ament_install']
[0.240s] Level 1:colcon.colcon_core.package_identification:_identify(src/unitree_ros) by extension 'ignore'
[0.240s] Level 1:colcon.colcon_core.package_identification:_identify(src/unitree_ros) by extension 'ignore_ament_install'
[0.240s] Level 1:colcon.colcon_core.package_identification:_identify(src/unitree_ros) by extensions ['colcon_pkg']
[0.240s] Level 1:colcon.colcon_core.package_identification:_identify(src/unitree_ros) by extension 'colcon_pkg'
[0.240s] Level 1:colcon.colcon_core.package_identification:_identify(src/unitree_ros) by extensions ['colcon_meta']
[0.241s] Level 1:colcon.colcon_core.package_identification:_identify(src/unitree_ros) by extension 'colcon_meta'
[0.241s] Level 1:colcon.colcon_core.package_identification:_identify(src/unitree_ros) by extensions ['ros']
[0.241s] Level 1:colcon.colcon_core.package_identification:_identify(src/unitree_ros) by extension 'ros'
[0.241s] Level 1:colcon.colcon_core.package_identification:_identify(src/unitree_ros) by extensions ['cmake', 'python']
[0.241s] Level 1:colcon.colcon_core.package_identification:_identify(src/unitree_ros) by extension 'cmake'
[0.241s] Level 1:colcon.colcon_core.package_identification:_identify(src/unitree_ros) by extension 'python'
[0.241s] Level 1:colcon.colcon_core.package_identification:_identify(src/unitree_ros) by extensions ['python_setup_py']
[0.241s] Level 1:colcon.colcon_core.package_identification:_identify(src/unitree_ros) by extension 'python_setup_py'
[0.241s] Level 1:colcon.colcon_core.package_identification:_identify(src/unitree_ros/robots) by extensions ['ignore', 'ignore_ament_install']
[0.241s] Level 1:colcon.colcon_core.package_identification:_identify(src/unitree_ros/robots) by extension 'ignore'
[0.241s] Level 1:colcon.colcon_core.package_identification:_identify(src/unitree_ros/robots) by extension 'ignore_ament_install'
[0.241s] Level 1:colcon.colcon_core.package_identification:_identify(src/unitree_ros/robots) by extensions ['colcon_pkg']
[0.241s] Level 1:colcon.colcon_core.package_identification:_identify(src/unitree_ros/robots) by extension 'colcon_pkg'
[0.241s] Level 1:colcon.colcon_core.package_identification:_identify(src/unitree_ros/robots) by extensions ['colcon_meta']
[0.241s] Level 1:colcon.colcon_core.package_identification:_identify(src/unitree_ros/robots) by extension 'colcon_meta'
[0.241s] Level 1:colcon.colcon_core.package_identification:_identify(src/unitree_ros/robots) by extensions ['ros']
[0.241s] Level 1:colcon.colcon_core.package_identification:_identify(src/unitree_ros/robots) by extension 'ros'
[0.241s] Level 1:colcon.colcon_core.package_identification:_identify(src/unitree_ros/robots) by extensions ['cmake', 'python']
[0.241s] Level 1:colcon.colcon_core.package_identification:_identify(src/unitree_ros/robots) by extension 'cmake'
[0.241s] Level 1:colcon.colcon_core.package_identification:_identify(src/unitree_ros/robots) by extension 'python'
[0.241s] Level 1:colcon.colcon_core.package_identification:_identify(src/unitree_ros/robots) by extensions ['python_setup_py']
[0.241s] Level 1:colcon.colcon_core.package_identification:_identify(src/unitree_ros/robots) by extension 'python_setup_py'
[0.241s] Level 1:colcon.colcon_core.package_identification:_identify(src/unitree_ros/robots/b2_description_mujoco) by extensions ['ignore', 'ignore_ament_install']
[0.241s] Level 1:colcon.colcon_core.package_identification:_identify(src/unitree_ros/robots/b2_description_mujoco) by extension 'ignore'
[0.241s] Level 1:colcon.colcon_core.package_identification:_identify(src/unitree_ros/robots/b2_description_mujoco) by extension 'ignore_ament_install'
[0.241s] Level 1:colcon.colcon_core.package_identification:_identify(src/unitree_ros/robots/b2_description_mujoco) by extensions ['colcon_pkg']
[0.241s] Level 1:colcon.colcon_core.package_identification:_identify(src/unitree_ros/robots/b2_description_mujoco) by extension 'colcon_pkg'
[0.241s] Level 1:colcon.colcon_core.package_identification:_identify(src/unitree_ros/robots/b2_description_mujoco) by extensions ['colcon_meta']
[0.241s] Level 1:colcon.colcon_core.package_identification:_identify(src/unitree_ros/robots/b2_description_mujoco) by extension 'colcon_meta'
[0.241s] Level 1:colcon.colcon_core.package_identification:_identify(src/unitree_ros/robots/b2_description_mujoco) by extensions ['ros']
[0.241s] Level 1:colcon.colcon_core.package_identification:_identify(src/unitree_ros/robots/b2_description_mujoco) by extension 'ros'
[0.241s] Level 1:colcon.colcon_core.package_identification:_identify(src/unitree_ros/robots/b2_description_mujoco) by extensions ['cmake', 'python']
[0.241s] Level 1:colcon.colcon_core.package_identification:_identify(src/unitree_ros/robots/b2_description_mujoco) by extension 'cmake'
[0.241s] Level 1:colcon.colcon_core.package_identification:_identify(src/unitree_ros/robots/b2_description_mujoco) by extension 'python'
[0.241s] Level 1:colcon.colcon_core.package_identification:_identify(src/unitree_ros/robots/b2_description_mujoco) by extensions ['python_setup_py']
[0.241s] Level 1:colcon.colcon_core.package_identification:_identify(src/unitree_ros/robots/b2_description_mujoco) by extension 'python_setup_py'
[0.241s] Level 1:colcon.colcon_core.package_identification:_identify(src/unitree_ros/robots/b2_description_mujoco/meshes) by extensions ['ignore', 'ignore_ament_install']
[0.241s] Level 1:colcon.colcon_core.package_identification:_identify(src/unitree_ros/robots/b2_description_mujoco/meshes) by extension 'ignore'
[0.241s] Level 1:colcon.colcon_core.package_identification:_identify(src/unitree_ros/robots/b2_description_mujoco/meshes) by extension 'ignore_ament_install'
[0.241s] Level 1:colcon.colcon_core.package_identification:_identify(src/unitree_ros/robots/b2_description_mujoco/meshes) by extensions ['colcon_pkg']
[0.241s] Level 1:colcon.colcon_core.package_identification:_identify(src/unitree_ros/robots/b2_description_mujoco/meshes) by extension 'colcon_pkg'
[0.241s] Level 1:colcon.colcon_core.package_identification:_identify(src/unitree_ros/robots/b2_description_mujoco/meshes) by extensions ['colcon_meta']
[0.241s] Level 1:colcon.colcon_core.package_identification:_identify(src/unitree_ros/robots/b2_description_mujoco/meshes) by extension 'colcon_meta'
[0.241s] Level 1:colcon.colcon_core.package_identification:_identify(src/unitree_ros/robots/b2_description_mujoco/meshes) by extensions ['ros']
[0.241s] Level 1:colcon.colcon_core.package_identification:_identify(src/unitree_ros/robots/b2_description_mujoco/meshes) by extension 'ros'
[0.241s] Level 1:colcon.colcon_core.package_identification:_identify(src/unitree_ros/robots/b2_description_mujoco/meshes) by extensions ['cmake', 'python']
[0.241s] Level 1:colcon.colcon_core.package_identification:_identify(src/unitree_ros/robots/b2_description_mujoco/meshes) by extension 'cmake'
[0.241s] Level 1:colcon.colcon_core.package_identification:_identify(src/unitree_ros/robots/b2_description_mujoco/meshes) by extension 'python'
[0.241s] Level 1:colcon.colcon_core.package_identification:_identify(src/unitree_ros/robots/b2_description_mujoco/meshes) by extensions ['python_setup_py']
[0.241s] Level 1:colcon.colcon_core.package_identification:_identify(src/unitree_ros/robots/b2_description_mujoco/meshes) by extension 'python_setup_py'
[0.241s] Level 1:colcon.colcon_core.package_identification:_identify(src/unitree_ros/robots/b2_description_mujoco/xml) by extensions ['ignore', 'ignore_ament_install']
[0.241s] Level 1:colcon.colcon_core.package_identification:_identify(src/unitree_ros/robots/b2_description_mujoco/xml) by extension 'ignore'
[0.241s] Level 1:colcon.colcon_core.package_identification:_identify(src/unitree_ros/robots/b2_description_mujoco/xml) by extension 'ignore_ament_install'
[0.241s] Level 1:colcon.colcon_core.package_identification:_identify(src/unitree_ros/robots/b2_description_mujoco/xml) by extensions ['colcon_pkg']
[0.241s] Level 1:colcon.colcon_core.package_identification:_identify(src/unitree_ros/robots/b2_description_mujoco/xml) by extension 'colcon_pkg'
[0.241s] Level 1:colcon.colcon_core.package_identification:_identify(src/unitree_ros/robots/b2_description_mujoco/xml) by extensions ['colcon_meta']
[0.241s] Level 1:colcon.colcon_core.package_identification:_identify(src/unitree_ros/robots/b2_description_mujoco/xml) by extension 'colcon_meta'
[0.241s] Level 1:colcon.colcon_core.package_identification:_identify(src/unitree_ros/robots/b2_description_mujoco/xml) by extensions ['ros']
[0.241s] Level 1:colcon.colcon_core.package_identification:_identify(src/unitree_ros/robots/b2_description_mujoco/xml) by extension 'ros'
[0.241s] Level 1:colcon.colcon_core.package_identification:_identify(src/unitree_ros/robots/b2_description_mujoco/xml) by extensions ['cmake', 'python']
[0.241s] Level 1:colcon.colcon_core.package_identification:_identify(src/unitree_ros/robots/b2_description_mujoco/xml) by extension 'cmake'
[0.241s] Level 1:colcon.colcon_core.package_identification:_identify(src/unitree_ros/robots/b2_description_mujoco/xml) by extension 'python'
[0.242s] Level 1:colcon.colcon_core.package_identification:_identify(src/unitree_ros/robots/b2_description_mujoco/xml) by extensions ['python_setup_py']
[0.242s] Level 1:colcon.colcon_core.package_identification:_identify(src/unitree_ros/robots/b2_description_mujoco/xml) by extension 'python_setup_py'
[0.242s] Level 1:colcon.colcon_core.package_identification:_identify(src/unitree_ros/robots/dexterous_hand_description) by extensions ['ignore', 'ignore_ament_install']
[0.242s] Level 1:colcon.colcon_core.package_identification:_identify(src/unitree_ros/robots/dexterous_hand_description) by extension 'ignore'
[0.242s] Level 1:colcon.colcon_core.package_identification:_identify(src/unitree_ros/robots/dexterous_hand_description) by extension 'ignore_ament_install'
[0.242s] Level 1:colcon.colcon_core.package_identification:_identify(src/unitree_ros/robots/dexterous_hand_description) by extensions ['colcon_pkg']
[0.242s] Level 1:colcon.colcon_core.package_identification:_identify(src/unitree_ros/robots/dexterous_hand_description) by extension 'colcon_pkg'
[0.242s] Level 1:colcon.colcon_core.package_identification:_identify(src/unitree_ros/robots/dexterous_hand_description) by extensions ['colcon_meta']
[0.242s] Level 1:colcon.colcon_core.package_identification:_identify(src/unitree_ros/robots/dexterous_hand_description) by extension 'colcon_meta'
[0.242s] Level 1:colcon.colcon_core.package_identification:_identify(src/unitree_ros/robots/dexterous_hand_description) by extensions ['ros']
[0.242s] Level 1:colcon.colcon_core.package_identification:_identify(src/unitree_ros/robots/dexterous_hand_description) by extension 'ros'
[0.242s] Level 1:colcon.colcon_core.package_identification:_identify(src/unitree_ros/robots/dexterous_hand_description) by extensions ['cmake', 'python']
[0.242s] Level 1:colcon.colcon_core.package_identification:_identify(src/unitree_ros/robots/dexterous_hand_description) by extension 'cmake'
[0.242s] Level 1:colcon.colcon_core.package_identification:_identify(src/unitree_ros/robots/dexterous_hand_description) by extension 'python'
[0.242s] Level 1:colcon.colcon_core.package_identification:_identify(src/unitree_ros/robots/dexterous_hand_description) by extensions ['python_setup_py']
[0.242s] Level 1:colcon.colcon_core.package_identification:_identify(src/unitree_ros/robots/dexterous_hand_description) by extension 'python_setup_py'
[0.242s] Level 1:colcon.colcon_core.package_identification:_identify(src/unitree_ros/robots/dexterous_hand_description/dex1_1) by extensions ['ignore', 'ignore_ament_install']
[0.242s] Level 1:colcon.colcon_core.package_identification:_identify(src/unitree_ros/robots/dexterous_hand_description/dex1_1) by extension 'ignore'
[0.242s] Level 1:colcon.colcon_core.package_identification:_identify(src/unitree_ros/robots/dexterous_hand_description/dex1_1) by extension 'ignore_ament_install'
[0.242s] Level 1:colcon.colcon_core.package_identification:_identify(src/unitree_ros/robots/dexterous_hand_description/dex1_1) by extensions ['colcon_pkg']
[0.242s] Level 1:colcon.colcon_core.package_identification:_identify(src/unitree_ros/robots/dexterous_hand_description/dex1_1) by extension 'colcon_pkg'
[0.242s] Level 1:colcon.colcon_core.package_identification:_identify(src/unitree_ros/robots/dexterous_hand_description/dex1_1) by extensions ['colcon_meta']
[0.242s] Level 1:colcon.colcon_core.package_identification:_identify(src/unitree_ros/robots/dexterous_hand_description/dex1_1) by extension 'colcon_meta'
[0.242s] Level 1:colcon.colcon_core.package_identification:_identify(src/unitree_ros/robots/dexterous_hand_description/dex1_1) by extensions ['ros']
[0.242s] Level 1:colcon.colcon_core.package_identification:_identify(src/unitree_ros/robots/dexterous_hand_description/dex1_1) by extension 'ros'
[0.242s] Level 1:colcon.colcon_core.package_identification:_identify(src/unitree_ros/robots/dexterous_hand_description/dex1_1) by extensions ['cmake', 'python']
[0.242s] Level 1:colcon.colcon_core.package_identification:_identify(src/unitree_ros/robots/dexterous_hand_description/dex1_1) by extension 'cmake'
[0.242s] Level 1:colcon.colcon_core.package_identification:_identify(src/unitree_ros/robots/dexterous_hand_description/dex1_1) by extension 'python'
[0.242s] Level 1:colcon.colcon_core.package_identification:_identify(src/unitree_ros/robots/dexterous_hand_description/dex1_1) by extensions ['python_setup_py']
[0.242s] Level 1:colcon.colcon_core.package_identification:_identify(src/unitree_ros/robots/dexterous_hand_description/dex1_1) by extension 'python_setup_py'
[0.242s] Level 1:colcon.colcon_core.package_identification:_identify(src/unitree_ros/robots/dexterous_hand_description/dex1_1/meshes) by extensions ['ignore', 'ignore_ament_install']
[0.242s] Level 1:colcon.colcon_core.package_identification:_identify(src/unitree_ros/robots/dexterous_hand_description/dex1_1/meshes) by extension 'ignore'
[0.242s] Level 1:colcon.colcon_core.package_identification:_identify(src/unitree_ros/robots/dexterous_hand_description/dex1_1/meshes) by extension 'ignore_ament_install'
[0.242s] Level 1:colcon.colcon_core.package_identification:_identify(src/unitree_ros/robots/dexterous_hand_description/dex1_1/meshes) by extensions ['colcon_pkg']
[0.242s] Level 1:colcon.colcon_core.package_identification:_identify(src/unitree_ros/robots/dexterous_hand_description/dex1_1/meshes) by extension 'colcon_pkg'
[0.242s] Level 1:colcon.colcon_core.package_identification:_identify(src/unitree_ros/robots/dexterous_hand_description/dex1_1/meshes) by extensions ['colcon_meta']
[0.242s] Level 1:colcon.colcon_core.package_identification:_identify(src/unitree_ros/robots/dexterous_hand_description/dex1_1/meshes) by extension 'colcon_meta'
[0.242s] Level 1:colcon.colcon_core.package_identification:_identify(src/unitree_ros/robots/dexterous_hand_description/dex1_1/meshes) by extensions ['ros']
[0.242s] Level 1:colcon.colcon_core.package_identification:_identify(src/unitree_ros/robots/dexterous_hand_description/dex1_1/meshes) by extension 'ros'
[0.242s] Level 1:colcon.colcon_core.package_identification:_identify(src/unitree_ros/robots/dexterous_hand_description/dex1_1/meshes) by extensions ['cmake', 'python']
[0.242s] Level 1:colcon.colcon_core.package_identification:_identify(src/unitree_ros/robots/dexterous_hand_description/dex1_1/meshes) by extension 'cmake'
[0.242s] Level 1:colcon.colcon_core.package_identification:_identify(src/unitree_ros/robots/dexterous_hand_description/dex1_1/meshes) by extension 'python'
[0.242s] Level 1:colcon.colcon_core.package_identification:_identify(src/unitree_ros/robots/dexterous_hand_description/dex1_1/meshes) by extensions ['python_setup_py']
[0.242s] Level 1:colcon.colcon_core.package_identification:_identify(src/unitree_ros/robots/dexterous_hand_description/dex1_1/meshes) by extension 'python_setup_py'
[0.242s] Level 1:colcon.colcon_core.package_identification:_identify(src/unitree_ros/robots/dexterous_hand_description/dex3_1) by extensions ['ignore', 'ignore_ament_install']
[0.242s] Level 1:colcon.colcon_core.package_identification:_identify(src/unitree_ros/robots/dexterous_hand_description/dex3_1) by extension 'ignore'
[0.242s] Level 1:colcon.colcon_core.package_identification:_identify(src/unitree_ros/robots/dexterous_hand_description/dex3_1) by extension 'ignore_ament_install'
[0.242s] Level 1:colcon.colcon_core.package_identification:_identify(src/unitree_ros/robots/dexterous_hand_description/dex3_1) by extensions ['colcon_pkg']
[0.242s] Level 1:colcon.colcon_core.package_identification:_identify(src/unitree_ros/robots/dexterous_hand_description/dex3_1) by extension 'colcon_pkg'
[0.242s] Level 1:colcon.colcon_core.package_identification:_identify(src/unitree_ros/robots/dexterous_hand_description/dex3_1) by extensions ['colcon_meta']
[0.242s] Level 1:colcon.colcon_core.package_identification:_identify(src/unitree_ros/robots/dexterous_hand_description/dex3_1) by extension 'colcon_meta'
[0.242s] Level 1:colcon.colcon_core.package_identification:_identify(src/unitree_ros/robots/dexterous_hand_description/dex3_1) by extensions ['ros']
[0.242s] Level 1:colcon.colcon_core.package_identification:_identify(src/unitree_ros/robots/dexterous_hand_description/dex3_1) by extension 'ros'
[0.242s] Level 1:colcon.colcon_core.package_identification:_identify(src/unitree_ros/robots/dexterous_hand_description/dex3_1) by extensions ['cmake', 'python']
[0.242s] Level 1:colcon.colcon_core.package_identification:_identify(src/unitree_ros/robots/dexterous_hand_description/dex3_1) by extension 'cmake'
[0.242s] Level 1:colcon.colcon_core.package_identification:_identify(src/unitree_ros/robots/dexterous_hand_description/dex3_1) by extension 'python'
[0.242s] Level 1:colcon.colcon_core.package_identification:_identify(src/unitree_ros/robots/dexterous_hand_description/dex3_1) by extensions ['python_setup_py']
[0.242s] Level 1:colcon.colcon_core.package_identification:_identify(src/unitree_ros/robots/dexterous_hand_description/dex3_1) by extension 'python_setup_py'
[0.242s] Level 1:colcon.colcon_core.package_identification:_identify(src/unitree_ros/robots/dexterous_hand_description/dex3_1/meshes) by extensions ['ignore', 'ignore_ament_install']
[0.242s] Level 1:colcon.colcon_core.package_identification:_identify(src/unitree_ros/robots/dexterous_hand_description/dex3_1/meshes) by extension 'ignore'
[0.242s] Level 1:colcon.colcon_core.package_identification:_identify(src/unitree_ros/robots/dexterous_hand_description/dex3_1/meshes) by extension 'ignore_ament_install'
[0.243s] Level 1:colcon.colcon_core.package_identification:_identify(src/unitree_ros/robots/dexterous_hand_description/dex3_1/meshes) by extensions ['colcon_pkg']
[0.243s] Level 1:colcon.colcon_core.package_identification:_identify(src/unitree_ros/robots/dexterous_hand_description/dex3_1/meshes) by extension 'colcon_pkg'
[0.243s] Level 1:colcon.colcon_core.package_identification:_identify(src/unitree_ros/robots/dexterous_hand_description/dex3_1/meshes) by extensions ['colcon_meta']
[0.243s] Level 1:colcon.colcon_core.package_identification:_identify(src/unitree_ros/robots/dexterous_hand_description/dex3_1/meshes) by extension 'colcon_meta'
[0.243s] Level 1:colcon.colcon_core.package_identification:_identify(src/unitree_ros/robots/dexterous_hand_description/dex3_1/meshes) by extensions ['ros']
[0.243s] Level 1:colcon.colcon_core.package_identification:_identify(src/unitree_ros/robots/dexterous_hand_description/dex3_1/meshes) by extension 'ros'
[0.243s] Level 1:colcon.colcon_core.package_identification:_identify(src/unitree_ros/robots/dexterous_hand_description/dex3_1/meshes) by extensions ['cmake', 'python']
[0.243s] Level 1:colcon.colcon_core.package_identification:_identify(src/unitree_ros/robots/dexterous_hand_description/dex3_1/meshes) by extension 'cmake'
[0.243s] Level 1:colcon.colcon_core.package_identification:_identify(src/unitree_ros/robots/dexterous_hand_description/dex3_1/meshes) by extension 'python'
[0.243s] Level 1:colcon.colcon_core.package_identification:_identify(src/unitree_ros/robots/dexterous_hand_description/dex3_1/meshes) by extensions ['python_setup_py']
[0.243s] Level 1:colcon.colcon_core.package_identification:_identify(src/unitree_ros/robots/dexterous_hand_description/dex3_1/meshes) by extension 'python_setup_py'
[0.243s] Level 1:colcon.colcon_core.package_identification:_identify(src/unitree_ros/robots/dexterous_hand_description/dex5_1) by extensions ['ignore', 'ignore_ament_install']
[0.243s] Level 1:colcon.colcon_core.package_identification:_identify(src/unitree_ros/robots/dexterous_hand_description/dex5_1) by extension 'ignore'
[0.243s] Level 1:colcon.colcon_core.package_identification:_identify(src/unitree_ros/robots/dexterous_hand_description/dex5_1) by extension 'ignore_ament_install'
[0.243s] Level 1:colcon.colcon_core.package_identification:_identify(src/unitree_ros/robots/dexterous_hand_description/dex5_1) by extensions ['colcon_pkg']
[0.243s] Level 1:colcon.colcon_core.package_identification:_identify(src/unitree_ros/robots/dexterous_hand_description/dex5_1) by extension 'colcon_pkg'
[0.243s] Level 1:colcon.colcon_core.package_identification:_identify(src/unitree_ros/robots/dexterous_hand_description/dex5_1) by extensions ['colcon_meta']
[0.243s] Level 1:colcon.colcon_core.package_identification:_identify(src/unitree_ros/robots/dexterous_hand_description/dex5_1) by extension 'colcon_meta'
[0.243s] Level 1:colcon.colcon_core.package_identification:_identify(src/unitree_ros/robots/dexterous_hand_description/dex5_1) by extensions ['ros']
[0.243s] Level 1:colcon.colcon_core.package_identification:_identify(src/unitree_ros/robots/dexterous_hand_description/dex5_1) by extension 'ros'
[0.243s] Level 1:colcon.colcon_core.package_identification:_identify(src/unitree_ros/robots/dexterous_hand_description/dex5_1) by extensions ['cmake', 'python']
[0.243s] Level 1:colcon.colcon_core.package_identification:_identify(src/unitree_ros/robots/dexterous_hand_description/dex5_1) by extension 'cmake'
[0.243s] Level 1:colcon.colcon_core.package_identification:_identify(src/unitree_ros/robots/dexterous_hand_description/dex5_1) by extension 'python'
[0.243s] Level 1:colcon.colcon_core.package_identification:_identify(src/unitree_ros/robots/dexterous_hand_description/dex5_1) by extensions ['python_setup_py']
[0.243s] Level 1:colcon.colcon_core.package_identification:_identify(src/unitree_ros/robots/dexterous_hand_description/dex5_1) by extension 'python_setup_py'
[0.243s] Level 1:colcon.colcon_core.package_identification:_identify(src/unitree_ros/robots/dexterous_hand_description/dex5_1/meshes) by extensions ['ignore', 'ignore_ament_install']
[0.243s] Level 1:colcon.colcon_core.package_identification:_identify(src/unitree_ros/robots/dexterous_hand_description/dex5_1/meshes) by extension 'ignore'
[0.243s] Level 1:colcon.colcon_core.package_identification:_identify(src/unitree_ros/robots/dexterous_hand_description/dex5_1/meshes) by extension 'ignore_ament_install'
[0.243s] Level 1:colcon.colcon_core.package_identification:_identify(src/unitree_ros/robots/dexterous_hand_description/dex5_1/meshes) by extensions ['colcon_pkg']
[0.243s] Level 1:colcon.colcon_core.package_identification:_identify(src/unitree_ros/robots/dexterous_hand_description/dex5_1/meshes) by extension 'colcon_pkg'
[0.243s] Level 1:colcon.colcon_core.package_identification:_identify(src/unitree_ros/robots/dexterous_hand_description/dex5_1/meshes) by extensions ['colcon_meta']
[0.243s] Level 1:colcon.colcon_core.package_identification:_identify(src/unitree_ros/robots/dexterous_hand_description/dex5_1/meshes) by extension 'colcon_meta'
[0.243s] Level 1:colcon.colcon_core.package_identification:_identify(src/unitree_ros/robots/dexterous_hand_description/dex5_1/meshes) by extensions ['ros']
[0.243s] Level 1:colcon.colcon_core.package_identification:_identify(src/unitree_ros/robots/dexterous_hand_description/dex5_1/meshes) by extension 'ros'
[0.243s] Level 1:colcon.colcon_core.package_identification:_identify(src/unitree_ros/robots/dexterous_hand_description/dex5_1/meshes) by extensions ['cmake', 'python']
[0.243s] Level 1:colcon.colcon_core.package_identification:_identify(src/unitree_ros/robots/dexterous_hand_description/dex5_1/meshes) by extension 'cmake'
[0.243s] Level 1:colcon.colcon_core.package_identification:_identify(src/unitree_ros/robots/dexterous_hand_description/dex5_1/meshes) by extension 'python'
[0.243s] Level 1:colcon.colcon_core.package_identification:_identify(src/unitree_ros/robots/dexterous_hand_description/dex5_1/meshes) by extensions ['python_setup_py']
[0.243s] Level 1:colcon.colcon_core.package_identification:_identify(src/unitree_ros/robots/dexterous_hand_description/dex5_1/meshes) by extension 'python_setup_py'
[0.243s] Level 1:colcon.colcon_core.package_identification:_identify(src/unitree_ros/robots/g1_description) by extensions ['ignore', 'ignore_ament_install']
[0.243s] Level 1:colcon.colcon_core.package_identification:_identify(src/unitree_ros/robots/g1_description) by extension 'ignore'
[0.243s] Level 1:colcon.colcon_core.package_identification:_identify(src/unitree_ros/robots/g1_description) by extension 'ignore_ament_install'
[0.243s] Level 1:colcon.colcon_core.package_identification:_identify(src/unitree_ros/robots/g1_description) by extensions ['colcon_pkg']
[0.243s] Level 1:colcon.colcon_core.package_identification:_identify(src/unitree_ros/robots/g1_description) by extension 'colcon_pkg'
[0.243s] Level 1:colcon.colcon_core.package_identification:_identify(src/unitree_ros/robots/g1_description) by extensions ['colcon_meta']
[0.243s] Level 1:colcon.colcon_core.package_identification:_identify(src/unitree_ros/robots/g1_description) by extension 'colcon_meta'
[0.243s] Level 1:colcon.colcon_core.package_identification:_identify(src/unitree_ros/robots/g1_description) by extensions ['ros']
[0.243s] Level 1:colcon.colcon_core.package_identification:_identify(src/unitree_ros/robots/g1_description) by extension 'ros'
[0.243s] Level 1:colcon.colcon_core.package_identification:_identify(src/unitree_ros/robots/g1_description) by extensions ['cmake', 'python']
[0.243s] Level 1:colcon.colcon_core.package_identification:_identify(src/unitree_ros/robots/g1_description) by extension 'cmake'
[0.243s] Level 1:colcon.colcon_core.package_identification:_identify(src/unitree_ros/robots/g1_description) by extension 'python'
[0.243s] Level 1:colcon.colcon_core.package_identification:_identify(src/unitree_ros/robots/g1_description) by extensions ['python_setup_py']
[0.243s] Level 1:colcon.colcon_core.package_identification:_identify(src/unitree_ros/robots/g1_description) by extension 'python_setup_py'
[0.243s] Level 1:colcon.colcon_core.package_identification:_identify(src/unitree_ros/robots/g1_description/images) by extensions ['ignore', 'ignore_ament_install']
[0.243s] Level 1:colcon.colcon_core.package_identification:_identify(src/unitree_ros/robots/g1_description/images) by extension 'ignore'
[0.243s] Level 1:colcon.colcon_core.package_identification:_identify(src/unitree_ros/robots/g1_description/images) by extension 'ignore_ament_install'
[0.243s] Level 1:colcon.colcon_core.package_identification:_identify(src/unitree_ros/robots/g1_description/images) by extensions ['colcon_pkg']
[0.243s] Level 1:colcon.colcon_core.package_identification:_identify(src/unitree_ros/robots/g1_description/images) by extension 'colcon_pkg'
[0.243s] Level 1:colcon.colcon_core.package_identification:_identify(src/unitree_ros/robots/g1_description/images) by extensions ['colcon_meta']
[0.243s] Level 1:colcon.colcon_core.package_identification:_identify(src/unitree_ros/robots/g1_description/images) by extension 'colcon_meta'
[0.243s] Level 1:colcon.colcon_core.package_identification:_identify(src/unitree_ros/robots/g1_description/images) by extensions ['ros']
[0.244s] Level 1:colcon.colcon_core.package_identification:_identify(src/unitree_ros/robots/g1_description/images) by extension 'ros'
[0.244s] Level 1:colcon.colcon_core.package_identification:_identify(src/unitree_ros/robots/g1_description/images) by extensions ['cmake', 'python']
[0.244s] Level 1:colcon.colcon_core.package_identification:_identify(src/unitree_ros/robots/g1_description/images) by extension 'cmake'
[0.244s] Level 1:colcon.colcon_core.package_identification:_identify(src/unitree_ros/robots/g1_description/images) by extension 'python'
[0.244s] Level 1:colcon.colcon_core.package_identification:_identify(src/unitree_ros/robots/g1_description/images) by extensions ['python_setup_py']
[0.244s] Level 1:colcon.colcon_core.package_identification:_identify(src/unitree_ros/robots/g1_description/images) by extension 'python_setup_py'
[0.244s] Level 1:colcon.colcon_core.package_identification:_identify(src/unitree_ros/robots/g1_description/inspire_hand) by extensions ['ignore', 'ignore_ament_install']
[0.244s] Level 1:colcon.colcon_core.package_identification:_identify(src/unitree_ros/robots/g1_description/inspire_hand) by extension 'ignore'
[0.244s] Level 1:colcon.colcon_core.package_identification:_identify(src/unitree_ros/robots/g1_description/inspire_hand) by extension 'ignore_ament_install'
[0.244s] Level 1:colcon.colcon_core.package_identification:_identify(src/unitree_ros/robots/g1_description/inspire_hand) by extensions ['colcon_pkg']
[0.244s] Level 1:colcon.colcon_core.package_identification:_identify(src/unitree_ros/robots/g1_description/inspire_hand) by extension 'colcon_pkg'
[0.244s] Level 1:colcon.colcon_core.package_identification:_identify(src/unitree_ros/robots/g1_description/inspire_hand) by extensions ['colcon_meta']
[0.244s] Level 1:colcon.colcon_core.package_identification:_identify(src/unitree_ros/robots/g1_description/inspire_hand) by extension 'colcon_meta'
[0.244s] Level 1:colcon.colcon_core.package_identification:_identify(src/unitree_ros/robots/g1_description/inspire_hand) by extensions ['ros']
[0.244s] Level 1:colcon.colcon_core.package_identification:_identify(src/unitree_ros/robots/g1_description/inspire_hand) by extension 'ros'
[0.244s] Level 1:colcon.colcon_core.package_identification:_identify(src/unitree_ros/robots/g1_description/inspire_hand) by extensions ['cmake', 'python']
[0.244s] Level 1:colcon.colcon_core.package_identification:_identify(src/unitree_ros/robots/g1_description/inspire_hand) by extension 'cmake'
[0.244s] Level 1:colcon.colcon_core.package_identification:_identify(src/unitree_ros/robots/g1_description/inspire_hand) by extension 'python'
[0.244s] Level 1:colcon.colcon_core.package_identification:_identify(src/unitree_ros/robots/g1_description/inspire_hand) by extensions ['python_setup_py']
[0.244s] Level 1:colcon.colcon_core.package_identification:_identify(src/unitree_ros/robots/g1_description/inspire_hand) by extension 'python_setup_py'
[0.244s] Level 1:colcon.colcon_core.package_identification:_identify(src/unitree_ros/robots/g1_description/meshes) by extensions ['ignore', 'ignore_ament_install']
[0.244s] Level 1:colcon.colcon_core.package_identification:_identify(src/unitree_ros/robots/g1_description/meshes) by extension 'ignore'
[0.244s] Level 1:colcon.colcon_core.package_identification:_identify(src/unitree_ros/robots/g1_description/meshes) by extension 'ignore_ament_install'
[0.244s] Level 1:colcon.colcon_core.package_identification:_identify(src/unitree_ros/robots/g1_description/meshes) by extensions ['colcon_pkg']
[0.244s] Level 1:colcon.colcon_core.package_identification:_identify(src/unitree_ros/robots/g1_description/meshes) by extension 'colcon_pkg'
[0.244s] Level 1:colcon.colcon_core.package_identification:_identify(src/unitree_ros/robots/g1_description/meshes) by extensions ['colcon_meta']
[0.244s] Level 1:colcon.colcon_core.package_identification:_identify(src/unitree_ros/robots/g1_description/meshes) by extension 'colcon_meta'
[0.244s] Level 1:colcon.colcon_core.package_identification:_identify(src/unitree_ros/robots/g1_description/meshes) by extensions ['ros']
[0.244s] Level 1:colcon.colcon_core.package_identification:_identify(src/unitree_ros/robots/g1_description/meshes) by extension 'ros'
[0.244s] Level 1:colcon.colcon_core.package_identification:_identify(src/unitree_ros/robots/g1_description/meshes) by extensions ['cmake', 'python']
[0.244s] Level 1:colcon.colcon_core.package_identification:_identify(src/unitree_ros/robots/g1_description/meshes) by extension 'cmake'
[0.244s] Level 1:colcon.colcon_core.package_identification:_identify(src/unitree_ros/robots/g1_description/meshes) by extension 'python'
[0.244s] Level 1:colcon.colcon_core.package_identification:_identify(src/unitree_ros/robots/g1_description/meshes) by extensions ['python_setup_py']
[0.244s] Level 1:colcon.colcon_core.package_identification:_identify(src/unitree_ros/robots/g1_description/meshes) by extension 'python_setup_py'
[0.244s] Level 1:colcon.colcon_core.package_identification:_identify(src/unitree_ros/robots/g1_with_brainco_hand) by extensions ['ignore', 'ignore_ament_install']
[0.244s] Level 1:colcon.colcon_core.package_identification:_identify(src/unitree_ros/robots/g1_with_brainco_hand) by extension 'ignore'
[0.244s] Level 1:colcon.colcon_core.package_identification:_identify(src/unitree_ros/robots/g1_with_brainco_hand) by extension 'ignore_ament_install'
[0.244s] Level 1:colcon.colcon_core.package_identification:_identify(src/unitree_ros/robots/g1_with_brainco_hand) by extensions ['colcon_pkg']
[0.244s] Level 1:colcon.colcon_core.package_identification:_identify(src/unitree_ros/robots/g1_with_brainco_hand) by extension 'colcon_pkg'
[0.244s] Level 1:colcon.colcon_core.package_identification:_identify(src/unitree_ros/robots/g1_with_brainco_hand) by extensions ['colcon_meta']
[0.244s] Level 1:colcon.colcon_core.package_identification:_identify(src/unitree_ros/robots/g1_with_brainco_hand) by extension 'colcon_meta'
[0.244s] Level 1:colcon.colcon_core.package_identification:_identify(src/unitree_ros/robots/g1_with_brainco_hand) by extensions ['ros']
[0.244s] Level 1:colcon.colcon_core.package_identification:_identify(src/unitree_ros/robots/g1_with_brainco_hand) by extension 'ros'
[0.244s] Level 1:colcon.colcon_core.package_identification:_identify(src/unitree_ros/robots/g1_with_brainco_hand) by extensions ['cmake', 'python']
[0.244s] Level 1:colcon.colcon_core.package_identification:_identify(src/unitree_ros/robots/g1_with_brainco_hand) by extension 'cmake'
[0.244s] Level 1:colcon.colcon_core.package_identification:_identify(src/unitree_ros/robots/g1_with_brainco_hand) by extension 'python'
[0.244s] Level 1:colcon.colcon_core.package_identification:_identify(src/unitree_ros/robots/g1_with_brainco_hand) by extensions ['python_setup_py']
[0.244s] Level 1:colcon.colcon_core.package_identification:_identify(src/unitree_ros/robots/g1_with_brainco_hand) by extension 'python_setup_py'
[0.244s] Level 1:colcon.colcon_core.package_identification:_identify(src/unitree_ros/robots/g1_with_brainco_hand/meshes) by extensions ['ignore', 'ignore_ament_install']
[0.244s] Level 1:colcon.colcon_core.package_identification:_identify(src/unitree_ros/robots/g1_with_brainco_hand/meshes) by extension 'ignore'
[0.244s] Level 1:colcon.colcon_core.package_identification:_identify(src/unitree_ros/robots/g1_with_brainco_hand/meshes) by extension 'ignore_ament_install'
[0.244s] Level 1:colcon.colcon_core.package_identification:_identify(src/unitree_ros/robots/g1_with_brainco_hand/meshes) by extensions ['colcon_pkg']
[0.244s] Level 1:colcon.colcon_core.package_identification:_identify(src/unitree_ros/robots/g1_with_brainco_hand/meshes) by extension 'colcon_pkg'
[0.244s] Level 1:colcon.colcon_core.package_identification:_identify(src/unitree_ros/robots/g1_with_brainco_hand/meshes) by extensions ['colcon_meta']
[0.244s] Level 1:colcon.colcon_core.package_identification:_identify(src/unitree_ros/robots/g1_with_brainco_hand/meshes) by extension 'colcon_meta'
[0.244s] Level 1:colcon.colcon_core.package_identification:_identify(src/unitree_ros/robots/g1_with_brainco_hand/meshes) by extensions ['ros']
[0.244s] Level 1:colcon.colcon_core.package_identification:_identify(src/unitree_ros/robots/g1_with_brainco_hand/meshes) by extension 'ros'
[0.244s] Level 1:colcon.colcon_core.package_identification:_identify(src/unitree_ros/robots/g1_with_brainco_hand/meshes) by extensions ['cmake', 'python']
[0.245s] Level 1:colcon.colcon_core.package_identification:_identify(src/unitree_ros/robots/g1_with_brainco_hand/meshes) by extension 'cmake'
[0.245s] Level 1:colcon.colcon_core.package_identification:_identify(src/unitree_ros/robots/g1_with_brainco_hand/meshes) by extension 'python'
[0.245s] Level 1:colcon.colcon_core.package_identification:_identify(src/unitree_ros/robots/g1_with_brainco_hand/meshes) by extensions ['python_setup_py']
[0.245s] Level 1:colcon.colcon_core.package_identification:_identify(src/unitree_ros/robots/g1_with_brainco_hand/meshes) by extension 'python_setup_py'
[0.245s] Level 1:colcon.colcon_core.package_identification:_identify(src/unitree_ros/robots/go2_description) by extensions ['ignore', 'ignore_ament_install']
[0.245s] Level 1:colcon.colcon_core.package_identification:_identify(src/unitree_ros/robots/go2_description) by extension 'ignore'
[0.245s] Level 1:colcon.colcon_core.package_identification:_identify(src/unitree_ros/robots/go2_description) by extension 'ignore_ament_install'
[0.245s] Level 1:colcon.colcon_core.package_identification:_identify(src/unitree_ros/robots/go2_description) by extensions ['colcon_pkg']
[0.245s] Level 1:colcon.colcon_core.package_identification:_identify(src/unitree_ros/robots/go2_description) by extension 'colcon_pkg'
[0.245s] Level 1:colcon.colcon_core.package_identification:_identify(src/unitree_ros/robots/go2_description) by extensions ['colcon_meta']
[0.245s] Level 1:colcon.colcon_core.package_identification:_identify(src/unitree_ros/robots/go2_description) by extension 'colcon_meta'
[0.245s] Level 1:colcon.colcon_core.package_identification:_identify(src/unitree_ros/robots/go2_description) by extensions ['ros']
[0.245s] Level 1:colcon.colcon_core.package_identification:_identify(src/unitree_ros/robots/go2_description) by extension 'ros'
[0.245s] DEBUG:colcon.colcon_core.package_identification:Package 'src/unitree_ros/robots/go2_description' with type 'ros.catkin' and name 'go2_description'
[0.245s] Level 1:colcon.colcon_core.package_identification:_identify(src/unitree_ros/robots/h1_2_description) by extensions ['ignore', 'ignore_ament_install']
[0.245s] Level 1:colcon.colcon_core.package_identification:_identify(src/unitree_ros/robots/h1_2_description) by extension 'ignore'
[0.245s] Level 1:colcon.colcon_core.package_identification:_identify(src/unitree_ros/robots/h1_2_description) by extension 'ignore_ament_install'
[0.245s] Level 1:colcon.colcon_core.package_identification:_identify(src/unitree_ros/robots/h1_2_description) by extensions ['colcon_pkg']
[0.245s] Level 1:colcon.colcon_core.package_identification:_identify(src/unitree_ros/robots/h1_2_description) by extension 'colcon_pkg'
[0.245s] Level 1:colcon.colcon_core.package_identification:_identify(src/unitree_ros/robots/h1_2_description) by extensions ['colcon_meta']
[0.245s] Level 1:colcon.colcon_core.package_identification:_identify(src/unitree_ros/robots/h1_2_description) by extension 'colcon_meta'
[0.245s] Level 1:colcon.colcon_core.package_identification:_identify(src/unitree_ros/robots/h1_2_description) by extensions ['ros']
[0.245s] Level 1:colcon.colcon_core.package_identification:_identify(src/unitree_ros/robots/h1_2_description) by extension 'ros'
[0.245s] Level 1:colcon.colcon_core.package_identification:_identify(src/unitree_ros/robots/h1_2_description) by extensions ['cmake', 'python']
[0.245s] Level 1:colcon.colcon_core.package_identification:_identify(src/unitree_ros/robots/h1_2_description) by extension 'cmake'
[0.245s] Level 1:colcon.colcon_core.package_identification:_identify(src/unitree_ros/robots/h1_2_description) by extension 'python'
[0.245s] Level 1:colcon.colcon_core.package_identification:_identify(src/unitree_ros/robots/h1_2_description) by extensions ['python_setup_py']
[0.245s] Level 1:colcon.colcon_core.package_identification:_identify(src/unitree_ros/robots/h1_2_description) by extension 'python_setup_py'
[0.245s] Level 1:colcon.colcon_core.package_identification:_identify(src/unitree_ros/robots/h1_2_description/meshes) by extensions ['ignore', 'ignore_ament_install']
[0.245s] Level 1:colcon.colcon_core.package_identification:_identify(src/unitree_ros/robots/h1_2_description/meshes) by extension 'ignore'
[0.245s] Level 1:colcon.colcon_core.package_identification:_identify(src/unitree_ros/robots/h1_2_description/meshes) by extension 'ignore_ament_install'
[0.245s] Level 1:colcon.colcon_core.package_identification:_identify(src/unitree_ros/robots/h1_2_description/meshes) by extensions ['colcon_pkg']
[0.245s] Level 1:colcon.colcon_core.package_identification:_identify(src/unitree_ros/robots/h1_2_description/meshes) by extension 'colcon_pkg'
[0.245s] Level 1:colcon.colcon_core.package_identification:_identify(src/unitree_ros/robots/h1_2_description/meshes) by extensions ['colcon_meta']
[0.245s] Level 1:colcon.colcon_core.package_identification:_identify(src/unitree_ros/robots/h1_2_description/meshes) by extension 'colcon_meta'
[0.245s] Level 1:colcon.colcon_core.package_identification:_identify(src/unitree_ros/robots/h1_2_description/meshes) by extensions ['ros']
[0.245s] Level 1:colcon.colcon_core.package_identification:_identify(src/unitree_ros/robots/h1_2_description/meshes) by extension 'ros'
[0.245s] Level 1:colcon.colcon_core.package_identification:_identify(src/unitree_ros/robots/h1_2_description/meshes) by extensions ['cmake', 'python']
[0.245s] Level 1:colcon.colcon_core.package_identification:_identify(src/unitree_ros/robots/h1_2_description/meshes) by extension 'cmake'
[0.246s] Level 1:colcon.colcon_core.package_identification:_identify(src/unitree_ros/robots/h1_2_description/meshes) by extension 'python'
[0.246s] Level 1:colcon.colcon_core.package_identification:_identify(src/unitree_ros/robots/h1_2_description/meshes) by extensions ['python_setup_py']
[0.246s] Level 1:colcon.colcon_core.package_identification:_identify(src/unitree_ros/robots/h1_2_description/meshes) by extension 'python_setup_py'
[0.246s] Level 1:colcon.colcon_core.package_identification:_identify(src/unitree_ros/robots/z1_description) by extensions ['ignore', 'ignore_ament_install']
[0.246s] Level 1:colcon.colcon_core.package_identification:_identify(src/unitree_ros/robots/z1_description) by extension 'ignore'
[0.246s] Level 1:colcon.colcon_core.package_identification:_identify(src/unitree_ros/robots/z1_description) by extension 'ignore_ament_install'
[0.246s] Level 1:colcon.colcon_core.package_identification:_identify(src/unitree_ros/robots/z1_description) by extensions ['colcon_pkg']
[0.246s] Level 1:colcon.colcon_core.package_identification:_identify(src/unitree_ros/robots/z1_description) by extension 'colcon_pkg'
[0.246s] Level 1:colcon.colcon_core.package_identification:_identify(src/unitree_ros/robots/z1_description) by extensions ['colcon_meta']
[0.246s] Level 1:colcon.colcon_core.package_identification:_identify(src/unitree_ros/robots/z1_description) by extension 'colcon_meta'
[0.246s] Level 1:colcon.colcon_core.package_identification:_identify(src/unitree_ros/robots/z1_description) by extensions ['ros']
[0.246s] Level 1:colcon.colcon_core.package_identification:_identify(src/unitree_ros/robots/z1_description) by extension 'ros'
[0.246s] DEBUG:colcon.colcon_core.package_identification:Package 'src/unitree_ros/robots/z1_description' with type 'ros.catkin' and name 'z1_description'
[0.246s] Level 1:colcon.colcon_core.package_identification:_identify(src/unitree_ros/unitree_controller) by extensions ['ignore', 'ignore_ament_install']
[0.246s] Level 1:colcon.colcon_core.package_identification:_identify(src/unitree_ros/unitree_controller) by extension 'ignore'
[0.246s] Level 1:colcon.colcon_core.package_identification:_identify(src/unitree_ros/unitree_controller) by extension 'ignore_ament_install'
[0.246s] Level 1:colcon.colcon_core.package_identification:_identify(src/unitree_ros/unitree_controller) by extensions ['colcon_pkg']
[0.246s] Level 1:colcon.colcon_core.package_identification:_identify(src/unitree_ros/unitree_controller) by extension 'colcon_pkg'
[0.246s] Level 1:colcon.colcon_core.package_identification:_identify(src/unitree_ros/unitree_controller) by extensions ['colcon_meta']
[0.246s] Level 1:colcon.colcon_core.package_identification:_identify(src/unitree_ros/unitree_controller) by extension 'colcon_meta'
[0.246s] Level 1:colcon.colcon_core.package_identification:_identify(src/unitree_ros/unitree_controller) by extensions ['ros']
[0.246s] Level 1:colcon.colcon_core.package_identification:_identify(src/unitree_ros/unitree_controller) by extension 'ros'
[0.246s] DEBUG:colcon.colcon_core.package_identification:Package 'src/unitree_ros/unitree_controller' with type 'ros.catkin' and name 'unitree_controller'
[0.246s] Level 1:colcon.colcon_core.package_identification:_identify(src/unitree_ros/unitree_gazebo) by extensions ['ignore', 'ignore_ament_install']
[0.246s] Level 1:colcon.colcon_core.package_identification:_identify(src/unitree_ros/unitree_gazebo) by extension 'ignore'
[0.246s] Level 1:colcon.colcon_core.package_identification:_identify(src/unitree_ros/unitree_gazebo) by extension 'ignore_ament_install'
[0.246s] Level 1:colcon.colcon_core.package_identification:_identify(src/unitree_ros/unitree_gazebo) by extensions ['colcon_pkg']
[0.246s] Level 1:colcon.colcon_core.package_identification:_identify(src/unitree_ros/unitree_gazebo) by extension 'colcon_pkg'
[0.246s] Level 1:colcon.colcon_core.package_identification:_identify(src/unitree_ros/unitree_gazebo) by extensions ['colcon_meta']
[0.247s] Level 1:colcon.colcon_core.package_identification:_identify(src/unitree_ros/unitree_gazebo) by extension 'colcon_meta'
[0.247s] Level 1:colcon.colcon_core.package_identification:_identify(src/unitree_ros/unitree_gazebo) by extensions ['ros']
[0.247s] Level 1:colcon.colcon_core.package_identification:_identify(src/unitree_ros/unitree_gazebo) by extension 'ros'
[0.247s] DEBUG:colcon.colcon_core.package_identification:Package 'src/unitree_ros/unitree_gazebo' with type 'ros.catkin' and name 'unitree_gazebo'
[0.247s] Level 1:colcon.colcon_core.package_identification:_identify(src/unitree_ros/unitree_legged_control) by extensions ['ignore', 'ignore_ament_install']
[0.247s] Level 1:colcon.colcon_core.package_identification:_identify(src/unitree_ros/unitree_legged_control) by extension 'ignore'
[0.247s] Level 1:colcon.colcon_core.package_identification:_identify(src/unitree_ros/unitree_legged_control) by extension 'ignore_ament_install'
[0.247s] Level 1:colcon.colcon_core.package_identification:_identify(src/unitree_ros/unitree_legged_control) by extensions ['colcon_pkg']
[0.247s] Level 1:colcon.colcon_core.package_identification:_identify(src/unitree_ros/unitree_legged_control) by extension 'colcon_pkg'
[0.247s] Level 1:colcon.colcon_core.package_identification:_identify(src/unitree_ros/unitree_legged_control) by extensions ['colcon_meta']
[0.247s] Level 1:colcon.colcon_core.package_identification:_identify(src/unitree_ros/unitree_legged_control) by extension 'colcon_meta'
[0.247s] Level 1:colcon.colcon_core.package_identification:_identify(src/unitree_ros/unitree_legged_control) by extensions ['ros']
[0.247s] Level 1:colcon.colcon_core.package_identification:_identify(src/unitree_ros/unitree_legged_control) by extension 'ros'
[0.247s] DEBUG:colcon.colcon_core.package_identification:Package 'src/unitree_ros/unitree_legged_control' with type 'ros.catkin' and name 'unitree_legged_control'
[0.247s] Level 1:colcon.colcon_core.package_identification:_identify(src/unitree_ros/unitree_ros_to_real) by extensions ['ignore', 'ignore_ament_install']
[0.247s] Level 1:colcon.colcon_core.package_identification:_identify(src/unitree_ros/unitree_ros_to_real) by extension 'ignore'
[0.247s] Level 1:colcon.colcon_core.package_identification:_identify(src/unitree_ros/unitree_ros_to_real) by extension 'ignore_ament_install'
[0.247s] Level 1:colcon.colcon_core.package_identification:_identify(src/unitree_ros/unitree_ros_to_real) by extensions ['colcon_pkg']
[0.247s] Level 1:colcon.colcon_core.package_identification:_identify(src/unitree_ros/unitree_ros_to_real) by extension 'colcon_pkg'
[0.247s] Level 1:colcon.colcon_core.package_identification:_identify(src/unitree_ros/unitree_ros_to_real) by extensions ['colcon_meta']
[0.247s] Level 1:colcon.colcon_core.package_identification:_identify(src/unitree_ros/unitree_ros_to_real) by extension 'colcon_meta'
[0.247s] Level 1:colcon.colcon_core.package_identification:_identify(src/unitree_ros/unitree_ros_to_real) by extensions ['ros']
[0.247s] Level 1:colcon.colcon_core.package_identification:_identify(src/unitree_ros/unitree_ros_to_real) by extension 'ros'
[0.247s] Level 1:colcon.colcon_core.package_identification:_identify(src/unitree_ros/unitree_ros_to_real) by extensions ['cmake', 'python']
[0.247s] Level 1:colcon.colcon_core.package_identification:_identify(src/unitree_ros/unitree_ros_to_real) by extension 'cmake'
[0.247s] Level 1:colcon.colcon_core.package_identification:_identify(src/unitree_ros/unitree_ros_to_real) by extension 'python'
[0.247s] Level 1:colcon.colcon_core.package_identification:_identify(src/unitree_ros/unitree_ros_to_real) by extensions ['python_setup_py']
[0.247s] Level 1:colcon.colcon_core.package_identification:_identify(src/unitree_ros/unitree_ros_to_real) by extension 'python_setup_py'
[0.247s] Level 1:colcon.colcon_core.package_discovery:discover_packages(recursive) using defaults
[0.248s] Level 1:colcon.colcon_core.package_discovery:discover_packages(ignore) discover
[0.248s] Level 1:colcon.colcon_core.package_discovery:discover_packages(ignore) using defaults
[0.248s] Level 1:colcon.colcon_core.package_discovery:discover_packages(path) discover
[0.248s] Level 1:colcon.colcon_core.package_discovery:discover_packages(path) using defaults
[0.262s] Level 1:colcon.colcon_core.package_discovery:discover_packages(prefix_path) check parameters
[0.262s] Level 1:colcon.colcon_core.package_discovery:discover_packages(prefix_path) discover
[0.263s] WARNING:colcon.colcon_ros.prefix_path.ament:The path '/home/jason/projects/motion_control_go2/install/unitree_ros2_example' in the environment variable AMENT_PREFIX_PATH doesn't exist
[0.263s] WARNING:colcon.colcon_ros.prefix_path.ament:The path '/home/jason/projects/motion_control_go2/install/unitree_hg' in the environment variable AMENT_PREFIX_PATH doesn't exist
[0.263s] WARNING:colcon.colcon_ros.prefix_path.ament:The path '/home/jason/projects/motion_control_go2/install/stand_go2' in the environment variable AMENT_PREFIX_PATH doesn't exist
[0.263s] WARNING:colcon.colcon_ros.prefix_path.ament:The path '/home/jason/projects/motion_control_go2/install/unitree_go' in the environment variable AMENT_PREFIX_PATH doesn't exist
[0.263s] WARNING:colcon.colcon_ros.prefix_path.ament:The path '/home/jason/projects/motion_control_go2/install/unitree_api' in the environment variable AMENT_PREFIX_PATH doesn't exist
[0.263s] WARNING:colcon.colcon_ros.prefix_path.ament:The path '/home/jason/projects/motion_control_go2/install/robot_viz_cpp' in the environment variable AMENT_PREFIX_PATH doesn't exist
[0.263s] WARNING:colcon.colcon_ros.prefix_path.catkin:The path '/home/jason/projects/motion_control_go2/install/unitree_ros2_example' in the environment variable CMAKE_PREFIX_PATH doesn't exist
[0.263s] WARNING:colcon.colcon_ros.prefix_path.catkin:The path '/home/jason/projects/motion_control_go2/install/unitree_hg' in the environment variable CMAKE_PREFIX_PATH doesn't exist
[0.263s] WARNING:colcon.colcon_ros.prefix_path.catkin:The path '/home/jason/projects/motion_control_go2/install/unitree_go' in the environment variable CMAKE_PREFIX_PATH doesn't exist
[0.263s] WARNING:colcon.colcon_ros.prefix_path.catkin:The path '/home/jason/projects/motion_control_go2/install/unitree_api' in the environment variable CMAKE_PREFIX_PATH doesn't exist
[0.263s] WARNING:colcon.colcon_ros.prefix_path.catkin:The path '/home/jason/projects/motion_control_go2/install/mujoco' in the environment variable CMAKE_PREFIX_PATH doesn't exist
[0.263s] DEBUG:colcon.colcon_installed_package_information.package_discovery:Found 0 installed packages in /home/jason/projects/motion_control_go2/install
[0.264s] DEBUG:colcon.colcon_installed_package_information.package_discovery:Found 316 installed packages in /opt/ros/humble
[0.264s] Level 1:colcon.colcon_core.package_discovery:discover_packages(prefix_path) using defaults
[0.278s] Level 5:colcon.colcon_core.verb:set package 'go2_control_cpp' build argument 'cmake_args' from command line to 'None'
[0.279s] Level 5:colcon.colcon_core.verb:set package 'go2_control_cpp' build argument 'cmake_target' from command line to 'None'
[0.279s] Level 5:colcon.colcon_core.verb:set package 'go2_control_cpp' build argument 'cmake_target_skip_unavailable' from command line to 'False'
[0.279s] Level 5:colcon.colcon_core.verb:set package 'go2_control_cpp' build argument 'cmake_clean_cache' from command line to 'False'
[0.279s] Level 5:colcon.colcon_core.verb:set package 'go2_control_cpp' build argument 'cmake_clean_first' from command line to 'False'
[0.279s] Level 5:colcon.colcon_core.verb:set package 'go2_control_cpp' build argument 'cmake_force_configure' from command line to 'False'
[0.279s] Level 5:colcon.colcon_core.verb:set package 'go2_control_cpp' build argument 'ament_cmake_args' from command line to 'None'
[0.279s] Level 5:colcon.colcon_core.verb:set package 'go2_control_cpp' build argument 'catkin_cmake_args' from command line to 'None'
[0.279s] Level 5:colcon.colcon_core.verb:set package 'go2_control_cpp' build argument 'catkin_skip_building_tests' from command line to 'False'
[0.279s] DEBUG:colcon.colcon_core.verb:Building package 'go2_control_cpp' with the following arguments: {'ament_cmake_args': None, 'build_base': '/home/jason/projects/motion_control_go2/build/go2_control_cpp', 'catkin_cmake_args': None, 'catkin_skip_building_tests': False, 'cmake_args': None, 'cmake_clean_cache': False, 'cmake_clean_first': False, 'cmake_force_configure': False, 'cmake_target': None, 'cmake_target_skip_unavailable': False, 'install_base': '/home/jason/projects/motion_control_go2/install/go2_control_cpp', 'merge_install': False, 'path': '/home/jason/projects/motion_control_go2/src/go2_control_cpp', 'symlink_install': True, 'test_result_base': None}
[0.279s] Level 5:colcon.colcon_core.verb:set package 'go2_description' build argument 'cmake_args' from command line to 'None'
[0.279s] Level 5:colcon.colcon_core.verb:set package 'go2_description' build argument 'cmake_target' from command line to 'None'
[0.279s] Level 5:colcon.colcon_core.verb:set package 'go2_description' build argument 'cmake_target_skip_unavailable' from command line to 'False'
[0.279s] Level 5:colcon.colcon_core.verb:set package 'go2_description' build argument 'cmake_clean_cache' from command line to 'False'
[0.279s] Level 5:colcon.colcon_core.verb:set package 'go2_description' build argument 'cmake_clean_first' from command line to 'False'
[0.279s] Level 5:colcon.colcon_core.verb:set package 'go2_description' build argument 'cmake_force_configure' from command line to 'False'
[0.279s] Level 5:colcon.colcon_core.verb:set package 'go2_description' build argument 'ament_cmake_args' from command line to 'None'
[0.279s] Level 5:colcon.colcon_core.verb:set package 'go2_description' build argument 'catkin_cmake_args' from command line to 'None'
[0.279s] Level 5:colcon.colcon_core.verb:set package 'go2_description' build argument 'catkin_skip_building_tests' from command line to 'False'
[0.279s] DEBUG:colcon.colcon_core.verb:Building package 'go2_description' with the following arguments: {'ament_cmake_args': None, 'build_base': '/home/jason/projects/motion_control_go2/build/go2_description', 'catkin_cmake_args': None, 'catkin_skip_building_tests': False, 'cmake_args': None, 'cmake_clean_cache': False, 'cmake_clean_first': False, 'cmake_force_configure': False, 'cmake_target': None, 'cmake_target_skip_unavailable': False, 'install_base': '/home/jason/projects/motion_control_go2/install/go2_description', 'merge_install': False, 'path': '/home/jason/projects/motion_control_go2/src/unitree_ros/robots/go2_description', 'symlink_install': True, 'test_result_base': None}
[0.279s] Level 5:colcon.colcon_core.verb:set package 'mujoco' build argument 'cmake_args' from command line to 'None'
[0.279s] Level 5:colcon.colcon_core.verb:set package 'mujoco' build argument 'cmake_target' from command line to 'None'
[0.279s] Level 5:colcon.colcon_core.verb:set package 'mujoco' build argument 'cmake_target_skip_unavailable' from command line to 'False'
[0.279s] Level 5:colcon.colcon_core.verb:set package 'mujoco' build argument 'cmake_clean_cache' from command line to 'False'
[0.279s] Level 5:colcon.colcon_core.verb:set package 'mujoco' build argument 'cmake_clean_first' from command line to 'False'
[0.279s] Level 5:colcon.colcon_core.verb:set package 'mujoco' build argument 'cmake_force_configure' from command line to 'False'
[0.279s] Level 5:colcon.colcon_core.verb:set package 'mujoco' build argument 'ament_cmake_args' from command line to 'None'
[0.279s] Level 5:colcon.colcon_core.verb:set package 'mujoco' build argument 'catkin_cmake_args' from command line to 'None'
[0.279s] Level 5:colcon.colcon_core.verb:set package 'mujoco' build argument 'catkin_skip_building_tests' from command line to 'False'
[0.279s] DEBUG:colcon.colcon_core.verb:Building package 'mujoco' with the following arguments: {'ament_cmake_args': None, 'build_base': '/home/jason/projects/motion_control_go2/build/mujoco', 'catkin_cmake_args': None, 'catkin_skip_building_tests': False, 'cmake_args': None, 'cmake_clean_cache': False, 'cmake_clean_first': False, 'cmake_force_configure': False, 'cmake_target': None, 'cmake_target_skip_unavailable': False, 'install_base': '/home/jason/projects/motion_control_go2/install/mujoco', 'merge_install': False, 'path': '/home/jason/projects/motion_control_go2/src/mujoco', 'symlink_install': True, 'test_result_base': None}
[0.279s] Level 5:colcon.colcon_core.verb:set package 'osgQt' build argument 'cmake_args' from command line to 'None'
[0.279s] Level 5:colcon.colcon_core.verb:set package 'osgQt' build argument 'cmake_target' from command line to 'None'
[0.279s] Level 5:colcon.colcon_core.verb:set package 'osgQt' build argument 'cmake_target_skip_unavailable' from command line to 'False'
[0.279s] Level 5:colcon.colcon_core.verb:set package 'osgQt' build argument 'cmake_clean_cache' from command line to 'False'
[0.279s] Level 5:colcon.colcon_core.verb:set package 'osgQt' build argument 'cmake_clean_first' from command line to 'False'
[0.279s] Level 5:colcon.colcon_core.verb:set package 'osgQt' build argument 'cmake_force_configure' from command line to 'False'
[0.279s] Level 5:colcon.colcon_core.verb:set package 'osgQt' build argument 'ament_cmake_args' from command line to 'None'
[0.279s] Level 5:colcon.colcon_core.verb:set package 'osgQt' build argument 'catkin_cmake_args' from command line to 'None'
[0.279s] Level 5:colcon.colcon_core.verb:set package 'osgQt' build argument 'catkin_skip_building_tests' from command line to 'False'
[0.279s] DEBUG:colcon.colcon_core.verb:Building package 'osgQt' with the following arguments: {'ament_cmake_args': None, 'build_base': '/home/jason/projects/motion_control_go2/build/osgQt', 'catkin_cmake_args': None, 'catkin_skip_building_tests': False, 'cmake_args': None, 'cmake_clean_cache': False, 'cmake_clean_first': False, 'cmake_force_configure': False, 'cmake_target': None, 'cmake_target_skip_unavailable': False, 'install_base': '/home/jason/projects/motion_control_go2/install/osgQt', 'merge_install': False, 'path': '/home/jason/projects/motion_control_go2/src/osgQt', 'symlink_install': True, 'test_result_base': None}
[0.279s] Level 5:colcon.colcon_core.verb:set package 'robot_viz_cpp' build argument 'cmake_args' from command line to 'None'
[0.279s] Level 5:colcon.colcon_core.verb:set package 'robot_viz_cpp' build argument 'cmake_target' from command line to 'None'
[0.279s] Level 5:colcon.colcon_core.verb:set package 'robot_viz_cpp' build argument 'cmake_target_skip_unavailable' from command line to 'False'
[0.279s] Level 5:colcon.colcon_core.verb:set package 'robot_viz_cpp' build argument 'cmake_clean_cache' from command line to 'False'
[0.279s] Level 5:colcon.colcon_core.verb:set package 'robot_viz_cpp' build argument 'cmake_clean_first' from command line to 'False'
[0.279s] Level 5:colcon.colcon_core.verb:set package 'robot_viz_cpp' build argument 'cmake_force_configure' from command line to 'False'
[0.279s] Level 5:colcon.colcon_core.verb:set package 'robot_viz_cpp' build argument 'ament_cmake_args' from command line to 'None'
[0.279s] Level 5:colcon.colcon_core.verb:set package 'robot_viz_cpp' build argument 'catkin_cmake_args' from command line to 'None'
[0.279s] Level 5:colcon.colcon_core.verb:set package 'robot_viz_cpp' build argument 'catkin_skip_building_tests' from command line to 'False'
[0.279s] DEBUG:colcon.colcon_core.verb:Building package 'robot_viz_cpp' with the following arguments: {'ament_cmake_args': None, 'build_base': '/home/jason/projects/motion_control_go2/build/robot_viz_cpp', 'catkin_cmake_args': None, 'catkin_skip_building_tests': False, 'cmake_args': None, 'cmake_clean_cache': False, 'cmake_clean_first': False, 'cmake_force_configure': False, 'cmake_target': None, 'cmake_target_skip_unavailable': False, 'install_base': '/home/jason/projects/motion_control_go2/install/robot_viz_cpp', 'merge_install': False, 'path': '/home/jason/projects/motion_control_go2/src/robot_viz_cpp', 'symlink_install': True, 'test_result_base': None}
[0.280s] Level 5:colcon.colcon_core.verb:set package 'stand_go2' build argument 'cmake_args' from command line to 'None'
[0.280s] Level 5:colcon.colcon_core.verb:set package 'stand_go2' build argument 'cmake_target' from command line to 'None'
[0.280s] Level 5:colcon.colcon_core.verb:set package 'stand_go2' build argument 'cmake_target_skip_unavailable' from command line to 'False'
[0.280s] Level 5:colcon.colcon_core.verb:set package 'stand_go2' build argument 'cmake_clean_cache' from command line to 'False'
[0.280s] Level 5:colcon.colcon_core.verb:set package 'stand_go2' build argument 'cmake_clean_first' from command line to 'False'
[0.280s] Level 5:colcon.colcon_core.verb:set package 'stand_go2' build argument 'cmake_force_configure' from command line to 'False'
[0.280s] Level 5:colcon.colcon_core.verb:set package 'stand_go2' build argument 'ament_cmake_args' from command line to 'None'
[0.280s] Level 5:colcon.colcon_core.verb:set package 'stand_go2' build argument 'catkin_cmake_args' from command line to 'None'
[0.280s] Level 5:colcon.colcon_core.verb:set package 'stand_go2' build argument 'catkin_skip_building_tests' from command line to 'False'
[0.280s] DEBUG:colcon.colcon_core.verb:Building package 'stand_go2' with the following arguments: {'ament_cmake_args': None, 'build_base': '/home/jason/projects/motion_control_go2/build/stand_go2', 'catkin_cmake_args': None, 'catkin_skip_building_tests': False, 'cmake_args': None, 'cmake_clean_cache': False, 'cmake_clean_first': False, 'cmake_force_configure': False, 'cmake_target': None, 'cmake_target_skip_unavailable': False, 'install_base': '/home/jason/projects/motion_control_go2/install/stand_go2', 'merge_install': False, 'path': '/home/jason/projects/motion_control_go2/src/unitree_mujoco/example/ros2', 'symlink_install': True, 'test_result_base': None}
[0.280s] Level 5:colcon.colcon_core.verb:set package 'unitree_controller' build argument 'cmake_args' from command line to 'None'
[0.280s] Level 5:colcon.colcon_core.verb:set package 'unitree_controller' build argument 'cmake_target' from command line to 'None'
[0.280s] Level 5:colcon.colcon_core.verb:set package 'unitree_controller' build argument 'cmake_target_skip_unavailable' from command line to 'False'
[0.280s] Level 5:colcon.colcon_core.verb:set package 'unitree_controller' build argument 'cmake_clean_cache' from command line to 'False'
[0.280s] Level 5:colcon.colcon_core.verb:set package 'unitree_controller' build argument 'cmake_clean_first' from command line to 'False'
[0.280s] Level 5:colcon.colcon_core.verb:set package 'unitree_controller' build argument 'cmake_force_configure' from command line to 'False'
[0.280s] Level 5:colcon.colcon_core.verb:set package 'unitree_controller' build argument 'ament_cmake_args' from command line to 'None'
[0.280s] Level 5:colcon.colcon_core.verb:set package 'unitree_controller' build argument 'catkin_cmake_args' from command line to 'None'
[0.280s] Level 5:colcon.colcon_core.verb:set package 'unitree_controller' build argument 'catkin_skip_building_tests' from command line to 'False'
[0.280s] DEBUG:colcon.colcon_core.verb:Building package 'unitree_controller' with the following arguments: {'ament_cmake_args': None, 'build_base': '/home/jason/projects/motion_control_go2/build/unitree_controller', 'catkin_cmake_args': None, 'catkin_skip_building_tests': False, 'cmake_args': None, 'cmake_clean_cache': False, 'cmake_clean_first': False, 'cmake_force_configure': False, 'cmake_target': None, 'cmake_target_skip_unavailable': False, 'install_base': '/home/jason/projects/motion_control_go2/install/unitree_controller', 'merge_install': False, 'path': '/home/jason/projects/motion_control_go2/src/unitree_ros/unitree_controller', 'symlink_install': True, 'test_result_base': None}
[0.280s] Level 5:colcon.colcon_core.verb:set package 'unitree_gazebo' build argument 'cmake_args' from command line to 'None'
[0.280s] Level 5:colcon.colcon_core.verb:set package 'unitree_gazebo' build argument 'cmake_target' from command line to 'None'
[0.280s] Level 5:colcon.colcon_core.verb:set package 'unitree_gazebo' build argument 'cmake_target_skip_unavailable' from command line to 'False'
[0.280s] Level 5:colcon.colcon_core.verb:set package 'unitree_gazebo' build argument 'cmake_clean_cache' from command line to 'False'
[0.280s] Level 5:colcon.colcon_core.verb:set package 'unitree_gazebo' build argument 'cmake_clean_first' from command line to 'False'
[0.280s] Level 5:colcon.colcon_core.verb:set package 'unitree_gazebo' build argument 'cmake_force_configure' from command line to 'False'
[0.280s] Level 5:colcon.colcon_core.verb:set package 'unitree_gazebo' build argument 'ament_cmake_args' from command line to 'None'
[0.280s] Level 5:colcon.colcon_core.verb:set package 'unitree_gazebo' build argument 'catkin_cmake_args' from command line to 'None'
[0.280s] Level 5:colcon.colcon_core.verb:set package 'unitree_gazebo' build argument 'catkin_skip_building_tests' from command line to 'False'
[0.280s] DEBUG:colcon.colcon_core.verb:Building package 'unitree_gazebo' with the following arguments: {'ament_cmake_args': None, 'build_base': '/home/jason/projects/motion_control_go2/build/unitree_gazebo', 'catkin_cmake_args': None, 'catkin_skip_building_tests': False, 'cmake_args': None, 'cmake_clean_cache': False, 'cmake_clean_first': False, 'cmake_force_configure': False, 'cmake_target': None, 'cmake_target_skip_unavailable': False, 'install_base': '/home/jason/projects/motion_control_go2/install/unitree_gazebo', 'merge_install': False, 'path': '/home/jason/projects/motion_control_go2/src/unitree_ros/unitree_gazebo', 'symlink_install': True, 'test_result_base': None}
[0.280s] Level 5:colcon.colcon_core.verb:set package 'unitree_legged_control' build argument 'cmake_args' from command line to 'None'
[0.280s] Level 5:colcon.colcon_core.verb:set package 'unitree_legged_control' build argument 'cmake_target' from command line to 'None'
[0.280s] Level 5:colcon.colcon_core.verb:set package 'unitree_legged_control' build argument 'cmake_target_skip_unavailable' from command line to 'False'
[0.280s] Level 5:colcon.colcon_core.verb:set package 'unitree_legged_control' build argument 'cmake_clean_cache' from command line to 'False'
[0.280s] Level 5:colcon.colcon_core.verb:set package 'unitree_legged_control' build argument 'cmake_clean_first' from command line to 'False'
[0.280s] Level 5:colcon.colcon_core.verb:set package 'unitree_legged_control' build argument 'cmake_force_configure' from command line to 'False'
[0.280s] Level 5:colcon.colcon_core.verb:set package 'unitree_legged_control' build argument 'ament_cmake_args' from command line to 'None'
[0.280s] Level 5:colcon.colcon_core.verb:set package 'unitree_legged_control' build argument 'catkin_cmake_args' from command line to 'None'
[0.280s] Level 5:colcon.colcon_core.verb:set package 'unitree_legged_control' build argument 'catkin_skip_building_tests' from command line to 'False'
[0.280s] DEBUG:colcon.colcon_core.verb:Building package 'unitree_legged_control' with the following arguments: {'ament_cmake_args': None, 'build_base': '/home/jason/projects/motion_control_go2/build/unitree_legged_control', 'catkin_cmake_args': None, 'catkin_skip_building_tests': False, 'cmake_args': None, 'cmake_clean_cache': False, 'cmake_clean_first': False, 'cmake_force_configure': False, 'cmake_target': None, 'cmake_target_skip_unavailable': False, 'install_base': '/home/jason/projects/motion_control_go2/install/unitree_legged_control', 'merge_install': False, 'path': '/home/jason/projects/motion_control_go2/src/unitree_ros/unitree_legged_control', 'symlink_install': True, 'test_result_base': None}
[0.280s] Level 5:colcon.colcon_core.verb:set package 'z1_description' build argument 'cmake_args' from command line to 'None'
[0.280s] Level 5:colcon.colcon_core.verb:set package 'z1_description' build argument 'cmake_target' from command line to 'None'
[0.280s] Level 5:colcon.colcon_core.verb:set package 'z1_description' build argument 'cmake_target_skip_unavailable' from command line to 'False'
[0.280s] Level 5:colcon.colcon_core.verb:set package 'z1_description' build argument 'cmake_clean_cache' from command line to 'False'
[0.280s] Level 5:colcon.colcon_core.verb:set package 'z1_description' build argument 'cmake_clean_first' from command line to 'False'
[0.280s] Level 5:colcon.colcon_core.verb:set package 'z1_description' build argument 'cmake_force_configure' from command line to 'False'
[0.280s] Level 5:colcon.colcon_core.verb:set package 'z1_description' build argument 'ament_cmake_args' from command line to 'None'
[0.280s] Level 5:colcon.colcon_core.verb:set package 'z1_description' build argument 'catkin_cmake_args' from command line to 'None'
[0.280s] Level 5:colcon.colcon_core.verb:set package 'z1_description' build argument 'catkin_skip_building_tests' from command line to 'False'
[0.280s] DEBUG:colcon.colcon_core.verb:Building package 'z1_description' with the following arguments: {'ament_cmake_args': None, 'build_base': '/home/jason/projects/motion_control_go2/build/z1_description', 'catkin_cmake_args': None, 'catkin_skip_building_tests': False, 'cmake_args': None, 'cmake_clean_cache': False, 'cmake_clean_first': False, 'cmake_force_configure': False, 'cmake_target': None, 'cmake_target_skip_unavailable': False, 'install_base': '/home/jason/projects/motion_control_go2/install/z1_description', 'merge_install': False, 'path': '/home/jason/projects/motion_control_go2/src/unitree_ros/robots/z1_description', 'symlink_install': True, 'test_result_base': None}
[0.281s] Level 5:colcon.colcon_core.verb:set package 'unitree_mujoco' build argument 'cmake_args' from command line to 'None'
[0.281s] Level 5:colcon.colcon_core.verb:set package 'unitree_mujoco' build argument 'cmake_target' from command line to 'None'
[0.281s] Level 5:colcon.colcon_core.verb:set package 'unitree_mujoco' build argument 'cmake_target_skip_unavailable' from command line to 'False'
[0.281s] Level 5:colcon.colcon_core.verb:set package 'unitree_mujoco' build argument 'cmake_clean_cache' from command line to 'False'
[0.281s] Level 5:colcon.colcon_core.verb:set package 'unitree_mujoco' build argument 'cmake_clean_first' from command line to 'False'
[0.281s] Level 5:colcon.colcon_core.verb:set package 'unitree_mujoco' build argument 'cmake_force_configure' from command line to 'False'
[0.281s] Level 5:colcon.colcon_core.verb:set package 'unitree_mujoco' build argument 'ament_cmake_args' from command line to 'None'
[0.281s] Level 5:colcon.colcon_core.verb:set package 'unitree_mujoco' build argument 'catkin_cmake_args' from command line to 'None'
[0.281s] Level 5:colcon.colcon_core.verb:set package 'unitree_mujoco' build argument 'catkin_skip_building_tests' from command line to 'False'
[0.281s] DEBUG:colcon.colcon_core.verb:Building package 'unitree_mujoco' with the following arguments: {'ament_cmake_args': None, 'build_base': '/home/jason/projects/motion_control_go2/build/unitree_mujoco', 'catkin_cmake_args': None, 'catkin_skip_building_tests': False, 'cmake_args': None, 'cmake_clean_cache': False, 'cmake_clean_first': False, 'cmake_force_configure': False, 'cmake_target': None, 'cmake_target_skip_unavailable': False, 'install_base': '/home/jason/projects/motion_control_go2/install/unitree_mujoco', 'merge_install': False, 'path': '/home/jason/projects/motion_control_go2/src/unitree_mujoco/simulate', 'symlink_install': True, 'test_result_base': None}
[0.281s] INFO:colcon.colcon_core.executor:Executing jobs using 'parallel' executor
[0.282s] DEBUG:colcon.colcon_parallel_executor.executor.parallel:run_until_complete
[0.282s] INFO:colcon.colcon_cmake.task.cmake.build:Building CMake package in '/home/jason/projects/motion_control_go2/src/mujoco'
[0.283s] INFO:colcon.colcon_core.plugin_system:Skipping extension 'colcon_core.shell.bat': Not used on non-Windows systems
[0.283s] INFO:colcon.colcon_core.shell:Skip shell extension 'powershell' for command environment: Not usable outside of PowerShell
[0.283s] DEBUG:colcon.colcon_core.shell:Skip shell extension 'dsv' for command environment
[0.285s] INFO:colcon.colcon_ros.task.ament_cmake.build:Building ROS package in '/home/jason/projects/motion_control_go2/src/go2_control_cpp' with build type 'ament_cmake'
[0.285s] INFO:colcon.colcon_cmake.task.cmake.build:Building CMake package in '/home/jason/projects/motion_control_go2/src/go2_control_cpp'
[0.285s] INFO:colcon.colcon_core.shell:Skip shell extension 'powershell' for command environment: Not usable outside of PowerShell
[0.285s] DEBUG:colcon.colcon_core.shell:Skip shell extension 'dsv' for command environment
[0.286s] INFO:colcon.colcon_ros.task.catkin.build:Building ROS package in '/home/jason/projects/motion_control_go2/src/unitree_ros/robots/go2_description' with build type 'catkin'
[0.286s] INFO:colcon.colcon_cmake.task.cmake.build:Building CMake package in '/home/jason/projects/motion_control_go2/src/unitree_ros/robots/go2_description'
[0.286s] INFO:colcon.colcon_core.shell:Skip shell extension 'powershell' for command environment: Not usable outside of PowerShell
[0.286s] DEBUG:colcon.colcon_core.shell:Skip shell extension 'dsv' for command environment
[0.288s] INFO:colcon.colcon_cmake.task.cmake.build:Building CMake package in '/home/jason/projects/motion_control_go2/src/osgQt'
[0.288s] INFO:colcon.colcon_core.shell:Skip shell extension 'powershell' for command environment: Not usable outside of PowerShell
[0.288s] DEBUG:colcon.colcon_core.shell:Skip shell extension 'dsv' for command environment
[0.290s] INFO:colcon.colcon_ros.task.ament_cmake.build:Building ROS package in '/home/jason/projects/motion_control_go2/src/robot_viz_cpp' with build type 'ament_cmake'
[0.290s] INFO:colcon.colcon_cmake.task.cmake.build:Building CMake package in '/home/jason/projects/motion_control_go2/src/robot_viz_cpp'
[0.290s] INFO:colcon.colcon_core.shell:Skip shell extension 'powershell' for command environment: Not usable outside of PowerShell
[0.290s] DEBUG:colcon.colcon_core.shell:Skip shell extension 'dsv' for command environment
[0.292s] INFO:colcon.colcon_ros.task.ament_cmake.build:Building ROS package in '/home/jason/projects/motion_control_go2/src/unitree_mujoco/example/ros2' with build type 'ament_cmake'
[0.292s] INFO:colcon.colcon_cmake.task.cmake.build:Building CMake package in '/home/jason/projects/motion_control_go2/src/unitree_mujoco/example/ros2'
[0.292s] INFO:colcon.colcon_core.shell:Skip shell extension 'powershell' for command environment: Not usable outside of PowerShell
[0.292s] DEBUG:colcon.colcon_core.shell:Skip shell extension 'dsv' for command environment
[0.293s] INFO:colcon.colcon_ros.task.catkin.build:Building ROS package in '/home/jason/projects/motion_control_go2/src/unitree_ros/unitree_controller' with build type 'catkin'
[0.293s] INFO:colcon.colcon_cmake.task.cmake.build:Building CMake package in '/home/jason/projects/motion_control_go2/src/unitree_ros/unitree_controller'
[0.293s] INFO:colcon.colcon_core.shell:Skip shell extension 'powershell' for command environment: Not usable outside of PowerShell
[0.293s] DEBUG:colcon.colcon_core.shell:Skip shell extension 'dsv' for command environment
[0.294s] INFO:colcon.colcon_ros.task.catkin.build:Building ROS package in '/home/jason/projects/motion_control_go2/src/unitree_ros/unitree_gazebo' with build type 'catkin'
[0.295s] INFO:colcon.colcon_cmake.task.cmake.build:Building CMake package in '/home/jason/projects/motion_control_go2/src/unitree_ros/unitree_gazebo'
[0.295s] INFO:colcon.colcon_core.shell:Skip shell extension 'powershell' for command environment: Not usable outside of PowerShell
[0.295s] DEBUG:colcon.colcon_core.shell:Skip shell extension 'dsv' for command environment
[0.296s] INFO:colcon.colcon_ros.task.catkin.build:Building ROS package in '/home/jason/projects/motion_control_go2/src/unitree_ros/unitree_legged_control' with build type 'catkin'
[0.296s] INFO:colcon.colcon_cmake.task.cmake.build:Building CMake package in '/home/jason/projects/motion_control_go2/src/unitree_ros/unitree_legged_control'
[0.296s] INFO:colcon.colcon_core.shell:Skip shell extension 'powershell' for command environment: Not usable outside of PowerShell
[0.296s] DEBUG:colcon.colcon_core.shell:Skip shell extension 'dsv' for command environment
[0.298s] INFO:colcon.colcon_ros.task.catkin.build:Building ROS package in '/home/jason/projects/motion_control_go2/src/unitree_ros/robots/z1_description' with build type 'catkin'
[0.298s] INFO:colcon.colcon_cmake.task.cmake.build:Building CMake package in '/home/jason/projects/motion_control_go2/src/unitree_ros/robots/z1_description'
[0.299s] INFO:colcon.colcon_core.shell:Skip shell extension 'powershell' for command environment: Not usable outside of PowerShell
[0.299s] DEBUG:colcon.colcon_core.shell:Skip shell extension 'dsv' for command environment
[0.307s] DEBUG:colcon.colcon_core.event_handler.log_command:Invoking command in '/home/jason/projects/motion_control_go2/build/mujoco': /usr/bin/cmake /home/jason/projects/motion_control_go2/src/mujoco -DCMAKE_INSTALL_PREFIX=/home/jason/projects/motion_control_go2/install/mujoco
[0.309s] DEBUG:colcon.colcon_core.event_handler.log_command:Invoking command in '/home/jason/projects/motion_control_go2/build/go2_control_cpp': CMAKE_PREFIX_PATH=${CMAKE_PREFIX_PATH}:/home/jason/projects/motion_control_go2/install/stand_go2:/home/jason/projects/motion_control_go2/install/robot_viz_cpp:/opt/ros/humble /usr/bin/cmake /home/jason/projects/motion_control_go2/src/go2_control_cpp -DAMENT_CMAKE_SYMLINK_INSTALL=1 -DCMAKE_INSTALL_PREFIX=/home/jason/projects/motion_control_go2/install/go2_control_cpp
[0.311s] DEBUG:colcon.colcon_core.event_handler.log_command:Invoking command in '/home/jason/projects/motion_control_go2/build/go2_description': /usr/bin/cmake /home/jason/projects/motion_control_go2/src/unitree_ros/robots/go2_description -DCATKIN_INSTALL_INTO_PREFIX_ROOT=0 -DCATKIN_SYMLINK_INSTALL=ON -DCMAKE_INSTALL_PREFIX=/home/jason/projects/motion_control_go2/install/go2_description
[0.312s] DEBUG:colcon.colcon_core.event_handler.log_command:Invoking command in '/home/jason/projects/motion_control_go2/build/osgQt': /usr/bin/cmake /home/jason/projects/motion_control_go2/src/osgQt -DCMAKE_INSTALL_PREFIX=/home/jason/projects/motion_control_go2/install/osgQt
[0.318s] DEBUG:colcon.colcon_core.event_handler.log_command:Invoking command in '/home/jason/projects/motion_control_go2/build/robot_viz_cpp': CMAKE_PREFIX_PATH=${CMAKE_PREFIX_PATH}:/home/jason/projects/motion_control_go2/install/stand_go2:/home/jason/projects/motion_control_go2/install/robot_viz_cpp:/opt/ros/humble /usr/bin/cmake /home/jason/projects/motion_control_go2/src/robot_viz_cpp -DAMENT_CMAKE_SYMLINK_INSTALL=1 -DCMAKE_INSTALL_PREFIX=/home/jason/projects/motion_control_go2/install/robot_viz_cpp
[0.319s] DEBUG:colcon.colcon_core.event_handler.log_command:Invoking command in '/home/jason/projects/motion_control_go2/build/stand_go2': CMAKE_PREFIX_PATH=${CMAKE_PREFIX_PATH}:/home/jason/projects/motion_control_go2/install/stand_go2:/home/jason/projects/motion_control_go2/install/robot_viz_cpp:/opt/ros/humble /usr/bin/cmake /home/jason/projects/motion_control_go2/src/unitree_mujoco/example/ros2 -DAMENT_CMAKE_SYMLINK_INSTALL=1 -DCMAKE_INSTALL_PREFIX=/home/jason/projects/motion_control_go2/install/stand_go2
[0.320s] DEBUG:colcon.colcon_core.event_handler.log_command:Invoking command in '/home/jason/projects/motion_control_go2/build/unitree_controller': /usr/bin/cmake /home/jason/projects/motion_control_go2/src/unitree_ros/unitree_controller -DCATKIN_INSTALL_INTO_PREFIX_ROOT=0 -DCATKIN_SYMLINK_INSTALL=ON -DCMAKE_INSTALL_PREFIX=/home/jason/projects/motion_control_go2/install/unitree_controller
[0.320s] DEBUG:colcon.colcon_core.event_handler.log_command:Invoking command in '/home/jason/projects/motion_control_go2/build/unitree_gazebo': /usr/bin/cmake /home/jason/projects/motion_control_go2/src/unitree_ros/unitree_gazebo -DCATKIN_INSTALL_INTO_PREFIX_ROOT=0 -DCATKIN_SYMLINK_INSTALL=ON -DCMAKE_INSTALL_PREFIX=/home/jason/projects/motion_control_go2/install/unitree_gazebo
[0.322s] DEBUG:colcon.colcon_core.event_handler.log_command:Invoking command in '/home/jason/projects/motion_control_go2/build/unitree_legged_control': /usr/bin/cmake /home/jason/projects/motion_control_go2/src/unitree_ros/unitree_legged_control -DCATKIN_INSTALL_INTO_PREFIX_ROOT=0 -DCATKIN_SYMLINK_INSTALL=ON -DCMAKE_INSTALL_PREFIX=/home/jason/projects/motion_control_go2/install/unitree_legged_control
[0.341s] DEBUG:colcon.colcon_core.event_handler.log_command:Invoking command in '/home/jason/projects/motion_control_go2/build/z1_description': /usr/bin/cmake /home/jason/projects/motion_control_go2/src/unitree_ros/robots/z1_description -DCATKIN_INSTALL_INTO_PREFIX_ROOT=0 -DCATKIN_SYMLINK_INSTALL=ON -DCMAKE_INSTALL_PREFIX=/home/jason/projects/motion_control_go2/install/z1_description
[0.527s] DEBUG:colcon.colcon_core.event_handler.log_command:Invoked command in '/home/jason/projects/motion_control_go2/build/go2_description' returned '1': /usr/bin/cmake /home/jason/projects/motion_control_go2/src/unitree_ros/robots/go2_description -DCATKIN_INSTALL_INTO_PREFIX_ROOT=0 -DCATKIN_SYMLINK_INSTALL=ON -DCMAKE_INSTALL_PREFIX=/home/jason/projects/motion_control_go2/install/go2_description
[0.540s] Level 1:colcon.colcon_core.environment:create_environment_scripts_only(go2_description)
[0.542s] Level 1:colcon.colcon_core.environment:checking '/home/jason/projects/motion_control_go2/install/go2_description' for CMake module files
[0.542s] Level 1:colcon.colcon_core.environment:checking '/home/jason/projects/motion_control_go2/install/go2_description' for CMake config files
[0.543s] Level 1:colcon.colcon_core.environment:checking '/home/jason/projects/motion_control_go2/install/go2_description/bin'
[0.543s] Level 1:colcon.colcon_core.environment:checking '/home/jason/projects/motion_control_go2/install/go2_description/lib/pkgconfig/go2_description.pc'
[0.543s] Level 1:colcon.colcon_core.environment:checking '/home/jason/projects/motion_control_go2/install/go2_description/lib/python3.10/site-packages'
[0.543s] Level 1:colcon.colcon_core.environment:checking '/home/jason/projects/motion_control_go2/install/go2_description/bin'
[0.546s] INFO:colcon.colcon_core.shell:Creating package script '/home/jason/projects/motion_control_go2/install/go2_description/share/go2_description/package.ps1'
[0.557s] INFO:colcon.colcon_core.shell:Creating package descriptor '/home/jason/projects/motion_control_go2/install/go2_description/share/go2_description/package.dsv'
[0.557s] INFO:colcon.colcon_core.shell:Creating package script '/home/jason/projects/motion_control_go2/install/go2_description/share/go2_description/package.sh'
[0.558s] INFO:colcon.colcon_core.shell:Creating package script '/home/jason/projects/motion_control_go2/install/go2_description/share/go2_description/package.bash'
[0.558s] INFO:colcon.colcon_core.shell:Creating package script '/home/jason/projects/motion_control_go2/install/go2_description/share/go2_description/package.zsh'
[0.558s] Level 1:colcon.colcon_core.environment:create_file_with_runtime_dependencies(/home/jason/projects/motion_control_go2/install/go2_description/share/colcon-core/packages/go2_description)
[28.419s] DEBUG:colcon.colcon_parallel_executor.executor.parallel:run_until_complete was interrupted
[28.420s] DEBUG:colcon.colcon_parallel_executor.executor.parallel:run_until_complete again
[28.436s] DEBUG:colcon.colcon_parallel_executor.executor.parallel:run_until_complete finished
[28.437s] DEBUG:colcon.colcon_parallel_executor.executor.parallel:closing loop
[28.437s] DEBUG:colcon.colcon_parallel_executor.executor.parallel:loop closed
[28.437s] DEBUG:colcon.colcon_core.event_reactor:joining thread
[28.446s] INFO:colcon.colcon_core.plugin_system:Skipping extension 'colcon_notification.desktop_notification.terminal_notifier': Not used on non-Darwin systems
[28.447s] INFO:colcon.colcon_core.plugin_system:Skipping extension 'colcon_notification.desktop_notification.win32': Not used on non-Windows systems
[28.447s] INFO:colcon.colcon_notification.desktop_notification:Sending desktop notification using 'notify2'
[28.463s] DEBUG:colcon.colcon_core.event_reactor:joined thread
[28.463s] INFO:colcon.colcon_core.shell:Creating prefix script '/home/jason/projects/motion_control_go2/install/local_setup.ps1'
[28.465s] INFO:colcon.colcon_core.shell:Creating prefix util module '/home/jason/projects/motion_control_go2/install/_local_setup_util_ps1.py'
[28.466s] INFO:colcon.colcon_core.shell:Creating prefix chain script '/home/jason/projects/motion_control_go2/install/setup.ps1'
[28.467s] INFO:colcon.colcon_core.shell:Creating prefix script '/home/jason/projects/motion_control_go2/install/local_setup.sh'
[28.468s] INFO:colcon.colcon_core.shell:Creating prefix util module '/home/jason/projects/motion_control_go2/install/_local_setup_util_sh.py'
[28.468s] INFO:colcon.colcon_core.shell:Creating prefix chain script '/home/jason/projects/motion_control_go2/install/setup.sh'
[28.469s] INFO:colcon.colcon_core.shell:Creating prefix script '/home/jason/projects/motion_control_go2/install/local_setup.bash'
[28.470s] INFO:colcon.colcon_core.shell:Creating prefix chain script '/home/jason/projects/motion_control_go2/install/setup.bash'
[28.470s] INFO:colcon.colcon_core.shell:Creating prefix script '/home/jason/projects/motion_control_go2/install/local_setup.zsh'
[28.471s] INFO:colcon.colcon_core.shell:Creating prefix chain script '/home/jason/projects/motion_control_go2/install/setup.zsh'
