[0.043s] DEBUG:colcon:Command line arguments: ['/usr/bin/colcon', 'build', '--packages-select', 'go2_pinocchio_demo']
[0.043s] DEBUG:colcon:Parsed command line arguments: Namespace(log_base=None, log_level=None, verb_name='build', build_base='build', install_base='install', merge_install=False, symlink_install=False, test_result_base=None, continue_on_error=False, executor='parallel', parallel_workers=16, event_handlers=None, ignore_user_meta=False, metas=['./colcon.meta'], base_paths=['.'], packages_ignore=None, packages_ignore_regex=None, paths=None, packages_up_to=None, packages_up_to_regex=None, packages_above=None, packages_above_and_dependencies=None, packages_above_depth=None, packages_select_by_dep=None, packages_skip_by_dep=None, packages_skip_up_to=None, packages_select_build_failed=False, packages_skip_build_finished=False, packages_select_test_failures=False, packages_skip_test_passed=False, packages_select=['go2_pinocchio_demo'], packages_skip=None, packages_select_regex=None, packages_skip_regex=None, packages_start=None, packages_end=None, allow_overriding=[], cmake_args=None, cmake_target=None, cmake_target_skip_unavailable=False, cmake_clean_cache=False, cmake_clean_first=False, cmake_force_configure=False, ament_cmake_args=None, catkin_cmake_args=None, catkin_skip_building_tests=False, verb_parser=<colcon_defaults.argument_parser.defaults.DefaultArgumentsDecorator object at 0x731c99764430>, verb_extension=<colcon_core.verb.build.BuildVerb object at 0x731c99727af0>, main=<bound method BuildVerb.main of <colcon_core.verb.build.BuildVerb object at 0x731c99727af0>>)
[0.108s] Level 1:colcon.colcon_core.package_discovery:discover_packages(colcon_meta) check parameters
[0.109s] Level 1:colcon.colcon_core.package_discovery:discover_packages(recursive) check parameters
[0.109s] Level 1:colcon.colcon_core.package_discovery:discover_packages(ignore) check parameters
[0.109s] Level 1:colcon.colcon_core.package_discovery:discover_packages(path) check parameters
[0.109s] Level 1:colcon.colcon_core.package_discovery:discover_packages(colcon_meta) discover
[0.109s] Level 1:colcon.colcon_core.package_discovery:discover_packages(recursive) discover
[0.109s] INFO:colcon.colcon_core.package_discovery:Crawling recursively for packages in '/home/jason/projects/motion_control_go2'
[0.109s] Level 1:colcon.colcon_core.package_identification:_identify(.) by extensions ['ignore', 'ignore_ament_install']
[0.109s] Level 1:colcon.colcon_core.package_identification:_identify(.) by extension 'ignore'
[0.109s] Level 1:colcon.colcon_core.package_identification:_identify(.) by extension 'ignore_ament_install'
[0.109s] Level 1:colcon.colcon_core.package_identification:_identify(.) by extensions ['colcon_pkg']
[0.109s] Level 1:colcon.colcon_core.package_identification:_identify(.) by extension 'colcon_pkg'
[0.109s] Level 1:colcon.colcon_core.package_identification:_identify(.) by extensions ['colcon_meta']
[0.109s] Level 1:colcon.colcon_core.package_identification:_identify(.) by extension 'colcon_meta'
[0.109s] Level 1:colcon.colcon_core.package_identification:_identify(.) by extensions ['ros']
[0.109s] Level 1:colcon.colcon_core.package_identification:_identify(.) by extension 'ros'
[0.113s] Level 1:colcon.colcon_core.package_identification:_identify(.) by extensions ['cmake', 'python']
[0.113s] Level 1:colcon.colcon_core.package_identification:_identify(.) by extension 'cmake'
[0.113s] Level 1:colcon.colcon_core.package_identification:_identify(.) by extension 'python'
[0.114s] Level 1:colcon.colcon_core.package_identification:_identify(.) by extensions ['python_setup_py']
[0.114s] Level 1:colcon.colcon_core.package_identification:_identify(.) by extension 'python_setup_py'
[0.114s] Level 1:colcon.colcon_core.package_identification:_identify(build) by extensions ['ignore', 'ignore_ament_install']
[0.114s] Level 1:colcon.colcon_core.package_identification:_identify(build) by extension 'ignore'
[0.114s] Level 1:colcon.colcon_core.package_identification:_identify(build) ignored
[0.114s] Level 1:colcon.colcon_core.package_identification:_identify(docs) by extensions ['ignore', 'ignore_ament_install']
[0.114s] Level 1:colcon.colcon_core.package_identification:_identify(docs) by extension 'ignore'
[0.114s] Level 1:colcon.colcon_core.package_identification:_identify(docs) by extension 'ignore_ament_install'
[0.114s] Level 1:colcon.colcon_core.package_identification:_identify(docs) by extensions ['colcon_pkg']
[0.114s] Level 1:colcon.colcon_core.package_identification:_identify(docs) by extension 'colcon_pkg'
[0.114s] Level 1:colcon.colcon_core.package_identification:_identify(docs) by extensions ['colcon_meta']
[0.114s] Level 1:colcon.colcon_core.package_identification:_identify(docs) by extension 'colcon_meta'
[0.114s] Level 1:colcon.colcon_core.package_identification:_identify(docs) by extensions ['ros']
[0.114s] Level 1:colcon.colcon_core.package_identification:_identify(docs) by extension 'ros'
[0.114s] Level 1:colcon.colcon_core.package_identification:_identify(docs) by extensions ['cmake', 'python']
[0.114s] Level 1:colcon.colcon_core.package_identification:_identify(docs) by extension 'cmake'
[0.114s] Level 1:colcon.colcon_core.package_identification:_identify(docs) by extension 'python'
[0.114s] Level 1:colcon.colcon_core.package_identification:_identify(docs) by extensions ['python_setup_py']
[0.114s] Level 1:colcon.colcon_core.package_identification:_identify(docs) by extension 'python_setup_py'
[0.226s] Level 1:colcon.colcon_core.package_identification:_identify(docs/html) by extensions ['ignore', 'ignore_ament_install']
[0.226s] Level 1:colcon.colcon_core.package_identification:_identify(docs/html) by extension 'ignore'
[0.227s] Level 1:colcon.colcon_core.package_identification:_identify(docs/html) by extension 'ignore_ament_install'
[0.227s] Level 1:colcon.colcon_core.package_identification:_identify(docs/html) by extensions ['colcon_pkg']
[0.227s] Level 1:colcon.colcon_core.package_identification:_identify(docs/html) by extension 'colcon_pkg'
[0.227s] Level 1:colcon.colcon_core.package_identification:_identify(docs/html) by extensions ['colcon_meta']
[0.227s] Level 1:colcon.colcon_core.package_identification:_identify(docs/html) by extension 'colcon_meta'
[0.227s] Level 1:colcon.colcon_core.package_identification:_identify(docs/html) by extensions ['ros']
[0.227s] Level 1:colcon.colcon_core.package_identification:_identify(docs/html) by extension 'ros'
[0.227s] Level 1:colcon.colcon_core.package_identification:_identify(docs/html) by extensions ['cmake', 'python']
[0.227s] Level 1:colcon.colcon_core.package_identification:_identify(docs/html) by extension 'cmake'
[0.227s] Level 1:colcon.colcon_core.package_identification:_identify(docs/html) by extension 'python'
[0.227s] Level 1:colcon.colcon_core.package_identification:_identify(docs/html) by extensions ['python_setup_py']
[0.227s] Level 1:colcon.colcon_core.package_identification:_identify(docs/html) by extension 'python_setup_py'
[0.228s] Level 1:colcon.colcon_core.package_identification:_identify(docs/html/search) by extensions ['ignore', 'ignore_ament_install']
[0.228s] Level 1:colcon.colcon_core.package_identification:_identify(docs/html/search) by extension 'ignore'
[0.228s] Level 1:colcon.colcon_core.package_identification:_identify(docs/html/search) by extension 'ignore_ament_install'
[0.228s] Level 1:colcon.colcon_core.package_identification:_identify(docs/html/search) by extensions ['colcon_pkg']
[0.228s] Level 1:colcon.colcon_core.package_identification:_identify(docs/html/search) by extension 'colcon_pkg'
[0.228s] Level 1:colcon.colcon_core.package_identification:_identify(docs/html/search) by extensions ['colcon_meta']
[0.228s] Level 1:colcon.colcon_core.package_identification:_identify(docs/html/search) by extension 'colcon_meta'
[0.228s] Level 1:colcon.colcon_core.package_identification:_identify(docs/html/search) by extensions ['ros']
[0.228s] Level 1:colcon.colcon_core.package_identification:_identify(docs/html/search) by extension 'ros'
[0.228s] Level 1:colcon.colcon_core.package_identification:_identify(docs/html/search) by extensions ['cmake', 'python']
[0.228s] Level 1:colcon.colcon_core.package_identification:_identify(docs/html/search) by extension 'cmake'
[0.228s] Level 1:colcon.colcon_core.package_identification:_identify(docs/html/search) by extension 'python'
[0.228s] Level 1:colcon.colcon_core.package_identification:_identify(docs/html/search) by extensions ['python_setup_py']
[0.228s] Level 1:colcon.colcon_core.package_identification:_identify(docs/html/search) by extension 'python_setup_py'
[0.229s] Level 1:colcon.colcon_core.package_identification:_identify(install) by extensions ['ignore', 'ignore_ament_install']
[0.229s] Level 1:colcon.colcon_core.package_identification:_identify(install) by extension 'ignore'
[0.229s] Level 1:colcon.colcon_core.package_identification:_identify(install) ignored
[0.229s] Level 1:colcon.colcon_core.package_identification:_identify(log) by extensions ['ignore', 'ignore_ament_install']
[0.229s] Level 1:colcon.colcon_core.package_identification:_identify(log) by extension 'ignore'
[0.229s] Level 1:colcon.colcon_core.package_identification:_identify(log) ignored
[0.229s] Level 1:colcon.colcon_core.package_identification:_identify(src) by extensions ['ignore', 'ignore_ament_install']
[0.229s] Level 1:colcon.colcon_core.package_identification:_identify(src) by extension 'ignore'
[0.230s] Level 1:colcon.colcon_core.package_identification:_identify(src) by extension 'ignore_ament_install'
[0.230s] Level 1:colcon.colcon_core.package_identification:_identify(src) by extensions ['colcon_pkg']
[0.230s] Level 1:colcon.colcon_core.package_identification:_identify(src) by extension 'colcon_pkg'
[0.230s] Level 1:colcon.colcon_core.package_identification:_identify(src) by extensions ['colcon_meta']
[0.230s] Level 1:colcon.colcon_core.package_identification:_identify(src) by extension 'colcon_meta'
[0.230s] Level 1:colcon.colcon_core.package_identification:_identify(src) by extensions ['ros']
[0.230s] Level 1:colcon.colcon_core.package_identification:_identify(src) by extension 'ros'
[0.230s] Level 1:colcon.colcon_core.package_identification:_identify(src) by extensions ['cmake', 'python']
[0.230s] Level 1:colcon.colcon_core.package_identification:_identify(src) by extension 'cmake'
[0.230s] Level 1:colcon.colcon_core.package_identification:_identify(src) by extension 'python'
[0.230s] Level 1:colcon.colcon_core.package_identification:_identify(src) by extensions ['python_setup_py']
[0.230s] Level 1:colcon.colcon_core.package_identification:_identify(src) by extension 'python_setup_py'
[0.230s] Level 1:colcon.colcon_core.package_identification:_identify(src/build) by extensions ['ignore', 'ignore_ament_install']
[0.230s] Level 1:colcon.colcon_core.package_identification:_identify(src/build) by extension 'ignore'
[0.230s] Level 1:colcon.colcon_core.package_identification:_identify(src/build) ignored
[0.230s] Level 1:colcon.colcon_core.package_identification:_identify(src/go2_pinocchio_demo) by extensions ['ignore', 'ignore_ament_install']
[0.230s] Level 1:colcon.colcon_core.package_identification:_identify(src/go2_pinocchio_demo) by extension 'ignore'
[0.230s] Level 1:colcon.colcon_core.package_identification:_identify(src/go2_pinocchio_demo) by extension 'ignore_ament_install'
[0.230s] Level 1:colcon.colcon_core.package_identification:_identify(src/go2_pinocchio_demo) by extensions ['colcon_pkg']
[0.230s] Level 1:colcon.colcon_core.package_identification:_identify(src/go2_pinocchio_demo) by extension 'colcon_pkg'
[0.230s] Level 1:colcon.colcon_core.package_identification:_identify(src/go2_pinocchio_demo) by extensions ['colcon_meta']
[0.230s] Level 1:colcon.colcon_core.package_identification:_identify(src/go2_pinocchio_demo) by extension 'colcon_meta'
[0.230s] Level 1:colcon.colcon_core.package_identification:_identify(src/go2_pinocchio_demo) by extensions ['ros']
[0.230s] Level 1:colcon.colcon_core.package_identification:_identify(src/go2_pinocchio_demo) by extension 'ros'
[0.232s] DEBUG:colcon.colcon_core.package_identification:Package 'src/go2_pinocchio_demo' with type 'ros.ament_cmake' and name 'go2_pinocchio_demo'
[0.232s] Level 1:colcon.colcon_core.package_identification:_identify(src/install) by extensions ['ignore', 'ignore_ament_install']
[0.233s] Level 1:colcon.colcon_core.package_identification:_identify(src/install) by extension 'ignore'
[0.233s] Level 1:colcon.colcon_core.package_identification:_identify(src/install) ignored
[0.233s] Level 1:colcon.colcon_core.package_identification:_identify(src/log) by extensions ['ignore', 'ignore_ament_install']
[0.233s] Level 1:colcon.colcon_core.package_identification:_identify(src/log) by extension 'ignore'
[0.233s] Level 1:colcon.colcon_core.package_identification:_identify(src/log) ignored
[0.233s] Level 1:colcon.colcon_core.package_identification:_identify(src/mujoco) by extensions ['ignore', 'ignore_ament_install']
[0.233s] Level 1:colcon.colcon_core.package_identification:_identify(src/mujoco) by extension 'ignore'
[0.233s] Level 1:colcon.colcon_core.package_identification:_identify(src/mujoco) by extension 'ignore_ament_install'
[0.233s] Level 1:colcon.colcon_core.package_identification:_identify(src/mujoco) by extensions ['colcon_pkg']
[0.233s] Level 1:colcon.colcon_core.package_identification:_identify(src/mujoco) by extension 'colcon_pkg'
[0.233s] Level 1:colcon.colcon_core.package_identification:_identify(src/mujoco) by extensions ['colcon_meta']
[0.233s] Level 1:colcon.colcon_core.package_identification:_identify(src/mujoco) by extension 'colcon_meta'
[0.233s] Level 1:colcon.colcon_core.package_identification:_identify(src/mujoco) by extensions ['ros']
[0.233s] Level 1:colcon.colcon_core.package_identification:_identify(src/mujoco) by extension 'ros'
[0.233s] Level 1:colcon.colcon_core.package_identification:_identify(src/mujoco) by extensions ['cmake', 'python']
[0.233s] Level 1:colcon.colcon_core.package_identification:_identify(src/mujoco) by extension 'cmake'
[0.330s] Level 1:colcon.colcon_core.package_identification:_identify(src/mujoco) by extension 'python'
[0.330s] DEBUG:colcon.colcon_core.package_identification:Package 'src/mujoco' with type 'cmake' and name 'mujoco'
[0.330s] Level 1:colcon.colcon_core.package_identification:_identify(src/unitree_mujoco) by extensions ['ignore', 'ignore_ament_install']
[0.330s] Level 1:colcon.colcon_core.package_identification:_identify(src/unitree_mujoco) by extension 'ignore'
[0.330s] Level 1:colcon.colcon_core.package_identification:_identify(src/unitree_mujoco) by extension 'ignore_ament_install'
[0.330s] Level 1:colcon.colcon_core.package_identification:_identify(src/unitree_mujoco) by extensions ['colcon_pkg']
[0.330s] Level 1:colcon.colcon_core.package_identification:_identify(src/unitree_mujoco) by extension 'colcon_pkg'
[0.330s] Level 1:colcon.colcon_core.package_identification:_identify(src/unitree_mujoco) by extensions ['colcon_meta']
[0.330s] Level 1:colcon.colcon_core.package_identification:_identify(src/unitree_mujoco) by extension 'colcon_meta'
[0.330s] Level 1:colcon.colcon_core.package_identification:_identify(src/unitree_mujoco) by extensions ['ros']
[0.330s] Level 1:colcon.colcon_core.package_identification:_identify(src/unitree_mujoco) by extension 'ros'
[0.330s] Level 1:colcon.colcon_core.package_identification:_identify(src/unitree_mujoco) by extensions ['cmake', 'python']
[0.330s] Level 1:colcon.colcon_core.package_identification:_identify(src/unitree_mujoco) by extension 'cmake'
[0.330s] Level 1:colcon.colcon_core.package_identification:_identify(src/unitree_mujoco) by extension 'python'
[0.330s] Level 1:colcon.colcon_core.package_identification:_identify(src/unitree_mujoco) by extensions ['python_setup_py']
[0.330s] Level 1:colcon.colcon_core.package_identification:_identify(src/unitree_mujoco) by extension 'python_setup_py'
[0.330s] Level 1:colcon.colcon_core.package_identification:_identify(src/unitree_mujoco/doc) by extensions ['ignore', 'ignore_ament_install']
[0.330s] Level 1:colcon.colcon_core.package_identification:_identify(src/unitree_mujoco/doc) by extension 'ignore'
[0.330s] Level 1:colcon.colcon_core.package_identification:_identify(src/unitree_mujoco/doc) by extension 'ignore_ament_install'
[0.330s] Level 1:colcon.colcon_core.package_identification:_identify(src/unitree_mujoco/doc) by extensions ['colcon_pkg']
[0.330s] Level 1:colcon.colcon_core.package_identification:_identify(src/unitree_mujoco/doc) by extension 'colcon_pkg'
[0.330s] Level 1:colcon.colcon_core.package_identification:_identify(src/unitree_mujoco/doc) by extensions ['colcon_meta']
[0.330s] Level 1:colcon.colcon_core.package_identification:_identify(src/unitree_mujoco/doc) by extension 'colcon_meta'
[0.330s] Level 1:colcon.colcon_core.package_identification:_identify(src/unitree_mujoco/doc) by extensions ['ros']
[0.330s] Level 1:colcon.colcon_core.package_identification:_identify(src/unitree_mujoco/doc) by extension 'ros'
[0.330s] Level 1:colcon.colcon_core.package_identification:_identify(src/unitree_mujoco/doc) by extensions ['cmake', 'python']
[0.330s] Level 1:colcon.colcon_core.package_identification:_identify(src/unitree_mujoco/doc) by extension 'cmake'
[0.330s] Level 1:colcon.colcon_core.package_identification:_identify(src/unitree_mujoco/doc) by extension 'python'
[0.330s] Level 1:colcon.colcon_core.package_identification:_identify(src/unitree_mujoco/doc) by extensions ['python_setup_py']
[0.330s] Level 1:colcon.colcon_core.package_identification:_identify(src/unitree_mujoco/doc) by extension 'python_setup_py'
[0.330s] Level 1:colcon.colcon_core.package_identification:_identify(src/unitree_mujoco/example) by extensions ['ignore', 'ignore_ament_install']
[0.330s] Level 1:colcon.colcon_core.package_identification:_identify(src/unitree_mujoco/example) by extension 'ignore'
[0.330s] Level 1:colcon.colcon_core.package_identification:_identify(src/unitree_mujoco/example) by extension 'ignore_ament_install'
[0.330s] Level 1:colcon.colcon_core.package_identification:_identify(src/unitree_mujoco/example) by extensions ['colcon_pkg']
[0.330s] Level 1:colcon.colcon_core.package_identification:_identify(src/unitree_mujoco/example) by extension 'colcon_pkg'
[0.330s] Level 1:colcon.colcon_core.package_identification:_identify(src/unitree_mujoco/example) by extensions ['colcon_meta']
[0.330s] Level 1:colcon.colcon_core.package_identification:_identify(src/unitree_mujoco/example) by extension 'colcon_meta'
[0.330s] Level 1:colcon.colcon_core.package_identification:_identify(src/unitree_mujoco/example) by extensions ['ros']
[0.330s] Level 1:colcon.colcon_core.package_identification:_identify(src/unitree_mujoco/example) by extension 'ros'
[0.330s] Level 1:colcon.colcon_core.package_identification:_identify(src/unitree_mujoco/example) by extensions ['cmake', 'python']
[0.330s] Level 1:colcon.colcon_core.package_identification:_identify(src/unitree_mujoco/example) by extension 'cmake'
[0.330s] Level 1:colcon.colcon_core.package_identification:_identify(src/unitree_mujoco/example) by extension 'python'
[0.331s] Level 1:colcon.colcon_core.package_identification:_identify(src/unitree_mujoco/example) by extensions ['python_setup_py']
[0.331s] Level 1:colcon.colcon_core.package_identification:_identify(src/unitree_mujoco/example) by extension 'python_setup_py'
[0.331s] Level 1:colcon.colcon_core.package_identification:_identify(src/unitree_mujoco/example/python) by extensions ['ignore', 'ignore_ament_install']
[0.331s] Level 1:colcon.colcon_core.package_identification:_identify(src/unitree_mujoco/example/python) by extension 'ignore'
[0.331s] Level 1:colcon.colcon_core.package_identification:_identify(src/unitree_mujoco/example/python) by extension 'ignore_ament_install'
[0.331s] Level 1:colcon.colcon_core.package_identification:_identify(src/unitree_mujoco/example/python) by extensions ['colcon_pkg']
[0.331s] Level 1:colcon.colcon_core.package_identification:_identify(src/unitree_mujoco/example/python) by extension 'colcon_pkg'
[0.331s] Level 1:colcon.colcon_core.package_identification:_identify(src/unitree_mujoco/example/python) by extensions ['colcon_meta']
[0.331s] Level 1:colcon.colcon_core.package_identification:_identify(src/unitree_mujoco/example/python) by extension 'colcon_meta'
[0.331s] Level 1:colcon.colcon_core.package_identification:_identify(src/unitree_mujoco/example/python) by extensions ['ros']
[0.331s] Level 1:colcon.colcon_core.package_identification:_identify(src/unitree_mujoco/example/python) by extension 'ros'
[0.331s] Level 1:colcon.colcon_core.package_identification:_identify(src/unitree_mujoco/example/python) by extensions ['cmake', 'python']
[0.331s] Level 1:colcon.colcon_core.package_identification:_identify(src/unitree_mujoco/example/python) by extension 'cmake'
[0.331s] Level 1:colcon.colcon_core.package_identification:_identify(src/unitree_mujoco/example/python) by extension 'python'
[0.331s] Level 1:colcon.colcon_core.package_identification:_identify(src/unitree_mujoco/example/python) by extensions ['python_setup_py']
[0.331s] Level 1:colcon.colcon_core.package_identification:_identify(src/unitree_mujoco/example/python) by extension 'python_setup_py'
[0.331s] Level 1:colcon.colcon_core.package_identification:_identify(src/unitree_mujoco/example/ros2) by extensions ['ignore', 'ignore_ament_install']
[0.331s] Level 1:colcon.colcon_core.package_identification:_identify(src/unitree_mujoco/example/ros2) by extension 'ignore'
[0.331s] Level 1:colcon.colcon_core.package_identification:_identify(src/unitree_mujoco/example/ros2) by extension 'ignore_ament_install'
[0.331s] Level 1:colcon.colcon_core.package_identification:_identify(src/unitree_mujoco/example/ros2) by extensions ['colcon_pkg']
[0.331s] Level 1:colcon.colcon_core.package_identification:_identify(src/unitree_mujoco/example/ros2) by extension 'colcon_pkg'
[0.331s] Level 1:colcon.colcon_core.package_identification:_identify(src/unitree_mujoco/example/ros2) by extensions ['colcon_meta']
[0.331s] Level 1:colcon.colcon_core.package_identification:_identify(src/unitree_mujoco/example/ros2) by extension 'colcon_meta'
[0.331s] Level 1:colcon.colcon_core.package_identification:_identify(src/unitree_mujoco/example/ros2) by extensions ['ros']
[0.331s] Level 1:colcon.colcon_core.package_identification:_identify(src/unitree_mujoco/example/ros2) by extension 'ros'
[0.331s] DEBUG:colcon.colcon_core.package_identification:Package 'src/unitree_mujoco/example/ros2' with type 'ros.ament_cmake' and name 'stand_go2'
[0.331s] Level 1:colcon.colcon_core.package_identification:_identify(src/unitree_mujoco/simulate) by extensions ['ignore', 'ignore_ament_install']
[0.331s] Level 1:colcon.colcon_core.package_identification:_identify(src/unitree_mujoco/simulate) by extension 'ignore'
[0.331s] Level 1:colcon.colcon_core.package_identification:_identify(src/unitree_mujoco/simulate) by extension 'ignore_ament_install'
[0.331s] Level 1:colcon.colcon_core.package_identification:_identify(src/unitree_mujoco/simulate) by extensions ['colcon_pkg']
[0.331s] Level 1:colcon.colcon_core.package_identification:_identify(src/unitree_mujoco/simulate) by extension 'colcon_pkg'
[0.331s] Level 1:colcon.colcon_core.package_identification:_identify(src/unitree_mujoco/simulate) by extensions ['colcon_meta']
[0.331s] Level 1:colcon.colcon_core.package_identification:_identify(src/unitree_mujoco/simulate) by extension 'colcon_meta'
[0.331s] Level 1:colcon.colcon_core.package_identification:_identify(src/unitree_mujoco/simulate) by extensions ['ros']
[0.332s] Level 1:colcon.colcon_core.package_identification:_identify(src/unitree_mujoco/simulate) by extension 'ros'
[0.332s] Level 1:colcon.colcon_core.package_identification:_identify(src/unitree_mujoco/simulate) by extensions ['cmake', 'python']
[0.332s] Level 1:colcon.colcon_core.package_identification:_identify(src/unitree_mujoco/simulate) by extension 'cmake'
[0.333s] Level 1:colcon.colcon_core.package_identification:_identify(src/unitree_mujoco/simulate) by extension 'python'
[0.333s] DEBUG:colcon.colcon_core.package_identification:Package 'src/unitree_mujoco/simulate' with type 'cmake' and name 'unitree_mujoco'
[0.333s] Level 1:colcon.colcon_core.package_identification:_identify(src/unitree_mujoco/simulate_python) by extensions ['ignore', 'ignore_ament_install']
[0.333s] Level 1:colcon.colcon_core.package_identification:_identify(src/unitree_mujoco/simulate_python) by extension 'ignore'
[0.333s] Level 1:colcon.colcon_core.package_identification:_identify(src/unitree_mujoco/simulate_python) by extension 'ignore_ament_install'
[0.333s] Level 1:colcon.colcon_core.package_identification:_identify(src/unitree_mujoco/simulate_python) by extensions ['colcon_pkg']
[0.333s] Level 1:colcon.colcon_core.package_identification:_identify(src/unitree_mujoco/simulate_python) by extension 'colcon_pkg'
[0.333s] Level 1:colcon.colcon_core.package_identification:_identify(src/unitree_mujoco/simulate_python) by extensions ['colcon_meta']
[0.333s] Level 1:colcon.colcon_core.package_identification:_identify(src/unitree_mujoco/simulate_python) by extension 'colcon_meta'
[0.333s] Level 1:colcon.colcon_core.package_identification:_identify(src/unitree_mujoco/simulate_python) by extensions ['ros']
[0.333s] Level 1:colcon.colcon_core.package_identification:_identify(src/unitree_mujoco/simulate_python) by extension 'ros'
[0.333s] Level 1:colcon.colcon_core.package_identification:_identify(src/unitree_mujoco/simulate_python) by extensions ['cmake', 'python']
[0.333s] Level 1:colcon.colcon_core.package_identification:_identify(src/unitree_mujoco/simulate_python) by extension 'cmake'
[0.333s] Level 1:colcon.colcon_core.package_identification:_identify(src/unitree_mujoco/simulate_python) by extension 'python'
[0.333s] Level 1:colcon.colcon_core.package_identification:_identify(src/unitree_mujoco/simulate_python) by extensions ['python_setup_py']
[0.333s] Level 1:colcon.colcon_core.package_identification:_identify(src/unitree_mujoco/simulate_python) by extension 'python_setup_py'
[0.333s] Level 1:colcon.colcon_core.package_identification:_identify(src/unitree_mujoco/simulate_python/__pycache__) by extensions ['ignore', 'ignore_ament_install']
[0.333s] Level 1:colcon.colcon_core.package_identification:_identify(src/unitree_mujoco/simulate_python/__pycache__) by extension 'ignore'
[0.333s] Level 1:colcon.colcon_core.package_identification:_identify(src/unitree_mujoco/simulate_python/__pycache__) by extension 'ignore_ament_install'
[0.333s] Level 1:colcon.colcon_core.package_identification:_identify(src/unitree_mujoco/simulate_python/__pycache__) by extensions ['colcon_pkg']
[0.333s] Level 1:colcon.colcon_core.package_identification:_identify(src/unitree_mujoco/simulate_python/__pycache__) by extension 'colcon_pkg'
[0.333s] Level 1:colcon.colcon_core.package_identification:_identify(src/unitree_mujoco/simulate_python/__pycache__) by extensions ['colcon_meta']
[0.333s] Level 1:colcon.colcon_core.package_identification:_identify(src/unitree_mujoco/simulate_python/__pycache__) by extension 'colcon_meta'
[0.333s] Level 1:colcon.colcon_core.package_identification:_identify(src/unitree_mujoco/simulate_python/__pycache__) by extensions ['ros']
[0.333s] Level 1:colcon.colcon_core.package_identification:_identify(src/unitree_mujoco/simulate_python/__pycache__) by extension 'ros'
[0.333s] Level 1:colcon.colcon_core.package_identification:_identify(src/unitree_mujoco/simulate_python/__pycache__) by extensions ['cmake', 'python']
[0.333s] Level 1:colcon.colcon_core.package_identification:_identify(src/unitree_mujoco/simulate_python/__pycache__) by extension 'cmake'
[0.333s] Level 1:colcon.colcon_core.package_identification:_identify(src/unitree_mujoco/simulate_python/__pycache__) by extension 'python'
[0.333s] Level 1:colcon.colcon_core.package_identification:_identify(src/unitree_mujoco/simulate_python/__pycache__) by extensions ['python_setup_py']
[0.333s] Level 1:colcon.colcon_core.package_identification:_identify(src/unitree_mujoco/simulate_python/__pycache__) by extension 'python_setup_py'
[0.333s] Level 1:colcon.colcon_core.package_identification:_identify(src/unitree_mujoco/simulate_python/test) by extensions ['ignore', 'ignore_ament_install']
[0.333s] Level 1:colcon.colcon_core.package_identification:_identify(src/unitree_mujoco/simulate_python/test) by extension 'ignore'
[0.333s] Level 1:colcon.colcon_core.package_identification:_identify(src/unitree_mujoco/simulate_python/test) by extension 'ignore_ament_install'
[0.333s] Level 1:colcon.colcon_core.package_identification:_identify(src/unitree_mujoco/simulate_python/test) by extensions ['colcon_pkg']
[0.333s] Level 1:colcon.colcon_core.package_identification:_identify(src/unitree_mujoco/simulate_python/test) by extension 'colcon_pkg'
[0.333s] Level 1:colcon.colcon_core.package_identification:_identify(src/unitree_mujoco/simulate_python/test) by extensions ['colcon_meta']
[0.333s] Level 1:colcon.colcon_core.package_identification:_identify(src/unitree_mujoco/simulate_python/test) by extension 'colcon_meta'
[0.333s] Level 1:colcon.colcon_core.package_identification:_identify(src/unitree_mujoco/simulate_python/test) by extensions ['ros']
[0.333s] Level 1:colcon.colcon_core.package_identification:_identify(src/unitree_mujoco/simulate_python/test) by extension 'ros'
[0.333s] Level 1:colcon.colcon_core.package_identification:_identify(src/unitree_mujoco/simulate_python/test) by extensions ['cmake', 'python']
[0.333s] Level 1:colcon.colcon_core.package_identification:_identify(src/unitree_mujoco/simulate_python/test) by extension 'cmake'
[0.333s] Level 1:colcon.colcon_core.package_identification:_identify(src/unitree_mujoco/simulate_python/test) by extension 'python'
[0.333s] Level 1:colcon.colcon_core.package_identification:_identify(src/unitree_mujoco/simulate_python/test) by extensions ['python_setup_py']
[0.333s] Level 1:colcon.colcon_core.package_identification:_identify(src/unitree_mujoco/simulate_python/test) by extension 'python_setup_py'
[0.333s] Level 1:colcon.colcon_core.package_identification:_identify(src/unitree_mujoco/terrain_tool) by extensions ['ignore', 'ignore_ament_install']
[0.333s] Level 1:colcon.colcon_core.package_identification:_identify(src/unitree_mujoco/terrain_tool) by extension 'ignore'
[0.333s] Level 1:colcon.colcon_core.package_identification:_identify(src/unitree_mujoco/terrain_tool) by extension 'ignore_ament_install'
[0.333s] Level 1:colcon.colcon_core.package_identification:_identify(src/unitree_mujoco/terrain_tool) by extensions ['colcon_pkg']
[0.333s] Level 1:colcon.colcon_core.package_identification:_identify(src/unitree_mujoco/terrain_tool) by extension 'colcon_pkg'
[0.333s] Level 1:colcon.colcon_core.package_identification:_identify(src/unitree_mujoco/terrain_tool) by extensions ['colcon_meta']
[0.333s] Level 1:colcon.colcon_core.package_identification:_identify(src/unitree_mujoco/terrain_tool) by extension 'colcon_meta'
[0.333s] Level 1:colcon.colcon_core.package_identification:_identify(src/unitree_mujoco/terrain_tool) by extensions ['ros']
[0.333s] Level 1:colcon.colcon_core.package_identification:_identify(src/unitree_mujoco/terrain_tool) by extension 'ros'
[0.333s] Level 1:colcon.colcon_core.package_identification:_identify(src/unitree_mujoco/terrain_tool) by extensions ['cmake', 'python']
[0.333s] Level 1:colcon.colcon_core.package_identification:_identify(src/unitree_mujoco/terrain_tool) by extension 'cmake'
[0.333s] Level 1:colcon.colcon_core.package_identification:_identify(src/unitree_mujoco/terrain_tool) by extension 'python'
[0.333s] Level 1:colcon.colcon_core.package_identification:_identify(src/unitree_mujoco/terrain_tool) by extensions ['python_setup_py']
[0.333s] Level 1:colcon.colcon_core.package_identification:_identify(src/unitree_mujoco/terrain_tool) by extension 'python_setup_py'
[0.334s] Level 1:colcon.colcon_core.package_identification:_identify(src/unitree_mujoco/unitree_robots) by extensions ['ignore', 'ignore_ament_install']
[0.334s] Level 1:colcon.colcon_core.package_identification:_identify(src/unitree_mujoco/unitree_robots) by extension 'ignore'
[0.334s] Level 1:colcon.colcon_core.package_identification:_identify(src/unitree_mujoco/unitree_robots) by extension 'ignore_ament_install'
[0.334s] Level 1:colcon.colcon_core.package_identification:_identify(src/unitree_mujoco/unitree_robots) by extensions ['colcon_pkg']
[0.334s] Level 1:colcon.colcon_core.package_identification:_identify(src/unitree_mujoco/unitree_robots) by extension 'colcon_pkg'
[0.334s] Level 1:colcon.colcon_core.package_identification:_identify(src/unitree_mujoco/unitree_robots) by extensions ['colcon_meta']
[0.334s] Level 1:colcon.colcon_core.package_identification:_identify(src/unitree_mujoco/unitree_robots) by extension 'colcon_meta'
[0.334s] Level 1:colcon.colcon_core.package_identification:_identify(src/unitree_mujoco/unitree_robots) by extensions ['ros']
[0.334s] Level 1:colcon.colcon_core.package_identification:_identify(src/unitree_mujoco/unitree_robots) by extension 'ros'
[0.334s] Level 1:colcon.colcon_core.package_identification:_identify(src/unitree_mujoco/unitree_robots) by extensions ['cmake', 'python']
[0.334s] Level 1:colcon.colcon_core.package_identification:_identify(src/unitree_mujoco/unitree_robots) by extension 'cmake'
[0.334s] Level 1:colcon.colcon_core.package_identification:_identify(src/unitree_mujoco/unitree_robots) by extension 'python'
[0.334s] Level 1:colcon.colcon_core.package_identification:_identify(src/unitree_mujoco/unitree_robots) by extensions ['python_setup_py']
[0.334s] Level 1:colcon.colcon_core.package_identification:_identify(src/unitree_mujoco/unitree_robots) by extension 'python_setup_py'
[0.334s] Level 1:colcon.colcon_core.package_identification:_identify(src/unitree_mujoco/unitree_robots/b2) by extensions ['ignore', 'ignore_ament_install']
[0.334s] Level 1:colcon.colcon_core.package_identification:_identify(src/unitree_mujoco/unitree_robots/b2) by extension 'ignore'
[0.334s] Level 1:colcon.colcon_core.package_identification:_identify(src/unitree_mujoco/unitree_robots/b2) by extension 'ignore_ament_install'
[0.334s] Level 1:colcon.colcon_core.package_identification:_identify(src/unitree_mujoco/unitree_robots/b2) by extensions ['colcon_pkg']
[0.334s] Level 1:colcon.colcon_core.package_identification:_identify(src/unitree_mujoco/unitree_robots/b2) by extension 'colcon_pkg'
[0.334s] Level 1:colcon.colcon_core.package_identification:_identify(src/unitree_mujoco/unitree_robots/b2) by extensions ['colcon_meta']
[0.334s] Level 1:colcon.colcon_core.package_identification:_identify(src/unitree_mujoco/unitree_robots/b2) by extension 'colcon_meta'
[0.334s] Level 1:colcon.colcon_core.package_identification:_identify(src/unitree_mujoco/unitree_robots/b2) by extensions ['ros']
[0.334s] Level 1:colcon.colcon_core.package_identification:_identify(src/unitree_mujoco/unitree_robots/b2) by extension 'ros'
[0.334s] Level 1:colcon.colcon_core.package_identification:_identify(src/unitree_mujoco/unitree_robots/b2) by extensions ['cmake', 'python']
[0.334s] Level 1:colcon.colcon_core.package_identification:_identify(src/unitree_mujoco/unitree_robots/b2) by extension 'cmake'
[0.334s] Level 1:colcon.colcon_core.package_identification:_identify(src/unitree_mujoco/unitree_robots/b2) by extension 'python'
[0.334s] Level 1:colcon.colcon_core.package_identification:_identify(src/unitree_mujoco/unitree_robots/b2) by extensions ['python_setup_py']
[0.334s] Level 1:colcon.colcon_core.package_identification:_identify(src/unitree_mujoco/unitree_robots/b2) by extension 'python_setup_py'
[0.334s] Level 1:colcon.colcon_core.package_identification:_identify(src/unitree_mujoco/unitree_robots/b2/assets) by extensions ['ignore', 'ignore_ament_install']
[0.334s] Level 1:colcon.colcon_core.package_identification:_identify(src/unitree_mujoco/unitree_robots/b2/assets) by extension 'ignore'
[0.334s] Level 1:colcon.colcon_core.package_identification:_identify(src/unitree_mujoco/unitree_robots/b2/assets) by extension 'ignore_ament_install'
[0.334s] Level 1:colcon.colcon_core.package_identification:_identify(src/unitree_mujoco/unitree_robots/b2/assets) by extensions ['colcon_pkg']
[0.334s] Level 1:colcon.colcon_core.package_identification:_identify(src/unitree_mujoco/unitree_robots/b2/assets) by extension 'colcon_pkg'
[0.334s] Level 1:colcon.colcon_core.package_identification:_identify(src/unitree_mujoco/unitree_robots/b2/assets) by extensions ['colcon_meta']
[0.334s] Level 1:colcon.colcon_core.package_identification:_identify(src/unitree_mujoco/unitree_robots/b2/assets) by extension 'colcon_meta'
[0.334s] Level 1:colcon.colcon_core.package_identification:_identify(src/unitree_mujoco/unitree_robots/b2/assets) by extensions ['ros']
[0.334s] Level 1:colcon.colcon_core.package_identification:_identify(src/unitree_mujoco/unitree_robots/b2/assets) by extension 'ros'
[0.334s] Level 1:colcon.colcon_core.package_identification:_identify(src/unitree_mujoco/unitree_robots/b2/assets) by extensions ['cmake', 'python']
[0.334s] Level 1:colcon.colcon_core.package_identification:_identify(src/unitree_mujoco/unitree_robots/b2/assets) by extension 'cmake'
[0.334s] Level 1:colcon.colcon_core.package_identification:_identify(src/unitree_mujoco/unitree_robots/b2/assets) by extension 'python'
[0.334s] Level 1:colcon.colcon_core.package_identification:_identify(src/unitree_mujoco/unitree_robots/b2/assets) by extensions ['python_setup_py']
[0.334s] Level 1:colcon.colcon_core.package_identification:_identify(src/unitree_mujoco/unitree_robots/b2/assets) by extension 'python_setup_py'
[0.334s] Level 1:colcon.colcon_core.package_identification:_identify(src/unitree_mujoco/unitree_robots/b2w) by extensions ['ignore', 'ignore_ament_install']
[0.334s] Level 1:colcon.colcon_core.package_identification:_identify(src/unitree_mujoco/unitree_robots/b2w) by extension 'ignore'
[0.334s] Level 1:colcon.colcon_core.package_identification:_identify(src/unitree_mujoco/unitree_robots/b2w) by extension 'ignore_ament_install'
[0.334s] Level 1:colcon.colcon_core.package_identification:_identify(src/unitree_mujoco/unitree_robots/b2w) by extensions ['colcon_pkg']
[0.334s] Level 1:colcon.colcon_core.package_identification:_identify(src/unitree_mujoco/unitree_robots/b2w) by extension 'colcon_pkg'
[0.334s] Level 1:colcon.colcon_core.package_identification:_identify(src/unitree_mujoco/unitree_robots/b2w) by extensions ['colcon_meta']
[0.334s] Level 1:colcon.colcon_core.package_identification:_identify(src/unitree_mujoco/unitree_robots/b2w) by extension 'colcon_meta'
[0.334s] Level 1:colcon.colcon_core.package_identification:_identify(src/unitree_mujoco/unitree_robots/b2w) by extensions ['ros']
[0.334s] Level 1:colcon.colcon_core.package_identification:_identify(src/unitree_mujoco/unitree_robots/b2w) by extension 'ros'
[0.334s] Level 1:colcon.colcon_core.package_identification:_identify(src/unitree_mujoco/unitree_robots/b2w) by extensions ['cmake', 'python']
[0.334s] Level 1:colcon.colcon_core.package_identification:_identify(src/unitree_mujoco/unitree_robots/b2w) by extension 'cmake'
[0.334s] Level 1:colcon.colcon_core.package_identification:_identify(src/unitree_mujoco/unitree_robots/b2w) by extension 'python'
[0.334s] Level 1:colcon.colcon_core.package_identification:_identify(src/unitree_mujoco/unitree_robots/b2w) by extensions ['python_setup_py']
[0.334s] Level 1:colcon.colcon_core.package_identification:_identify(src/unitree_mujoco/unitree_robots/b2w) by extension 'python_setup_py'
[0.334s] Level 1:colcon.colcon_core.package_identification:_identify(src/unitree_mujoco/unitree_robots/b2w/assets) by extensions ['ignore', 'ignore_ament_install']
[0.334s] Level 1:colcon.colcon_core.package_identification:_identify(src/unitree_mujoco/unitree_robots/b2w/assets) by extension 'ignore'
[0.334s] Level 1:colcon.colcon_core.package_identification:_identify(src/unitree_mujoco/unitree_robots/b2w/assets) by extension 'ignore_ament_install'
[0.335s] Level 1:colcon.colcon_core.package_identification:_identify(src/unitree_mujoco/unitree_robots/b2w/assets) by extensions ['colcon_pkg']
[0.335s] Level 1:colcon.colcon_core.package_identification:_identify(src/unitree_mujoco/unitree_robots/b2w/assets) by extension 'colcon_pkg'
[0.335s] Level 1:colcon.colcon_core.package_identification:_identify(src/unitree_mujoco/unitree_robots/b2w/assets) by extensions ['colcon_meta']
[0.335s] Level 1:colcon.colcon_core.package_identification:_identify(src/unitree_mujoco/unitree_robots/b2w/assets) by extension 'colcon_meta'
[0.335s] Level 1:colcon.colcon_core.package_identification:_identify(src/unitree_mujoco/unitree_robots/b2w/assets) by extensions ['ros']
[0.335s] Level 1:colcon.colcon_core.package_identification:_identify(src/unitree_mujoco/unitree_robots/b2w/assets) by extension 'ros'
[0.335s] Level 1:colcon.colcon_core.package_identification:_identify(src/unitree_mujoco/unitree_robots/b2w/assets) by extensions ['cmake', 'python']
[0.335s] Level 1:colcon.colcon_core.package_identification:_identify(src/unitree_mujoco/unitree_robots/b2w/assets) by extension 'cmake'
[0.335s] Level 1:colcon.colcon_core.package_identification:_identify(src/unitree_mujoco/unitree_robots/b2w/assets) by extension 'python'
[0.335s] Level 1:colcon.colcon_core.package_identification:_identify(src/unitree_mujoco/unitree_robots/b2w/assets) by extensions ['python_setup_py']
[0.335s] Level 1:colcon.colcon_core.package_identification:_identify(src/unitree_mujoco/unitree_robots/b2w/assets) by extension 'python_setup_py'
[0.335s] Level 1:colcon.colcon_core.package_identification:_identify(src/unitree_mujoco/unitree_robots/g1) by extensions ['ignore', 'ignore_ament_install']
[0.335s] Level 1:colcon.colcon_core.package_identification:_identify(src/unitree_mujoco/unitree_robots/g1) by extension 'ignore'
[0.335s] Level 1:colcon.colcon_core.package_identification:_identify(src/unitree_mujoco/unitree_robots/g1) by extension 'ignore_ament_install'
[0.335s] Level 1:colcon.colcon_core.package_identification:_identify(src/unitree_mujoco/unitree_robots/g1) by extensions ['colcon_pkg']
[0.335s] Level 1:colcon.colcon_core.package_identification:_identify(src/unitree_mujoco/unitree_robots/g1) by extension 'colcon_pkg'
[0.335s] Level 1:colcon.colcon_core.package_identification:_identify(src/unitree_mujoco/unitree_robots/g1) by extensions ['colcon_meta']
[0.335s] Level 1:colcon.colcon_core.package_identification:_identify(src/unitree_mujoco/unitree_robots/g1) by extension 'colcon_meta'
[0.335s] Level 1:colcon.colcon_core.package_identification:_identify(src/unitree_mujoco/unitree_robots/g1) by extensions ['ros']
[0.335s] Level 1:colcon.colcon_core.package_identification:_identify(src/unitree_mujoco/unitree_robots/g1) by extension 'ros'
[0.335s] Level 1:colcon.colcon_core.package_identification:_identify(src/unitree_mujoco/unitree_robots/g1) by extensions ['cmake', 'python']
[0.335s] Level 1:colcon.colcon_core.package_identification:_identify(src/unitree_mujoco/unitree_robots/g1) by extension 'cmake'
[0.335s] Level 1:colcon.colcon_core.package_identification:_identify(src/unitree_mujoco/unitree_robots/g1) by extension 'python'
[0.335s] Level 1:colcon.colcon_core.package_identification:_identify(src/unitree_mujoco/unitree_robots/g1) by extensions ['python_setup_py']
[0.335s] Level 1:colcon.colcon_core.package_identification:_identify(src/unitree_mujoco/unitree_robots/g1) by extension 'python_setup_py'
[0.335s] Level 1:colcon.colcon_core.package_identification:_identify(src/unitree_mujoco/unitree_robots/g1/images) by extensions ['ignore', 'ignore_ament_install']
[0.335s] Level 1:colcon.colcon_core.package_identification:_identify(src/unitree_mujoco/unitree_robots/g1/images) by extension 'ignore'
[0.335s] Level 1:colcon.colcon_core.package_identification:_identify(src/unitree_mujoco/unitree_robots/g1/images) by extension 'ignore_ament_install'
[0.335s] Level 1:colcon.colcon_core.package_identification:_identify(src/unitree_mujoco/unitree_robots/g1/images) by extensions ['colcon_pkg']
[0.335s] Level 1:colcon.colcon_core.package_identification:_identify(src/unitree_mujoco/unitree_robots/g1/images) by extension 'colcon_pkg'
[0.335s] Level 1:colcon.colcon_core.package_identification:_identify(src/unitree_mujoco/unitree_robots/g1/images) by extensions ['colcon_meta']
[0.335s] Level 1:colcon.colcon_core.package_identification:_identify(src/unitree_mujoco/unitree_robots/g1/images) by extension 'colcon_meta'
[0.335s] Level 1:colcon.colcon_core.package_identification:_identify(src/unitree_mujoco/unitree_robots/g1/images) by extensions ['ros']
[0.335s] Level 1:colcon.colcon_core.package_identification:_identify(src/unitree_mujoco/unitree_robots/g1/images) by extension 'ros'
[0.335s] Level 1:colcon.colcon_core.package_identification:_identify(src/unitree_mujoco/unitree_robots/g1/images) by extensions ['cmake', 'python']
[0.335s] Level 1:colcon.colcon_core.package_identification:_identify(src/unitree_mujoco/unitree_robots/g1/images) by extension 'cmake'
[0.335s] Level 1:colcon.colcon_core.package_identification:_identify(src/unitree_mujoco/unitree_robots/g1/images) by extension 'python'
[0.335s] Level 1:colcon.colcon_core.package_identification:_identify(src/unitree_mujoco/unitree_robots/g1/images) by extensions ['python_setup_py']
[0.335s] Level 1:colcon.colcon_core.package_identification:_identify(src/unitree_mujoco/unitree_robots/g1/images) by extension 'python_setup_py'
[0.335s] Level 1:colcon.colcon_core.package_identification:_identify(src/unitree_mujoco/unitree_robots/g1/meshes) by extensions ['ignore', 'ignore_ament_install']
[0.335s] Level 1:colcon.colcon_core.package_identification:_identify(src/unitree_mujoco/unitree_robots/g1/meshes) by extension 'ignore'
[0.335s] Level 1:colcon.colcon_core.package_identification:_identify(src/unitree_mujoco/unitree_robots/g1/meshes) by extension 'ignore_ament_install'
[0.335s] Level 1:colcon.colcon_core.package_identification:_identify(src/unitree_mujoco/unitree_robots/g1/meshes) by extensions ['colcon_pkg']
[0.335s] Level 1:colcon.colcon_core.package_identification:_identify(src/unitree_mujoco/unitree_robots/g1/meshes) by extension 'colcon_pkg'
[0.335s] Level 1:colcon.colcon_core.package_identification:_identify(src/unitree_mujoco/unitree_robots/g1/meshes) by extensions ['colcon_meta']
[0.335s] Level 1:colcon.colcon_core.package_identification:_identify(src/unitree_mujoco/unitree_robots/g1/meshes) by extension 'colcon_meta'
[0.335s] Level 1:colcon.colcon_core.package_identification:_identify(src/unitree_mujoco/unitree_robots/g1/meshes) by extensions ['ros']
[0.335s] Level 1:colcon.colcon_core.package_identification:_identify(src/unitree_mujoco/unitree_robots/g1/meshes) by extension 'ros'
[0.335s] Level 1:colcon.colcon_core.package_identification:_identify(src/unitree_mujoco/unitree_robots/g1/meshes) by extensions ['cmake', 'python']
[0.335s] Level 1:colcon.colcon_core.package_identification:_identify(src/unitree_mujoco/unitree_robots/g1/meshes) by extension 'cmake'
[0.335s] Level 1:colcon.colcon_core.package_identification:_identify(src/unitree_mujoco/unitree_robots/g1/meshes) by extension 'python'
[0.335s] Level 1:colcon.colcon_core.package_identification:_identify(src/unitree_mujoco/unitree_robots/g1/meshes) by extensions ['python_setup_py']
[0.335s] Level 1:colcon.colcon_core.package_identification:_identify(src/unitree_mujoco/unitree_robots/g1/meshes) by extension 'python_setup_py'
[0.335s] Level 1:colcon.colcon_core.package_identification:_identify(src/unitree_mujoco/unitree_robots/go2) by extensions ['ignore', 'ignore_ament_install']
[0.335s] Level 1:colcon.colcon_core.package_identification:_identify(src/unitree_mujoco/unitree_robots/go2) by extension 'ignore'
[0.335s] Level 1:colcon.colcon_core.package_identification:_identify(src/unitree_mujoco/unitree_robots/go2) by extension 'ignore_ament_install'
[0.335s] Level 1:colcon.colcon_core.package_identification:_identify(src/unitree_mujoco/unitree_robots/go2) by extensions ['colcon_pkg']
[0.335s] Level 1:colcon.colcon_core.package_identification:_identify(src/unitree_mujoco/unitree_robots/go2) by extension 'colcon_pkg'
[0.335s] Level 1:colcon.colcon_core.package_identification:_identify(src/unitree_mujoco/unitree_robots/go2) by extensions ['colcon_meta']
[0.335s] Level 1:colcon.colcon_core.package_identification:_identify(src/unitree_mujoco/unitree_robots/go2) by extension 'colcon_meta'
[0.336s] Level 1:colcon.colcon_core.package_identification:_identify(src/unitree_mujoco/unitree_robots/go2) by extensions ['ros']
[0.336s] Level 1:colcon.colcon_core.package_identification:_identify(src/unitree_mujoco/unitree_robots/go2) by extension 'ros'
[0.336s] Level 1:colcon.colcon_core.package_identification:_identify(src/unitree_mujoco/unitree_robots/go2) by extensions ['cmake', 'python']
[0.336s] Level 1:colcon.colcon_core.package_identification:_identify(src/unitree_mujoco/unitree_robots/go2) by extension 'cmake'
[0.336s] Level 1:colcon.colcon_core.package_identification:_identify(src/unitree_mujoco/unitree_robots/go2) by extension 'python'
[0.336s] Level 1:colcon.colcon_core.package_identification:_identify(src/unitree_mujoco/unitree_robots/go2) by extensions ['python_setup_py']
[0.336s] Level 1:colcon.colcon_core.package_identification:_identify(src/unitree_mujoco/unitree_robots/go2) by extension 'python_setup_py'
[0.336s] Level 1:colcon.colcon_core.package_identification:_identify(src/unitree_mujoco/unitree_robots/go2/assets) by extensions ['ignore', 'ignore_ament_install']
[0.336s] Level 1:colcon.colcon_core.package_identification:_identify(src/unitree_mujoco/unitree_robots/go2/assets) by extension 'ignore'
[0.336s] Level 1:colcon.colcon_core.package_identification:_identify(src/unitree_mujoco/unitree_robots/go2/assets) by extension 'ignore_ament_install'
[0.336s] Level 1:colcon.colcon_core.package_identification:_identify(src/unitree_mujoco/unitree_robots/go2/assets) by extensions ['colcon_pkg']
[0.336s] Level 1:colcon.colcon_core.package_identification:_identify(src/unitree_mujoco/unitree_robots/go2/assets) by extension 'colcon_pkg'
[0.336s] Level 1:colcon.colcon_core.package_identification:_identify(src/unitree_mujoco/unitree_robots/go2/assets) by extensions ['colcon_meta']
[0.336s] Level 1:colcon.colcon_core.package_identification:_identify(src/unitree_mujoco/unitree_robots/go2/assets) by extension 'colcon_meta'
[0.336s] Level 1:colcon.colcon_core.package_identification:_identify(src/unitree_mujoco/unitree_robots/go2/assets) by extensions ['ros']
[0.336s] Level 1:colcon.colcon_core.package_identification:_identify(src/unitree_mujoco/unitree_robots/go2/assets) by extension 'ros'
[0.336s] Level 1:colcon.colcon_core.package_identification:_identify(src/unitree_mujoco/unitree_robots/go2/assets) by extensions ['cmake', 'python']
[0.336s] Level 1:colcon.colcon_core.package_identification:_identify(src/unitree_mujoco/unitree_robots/go2/assets) by extension 'cmake'
[0.336s] Level 1:colcon.colcon_core.package_identification:_identify(src/unitree_mujoco/unitree_robots/go2/assets) by extension 'python'
[0.336s] Level 1:colcon.colcon_core.package_identification:_identify(src/unitree_mujoco/unitree_robots/go2/assets) by extensions ['python_setup_py']
[0.336s] Level 1:colcon.colcon_core.package_identification:_identify(src/unitree_mujoco/unitree_robots/go2/assets) by extension 'python_setup_py'
[0.336s] Level 1:colcon.colcon_core.package_identification:_identify(src/unitree_mujoco/unitree_robots/go2w) by extensions ['ignore', 'ignore_ament_install']
[0.336s] Level 1:colcon.colcon_core.package_identification:_identify(src/unitree_mujoco/unitree_robots/go2w) by extension 'ignore'
[0.336s] Level 1:colcon.colcon_core.package_identification:_identify(src/unitree_mujoco/unitree_robots/go2w) by extension 'ignore_ament_install'
[0.336s] Level 1:colcon.colcon_core.package_identification:_identify(src/unitree_mujoco/unitree_robots/go2w) by extensions ['colcon_pkg']
[0.336s] Level 1:colcon.colcon_core.package_identification:_identify(src/unitree_mujoco/unitree_robots/go2w) by extension 'colcon_pkg'
[0.336s] Level 1:colcon.colcon_core.package_identification:_identify(src/unitree_mujoco/unitree_robots/go2w) by extensions ['colcon_meta']
[0.336s] Level 1:colcon.colcon_core.package_identification:_identify(src/unitree_mujoco/unitree_robots/go2w) by extension 'colcon_meta'
[0.336s] Level 1:colcon.colcon_core.package_identification:_identify(src/unitree_mujoco/unitree_robots/go2w) by extensions ['ros']
[0.336s] Level 1:colcon.colcon_core.package_identification:_identify(src/unitree_mujoco/unitree_robots/go2w) by extension 'ros'
[0.336s] Level 1:colcon.colcon_core.package_identification:_identify(src/unitree_mujoco/unitree_robots/go2w) by extensions ['cmake', 'python']
[0.336s] Level 1:colcon.colcon_core.package_identification:_identify(src/unitree_mujoco/unitree_robots/go2w) by extension 'cmake'
[0.336s] Level 1:colcon.colcon_core.package_identification:_identify(src/unitree_mujoco/unitree_robots/go2w) by extension 'python'
[0.336s] Level 1:colcon.colcon_core.package_identification:_identify(src/unitree_mujoco/unitree_robots/go2w) by extensions ['python_setup_py']
[0.336s] Level 1:colcon.colcon_core.package_identification:_identify(src/unitree_mujoco/unitree_robots/go2w) by extension 'python_setup_py'
[0.336s] Level 1:colcon.colcon_core.package_identification:_identify(src/unitree_mujoco/unitree_robots/go2w/assets) by extensions ['ignore', 'ignore_ament_install']
[0.336s] Level 1:colcon.colcon_core.package_identification:_identify(src/unitree_mujoco/unitree_robots/go2w/assets) by extension 'ignore'
[0.336s] Level 1:colcon.colcon_core.package_identification:_identify(src/unitree_mujoco/unitree_robots/go2w/assets) by extension 'ignore_ament_install'
[0.336s] Level 1:colcon.colcon_core.package_identification:_identify(src/unitree_mujoco/unitree_robots/go2w/assets) by extensions ['colcon_pkg']
[0.336s] Level 1:colcon.colcon_core.package_identification:_identify(src/unitree_mujoco/unitree_robots/go2w/assets) by extension 'colcon_pkg'
[0.336s] Level 1:colcon.colcon_core.package_identification:_identify(src/unitree_mujoco/unitree_robots/go2w/assets) by extensions ['colcon_meta']
[0.336s] Level 1:colcon.colcon_core.package_identification:_identify(src/unitree_mujoco/unitree_robots/go2w/assets) by extension 'colcon_meta'
[0.336s] Level 1:colcon.colcon_core.package_identification:_identify(src/unitree_mujoco/unitree_robots/go2w/assets) by extensions ['ros']
[0.336s] Level 1:colcon.colcon_core.package_identification:_identify(src/unitree_mujoco/unitree_robots/go2w/assets) by extension 'ros'
[0.336s] Level 1:colcon.colcon_core.package_identification:_identify(src/unitree_mujoco/unitree_robots/go2w/assets) by extensions ['cmake', 'python']
[0.336s] Level 1:colcon.colcon_core.package_identification:_identify(src/unitree_mujoco/unitree_robots/go2w/assets) by extension 'cmake'
[0.336s] Level 1:colcon.colcon_core.package_identification:_identify(src/unitree_mujoco/unitree_robots/go2w/assets) by extension 'python'
[0.336s] Level 1:colcon.colcon_core.package_identification:_identify(src/unitree_mujoco/unitree_robots/go2w/assets) by extensions ['python_setup_py']
[0.336s] Level 1:colcon.colcon_core.package_identification:_identify(src/unitree_mujoco/unitree_robots/go2w/assets) by extension 'python_setup_py'
[0.336s] Level 1:colcon.colcon_core.package_identification:_identify(src/unitree_mujoco/unitree_robots/h1) by extensions ['ignore', 'ignore_ament_install']
[0.336s] Level 1:colcon.colcon_core.package_identification:_identify(src/unitree_mujoco/unitree_robots/h1) by extension 'ignore'
[0.336s] Level 1:colcon.colcon_core.package_identification:_identify(src/unitree_mujoco/unitree_robots/h1) by extension 'ignore_ament_install'
[0.336s] Level 1:colcon.colcon_core.package_identification:_identify(src/unitree_mujoco/unitree_robots/h1) by extensions ['colcon_pkg']
[0.336s] Level 1:colcon.colcon_core.package_identification:_identify(src/unitree_mujoco/unitree_robots/h1) by extension 'colcon_pkg'
[0.336s] Level 1:colcon.colcon_core.package_identification:_identify(src/unitree_mujoco/unitree_robots/h1) by extensions ['colcon_meta']
[0.336s] Level 1:colcon.colcon_core.package_identification:_identify(src/unitree_mujoco/unitree_robots/h1) by extension 'colcon_meta'
[0.336s] Level 1:colcon.colcon_core.package_identification:_identify(src/unitree_mujoco/unitree_robots/h1) by extensions ['ros']
[0.336s] Level 1:colcon.colcon_core.package_identification:_identify(src/unitree_mujoco/unitree_robots/h1) by extension 'ros'
[0.336s] Level 1:colcon.colcon_core.package_identification:_identify(src/unitree_mujoco/unitree_robots/h1) by extensions ['cmake', 'python']
[0.336s] Level 1:colcon.colcon_core.package_identification:_identify(src/unitree_mujoco/unitree_robots/h1) by extension 'cmake'
[0.336s] Level 1:colcon.colcon_core.package_identification:_identify(src/unitree_mujoco/unitree_robots/h1) by extension 'python'
[0.336s] Level 1:colcon.colcon_core.package_identification:_identify(src/unitree_mujoco/unitree_robots/h1) by extensions ['python_setup_py']
[0.336s] Level 1:colcon.colcon_core.package_identification:_identify(src/unitree_mujoco/unitree_robots/h1) by extension 'python_setup_py'
[0.337s] Level 1:colcon.colcon_core.package_identification:_identify(src/unitree_mujoco/unitree_robots/h1/assets) by extensions ['ignore', 'ignore_ament_install']
[0.337s] Level 1:colcon.colcon_core.package_identification:_identify(src/unitree_mujoco/unitree_robots/h1/assets) by extension 'ignore'
[0.337s] Level 1:colcon.colcon_core.package_identification:_identify(src/unitree_mujoco/unitree_robots/h1/assets) by extension 'ignore_ament_install'
[0.337s] Level 1:colcon.colcon_core.package_identification:_identify(src/unitree_mujoco/unitree_robots/h1/assets) by extensions ['colcon_pkg']
[0.337s] Level 1:colcon.colcon_core.package_identification:_identify(src/unitree_mujoco/unitree_robots/h1/assets) by extension 'colcon_pkg'
[0.337s] Level 1:colcon.colcon_core.package_identification:_identify(src/unitree_mujoco/unitree_robots/h1/assets) by extensions ['colcon_meta']
[0.337s] Level 1:colcon.colcon_core.package_identification:_identify(src/unitree_mujoco/unitree_robots/h1/assets) by extension 'colcon_meta'
[0.337s] Level 1:colcon.colcon_core.package_identification:_identify(src/unitree_mujoco/unitree_robots/h1/assets) by extensions ['ros']
[0.337s] Level 1:colcon.colcon_core.package_identification:_identify(src/unitree_mujoco/unitree_robots/h1/assets) by extension 'ros'
[0.337s] Level 1:colcon.colcon_core.package_identification:_identify(src/unitree_mujoco/unitree_robots/h1/assets) by extensions ['cmake', 'python']
[0.337s] Level 1:colcon.colcon_core.package_identification:_identify(src/unitree_mujoco/unitree_robots/h1/assets) by extension 'cmake'
[0.337s] Level 1:colcon.colcon_core.package_identification:_identify(src/unitree_mujoco/unitree_robots/h1/assets) by extension 'python'
[0.337s] Level 1:colcon.colcon_core.package_identification:_identify(src/unitree_mujoco/unitree_robots/h1/assets) by extensions ['python_setup_py']
[0.337s] Level 1:colcon.colcon_core.package_identification:_identify(src/unitree_mujoco/unitree_robots/h1/assets) by extension 'python_setup_py'
[0.337s] Level 1:colcon.colcon_core.package_identification:_identify(src/unitree_mujoco/unitree_robots/h1_2) by extensions ['ignore', 'ignore_ament_install']
[0.337s] Level 1:colcon.colcon_core.package_identification:_identify(src/unitree_mujoco/unitree_robots/h1_2) by extension 'ignore'
[0.337s] Level 1:colcon.colcon_core.package_identification:_identify(src/unitree_mujoco/unitree_robots/h1_2) by extension 'ignore_ament_install'
[0.337s] Level 1:colcon.colcon_core.package_identification:_identify(src/unitree_mujoco/unitree_robots/h1_2) by extensions ['colcon_pkg']
[0.337s] Level 1:colcon.colcon_core.package_identification:_identify(src/unitree_mujoco/unitree_robots/h1_2) by extension 'colcon_pkg'
[0.337s] Level 1:colcon.colcon_core.package_identification:_identify(src/unitree_mujoco/unitree_robots/h1_2) by extensions ['colcon_meta']
[0.337s] Level 1:colcon.colcon_core.package_identification:_identify(src/unitree_mujoco/unitree_robots/h1_2) by extension 'colcon_meta'
[0.337s] Level 1:colcon.colcon_core.package_identification:_identify(src/unitree_mujoco/unitree_robots/h1_2) by extensions ['ros']
[0.337s] Level 1:colcon.colcon_core.package_identification:_identify(src/unitree_mujoco/unitree_robots/h1_2) by extension 'ros'
[0.337s] Level 1:colcon.colcon_core.package_identification:_identify(src/unitree_mujoco/unitree_robots/h1_2) by extensions ['cmake', 'python']
[0.337s] Level 1:colcon.colcon_core.package_identification:_identify(src/unitree_mujoco/unitree_robots/h1_2) by extension 'cmake'
[0.337s] Level 1:colcon.colcon_core.package_identification:_identify(src/unitree_mujoco/unitree_robots/h1_2) by extension 'python'
[0.337s] Level 1:colcon.colcon_core.package_identification:_identify(src/unitree_mujoco/unitree_robots/h1_2) by extensions ['python_setup_py']
[0.337s] Level 1:colcon.colcon_core.package_identification:_identify(src/unitree_mujoco/unitree_robots/h1_2) by extension 'python_setup_py'
[0.337s] Level 1:colcon.colcon_core.package_identification:_identify(src/unitree_mujoco/unitree_robots/h1_2/meshes) by extensions ['ignore', 'ignore_ament_install']
[0.337s] Level 1:colcon.colcon_core.package_identification:_identify(src/unitree_mujoco/unitree_robots/h1_2/meshes) by extension 'ignore'
[0.337s] Level 1:colcon.colcon_core.package_identification:_identify(src/unitree_mujoco/unitree_robots/h1_2/meshes) by extension 'ignore_ament_install'
[0.337s] Level 1:colcon.colcon_core.package_identification:_identify(src/unitree_mujoco/unitree_robots/h1_2/meshes) by extensions ['colcon_pkg']
[0.337s] Level 1:colcon.colcon_core.package_identification:_identify(src/unitree_mujoco/unitree_robots/h1_2/meshes) by extension 'colcon_pkg'
[0.337s] Level 1:colcon.colcon_core.package_identification:_identify(src/unitree_mujoco/unitree_robots/h1_2/meshes) by extensions ['colcon_meta']
[0.337s] Level 1:colcon.colcon_core.package_identification:_identify(src/unitree_mujoco/unitree_robots/h1_2/meshes) by extension 'colcon_meta'
[0.337s] Level 1:colcon.colcon_core.package_identification:_identify(src/unitree_mujoco/unitree_robots/h1_2/meshes) by extensions ['ros']
[0.337s] Level 1:colcon.colcon_core.package_identification:_identify(src/unitree_mujoco/unitree_robots/h1_2/meshes) by extension 'ros'
[0.337s] Level 1:colcon.colcon_core.package_identification:_identify(src/unitree_mujoco/unitree_robots/h1_2/meshes) by extensions ['cmake', 'python']
[0.337s] Level 1:colcon.colcon_core.package_identification:_identify(src/unitree_mujoco/unitree_robots/h1_2/meshes) by extension 'cmake'
[0.337s] Level 1:colcon.colcon_core.package_identification:_identify(src/unitree_mujoco/unitree_robots/h1_2/meshes) by extension 'python'
[0.337s] Level 1:colcon.colcon_core.package_identification:_identify(src/unitree_mujoco/unitree_robots/h1_2/meshes) by extensions ['python_setup_py']
[0.337s] Level 1:colcon.colcon_core.package_identification:_identify(src/unitree_mujoco/unitree_robots/h1_2/meshes) by extension 'python_setup_py'
[0.337s] Level 1:colcon.colcon_core.package_identification:_identify(src/unitree_ros) by extensions ['ignore', 'ignore_ament_install']
[0.337s] Level 1:colcon.colcon_core.package_identification:_identify(src/unitree_ros) by extension 'ignore'
[0.337s] Level 1:colcon.colcon_core.package_identification:_identify(src/unitree_ros) by extension 'ignore_ament_install'
[0.337s] Level 1:colcon.colcon_core.package_identification:_identify(src/unitree_ros) by extensions ['colcon_pkg']
[0.337s] Level 1:colcon.colcon_core.package_identification:_identify(src/unitree_ros) by extension 'colcon_pkg'
[0.337s] Level 1:colcon.colcon_core.package_identification:_identify(src/unitree_ros) by extensions ['colcon_meta']
[0.337s] Level 1:colcon.colcon_core.package_identification:_identify(src/unitree_ros) by extension 'colcon_meta'
[0.337s] Level 1:colcon.colcon_core.package_identification:_identify(src/unitree_ros) by extensions ['ros']
[0.337s] Level 1:colcon.colcon_core.package_identification:_identify(src/unitree_ros) by extension 'ros'
[0.337s] Level 1:colcon.colcon_core.package_identification:_identify(src/unitree_ros) by extensions ['cmake', 'python']
[0.337s] Level 1:colcon.colcon_core.package_identification:_identify(src/unitree_ros) by extension 'cmake'
[0.337s] Level 1:colcon.colcon_core.package_identification:_identify(src/unitree_ros) by extension 'python'
[0.337s] Level 1:colcon.colcon_core.package_identification:_identify(src/unitree_ros) by extensions ['python_setup_py']
[0.337s] Level 1:colcon.colcon_core.package_identification:_identify(src/unitree_ros) by extension 'python_setup_py'
[0.337s] Level 1:colcon.colcon_core.package_identification:_identify(src/unitree_ros/robots) by extensions ['ignore', 'ignore_ament_install']
[0.337s] Level 1:colcon.colcon_core.package_identification:_identify(src/unitree_ros/robots) by extension 'ignore'
[0.337s] Level 1:colcon.colcon_core.package_identification:_identify(src/unitree_ros/robots) by extension 'ignore_ament_install'
[0.338s] Level 1:colcon.colcon_core.package_identification:_identify(src/unitree_ros/robots) by extensions ['colcon_pkg']
[0.338s] Level 1:colcon.colcon_core.package_identification:_identify(src/unitree_ros/robots) by extension 'colcon_pkg'
[0.338s] Level 1:colcon.colcon_core.package_identification:_identify(src/unitree_ros/robots) by extensions ['colcon_meta']
[0.338s] Level 1:colcon.colcon_core.package_identification:_identify(src/unitree_ros/robots) by extension 'colcon_meta'
[0.338s] Level 1:colcon.colcon_core.package_identification:_identify(src/unitree_ros/robots) by extensions ['ros']
[0.338s] Level 1:colcon.colcon_core.package_identification:_identify(src/unitree_ros/robots) by extension 'ros'
[0.338s] Level 1:colcon.colcon_core.package_identification:_identify(src/unitree_ros/robots) by extensions ['cmake', 'python']
[0.338s] Level 1:colcon.colcon_core.package_identification:_identify(src/unitree_ros/robots) by extension 'cmake'
[0.338s] Level 1:colcon.colcon_core.package_identification:_identify(src/unitree_ros/robots) by extension 'python'
[0.338s] Level 1:colcon.colcon_core.package_identification:_identify(src/unitree_ros/robots) by extensions ['python_setup_py']
[0.338s] Level 1:colcon.colcon_core.package_identification:_identify(src/unitree_ros/robots) by extension 'python_setup_py'
[0.338s] Level 1:colcon.colcon_core.package_identification:_identify(src/unitree_ros/robots/b2_description_mujoco) by extensions ['ignore', 'ignore_ament_install']
[0.338s] Level 1:colcon.colcon_core.package_identification:_identify(src/unitree_ros/robots/b2_description_mujoco) by extension 'ignore'
[0.338s] Level 1:colcon.colcon_core.package_identification:_identify(src/unitree_ros/robots/b2_description_mujoco) by extension 'ignore_ament_install'
[0.338s] Level 1:colcon.colcon_core.package_identification:_identify(src/unitree_ros/robots/b2_description_mujoco) by extensions ['colcon_pkg']
[0.338s] Level 1:colcon.colcon_core.package_identification:_identify(src/unitree_ros/robots/b2_description_mujoco) by extension 'colcon_pkg'
[0.338s] Level 1:colcon.colcon_core.package_identification:_identify(src/unitree_ros/robots/b2_description_mujoco) by extensions ['colcon_meta']
[0.338s] Level 1:colcon.colcon_core.package_identification:_identify(src/unitree_ros/robots/b2_description_mujoco) by extension 'colcon_meta'
[0.338s] Level 1:colcon.colcon_core.package_identification:_identify(src/unitree_ros/robots/b2_description_mujoco) by extensions ['ros']
[0.338s] Level 1:colcon.colcon_core.package_identification:_identify(src/unitree_ros/robots/b2_description_mujoco) by extension 'ros'
[0.338s] Level 1:colcon.colcon_core.package_identification:_identify(src/unitree_ros/robots/b2_description_mujoco) by extensions ['cmake', 'python']
[0.338s] Level 1:colcon.colcon_core.package_identification:_identify(src/unitree_ros/robots/b2_description_mujoco) by extension 'cmake'
[0.338s] Level 1:colcon.colcon_core.package_identification:_identify(src/unitree_ros/robots/b2_description_mujoco) by extension 'python'
[0.338s] Level 1:colcon.colcon_core.package_identification:_identify(src/unitree_ros/robots/b2_description_mujoco) by extensions ['python_setup_py']
[0.338s] Level 1:colcon.colcon_core.package_identification:_identify(src/unitree_ros/robots/b2_description_mujoco) by extension 'python_setup_py'
[0.338s] Level 1:colcon.colcon_core.package_identification:_identify(src/unitree_ros/robots/b2_description_mujoco/meshes) by extensions ['ignore', 'ignore_ament_install']
[0.338s] Level 1:colcon.colcon_core.package_identification:_identify(src/unitree_ros/robots/b2_description_mujoco/meshes) by extension 'ignore'
[0.338s] Level 1:colcon.colcon_core.package_identification:_identify(src/unitree_ros/robots/b2_description_mujoco/meshes) by extension 'ignore_ament_install'
[0.338s] Level 1:colcon.colcon_core.package_identification:_identify(src/unitree_ros/robots/b2_description_mujoco/meshes) by extensions ['colcon_pkg']
[0.338s] Level 1:colcon.colcon_core.package_identification:_identify(src/unitree_ros/robots/b2_description_mujoco/meshes) by extension 'colcon_pkg'
[0.338s] Level 1:colcon.colcon_core.package_identification:_identify(src/unitree_ros/robots/b2_description_mujoco/meshes) by extensions ['colcon_meta']
[0.338s] Level 1:colcon.colcon_core.package_identification:_identify(src/unitree_ros/robots/b2_description_mujoco/meshes) by extension 'colcon_meta'
[0.338s] Level 1:colcon.colcon_core.package_identification:_identify(src/unitree_ros/robots/b2_description_mujoco/meshes) by extensions ['ros']
[0.338s] Level 1:colcon.colcon_core.package_identification:_identify(src/unitree_ros/robots/b2_description_mujoco/meshes) by extension 'ros'
[0.338s] Level 1:colcon.colcon_core.package_identification:_identify(src/unitree_ros/robots/b2_description_mujoco/meshes) by extensions ['cmake', 'python']
[0.338s] Level 1:colcon.colcon_core.package_identification:_identify(src/unitree_ros/robots/b2_description_mujoco/meshes) by extension 'cmake'
[0.338s] Level 1:colcon.colcon_core.package_identification:_identify(src/unitree_ros/robots/b2_description_mujoco/meshes) by extension 'python'
[0.338s] Level 1:colcon.colcon_core.package_identification:_identify(src/unitree_ros/robots/b2_description_mujoco/meshes) by extensions ['python_setup_py']
[0.338s] Level 1:colcon.colcon_core.package_identification:_identify(src/unitree_ros/robots/b2_description_mujoco/meshes) by extension 'python_setup_py'
[0.338s] Level 1:colcon.colcon_core.package_identification:_identify(src/unitree_ros/robots/b2_description_mujoco/xml) by extensions ['ignore', 'ignore_ament_install']
[0.338s] Level 1:colcon.colcon_core.package_identification:_identify(src/unitree_ros/robots/b2_description_mujoco/xml) by extension 'ignore'
[0.338s] Level 1:colcon.colcon_core.package_identification:_identify(src/unitree_ros/robots/b2_description_mujoco/xml) by extension 'ignore_ament_install'
[0.338s] Level 1:colcon.colcon_core.package_identification:_identify(src/unitree_ros/robots/b2_description_mujoco/xml) by extensions ['colcon_pkg']
[0.338s] Level 1:colcon.colcon_core.package_identification:_identify(src/unitree_ros/robots/b2_description_mujoco/xml) by extension 'colcon_pkg'
[0.338s] Level 1:colcon.colcon_core.package_identification:_identify(src/unitree_ros/robots/b2_description_mujoco/xml) by extensions ['colcon_meta']
[0.338s] Level 1:colcon.colcon_core.package_identification:_identify(src/unitree_ros/robots/b2_description_mujoco/xml) by extension 'colcon_meta'
[0.338s] Level 1:colcon.colcon_core.package_identification:_identify(src/unitree_ros/robots/b2_description_mujoco/xml) by extensions ['ros']
[0.338s] Level 1:colcon.colcon_core.package_identification:_identify(src/unitree_ros/robots/b2_description_mujoco/xml) by extension 'ros'
[0.338s] Level 1:colcon.colcon_core.package_identification:_identify(src/unitree_ros/robots/b2_description_mujoco/xml) by extensions ['cmake', 'python']
[0.338s] Level 1:colcon.colcon_core.package_identification:_identify(src/unitree_ros/robots/b2_description_mujoco/xml) by extension 'cmake'
[0.338s] Level 1:colcon.colcon_core.package_identification:_identify(src/unitree_ros/robots/b2_description_mujoco/xml) by extension 'python'
[0.338s] Level 1:colcon.colcon_core.package_identification:_identify(src/unitree_ros/robots/b2_description_mujoco/xml) by extensions ['python_setup_py']
[0.338s] Level 1:colcon.colcon_core.package_identification:_identify(src/unitree_ros/robots/b2_description_mujoco/xml) by extension 'python_setup_py'
[0.338s] Level 1:colcon.colcon_core.package_identification:_identify(src/unitree_ros/robots/dexterous_hand_description) by extensions ['ignore', 'ignore_ament_install']
[0.338s] Level 1:colcon.colcon_core.package_identification:_identify(src/unitree_ros/robots/dexterous_hand_description) by extension 'ignore'
[0.338s] Level 1:colcon.colcon_core.package_identification:_identify(src/unitree_ros/robots/dexterous_hand_description) by extension 'ignore_ament_install'
[0.338s] Level 1:colcon.colcon_core.package_identification:_identify(src/unitree_ros/robots/dexterous_hand_description) by extensions ['colcon_pkg']
[0.338s] Level 1:colcon.colcon_core.package_identification:_identify(src/unitree_ros/robots/dexterous_hand_description) by extension 'colcon_pkg'
[0.338s] Level 1:colcon.colcon_core.package_identification:_identify(src/unitree_ros/robots/dexterous_hand_description) by extensions ['colcon_meta']
[0.338s] Level 1:colcon.colcon_core.package_identification:_identify(src/unitree_ros/robots/dexterous_hand_description) by extension 'colcon_meta'
[0.338s] Level 1:colcon.colcon_core.package_identification:_identify(src/unitree_ros/robots/dexterous_hand_description) by extensions ['ros']
[0.338s] Level 1:colcon.colcon_core.package_identification:_identify(src/unitree_ros/robots/dexterous_hand_description) by extension 'ros'
[0.338s] Level 1:colcon.colcon_core.package_identification:_identify(src/unitree_ros/robots/dexterous_hand_description) by extensions ['cmake', 'python']
[0.338s] Level 1:colcon.colcon_core.package_identification:_identify(src/unitree_ros/robots/dexterous_hand_description) by extension 'cmake'
[0.339s] Level 1:colcon.colcon_core.package_identification:_identify(src/unitree_ros/robots/dexterous_hand_description) by extension 'python'
[0.339s] Level 1:colcon.colcon_core.package_identification:_identify(src/unitree_ros/robots/dexterous_hand_description) by extensions ['python_setup_py']
[0.339s] Level 1:colcon.colcon_core.package_identification:_identify(src/unitree_ros/robots/dexterous_hand_description) by extension 'python_setup_py'
[0.339s] Level 1:colcon.colcon_core.package_identification:_identify(src/unitree_ros/robots/dexterous_hand_description/dex1_1) by extensions ['ignore', 'ignore_ament_install']
[0.339s] Level 1:colcon.colcon_core.package_identification:_identify(src/unitree_ros/robots/dexterous_hand_description/dex1_1) by extension 'ignore'
[0.339s] Level 1:colcon.colcon_core.package_identification:_identify(src/unitree_ros/robots/dexterous_hand_description/dex1_1) by extension 'ignore_ament_install'
[0.339s] Level 1:colcon.colcon_core.package_identification:_identify(src/unitree_ros/robots/dexterous_hand_description/dex1_1) by extensions ['colcon_pkg']
[0.339s] Level 1:colcon.colcon_core.package_identification:_identify(src/unitree_ros/robots/dexterous_hand_description/dex1_1) by extension 'colcon_pkg'
[0.339s] Level 1:colcon.colcon_core.package_identification:_identify(src/unitree_ros/robots/dexterous_hand_description/dex1_1) by extensions ['colcon_meta']
[0.339s] Level 1:colcon.colcon_core.package_identification:_identify(src/unitree_ros/robots/dexterous_hand_description/dex1_1) by extension 'colcon_meta'
[0.339s] Level 1:colcon.colcon_core.package_identification:_identify(src/unitree_ros/robots/dexterous_hand_description/dex1_1) by extensions ['ros']
[0.339s] Level 1:colcon.colcon_core.package_identification:_identify(src/unitree_ros/robots/dexterous_hand_description/dex1_1) by extension 'ros'
[0.339s] Level 1:colcon.colcon_core.package_identification:_identify(src/unitree_ros/robots/dexterous_hand_description/dex1_1) by extensions ['cmake', 'python']
[0.339s] Level 1:colcon.colcon_core.package_identification:_identify(src/unitree_ros/robots/dexterous_hand_description/dex1_1) by extension 'cmake'
[0.339s] Level 1:colcon.colcon_core.package_identification:_identify(src/unitree_ros/robots/dexterous_hand_description/dex1_1) by extension 'python'
[0.339s] Level 1:colcon.colcon_core.package_identification:_identify(src/unitree_ros/robots/dexterous_hand_description/dex1_1) by extensions ['python_setup_py']
[0.339s] Level 1:colcon.colcon_core.package_identification:_identify(src/unitree_ros/robots/dexterous_hand_description/dex1_1) by extension 'python_setup_py'
[0.339s] Level 1:colcon.colcon_core.package_identification:_identify(src/unitree_ros/robots/dexterous_hand_description/dex1_1/meshes) by extensions ['ignore', 'ignore_ament_install']
[0.339s] Level 1:colcon.colcon_core.package_identification:_identify(src/unitree_ros/robots/dexterous_hand_description/dex1_1/meshes) by extension 'ignore'
[0.339s] Level 1:colcon.colcon_core.package_identification:_identify(src/unitree_ros/robots/dexterous_hand_description/dex1_1/meshes) by extension 'ignore_ament_install'
[0.339s] Level 1:colcon.colcon_core.package_identification:_identify(src/unitree_ros/robots/dexterous_hand_description/dex1_1/meshes) by extensions ['colcon_pkg']
[0.339s] Level 1:colcon.colcon_core.package_identification:_identify(src/unitree_ros/robots/dexterous_hand_description/dex1_1/meshes) by extension 'colcon_pkg'
[0.339s] Level 1:colcon.colcon_core.package_identification:_identify(src/unitree_ros/robots/dexterous_hand_description/dex1_1/meshes) by extensions ['colcon_meta']
[0.339s] Level 1:colcon.colcon_core.package_identification:_identify(src/unitree_ros/robots/dexterous_hand_description/dex1_1/meshes) by extension 'colcon_meta'
[0.339s] Level 1:colcon.colcon_core.package_identification:_identify(src/unitree_ros/robots/dexterous_hand_description/dex1_1/meshes) by extensions ['ros']
[0.339s] Level 1:colcon.colcon_core.package_identification:_identify(src/unitree_ros/robots/dexterous_hand_description/dex1_1/meshes) by extension 'ros'
[0.339s] Level 1:colcon.colcon_core.package_identification:_identify(src/unitree_ros/robots/dexterous_hand_description/dex1_1/meshes) by extensions ['cmake', 'python']
[0.339s] Level 1:colcon.colcon_core.package_identification:_identify(src/unitree_ros/robots/dexterous_hand_description/dex1_1/meshes) by extension 'cmake'
[0.339s] Level 1:colcon.colcon_core.package_identification:_identify(src/unitree_ros/robots/dexterous_hand_description/dex1_1/meshes) by extension 'python'
[0.339s] Level 1:colcon.colcon_core.package_identification:_identify(src/unitree_ros/robots/dexterous_hand_description/dex1_1/meshes) by extensions ['python_setup_py']
[0.339s] Level 1:colcon.colcon_core.package_identification:_identify(src/unitree_ros/robots/dexterous_hand_description/dex1_1/meshes) by extension 'python_setup_py'
[0.339s] Level 1:colcon.colcon_core.package_identification:_identify(src/unitree_ros/robots/dexterous_hand_description/dex3_1) by extensions ['ignore', 'ignore_ament_install']
[0.339s] Level 1:colcon.colcon_core.package_identification:_identify(src/unitree_ros/robots/dexterous_hand_description/dex3_1) by extension 'ignore'
[0.339s] Level 1:colcon.colcon_core.package_identification:_identify(src/unitree_ros/robots/dexterous_hand_description/dex3_1) by extension 'ignore_ament_install'
[0.339s] Level 1:colcon.colcon_core.package_identification:_identify(src/unitree_ros/robots/dexterous_hand_description/dex3_1) by extensions ['colcon_pkg']
[0.339s] Level 1:colcon.colcon_core.package_identification:_identify(src/unitree_ros/robots/dexterous_hand_description/dex3_1) by extension 'colcon_pkg'
[0.339s] Level 1:colcon.colcon_core.package_identification:_identify(src/unitree_ros/robots/dexterous_hand_description/dex3_1) by extensions ['colcon_meta']
[0.339s] Level 1:colcon.colcon_core.package_identification:_identify(src/unitree_ros/robots/dexterous_hand_description/dex3_1) by extension 'colcon_meta'
[0.339s] Level 1:colcon.colcon_core.package_identification:_identify(src/unitree_ros/robots/dexterous_hand_description/dex3_1) by extensions ['ros']
[0.339s] Level 1:colcon.colcon_core.package_identification:_identify(src/unitree_ros/robots/dexterous_hand_description/dex3_1) by extension 'ros'
[0.339s] Level 1:colcon.colcon_core.package_identification:_identify(src/unitree_ros/robots/dexterous_hand_description/dex3_1) by extensions ['cmake', 'python']
[0.339s] Level 1:colcon.colcon_core.package_identification:_identify(src/unitree_ros/robots/dexterous_hand_description/dex3_1) by extension 'cmake'
[0.339s] Level 1:colcon.colcon_core.package_identification:_identify(src/unitree_ros/robots/dexterous_hand_description/dex3_1) by extension 'python'
[0.339s] Level 1:colcon.colcon_core.package_identification:_identify(src/unitree_ros/robots/dexterous_hand_description/dex3_1) by extensions ['python_setup_py']
[0.339s] Level 1:colcon.colcon_core.package_identification:_identify(src/unitree_ros/robots/dexterous_hand_description/dex3_1) by extension 'python_setup_py'
[0.339s] Level 1:colcon.colcon_core.package_identification:_identify(src/unitree_ros/robots/dexterous_hand_description/dex3_1/meshes) by extensions ['ignore', 'ignore_ament_install']
[0.339s] Level 1:colcon.colcon_core.package_identification:_identify(src/unitree_ros/robots/dexterous_hand_description/dex3_1/meshes) by extension 'ignore'
[0.339s] Level 1:colcon.colcon_core.package_identification:_identify(src/unitree_ros/robots/dexterous_hand_description/dex3_1/meshes) by extension 'ignore_ament_install'
[0.339s] Level 1:colcon.colcon_core.package_identification:_identify(src/unitree_ros/robots/dexterous_hand_description/dex3_1/meshes) by extensions ['colcon_pkg']
[0.339s] Level 1:colcon.colcon_core.package_identification:_identify(src/unitree_ros/robots/dexterous_hand_description/dex3_1/meshes) by extension 'colcon_pkg'
[0.339s] Level 1:colcon.colcon_core.package_identification:_identify(src/unitree_ros/robots/dexterous_hand_description/dex3_1/meshes) by extensions ['colcon_meta']
[0.339s] Level 1:colcon.colcon_core.package_identification:_identify(src/unitree_ros/robots/dexterous_hand_description/dex3_1/meshes) by extension 'colcon_meta'
[0.339s] Level 1:colcon.colcon_core.package_identification:_identify(src/unitree_ros/robots/dexterous_hand_description/dex3_1/meshes) by extensions ['ros']
[0.339s] Level 1:colcon.colcon_core.package_identification:_identify(src/unitree_ros/robots/dexterous_hand_description/dex3_1/meshes) by extension 'ros'
[0.339s] Level 1:colcon.colcon_core.package_identification:_identify(src/unitree_ros/robots/dexterous_hand_description/dex3_1/meshes) by extensions ['cmake', 'python']
[0.339s] Level 1:colcon.colcon_core.package_identification:_identify(src/unitree_ros/robots/dexterous_hand_description/dex3_1/meshes) by extension 'cmake'
[0.339s] Level 1:colcon.colcon_core.package_identification:_identify(src/unitree_ros/robots/dexterous_hand_description/dex3_1/meshes) by extension 'python'
[0.339s] Level 1:colcon.colcon_core.package_identification:_identify(src/unitree_ros/robots/dexterous_hand_description/dex3_1/meshes) by extensions ['python_setup_py']
[0.339s] Level 1:colcon.colcon_core.package_identification:_identify(src/unitree_ros/robots/dexterous_hand_description/dex3_1/meshes) by extension 'python_setup_py'
[0.339s] Level 1:colcon.colcon_core.package_identification:_identify(src/unitree_ros/robots/dexterous_hand_description/dex5_1) by extensions ['ignore', 'ignore_ament_install']
[0.339s] Level 1:colcon.colcon_core.package_identification:_identify(src/unitree_ros/robots/dexterous_hand_description/dex5_1) by extension 'ignore'
[0.340s] Level 1:colcon.colcon_core.package_identification:_identify(src/unitree_ros/robots/dexterous_hand_description/dex5_1) by extension 'ignore_ament_install'
[0.340s] Level 1:colcon.colcon_core.package_identification:_identify(src/unitree_ros/robots/dexterous_hand_description/dex5_1) by extensions ['colcon_pkg']
[0.340s] Level 1:colcon.colcon_core.package_identification:_identify(src/unitree_ros/robots/dexterous_hand_description/dex5_1) by extension 'colcon_pkg'
[0.340s] Level 1:colcon.colcon_core.package_identification:_identify(src/unitree_ros/robots/dexterous_hand_description/dex5_1) by extensions ['colcon_meta']
[0.340s] Level 1:colcon.colcon_core.package_identification:_identify(src/unitree_ros/robots/dexterous_hand_description/dex5_1) by extension 'colcon_meta'
[0.340s] Level 1:colcon.colcon_core.package_identification:_identify(src/unitree_ros/robots/dexterous_hand_description/dex5_1) by extensions ['ros']
[0.340s] Level 1:colcon.colcon_core.package_identification:_identify(src/unitree_ros/robots/dexterous_hand_description/dex5_1) by extension 'ros'
[0.340s] Level 1:colcon.colcon_core.package_identification:_identify(src/unitree_ros/robots/dexterous_hand_description/dex5_1) by extensions ['cmake', 'python']
[0.340s] Level 1:colcon.colcon_core.package_identification:_identify(src/unitree_ros/robots/dexterous_hand_description/dex5_1) by extension 'cmake'
[0.340s] Level 1:colcon.colcon_core.package_identification:_identify(src/unitree_ros/robots/dexterous_hand_description/dex5_1) by extension 'python'
[0.340s] Level 1:colcon.colcon_core.package_identification:_identify(src/unitree_ros/robots/dexterous_hand_description/dex5_1) by extensions ['python_setup_py']
[0.340s] Level 1:colcon.colcon_core.package_identification:_identify(src/unitree_ros/robots/dexterous_hand_description/dex5_1) by extension 'python_setup_py'
[0.340s] Level 1:colcon.colcon_core.package_identification:_identify(src/unitree_ros/robots/dexterous_hand_description/dex5_1/meshes) by extensions ['ignore', 'ignore_ament_install']
[0.340s] Level 1:colcon.colcon_core.package_identification:_identify(src/unitree_ros/robots/dexterous_hand_description/dex5_1/meshes) by extension 'ignore'
[0.340s] Level 1:colcon.colcon_core.package_identification:_identify(src/unitree_ros/robots/dexterous_hand_description/dex5_1/meshes) by extension 'ignore_ament_install'
[0.340s] Level 1:colcon.colcon_core.package_identification:_identify(src/unitree_ros/robots/dexterous_hand_description/dex5_1/meshes) by extensions ['colcon_pkg']
[0.340s] Level 1:colcon.colcon_core.package_identification:_identify(src/unitree_ros/robots/dexterous_hand_description/dex5_1/meshes) by extension 'colcon_pkg'
[0.340s] Level 1:colcon.colcon_core.package_identification:_identify(src/unitree_ros/robots/dexterous_hand_description/dex5_1/meshes) by extensions ['colcon_meta']
[0.340s] Level 1:colcon.colcon_core.package_identification:_identify(src/unitree_ros/robots/dexterous_hand_description/dex5_1/meshes) by extension 'colcon_meta'
[0.340s] Level 1:colcon.colcon_core.package_identification:_identify(src/unitree_ros/robots/dexterous_hand_description/dex5_1/meshes) by extensions ['ros']
[0.340s] Level 1:colcon.colcon_core.package_identification:_identify(src/unitree_ros/robots/dexterous_hand_description/dex5_1/meshes) by extension 'ros'
[0.340s] Level 1:colcon.colcon_core.package_identification:_identify(src/unitree_ros/robots/dexterous_hand_description/dex5_1/meshes) by extensions ['cmake', 'python']
[0.340s] Level 1:colcon.colcon_core.package_identification:_identify(src/unitree_ros/robots/dexterous_hand_description/dex5_1/meshes) by extension 'cmake'
[0.340s] Level 1:colcon.colcon_core.package_identification:_identify(src/unitree_ros/robots/dexterous_hand_description/dex5_1/meshes) by extension 'python'
[0.340s] Level 1:colcon.colcon_core.package_identification:_identify(src/unitree_ros/robots/dexterous_hand_description/dex5_1/meshes) by extensions ['python_setup_py']
[0.340s] Level 1:colcon.colcon_core.package_identification:_identify(src/unitree_ros/robots/dexterous_hand_description/dex5_1/meshes) by extension 'python_setup_py'
[0.340s] Level 1:colcon.colcon_core.package_identification:_identify(src/unitree_ros/robots/g1_description) by extensions ['ignore', 'ignore_ament_install']
[0.340s] Level 1:colcon.colcon_core.package_identification:_identify(src/unitree_ros/robots/g1_description) by extension 'ignore'
[0.340s] Level 1:colcon.colcon_core.package_identification:_identify(src/unitree_ros/robots/g1_description) by extension 'ignore_ament_install'
[0.340s] Level 1:colcon.colcon_core.package_identification:_identify(src/unitree_ros/robots/g1_description) by extensions ['colcon_pkg']
[0.340s] Level 1:colcon.colcon_core.package_identification:_identify(src/unitree_ros/robots/g1_description) by extension 'colcon_pkg'
[0.340s] Level 1:colcon.colcon_core.package_identification:_identify(src/unitree_ros/robots/g1_description) by extensions ['colcon_meta']
[0.340s] Level 1:colcon.colcon_core.package_identification:_identify(src/unitree_ros/robots/g1_description) by extension 'colcon_meta'
[0.340s] Level 1:colcon.colcon_core.package_identification:_identify(src/unitree_ros/robots/g1_description) by extensions ['ros']
[0.340s] Level 1:colcon.colcon_core.package_identification:_identify(src/unitree_ros/robots/g1_description) by extension 'ros'
[0.340s] Level 1:colcon.colcon_core.package_identification:_identify(src/unitree_ros/robots/g1_description) by extensions ['cmake', 'python']
[0.340s] Level 1:colcon.colcon_core.package_identification:_identify(src/unitree_ros/robots/g1_description) by extension 'cmake'
[0.340s] Level 1:colcon.colcon_core.package_identification:_identify(src/unitree_ros/robots/g1_description) by extension 'python'
[0.340s] Level 1:colcon.colcon_core.package_identification:_identify(src/unitree_ros/robots/g1_description) by extensions ['python_setup_py']
[0.340s] Level 1:colcon.colcon_core.package_identification:_identify(src/unitree_ros/robots/g1_description) by extension 'python_setup_py'
[0.340s] Level 1:colcon.colcon_core.package_identification:_identify(src/unitree_ros/robots/g1_description/images) by extensions ['ignore', 'ignore_ament_install']
[0.340s] Level 1:colcon.colcon_core.package_identification:_identify(src/unitree_ros/robots/g1_description/images) by extension 'ignore'
[0.340s] Level 1:colcon.colcon_core.package_identification:_identify(src/unitree_ros/robots/g1_description/images) by extension 'ignore_ament_install'
[0.340s] Level 1:colcon.colcon_core.package_identification:_identify(src/unitree_ros/robots/g1_description/images) by extensions ['colcon_pkg']
[0.340s] Level 1:colcon.colcon_core.package_identification:_identify(src/unitree_ros/robots/g1_description/images) by extension 'colcon_pkg'
[0.340s] Level 1:colcon.colcon_core.package_identification:_identify(src/unitree_ros/robots/g1_description/images) by extensions ['colcon_meta']
[0.340s] Level 1:colcon.colcon_core.package_identification:_identify(src/unitree_ros/robots/g1_description/images) by extension 'colcon_meta'
[0.340s] Level 1:colcon.colcon_core.package_identification:_identify(src/unitree_ros/robots/g1_description/images) by extensions ['ros']
[0.340s] Level 1:colcon.colcon_core.package_identification:_identify(src/unitree_ros/robots/g1_description/images) by extension 'ros'
[0.340s] Level 1:colcon.colcon_core.package_identification:_identify(src/unitree_ros/robots/g1_description/images) by extensions ['cmake', 'python']
[0.340s] Level 1:colcon.colcon_core.package_identification:_identify(src/unitree_ros/robots/g1_description/images) by extension 'cmake'
[0.340s] Level 1:colcon.colcon_core.package_identification:_identify(src/unitree_ros/robots/g1_description/images) by extension 'python'
[0.340s] Level 1:colcon.colcon_core.package_identification:_identify(src/unitree_ros/robots/g1_description/images) by extensions ['python_setup_py']
[0.340s] Level 1:colcon.colcon_core.package_identification:_identify(src/unitree_ros/robots/g1_description/images) by extension 'python_setup_py'
[0.340s] Level 1:colcon.colcon_core.package_identification:_identify(src/unitree_ros/robots/g1_description/inspire_hand) by extensions ['ignore', 'ignore_ament_install']
[0.340s] Level 1:colcon.colcon_core.package_identification:_identify(src/unitree_ros/robots/g1_description/inspire_hand) by extension 'ignore'
[0.340s] Level 1:colcon.colcon_core.package_identification:_identify(src/unitree_ros/robots/g1_description/inspire_hand) by extension 'ignore_ament_install'
[0.340s] Level 1:colcon.colcon_core.package_identification:_identify(src/unitree_ros/robots/g1_description/inspire_hand) by extensions ['colcon_pkg']
[0.340s] Level 1:colcon.colcon_core.package_identification:_identify(src/unitree_ros/robots/g1_description/inspire_hand) by extension 'colcon_pkg'
[0.340s] Level 1:colcon.colcon_core.package_identification:_identify(src/unitree_ros/robots/g1_description/inspire_hand) by extensions ['colcon_meta']
[0.340s] Level 1:colcon.colcon_core.package_identification:_identify(src/unitree_ros/robots/g1_description/inspire_hand) by extension 'colcon_meta'
[0.340s] Level 1:colcon.colcon_core.package_identification:_identify(src/unitree_ros/robots/g1_description/inspire_hand) by extensions ['ros']
[0.340s] Level 1:colcon.colcon_core.package_identification:_identify(src/unitree_ros/robots/g1_description/inspire_hand) by extension 'ros'
[0.341s] Level 1:colcon.colcon_core.package_identification:_identify(src/unitree_ros/robots/g1_description/inspire_hand) by extensions ['cmake', 'python']
[0.341s] Level 1:colcon.colcon_core.package_identification:_identify(src/unitree_ros/robots/g1_description/inspire_hand) by extension 'cmake'
[0.341s] Level 1:colcon.colcon_core.package_identification:_identify(src/unitree_ros/robots/g1_description/inspire_hand) by extension 'python'
[0.341s] Level 1:colcon.colcon_core.package_identification:_identify(src/unitree_ros/robots/g1_description/inspire_hand) by extensions ['python_setup_py']
[0.341s] Level 1:colcon.colcon_core.package_identification:_identify(src/unitree_ros/robots/g1_description/inspire_hand) by extension 'python_setup_py'
[0.341s] Level 1:colcon.colcon_core.package_identification:_identify(src/unitree_ros/robots/g1_description/meshes) by extensions ['ignore', 'ignore_ament_install']
[0.341s] Level 1:colcon.colcon_core.package_identification:_identify(src/unitree_ros/robots/g1_description/meshes) by extension 'ignore'
[0.341s] Level 1:colcon.colcon_core.package_identification:_identify(src/unitree_ros/robots/g1_description/meshes) by extension 'ignore_ament_install'
[0.341s] Level 1:colcon.colcon_core.package_identification:_identify(src/unitree_ros/robots/g1_description/meshes) by extensions ['colcon_pkg']
[0.341s] Level 1:colcon.colcon_core.package_identification:_identify(src/unitree_ros/robots/g1_description/meshes) by extension 'colcon_pkg'
[0.341s] Level 1:colcon.colcon_core.package_identification:_identify(src/unitree_ros/robots/g1_description/meshes) by extensions ['colcon_meta']
[0.341s] Level 1:colcon.colcon_core.package_identification:_identify(src/unitree_ros/robots/g1_description/meshes) by extension 'colcon_meta'
[0.341s] Level 1:colcon.colcon_core.package_identification:_identify(src/unitree_ros/robots/g1_description/meshes) by extensions ['ros']
[0.341s] Level 1:colcon.colcon_core.package_identification:_identify(src/unitree_ros/robots/g1_description/meshes) by extension 'ros'
[0.341s] Level 1:colcon.colcon_core.package_identification:_identify(src/unitree_ros/robots/g1_description/meshes) by extensions ['cmake', 'python']
[0.341s] Level 1:colcon.colcon_core.package_identification:_identify(src/unitree_ros/robots/g1_description/meshes) by extension 'cmake'
[0.341s] Level 1:colcon.colcon_core.package_identification:_identify(src/unitree_ros/robots/g1_description/meshes) by extension 'python'
[0.341s] Level 1:colcon.colcon_core.package_identification:_identify(src/unitree_ros/robots/g1_description/meshes) by extensions ['python_setup_py']
[0.341s] Level 1:colcon.colcon_core.package_identification:_identify(src/unitree_ros/robots/g1_description/meshes) by extension 'python_setup_py'
[0.341s] Level 1:colcon.colcon_core.package_identification:_identify(src/unitree_ros/robots/g1_with_brainco_hand) by extensions ['ignore', 'ignore_ament_install']
[0.341s] Level 1:colcon.colcon_core.package_identification:_identify(src/unitree_ros/robots/g1_with_brainco_hand) by extension 'ignore'
[0.341s] Level 1:colcon.colcon_core.package_identification:_identify(src/unitree_ros/robots/g1_with_brainco_hand) by extension 'ignore_ament_install'
[0.341s] Level 1:colcon.colcon_core.package_identification:_identify(src/unitree_ros/robots/g1_with_brainco_hand) by extensions ['colcon_pkg']
[0.341s] Level 1:colcon.colcon_core.package_identification:_identify(src/unitree_ros/robots/g1_with_brainco_hand) by extension 'colcon_pkg'
[0.341s] Level 1:colcon.colcon_core.package_identification:_identify(src/unitree_ros/robots/g1_with_brainco_hand) by extensions ['colcon_meta']
[0.341s] Level 1:colcon.colcon_core.package_identification:_identify(src/unitree_ros/robots/g1_with_brainco_hand) by extension 'colcon_meta'
[0.341s] Level 1:colcon.colcon_core.package_identification:_identify(src/unitree_ros/robots/g1_with_brainco_hand) by extensions ['ros']
[0.341s] Level 1:colcon.colcon_core.package_identification:_identify(src/unitree_ros/robots/g1_with_brainco_hand) by extension 'ros'
[0.341s] Level 1:colcon.colcon_core.package_identification:_identify(src/unitree_ros/robots/g1_with_brainco_hand) by extensions ['cmake', 'python']
[0.341s] Level 1:colcon.colcon_core.package_identification:_identify(src/unitree_ros/robots/g1_with_brainco_hand) by extension 'cmake'
[0.341s] Level 1:colcon.colcon_core.package_identification:_identify(src/unitree_ros/robots/g1_with_brainco_hand) by extension 'python'
[0.341s] Level 1:colcon.colcon_core.package_identification:_identify(src/unitree_ros/robots/g1_with_brainco_hand) by extensions ['python_setup_py']
[0.341s] Level 1:colcon.colcon_core.package_identification:_identify(src/unitree_ros/robots/g1_with_brainco_hand) by extension 'python_setup_py'
[0.341s] Level 1:colcon.colcon_core.package_identification:_identify(src/unitree_ros/robots/g1_with_brainco_hand/meshes) by extensions ['ignore', 'ignore_ament_install']
[0.341s] Level 1:colcon.colcon_core.package_identification:_identify(src/unitree_ros/robots/g1_with_brainco_hand/meshes) by extension 'ignore'
[0.341s] Level 1:colcon.colcon_core.package_identification:_identify(src/unitree_ros/robots/g1_with_brainco_hand/meshes) by extension 'ignore_ament_install'
[0.341s] Level 1:colcon.colcon_core.package_identification:_identify(src/unitree_ros/robots/g1_with_brainco_hand/meshes) by extensions ['colcon_pkg']
[0.341s] Level 1:colcon.colcon_core.package_identification:_identify(src/unitree_ros/robots/g1_with_brainco_hand/meshes) by extension 'colcon_pkg'
[0.341s] Level 1:colcon.colcon_core.package_identification:_identify(src/unitree_ros/robots/g1_with_brainco_hand/meshes) by extensions ['colcon_meta']
[0.341s] Level 1:colcon.colcon_core.package_identification:_identify(src/unitree_ros/robots/g1_with_brainco_hand/meshes) by extension 'colcon_meta'
[0.341s] Level 1:colcon.colcon_core.package_identification:_identify(src/unitree_ros/robots/g1_with_brainco_hand/meshes) by extensions ['ros']
[0.341s] Level 1:colcon.colcon_core.package_identification:_identify(src/unitree_ros/robots/g1_with_brainco_hand/meshes) by extension 'ros'
[0.341s] Level 1:colcon.colcon_core.package_identification:_identify(src/unitree_ros/robots/g1_with_brainco_hand/meshes) by extensions ['cmake', 'python']
[0.341s] Level 1:colcon.colcon_core.package_identification:_identify(src/unitree_ros/robots/g1_with_brainco_hand/meshes) by extension 'cmake'
[0.341s] Level 1:colcon.colcon_core.package_identification:_identify(src/unitree_ros/robots/g1_with_brainco_hand/meshes) by extension 'python'
[0.341s] Level 1:colcon.colcon_core.package_identification:_identify(src/unitree_ros/robots/g1_with_brainco_hand/meshes) by extensions ['python_setup_py']
[0.341s] Level 1:colcon.colcon_core.package_identification:_identify(src/unitree_ros/robots/g1_with_brainco_hand/meshes) by extension 'python_setup_py'
[0.341s] Level 1:colcon.colcon_core.package_identification:_identify(src/unitree_ros/robots/go2_description) by extensions ['ignore', 'ignore_ament_install']
[0.341s] Level 1:colcon.colcon_core.package_identification:_identify(src/unitree_ros/robots/go2_description) by extension 'ignore'
[0.341s] Level 1:colcon.colcon_core.package_identification:_identify(src/unitree_ros/robots/go2_description) by extension 'ignore_ament_install'
[0.341s] Level 1:colcon.colcon_core.package_identification:_identify(src/unitree_ros/robots/go2_description) by extensions ['colcon_pkg']
[0.341s] Level 1:colcon.colcon_core.package_identification:_identify(src/unitree_ros/robots/go2_description) by extension 'colcon_pkg'
[0.341s] Level 1:colcon.colcon_core.package_identification:_identify(src/unitree_ros/robots/go2_description) by extensions ['colcon_meta']
[0.341s] Level 1:colcon.colcon_core.package_identification:_identify(src/unitree_ros/robots/go2_description) by extension 'colcon_meta'
[0.341s] Level 1:colcon.colcon_core.package_identification:_identify(src/unitree_ros/robots/go2_description) by extensions ['ros']
[0.341s] Level 1:colcon.colcon_core.package_identification:_identify(src/unitree_ros/robots/go2_description) by extension 'ros'
[0.342s] DEBUG:colcon.colcon_core.package_identification:Package 'src/unitree_ros/robots/go2_description' with type 'ros.catkin' and name 'go2_description'
[0.342s] Level 1:colcon.colcon_core.package_identification:_identify(src/unitree_ros/robots/h1_2_description) by extensions ['ignore', 'ignore_ament_install']
[0.342s] Level 1:colcon.colcon_core.package_identification:_identify(src/unitree_ros/robots/h1_2_description) by extension 'ignore'
[0.342s] Level 1:colcon.colcon_core.package_identification:_identify(src/unitree_ros/robots/h1_2_description) by extension 'ignore_ament_install'
[0.342s] Level 1:colcon.colcon_core.package_identification:_identify(src/unitree_ros/robots/h1_2_description) by extensions ['colcon_pkg']
[0.342s] Level 1:colcon.colcon_core.package_identification:_identify(src/unitree_ros/robots/h1_2_description) by extension 'colcon_pkg'
[0.342s] Level 1:colcon.colcon_core.package_identification:_identify(src/unitree_ros/robots/h1_2_description) by extensions ['colcon_meta']
[0.342s] Level 1:colcon.colcon_core.package_identification:_identify(src/unitree_ros/robots/h1_2_description) by extension 'colcon_meta'
[0.342s] Level 1:colcon.colcon_core.package_identification:_identify(src/unitree_ros/robots/h1_2_description) by extensions ['ros']
[0.342s] Level 1:colcon.colcon_core.package_identification:_identify(src/unitree_ros/robots/h1_2_description) by extension 'ros'
[0.342s] Level 1:colcon.colcon_core.package_identification:_identify(src/unitree_ros/robots/h1_2_description) by extensions ['cmake', 'python']
[0.342s] Level 1:colcon.colcon_core.package_identification:_identify(src/unitree_ros/robots/h1_2_description) by extension 'cmake'
[0.342s] Level 1:colcon.colcon_core.package_identification:_identify(src/unitree_ros/robots/h1_2_description) by extension 'python'
[0.342s] Level 1:colcon.colcon_core.package_identification:_identify(src/unitree_ros/robots/h1_2_description) by extensions ['python_setup_py']
[0.342s] Level 1:colcon.colcon_core.package_identification:_identify(src/unitree_ros/robots/h1_2_description) by extension 'python_setup_py'
[0.342s] Level 1:colcon.colcon_core.package_identification:_identify(src/unitree_ros/robots/h1_2_description/meshes) by extensions ['ignore', 'ignore_ament_install']
[0.342s] Level 1:colcon.colcon_core.package_identification:_identify(src/unitree_ros/robots/h1_2_description/meshes) by extension 'ignore'
[0.342s] Level 1:colcon.colcon_core.package_identification:_identify(src/unitree_ros/robots/h1_2_description/meshes) by extension 'ignore_ament_install'
[0.342s] Level 1:colcon.colcon_core.package_identification:_identify(src/unitree_ros/robots/h1_2_description/meshes) by extensions ['colcon_pkg']
[0.342s] Level 1:colcon.colcon_core.package_identification:_identify(src/unitree_ros/robots/h1_2_description/meshes) by extension 'colcon_pkg'
[0.342s] Level 1:colcon.colcon_core.package_identification:_identify(src/unitree_ros/robots/h1_2_description/meshes) by extensions ['colcon_meta']
[0.342s] Level 1:colcon.colcon_core.package_identification:_identify(src/unitree_ros/robots/h1_2_description/meshes) by extension 'colcon_meta'
[0.342s] Level 1:colcon.colcon_core.package_identification:_identify(src/unitree_ros/robots/h1_2_description/meshes) by extensions ['ros']
[0.342s] Level 1:colcon.colcon_core.package_identification:_identify(src/unitree_ros/robots/h1_2_description/meshes) by extension 'ros'
[0.342s] Level 1:colcon.colcon_core.package_identification:_identify(src/unitree_ros/robots/h1_2_description/meshes) by extensions ['cmake', 'python']
[0.342s] Level 1:colcon.colcon_core.package_identification:_identify(src/unitree_ros/robots/h1_2_description/meshes) by extension 'cmake'
[0.342s] Level 1:colcon.colcon_core.package_identification:_identify(src/unitree_ros/robots/h1_2_description/meshes) by extension 'python'
[0.342s] Level 1:colcon.colcon_core.package_identification:_identify(src/unitree_ros/robots/h1_2_description/meshes) by extensions ['python_setup_py']
[0.342s] Level 1:colcon.colcon_core.package_identification:_identify(src/unitree_ros/robots/h1_2_description/meshes) by extension 'python_setup_py'
[0.342s] Level 1:colcon.colcon_core.package_identification:_identify(src/unitree_ros/robots/z1_description) by extensions ['ignore', 'ignore_ament_install']
[0.342s] Level 1:colcon.colcon_core.package_identification:_identify(src/unitree_ros/robots/z1_description) by extension 'ignore'
[0.342s] Level 1:colcon.colcon_core.package_identification:_identify(src/unitree_ros/robots/z1_description) by extension 'ignore_ament_install'
[0.342s] Level 1:colcon.colcon_core.package_identification:_identify(src/unitree_ros/robots/z1_description) by extensions ['colcon_pkg']
[0.342s] Level 1:colcon.colcon_core.package_identification:_identify(src/unitree_ros/robots/z1_description) by extension 'colcon_pkg'
[0.342s] Level 1:colcon.colcon_core.package_identification:_identify(src/unitree_ros/robots/z1_description) by extensions ['colcon_meta']
[0.342s] Level 1:colcon.colcon_core.package_identification:_identify(src/unitree_ros/robots/z1_description) by extension 'colcon_meta'
[0.342s] Level 1:colcon.colcon_core.package_identification:_identify(src/unitree_ros/robots/z1_description) by extensions ['ros']
[0.342s] Level 1:colcon.colcon_core.package_identification:_identify(src/unitree_ros/robots/z1_description) by extension 'ros'
[0.343s] DEBUG:colcon.colcon_core.package_identification:Package 'src/unitree_ros/robots/z1_description' with type 'ros.catkin' and name 'z1_description'
[0.343s] Level 1:colcon.colcon_core.package_identification:_identify(src/unitree_ros/unitree_controller) by extensions ['ignore', 'ignore_ament_install']
[0.343s] Level 1:colcon.colcon_core.package_identification:_identify(src/unitree_ros/unitree_controller) by extension 'ignore'
[0.343s] Level 1:colcon.colcon_core.package_identification:_identify(src/unitree_ros/unitree_controller) by extension 'ignore_ament_install'
[0.343s] Level 1:colcon.colcon_core.package_identification:_identify(src/unitree_ros/unitree_controller) by extensions ['colcon_pkg']
[0.343s] Level 1:colcon.colcon_core.package_identification:_identify(src/unitree_ros/unitree_controller) by extension 'colcon_pkg'
[0.343s] Level 1:colcon.colcon_core.package_identification:_identify(src/unitree_ros/unitree_controller) by extensions ['colcon_meta']
[0.343s] Level 1:colcon.colcon_core.package_identification:_identify(src/unitree_ros/unitree_controller) by extension 'colcon_meta'
[0.343s] Level 1:colcon.colcon_core.package_identification:_identify(src/unitree_ros/unitree_controller) by extensions ['ros']
[0.343s] Level 1:colcon.colcon_core.package_identification:_identify(src/unitree_ros/unitree_controller) by extension 'ros'
[0.343s] DEBUG:colcon.colcon_core.package_identification:Package 'src/unitree_ros/unitree_controller' with type 'ros.catkin' and name 'unitree_controller'
[0.343s] Level 1:colcon.colcon_core.package_identification:_identify(src/unitree_ros/unitree_gazebo) by extensions ['ignore', 'ignore_ament_install']
[0.343s] Level 1:colcon.colcon_core.package_identification:_identify(src/unitree_ros/unitree_gazebo) by extension 'ignore'
[0.343s] Level 1:colcon.colcon_core.package_identification:_identify(src/unitree_ros/unitree_gazebo) by extension 'ignore_ament_install'
[0.343s] Level 1:colcon.colcon_core.package_identification:_identify(src/unitree_ros/unitree_gazebo) by extensions ['colcon_pkg']
[0.343s] Level 1:colcon.colcon_core.package_identification:_identify(src/unitree_ros/unitree_gazebo) by extension 'colcon_pkg'
[0.343s] Level 1:colcon.colcon_core.package_identification:_identify(src/unitree_ros/unitree_gazebo) by extensions ['colcon_meta']
[0.343s] Level 1:colcon.colcon_core.package_identification:_identify(src/unitree_ros/unitree_gazebo) by extension 'colcon_meta'
[0.343s] Level 1:colcon.colcon_core.package_identification:_identify(src/unitree_ros/unitree_gazebo) by extensions ['ros']
[0.343s] Level 1:colcon.colcon_core.package_identification:_identify(src/unitree_ros/unitree_gazebo) by extension 'ros'
[0.344s] DEBUG:colcon.colcon_core.package_identification:Package 'src/unitree_ros/unitree_gazebo' with type 'ros.catkin' and name 'unitree_gazebo'
[0.344s] Level 1:colcon.colcon_core.package_identification:_identify(src/unitree_ros/unitree_legged_control) by extensions ['ignore', 'ignore_ament_install']
[0.344s] Level 1:colcon.colcon_core.package_identification:_identify(src/unitree_ros/unitree_legged_control) by extension 'ignore'
[0.344s] Level 1:colcon.colcon_core.package_identification:_identify(src/unitree_ros/unitree_legged_control) by extension 'ignore_ament_install'
[0.344s] Level 1:colcon.colcon_core.package_identification:_identify(src/unitree_ros/unitree_legged_control) by extensions ['colcon_pkg']
[0.344s] Level 1:colcon.colcon_core.package_identification:_identify(src/unitree_ros/unitree_legged_control) by extension 'colcon_pkg'
[0.344s] Level 1:colcon.colcon_core.package_identification:_identify(src/unitree_ros/unitree_legged_control) by extensions ['colcon_meta']
[0.344s] Level 1:colcon.colcon_core.package_identification:_identify(src/unitree_ros/unitree_legged_control) by extension 'colcon_meta'
[0.344s] Level 1:colcon.colcon_core.package_identification:_identify(src/unitree_ros/unitree_legged_control) by extensions ['ros']
[0.344s] Level 1:colcon.colcon_core.package_identification:_identify(src/unitree_ros/unitree_legged_control) by extension 'ros'
[0.344s] DEBUG:colcon.colcon_core.package_identification:Package 'src/unitree_ros/unitree_legged_control' with type 'ros.catkin' and name 'unitree_legged_control'
[0.344s] Level 1:colcon.colcon_core.package_identification:_identify(src/unitree_ros/unitree_ros_to_real) by extensions ['ignore', 'ignore_ament_install']
[0.344s] Level 1:colcon.colcon_core.package_identification:_identify(src/unitree_ros/unitree_ros_to_real) by extension 'ignore'
[0.344s] Level 1:colcon.colcon_core.package_identification:_identify(src/unitree_ros/unitree_ros_to_real) by extension 'ignore_ament_install'
[0.344s] Level 1:colcon.colcon_core.package_identification:_identify(src/unitree_ros/unitree_ros_to_real) by extensions ['colcon_pkg']
[0.344s] Level 1:colcon.colcon_core.package_identification:_identify(src/unitree_ros/unitree_ros_to_real) by extension 'colcon_pkg'
[0.344s] Level 1:colcon.colcon_core.package_identification:_identify(src/unitree_ros/unitree_ros_to_real) by extensions ['colcon_meta']
[0.344s] Level 1:colcon.colcon_core.package_identification:_identify(src/unitree_ros/unitree_ros_to_real) by extension 'colcon_meta'
[0.344s] Level 1:colcon.colcon_core.package_identification:_identify(src/unitree_ros/unitree_ros_to_real) by extensions ['ros']
[0.344s] Level 1:colcon.colcon_core.package_identification:_identify(src/unitree_ros/unitree_ros_to_real) by extension 'ros'
[0.344s] Level 1:colcon.colcon_core.package_identification:_identify(src/unitree_ros/unitree_ros_to_real) by extensions ['cmake', 'python']
[0.344s] Level 1:colcon.colcon_core.package_identification:_identify(src/unitree_ros/unitree_ros_to_real) by extension 'cmake'
[0.344s] Level 1:colcon.colcon_core.package_identification:_identify(src/unitree_ros/unitree_ros_to_real) by extension 'python'
[0.344s] Level 1:colcon.colcon_core.package_identification:_identify(src/unitree_ros/unitree_ros_to_real) by extensions ['python_setup_py']
[0.344s] Level 1:colcon.colcon_core.package_identification:_identify(src/unitree_ros/unitree_ros_to_real) by extension 'python_setup_py'
[0.344s] Level 1:colcon.colcon_core.package_discovery:discover_packages(recursive) using defaults
[0.344s] Level 1:colcon.colcon_core.package_discovery:discover_packages(ignore) discover
[0.344s] Level 1:colcon.colcon_core.package_discovery:discover_packages(ignore) using defaults
[0.344s] Level 1:colcon.colcon_core.package_discovery:discover_packages(path) discover
[0.344s] Level 1:colcon.colcon_core.package_discovery:discover_packages(path) using defaults
[0.359s] INFO:colcon.colcon_core.package_selection:Skipping not selected package 'go2_description' in 'src/unitree_ros/robots/go2_description'
[0.359s] INFO:colcon.colcon_core.package_selection:Skipping not selected package 'mujoco' in 'src/mujoco'
[0.359s] INFO:colcon.colcon_core.package_selection:Skipping not selected package 'stand_go2' in 'src/unitree_mujoco/example/ros2'
[0.359s] INFO:colcon.colcon_core.package_selection:Skipping not selected package 'unitree_controller' in 'src/unitree_ros/unitree_controller'
[0.359s] INFO:colcon.colcon_core.package_selection:Skipping not selected package 'unitree_gazebo' in 'src/unitree_ros/unitree_gazebo'
[0.359s] INFO:colcon.colcon_core.package_selection:Skipping not selected package 'unitree_legged_control' in 'src/unitree_ros/unitree_legged_control'
[0.359s] INFO:colcon.colcon_core.package_selection:Skipping not selected package 'z1_description' in 'src/unitree_ros/robots/z1_description'
[0.359s] INFO:colcon.colcon_core.package_selection:Skipping not selected package 'unitree_mujoco' in 'src/unitree_mujoco/simulate'
[0.359s] Level 1:colcon.colcon_core.package_discovery:discover_packages(prefix_path) check parameters
[0.359s] Level 1:colcon.colcon_core.package_discovery:discover_packages(prefix_path) discover
[0.360s] DEBUG:colcon.colcon_installed_package_information.package_discovery:Found 1 installed packages in /home/jason/projects/motion_control_go2/src/install
[0.360s] DEBUG:colcon.colcon_installed_package_information.package_discovery:Found 316 installed packages in /opt/ros/humble
[0.361s] Level 1:colcon.colcon_core.package_discovery:discover_packages(prefix_path) using defaults
[0.375s] Level 5:colcon.colcon_core.verb:set package 'go2_pinocchio_demo' build argument 'cmake_args' from command line to 'None'
[0.375s] Level 5:colcon.colcon_core.verb:set package 'go2_pinocchio_demo' build argument 'cmake_target' from command line to 'None'
[0.375s] Level 5:colcon.colcon_core.verb:set package 'go2_pinocchio_demo' build argument 'cmake_target_skip_unavailable' from command line to 'False'
[0.375s] Level 5:colcon.colcon_core.verb:set package 'go2_pinocchio_demo' build argument 'cmake_clean_cache' from command line to 'False'
[0.375s] Level 5:colcon.colcon_core.verb:set package 'go2_pinocchio_demo' build argument 'cmake_clean_first' from command line to 'False'
[0.375s] Level 5:colcon.colcon_core.verb:set package 'go2_pinocchio_demo' build argument 'cmake_force_configure' from command line to 'False'
[0.375s] Level 5:colcon.colcon_core.verb:set package 'go2_pinocchio_demo' build argument 'ament_cmake_args' from command line to 'None'
[0.375s] Level 5:colcon.colcon_core.verb:set package 'go2_pinocchio_demo' build argument 'catkin_cmake_args' from command line to 'None'
[0.375s] Level 5:colcon.colcon_core.verb:set package 'go2_pinocchio_demo' build argument 'catkin_skip_building_tests' from command line to 'False'
[0.375s] DEBUG:colcon.colcon_core.verb:Building package 'go2_pinocchio_demo' with the following arguments: {'ament_cmake_args': None, 'build_base': '/home/jason/projects/motion_control_go2/build/go2_pinocchio_demo', 'catkin_cmake_args': None, 'catkin_skip_building_tests': False, 'cmake_args': None, 'cmake_clean_cache': False, 'cmake_clean_first': False, 'cmake_force_configure': False, 'cmake_target': None, 'cmake_target_skip_unavailable': False, 'install_base': '/home/jason/projects/motion_control_go2/install/go2_pinocchio_demo', 'merge_install': False, 'path': '/home/jason/projects/motion_control_go2/src/go2_pinocchio_demo', 'symlink_install': False, 'test_result_base': None}
[0.375s] INFO:colcon.colcon_core.executor:Executing jobs using 'parallel' executor
[0.375s] DEBUG:colcon.colcon_parallel_executor.executor.parallel:run_until_complete
[0.376s] INFO:colcon.colcon_ros.task.ament_cmake.build:Building ROS package in '/home/jason/projects/motion_control_go2/src/go2_pinocchio_demo' with build type 'ament_cmake'
[0.376s] INFO:colcon.colcon_cmake.task.cmake.build:Building CMake package in '/home/jason/projects/motion_control_go2/src/go2_pinocchio_demo'
[0.377s] INFO:colcon.colcon_core.plugin_system:Skipping extension 'colcon_core.shell.bat': Not used on non-Windows systems
[0.377s] INFO:colcon.colcon_core.shell:Skip shell extension 'powershell' for command environment: Not usable outside of PowerShell
[0.377s] DEBUG:colcon.colcon_core.shell:Skip shell extension 'dsv' for command environment
[0.381s] DEBUG:colcon.colcon_core.event_handler.log_command:Invoking command in '/home/jason/projects/motion_control_go2/build/go2_pinocchio_demo': CMAKE_PREFIX_PATH=${CMAKE_PREFIX_PATH}:/opt/ros/humble /usr/bin/cmake /home/jason/projects/motion_control_go2/src/go2_pinocchio_demo -DCMAKE_INSTALL_PREFIX=/home/jason/projects/motion_control_go2/install/go2_pinocchio_demo
[1.966s] DEBUG:colcon.colcon_core.event_handler.log_command:Invoked command in '/home/jason/projects/motion_control_go2/build/go2_pinocchio_demo' returned '0': CMAKE_PREFIX_PATH=${CMAKE_PREFIX_PATH}:/opt/ros/humble /usr/bin/cmake /home/jason/projects/motion_control_go2/src/go2_pinocchio_demo -DCMAKE_INSTALL_PREFIX=/home/jason/projects/motion_control_go2/install/go2_pinocchio_demo
[1.968s] DEBUG:colcon.colcon_core.event_handler.log_command:Invoking command in '/home/jason/projects/motion_control_go2/build/go2_pinocchio_demo': CMAKE_PREFIX_PATH=${CMAKE_PREFIX_PATH}:/opt/ros/humble /usr/bin/cmake --build /home/jason/projects/motion_control_go2/build/go2_pinocchio_demo -- -j16 -l16
[2.080s] Level 1:colcon.colcon_core.environment:create_environment_scripts_only(go2_pinocchio_demo)
[2.080s] DEBUG:colcon.colcon_core.event_handler.log_command:Invoked command in '/home/jason/projects/motion_control_go2/build/go2_pinocchio_demo' returned '2': CMAKE_PREFIX_PATH=${CMAKE_PREFIX_PATH}:/opt/ros/humble /usr/bin/cmake --build /home/jason/projects/motion_control_go2/build/go2_pinocchio_demo -- -j16 -l16
[2.081s] Level 1:colcon.colcon_core.environment:checking '/home/jason/projects/motion_control_go2/install/go2_pinocchio_demo' for CMake module files
[2.081s] Level 1:colcon.colcon_core.environment:checking '/home/jason/projects/motion_control_go2/install/go2_pinocchio_demo' for CMake config files
[2.081s] Level 1:colcon.colcon_core.environment:checking '/home/jason/projects/motion_control_go2/install/go2_pinocchio_demo/bin'
[2.082s] Level 1:colcon.colcon_core.environment:checking '/home/jason/projects/motion_control_go2/install/go2_pinocchio_demo/lib/pkgconfig/go2_pinocchio_demo.pc'
[2.082s] Level 1:colcon.colcon_core.environment:checking '/home/jason/projects/motion_control_go2/install/go2_pinocchio_demo/lib/python3.10/site-packages'
[2.082s] Level 1:colcon.colcon_core.environment:checking '/home/jason/projects/motion_control_go2/install/go2_pinocchio_demo/bin'
[2.082s] INFO:colcon.colcon_core.shell:Creating package script '/home/jason/projects/motion_control_go2/install/go2_pinocchio_demo/share/go2_pinocchio_demo/package.ps1'
[2.082s] INFO:colcon.colcon_core.shell:Creating package descriptor '/home/jason/projects/motion_control_go2/install/go2_pinocchio_demo/share/go2_pinocchio_demo/package.dsv'
[2.082s] INFO:colcon.colcon_core.shell:Creating package script '/home/jason/projects/motion_control_go2/install/go2_pinocchio_demo/share/go2_pinocchio_demo/package.sh'
[2.083s] INFO:colcon.colcon_core.shell:Creating package script '/home/jason/projects/motion_control_go2/install/go2_pinocchio_demo/share/go2_pinocchio_demo/package.bash'
[2.083s] INFO:colcon.colcon_core.shell:Creating package script '/home/jason/projects/motion_control_go2/install/go2_pinocchio_demo/share/go2_pinocchio_demo/package.zsh'
[2.083s] Level 1:colcon.colcon_core.environment:create_file_with_runtime_dependencies(/home/jason/projects/motion_control_go2/install/go2_pinocchio_demo/share/colcon-core/packages/go2_pinocchio_demo)
[2.093s] DEBUG:colcon.colcon_parallel_executor.executor.parallel:closing loop
[2.093s] DEBUG:colcon.colcon_parallel_executor.executor.parallel:loop closed
[2.093s] DEBUG:colcon.colcon_parallel_executor.executor.parallel:run_until_complete finished with '2'
[2.093s] DEBUG:colcon.colcon_core.event_reactor:joining thread
[2.097s] INFO:colcon.colcon_core.plugin_system:Skipping extension 'colcon_notification.desktop_notification.terminal_notifier': Not used on non-Darwin systems
[2.097s] INFO:colcon.colcon_core.plugin_system:Skipping extension 'colcon_notification.desktop_notification.win32': Not used on non-Windows systems
[2.097s] INFO:colcon.colcon_notification.desktop_notification:Sending desktop notification using 'notify2'
[2.114s] DEBUG:colcon.colcon_core.event_reactor:joined thread
[2.115s] INFO:colcon.colcon_core.shell:Creating prefix script '/home/jason/projects/motion_control_go2/install/local_setup.ps1'
[2.116s] INFO:colcon.colcon_core.shell:Creating prefix util module '/home/jason/projects/motion_control_go2/install/_local_setup_util_ps1.py'
[2.117s] INFO:colcon.colcon_core.shell:Creating prefix chain script '/home/jason/projects/motion_control_go2/install/setup.ps1'
[2.118s] INFO:colcon.colcon_core.shell:Creating prefix script '/home/jason/projects/motion_control_go2/install/local_setup.sh'
[2.118s] INFO:colcon.colcon_core.shell:Creating prefix util module '/home/jason/projects/motion_control_go2/install/_local_setup_util_sh.py'
[2.118s] INFO:colcon.colcon_core.shell:Creating prefix chain script '/home/jason/projects/motion_control_go2/install/setup.sh'
[2.119s] INFO:colcon.colcon_core.shell:Creating prefix script '/home/jason/projects/motion_control_go2/install/local_setup.bash'
[2.120s] INFO:colcon.colcon_core.shell:Creating prefix chain script '/home/jason/projects/motion_control_go2/install/setup.bash'
[2.120s] INFO:colcon.colcon_core.shell:Creating prefix script '/home/jason/projects/motion_control_go2/install/local_setup.zsh'
[2.120s] INFO:colcon.colcon_core.shell:Creating prefix chain script '/home/jason/projects/motion_control_go2/install/setup.zsh'
