[0.000000] (-) TimerEvent: {}
[0.000346] (unitree_api) JobQueued: {'identifier': 'unitree_api', 'dependencies': OrderedDict()}
[0.000365] (unitree_go) JobQueued: {'identifier': 'unitree_go', 'dependencies': OrderedDict()}
[0.000375] (unitree_hg) JobQueued: {'identifier': 'unitree_hg', 'dependencies': OrderedDict()}
[0.000383] (unitree_sdk2) JobQueued: {'identifier': 'unitree_sdk2', 'dependencies': OrderedDict()}
[0.000391] (unitree_ros2_example) JobQueued: {'identifier': 'unitree_ros2_example', 'dependencies': OrderedDict([('unitree_api', '/home/jason/projects/unitree_sdk2_ws/install/unitree_api'), ('unitree_go', '/home/jason/projects/unitree_sdk2_ws/install/unitree_go'), ('unitree_hg', '/home/jason/projects/unitree_sdk2_ws/install/unitree_hg')])}
[0.000441] (unitree_api) JobStarted: {'identifier': 'unitree_api'}
[0.003558] (unitree_go) JobStarted: {'identifier': 'unitree_go'}
[0.005121] (unitree_hg) JobStarted: {'identifier': 'unitree_hg'}
[0.006873] (unitree_sdk2) JobStarted: {'identifier': 'unitree_sdk2'}
[0.010022] (unitree_api) JobProgress: {'identifier': 'unitree_api', 'progress': 'cmake'}
[0.010052] (unitree_api) Command: {'cmd': ['/usr/bin/cmake', '/home/jason/projects/unitree_sdk2_ws/unitree_ros2/cyclonedds_ws/src/unitree/unitree_api', '-DAMENT_CMAKE_SYMLINK_INSTALL=1', '-DCMAKE_INSTALL_PREFIX=/home/jason/projects/unitree_sdk2_ws/install/unitree_api'], 'cwd': '/home/jason/projects/unitree_sdk2_ws/build/unitree_api', 'env': OrderedDict([('LESSOPEN', '| /usr/bin/lesspipe %s'), ('USER', 'jason'), ('XDG_SESSION_TYPE', 'wayland'), ('SHLVL', '1'), ('LD_LIBRARY_PATH', '/home/jason/projects/unitree_sdk2_ws/install/unitree_sdk2/lib:/home/jason/projects/unitree_sdk2_ws/install/unitree_hg/lib:/home/jason/projects/unitree_sdk2_ws/install/unitree_go/lib:/home/jason/projects/unitree_sdk2_ws/install/unitree_api/lib:/opt/ros/humble/opt/rviz_ogre_vendor/lib:/opt/ros/humble/lib/x86_64-linux-gnu:/opt/ros/humble/lib'), ('HOME', '/home/jason'), ('OLDPWD', '/home/jason/projects/unitree_sdk2_ws'), ('DESKTOP_SESSION', 'ubuntu'), ('ROS_PYTHON_VERSION', '3'), ('GNOME_SHELL_SESSION_MODE', 'ubuntu'), ('GTK_MODULES', 'gail:atk-bridge'), ('SYSTEMD_EXEC_PID', '1804'), ('DBUS_SESSION_BUS_ADDRESS', 'unix:path=/run/user/1000/bus'), ('COLORTERM', 'truecolor'), ('IM_CONFIG_PHASE', '1'), ('WAYLAND_DISPLAY', 'wayland-0'), ('COLCON_PREFIX_PATH', '/home/jason/projects/unitree_sdk2_ws/install'), ('ROS_DISTRO', 'humble'), ('LOGNAME', 'jason'), ('_', '/usr/bin/colcon'), ('ROS_VERSION', '2'), ('XDG_SESSION_CLASS', 'user'), ('USERNAME', 'jason'), ('TERM', 'xterm-256color'), ('GNOME_DESKTOP_SESSION_ID', 'this-is-deprecated'), ('ROS_LOCALHOST_ONLY', '0'), ('PATH', '/home/jason/.local/bin:/opt/ros/humble/bin:/usr/local/sbin:/usr/local/bin:/usr/sbin:/usr/bin:/sbin:/bin:/usr/games:/usr/local/games:/snap/bin:/snap/bin'), ('SESSION_MANAGER', 'local/jasonabichebli:@/tmp/.ICE-unix/1771,unix/jasonabichebli:/tmp/.ICE-unix/1771'), ('XDG_MENU_PREFIX', 'gnome-'), ('GNOME_TERMINAL_SCREEN', '/org/gnome/Terminal/screen/0b597454_0566_460c_8a5d_2466510f845d'), ('GNOME_SETUP_DISPLAY', ':1'), ('XDG_RUNTIME_DIR', '/run/user/1000'), ('DISPLAY', ':0'), ('LANG', 'en_US.UTF-8'), ('XDG_CURRENT_DESKTOP', 'ubuntu:GNOME'), ('XMODIFIERS', '@im=ibus'), ('XDG_SESSION_DESKTOP', 'ubuntu'), ('XAUTHORITY', '/run/user/1000/.mutter-Xwaylandauth.GN6TD3'), ('LS_COLORS', 'rs=0:di=01;34:ln=01;36:mh=00:pi=40;33:so=01;35:do=01;35:bd=40;33;01:cd=40;33;01:or=40;31;01:mi=00:su=37;41:sg=30;43:ca=30;41:tw=30;42:ow=34;42:st=37;44:ex=01;32:*.tar=01;31:*.tgz=01;31:*.arc=01;31:*.arj=01;31:*.taz=01;31:*.lha=01;31:*.lz4=01;31:*.lzh=01;31:*.lzma=01;31:*.tlz=01;31:*.txz=01;31:*.tzo=01;31:*.t7z=01;31:*.zip=01;31:*.z=01;31:*.dz=01;31:*.gz=01;31:*.lrz=01;31:*.lz=01;31:*.lzo=01;31:*.xz=01;31:*.zst=01;31:*.tzst=01;31:*.bz2=01;31:*.bz=01;31:*.tbz=01;31:*.tbz2=01;31:*.tz=01;31:*.deb=01;31:*.rpm=01;31:*.jar=01;31:*.war=01;31:*.ear=01;31:*.sar=01;31:*.rar=01;31:*.alz=01;31:*.ace=01;31:*.zoo=01;31:*.cpio=01;31:*.7z=01;31:*.rz=01;31:*.cab=01;31:*.wim=01;31:*.swm=01;31:*.dwm=01;31:*.esd=01;31:*.jpg=01;35:*.jpeg=01;35:*.mjpg=01;35:*.mjpeg=01;35:*.gif=01;35:*.bmp=01;35:*.pbm=01;35:*.pgm=01;35:*.ppm=01;35:*.tga=01;35:*.xbm=01;35:*.xpm=01;35:*.tif=01;35:*.tiff=01;35:*.png=01;35:*.svg=01;35:*.svgz=01;35:*.mng=01;35:*.pcx=01;35:*.mov=01;35:*.mpg=01;35:*.mpeg=01;35:*.m2v=01;35:*.mkv=01;35:*.webm=01;35:*.webp=01;35:*.ogm=01;35:*.mp4=01;35:*.m4v=01;35:*.mp4v=01;35:*.vob=01;35:*.qt=01;35:*.nuv=01;35:*.wmv=01;35:*.asf=01;35:*.rm=01;35:*.rmvb=01;35:*.flc=01;35:*.avi=01;35:*.fli=01;35:*.flv=01;35:*.gl=01;35:*.dl=01;35:*.xcf=01;35:*.xwd=01;35:*.yuv=01;35:*.cgm=01;35:*.emf=01;35:*.ogv=01;35:*.ogx=01;35:*.aac=00;36:*.au=00;36:*.flac=00;36:*.m4a=00;36:*.mid=00;36:*.midi=00;36:*.mka=00;36:*.mp3=00;36:*.mpc=00;36:*.ogg=00;36:*.ra=00;36:*.wav=00;36:*.oga=00;36:*.opus=00;36:*.spx=00;36:*.xspf=00;36:'), ('GNOME_TERMINAL_SERVICE', ':1.198'), ('SSH_AGENT_LAUNCHER', 'gnome-keyring'), ('SSH_AUTH_SOCK', '/run/user/1000/keyring/ssh'), ('AMENT_PREFIX_PATH', '/opt/ros/humble'), ('SHELL', '/bin/bash'), ('QT_ACCESSIBILITY', '1'), ('GDMSESSION', 'ubuntu'), ('LESSCLOSE', '/usr/bin/lesspipe %s %s'), ('QT_IM_MODULE', 'ibus'), ('PWD', '/home/jason/projects/unitree_sdk2_ws/build/unitree_api'), ('XDG_CONFIG_DIRS', '/etc/xdg/xdg-ubuntu:/etc/xdg'), ('XDG_DATA_DIRS', '/usr/share/ubuntu:/usr/local/share/:/usr/share/:/var/lib/snapd/desktop'), ('PYTHONPATH', '/opt/ros/humble/lib/python3.10/site-packages:/opt/ros/humble/local/lib/python3.10/dist-packages'), ('COLCON', '1'), ('VTE_VERSION', '6800'), ('CMAKE_PREFIX_PATH', '/home/jason/projects/unitree_sdk2_ws/install/unitree_sdk2:/home/jason/projects/unitree_sdk2_ws/install/unitree_ros2_example:/home/jason/projects/unitree_sdk2_ws/install/unitree_hg:/home/jason/projects/unitree_sdk2_ws/install/unitree_go:/home/jason/projects/unitree_sdk2_ws/install/unitree_api:/opt/ros/humble')]), 'shell': False}
[0.010872] (unitree_go) JobProgress: {'identifier': 'unitree_go', 'progress': 'cmake'}
[0.010887] (unitree_go) Command: {'cmd': ['/usr/bin/cmake', '/home/jason/projects/unitree_sdk2_ws/unitree_ros2/cyclonedds_ws/src/unitree/unitree_go', '-DAMENT_CMAKE_SYMLINK_INSTALL=1', '-DCMAKE_INSTALL_PREFIX=/home/jason/projects/unitree_sdk2_ws/install/unitree_go'], 'cwd': '/home/jason/projects/unitree_sdk2_ws/build/unitree_go', 'env': OrderedDict([('LESSOPEN', '| /usr/bin/lesspipe %s'), ('USER', 'jason'), ('XDG_SESSION_TYPE', 'wayland'), ('SHLVL', '1'), ('LD_LIBRARY_PATH', '/home/jason/projects/unitree_sdk2_ws/install/unitree_sdk2/lib:/home/jason/projects/unitree_sdk2_ws/install/unitree_hg/lib:/home/jason/projects/unitree_sdk2_ws/install/unitree_go/lib:/home/jason/projects/unitree_sdk2_ws/install/unitree_api/lib:/opt/ros/humble/opt/rviz_ogre_vendor/lib:/opt/ros/humble/lib/x86_64-linux-gnu:/opt/ros/humble/lib'), ('HOME', '/home/jason'), ('OLDPWD', '/home/jason/projects/unitree_sdk2_ws'), ('DESKTOP_SESSION', 'ubuntu'), ('ROS_PYTHON_VERSION', '3'), ('GNOME_SHELL_SESSION_MODE', 'ubuntu'), ('GTK_MODULES', 'gail:atk-bridge'), ('SYSTEMD_EXEC_PID', '1804'), ('DBUS_SESSION_BUS_ADDRESS', 'unix:path=/run/user/1000/bus'), ('COLORTERM', 'truecolor'), ('IM_CONFIG_PHASE', '1'), ('WAYLAND_DISPLAY', 'wayland-0'), ('COLCON_PREFIX_PATH', '/home/jason/projects/unitree_sdk2_ws/install'), ('ROS_DISTRO', 'humble'), ('LOGNAME', 'jason'), ('_', '/usr/bin/colcon'), ('ROS_VERSION', '2'), ('XDG_SESSION_CLASS', 'user'), ('USERNAME', 'jason'), ('TERM', 'xterm-256color'), ('GNOME_DESKTOP_SESSION_ID', 'this-is-deprecated'), ('ROS_LOCALHOST_ONLY', '0'), ('PATH', '/home/jason/.local/bin:/opt/ros/humble/bin:/usr/local/sbin:/usr/local/bin:/usr/sbin:/usr/bin:/sbin:/bin:/usr/games:/usr/local/games:/snap/bin:/snap/bin'), ('SESSION_MANAGER', 'local/jasonabichebli:@/tmp/.ICE-unix/1771,unix/jasonabichebli:/tmp/.ICE-unix/1771'), ('XDG_MENU_PREFIX', 'gnome-'), ('GNOME_TERMINAL_SCREEN', '/org/gnome/Terminal/screen/0b597454_0566_460c_8a5d_2466510f845d'), ('GNOME_SETUP_DISPLAY', ':1'), ('XDG_RUNTIME_DIR', '/run/user/1000'), ('DISPLAY', ':0'), ('LANG', 'en_US.UTF-8'), ('XDG_CURRENT_DESKTOP', 'ubuntu:GNOME'), ('XMODIFIERS', '@im=ibus'), ('XDG_SESSION_DESKTOP', 'ubuntu'), ('XAUTHORITY', '/run/user/1000/.mutter-Xwaylandauth.GN6TD3'), ('LS_COLORS', 'rs=0:di=01;34:ln=01;36:mh=00:pi=40;33:so=01;35:do=01;35:bd=40;33;01:cd=40;33;01:or=40;31;01:mi=00:su=37;41:sg=30;43:ca=30;41:tw=30;42:ow=34;42:st=37;44:ex=01;32:*.tar=01;31:*.tgz=01;31:*.arc=01;31:*.arj=01;31:*.taz=01;31:*.lha=01;31:*.lz4=01;31:*.lzh=01;31:*.lzma=01;31:*.tlz=01;31:*.txz=01;31:*.tzo=01;31:*.t7z=01;31:*.zip=01;31:*.z=01;31:*.dz=01;31:*.gz=01;31:*.lrz=01;31:*.lz=01;31:*.lzo=01;31:*.xz=01;31:*.zst=01;31:*.tzst=01;31:*.bz2=01;31:*.bz=01;31:*.tbz=01;31:*.tbz2=01;31:*.tz=01;31:*.deb=01;31:*.rpm=01;31:*.jar=01;31:*.war=01;31:*.ear=01;31:*.sar=01;31:*.rar=01;31:*.alz=01;31:*.ace=01;31:*.zoo=01;31:*.cpio=01;31:*.7z=01;31:*.rz=01;31:*.cab=01;31:*.wim=01;31:*.swm=01;31:*.dwm=01;31:*.esd=01;31:*.jpg=01;35:*.jpeg=01;35:*.mjpg=01;35:*.mjpeg=01;35:*.gif=01;35:*.bmp=01;35:*.pbm=01;35:*.pgm=01;35:*.ppm=01;35:*.tga=01;35:*.xbm=01;35:*.xpm=01;35:*.tif=01;35:*.tiff=01;35:*.png=01;35:*.svg=01;35:*.svgz=01;35:*.mng=01;35:*.pcx=01;35:*.mov=01;35:*.mpg=01;35:*.mpeg=01;35:*.m2v=01;35:*.mkv=01;35:*.webm=01;35:*.webp=01;35:*.ogm=01;35:*.mp4=01;35:*.m4v=01;35:*.mp4v=01;35:*.vob=01;35:*.qt=01;35:*.nuv=01;35:*.wmv=01;35:*.asf=01;35:*.rm=01;35:*.rmvb=01;35:*.flc=01;35:*.avi=01;35:*.fli=01;35:*.flv=01;35:*.gl=01;35:*.dl=01;35:*.xcf=01;35:*.xwd=01;35:*.yuv=01;35:*.cgm=01;35:*.emf=01;35:*.ogv=01;35:*.ogx=01;35:*.aac=00;36:*.au=00;36:*.flac=00;36:*.m4a=00;36:*.mid=00;36:*.midi=00;36:*.mka=00;36:*.mp3=00;36:*.mpc=00;36:*.ogg=00;36:*.ra=00;36:*.wav=00;36:*.oga=00;36:*.opus=00;36:*.spx=00;36:*.xspf=00;36:'), ('GNOME_TERMINAL_SERVICE', ':1.198'), ('SSH_AGENT_LAUNCHER', 'gnome-keyring'), ('SSH_AUTH_SOCK', '/run/user/1000/keyring/ssh'), ('AMENT_PREFIX_PATH', '/opt/ros/humble'), ('SHELL', '/bin/bash'), ('QT_ACCESSIBILITY', '1'), ('GDMSESSION', 'ubuntu'), ('LESSCLOSE', '/usr/bin/lesspipe %s %s'), ('QT_IM_MODULE', 'ibus'), ('PWD', '/home/jason/projects/unitree_sdk2_ws/build/unitree_go'), ('XDG_CONFIG_DIRS', '/etc/xdg/xdg-ubuntu:/etc/xdg'), ('XDG_DATA_DIRS', '/usr/share/ubuntu:/usr/local/share/:/usr/share/:/var/lib/snapd/desktop'), ('PYTHONPATH', '/opt/ros/humble/lib/python3.10/site-packages:/opt/ros/humble/local/lib/python3.10/dist-packages'), ('COLCON', '1'), ('VTE_VERSION', '6800'), ('CMAKE_PREFIX_PATH', '/home/jason/projects/unitree_sdk2_ws/install/unitree_sdk2:/home/jason/projects/unitree_sdk2_ws/install/unitree_ros2_example:/home/jason/projects/unitree_sdk2_ws/install/unitree_hg:/home/jason/projects/unitree_sdk2_ws/install/unitree_go:/home/jason/projects/unitree_sdk2_ws/install/unitree_api:/opt/ros/humble')]), 'shell': False}
[0.011764] (unitree_hg) JobProgress: {'identifier': 'unitree_hg', 'progress': 'cmake'}
[0.011780] (unitree_hg) Command: {'cmd': ['/usr/bin/cmake', '/home/jason/projects/unitree_sdk2_ws/unitree_ros2/cyclonedds_ws/src/unitree/unitree_hg', '-DAMENT_CMAKE_SYMLINK_INSTALL=1', '-DCMAKE_INSTALL_PREFIX=/home/jason/projects/unitree_sdk2_ws/install/unitree_hg'], 'cwd': '/home/jason/projects/unitree_sdk2_ws/build/unitree_hg', 'env': OrderedDict([('LESSOPEN', '| /usr/bin/lesspipe %s'), ('USER', 'jason'), ('XDG_SESSION_TYPE', 'wayland'), ('SHLVL', '1'), ('LD_LIBRARY_PATH', '/home/jason/projects/unitree_sdk2_ws/install/unitree_sdk2/lib:/home/jason/projects/unitree_sdk2_ws/install/unitree_hg/lib:/home/jason/projects/unitree_sdk2_ws/install/unitree_go/lib:/home/jason/projects/unitree_sdk2_ws/install/unitree_api/lib:/opt/ros/humble/opt/rviz_ogre_vendor/lib:/opt/ros/humble/lib/x86_64-linux-gnu:/opt/ros/humble/lib'), ('HOME', '/home/jason'), ('OLDPWD', '/home/jason/projects/unitree_sdk2_ws'), ('DESKTOP_SESSION', 'ubuntu'), ('ROS_PYTHON_VERSION', '3'), ('GNOME_SHELL_SESSION_MODE', 'ubuntu'), ('GTK_MODULES', 'gail:atk-bridge'), ('SYSTEMD_EXEC_PID', '1804'), ('DBUS_SESSION_BUS_ADDRESS', 'unix:path=/run/user/1000/bus'), ('COLORTERM', 'truecolor'), ('IM_CONFIG_PHASE', '1'), ('WAYLAND_DISPLAY', 'wayland-0'), ('COLCON_PREFIX_PATH', '/home/jason/projects/unitree_sdk2_ws/install'), ('ROS_DISTRO', 'humble'), ('LOGNAME', 'jason'), ('_', '/usr/bin/colcon'), ('ROS_VERSION', '2'), ('XDG_SESSION_CLASS', 'user'), ('USERNAME', 'jason'), ('TERM', 'xterm-256color'), ('GNOME_DESKTOP_SESSION_ID', 'this-is-deprecated'), ('ROS_LOCALHOST_ONLY', '0'), ('PATH', '/home/jason/.local/bin:/opt/ros/humble/bin:/usr/local/sbin:/usr/local/bin:/usr/sbin:/usr/bin:/sbin:/bin:/usr/games:/usr/local/games:/snap/bin:/snap/bin'), ('SESSION_MANAGER', 'local/jasonabichebli:@/tmp/.ICE-unix/1771,unix/jasonabichebli:/tmp/.ICE-unix/1771'), ('XDG_MENU_PREFIX', 'gnome-'), ('GNOME_TERMINAL_SCREEN', '/org/gnome/Terminal/screen/0b597454_0566_460c_8a5d_2466510f845d'), ('GNOME_SETUP_DISPLAY', ':1'), ('XDG_RUNTIME_DIR', '/run/user/1000'), ('DISPLAY', ':0'), ('LANG', 'en_US.UTF-8'), ('XDG_CURRENT_DESKTOP', 'ubuntu:GNOME'), ('XMODIFIERS', '@im=ibus'), ('XDG_SESSION_DESKTOP', 'ubuntu'), ('XAUTHORITY', '/run/user/1000/.mutter-Xwaylandauth.GN6TD3'), ('LS_COLORS', 'rs=0:di=01;34:ln=01;36:mh=00:pi=40;33:so=01;35:do=01;35:bd=40;33;01:cd=40;33;01:or=40;31;01:mi=00:su=37;41:sg=30;43:ca=30;41:tw=30;42:ow=34;42:st=37;44:ex=01;32:*.tar=01;31:*.tgz=01;31:*.arc=01;31:*.arj=01;31:*.taz=01;31:*.lha=01;31:*.lz4=01;31:*.lzh=01;31:*.lzma=01;31:*.tlz=01;31:*.txz=01;31:*.tzo=01;31:*.t7z=01;31:*.zip=01;31:*.z=01;31:*.dz=01;31:*.gz=01;31:*.lrz=01;31:*.lz=01;31:*.lzo=01;31:*.xz=01;31:*.zst=01;31:*.tzst=01;31:*.bz2=01;31:*.bz=01;31:*.tbz=01;31:*.tbz2=01;31:*.tz=01;31:*.deb=01;31:*.rpm=01;31:*.jar=01;31:*.war=01;31:*.ear=01;31:*.sar=01;31:*.rar=01;31:*.alz=01;31:*.ace=01;31:*.zoo=01;31:*.cpio=01;31:*.7z=01;31:*.rz=01;31:*.cab=01;31:*.wim=01;31:*.swm=01;31:*.dwm=01;31:*.esd=01;31:*.jpg=01;35:*.jpeg=01;35:*.mjpg=01;35:*.mjpeg=01;35:*.gif=01;35:*.bmp=01;35:*.pbm=01;35:*.pgm=01;35:*.ppm=01;35:*.tga=01;35:*.xbm=01;35:*.xpm=01;35:*.tif=01;35:*.tiff=01;35:*.png=01;35:*.svg=01;35:*.svgz=01;35:*.mng=01;35:*.pcx=01;35:*.mov=01;35:*.mpg=01;35:*.mpeg=01;35:*.m2v=01;35:*.mkv=01;35:*.webm=01;35:*.webp=01;35:*.ogm=01;35:*.mp4=01;35:*.m4v=01;35:*.mp4v=01;35:*.vob=01;35:*.qt=01;35:*.nuv=01;35:*.wmv=01;35:*.asf=01;35:*.rm=01;35:*.rmvb=01;35:*.flc=01;35:*.avi=01;35:*.fli=01;35:*.flv=01;35:*.gl=01;35:*.dl=01;35:*.xcf=01;35:*.xwd=01;35:*.yuv=01;35:*.cgm=01;35:*.emf=01;35:*.ogv=01;35:*.ogx=01;35:*.aac=00;36:*.au=00;36:*.flac=00;36:*.m4a=00;36:*.mid=00;36:*.midi=00;36:*.mka=00;36:*.mp3=00;36:*.mpc=00;36:*.ogg=00;36:*.ra=00;36:*.wav=00;36:*.oga=00;36:*.opus=00;36:*.spx=00;36:*.xspf=00;36:'), ('GNOME_TERMINAL_SERVICE', ':1.198'), ('SSH_AGENT_LAUNCHER', 'gnome-keyring'), ('SSH_AUTH_SOCK', '/run/user/1000/keyring/ssh'), ('AMENT_PREFIX_PATH', '/opt/ros/humble'), ('SHELL', '/bin/bash'), ('QT_ACCESSIBILITY', '1'), ('GDMSESSION', 'ubuntu'), ('LESSCLOSE', '/usr/bin/lesspipe %s %s'), ('QT_IM_MODULE', 'ibus'), ('PWD', '/home/jason/projects/unitree_sdk2_ws/build/unitree_hg'), ('XDG_CONFIG_DIRS', '/etc/xdg/xdg-ubuntu:/etc/xdg'), ('XDG_DATA_DIRS', '/usr/share/ubuntu:/usr/local/share/:/usr/share/:/var/lib/snapd/desktop'), ('PYTHONPATH', '/opt/ros/humble/lib/python3.10/site-packages:/opt/ros/humble/local/lib/python3.10/dist-packages'), ('COLCON', '1'), ('VTE_VERSION', '6800'), ('CMAKE_PREFIX_PATH', '/home/jason/projects/unitree_sdk2_ws/install/unitree_sdk2:/home/jason/projects/unitree_sdk2_ws/install/unitree_ros2_example:/home/jason/projects/unitree_sdk2_ws/install/unitree_hg:/home/jason/projects/unitree_sdk2_ws/install/unitree_go:/home/jason/projects/unitree_sdk2_ws/install/unitree_api:/opt/ros/humble')]), 'shell': False}
[0.014814] (unitree_sdk2) JobProgress: {'identifier': 'unitree_sdk2', 'progress': 'cmake'}
[0.014848] (unitree_sdk2) Command: {'cmd': ['/usr/bin/cmake', '/home/jason/projects/unitree_sdk2_ws/unitree_sdk2', '-DCMAKE_INSTALL_PREFIX=/home/jason/projects/unitree_sdk2_ws/install/unitree_sdk2'], 'cwd': '/home/jason/projects/unitree_sdk2_ws/build/unitree_sdk2', 'env': OrderedDict([('LESSOPEN', '| /usr/bin/lesspipe %s'), ('USER', 'jason'), ('XDG_SESSION_TYPE', 'wayland'), ('SHLVL', '1'), ('LD_LIBRARY_PATH', '/home/jason/projects/unitree_sdk2_ws/install/unitree_sdk2/lib:/home/jason/projects/unitree_sdk2_ws/install/unitree_hg/lib:/home/jason/projects/unitree_sdk2_ws/install/unitree_go/lib:/home/jason/projects/unitree_sdk2_ws/install/unitree_api/lib:/opt/ros/humble/opt/rviz_ogre_vendor/lib:/opt/ros/humble/lib/x86_64-linux-gnu:/opt/ros/humble/lib'), ('HOME', '/home/jason'), ('OLDPWD', '/home/jason/projects/unitree_sdk2_ws'), ('DESKTOP_SESSION', 'ubuntu'), ('ROS_PYTHON_VERSION', '3'), ('GNOME_SHELL_SESSION_MODE', 'ubuntu'), ('GTK_MODULES', 'gail:atk-bridge'), ('SYSTEMD_EXEC_PID', '1804'), ('DBUS_SESSION_BUS_ADDRESS', 'unix:path=/run/user/1000/bus'), ('COLORTERM', 'truecolor'), ('IM_CONFIG_PHASE', '1'), ('WAYLAND_DISPLAY', 'wayland-0'), ('COLCON_PREFIX_PATH', '/home/jason/projects/unitree_sdk2_ws/install'), ('ROS_DISTRO', 'humble'), ('LOGNAME', 'jason'), ('_', '/usr/bin/colcon'), ('ROS_VERSION', '2'), ('XDG_SESSION_CLASS', 'user'), ('USERNAME', 'jason'), ('TERM', 'xterm-256color'), ('GNOME_DESKTOP_SESSION_ID', 'this-is-deprecated'), ('ROS_LOCALHOST_ONLY', '0'), ('PATH', '/home/jason/.local/bin:/opt/ros/humble/bin:/usr/local/sbin:/usr/local/bin:/usr/sbin:/usr/bin:/sbin:/bin:/usr/games:/usr/local/games:/snap/bin:/snap/bin'), ('SESSION_MANAGER', 'local/jasonabichebli:@/tmp/.ICE-unix/1771,unix/jasonabichebli:/tmp/.ICE-unix/1771'), ('XDG_MENU_PREFIX', 'gnome-'), ('GNOME_TERMINAL_SCREEN', '/org/gnome/Terminal/screen/0b597454_0566_460c_8a5d_2466510f845d'), ('GNOME_SETUP_DISPLAY', ':1'), ('XDG_RUNTIME_DIR', '/run/user/1000'), ('DISPLAY', ':0'), ('LANG', 'en_US.UTF-8'), ('XDG_CURRENT_DESKTOP', 'ubuntu:GNOME'), ('XMODIFIERS', '@im=ibus'), ('XDG_SESSION_DESKTOP', 'ubuntu'), ('XAUTHORITY', '/run/user/1000/.mutter-Xwaylandauth.GN6TD3'), ('LS_COLORS', 'rs=0:di=01;34:ln=01;36:mh=00:pi=40;33:so=01;35:do=01;35:bd=40;33;01:cd=40;33;01:or=40;31;01:mi=00:su=37;41:sg=30;43:ca=30;41:tw=30;42:ow=34;42:st=37;44:ex=01;32:*.tar=01;31:*.tgz=01;31:*.arc=01;31:*.arj=01;31:*.taz=01;31:*.lha=01;31:*.lz4=01;31:*.lzh=01;31:*.lzma=01;31:*.tlz=01;31:*.txz=01;31:*.tzo=01;31:*.t7z=01;31:*.zip=01;31:*.z=01;31:*.dz=01;31:*.gz=01;31:*.lrz=01;31:*.lz=01;31:*.lzo=01;31:*.xz=01;31:*.zst=01;31:*.tzst=01;31:*.bz2=01;31:*.bz=01;31:*.tbz=01;31:*.tbz2=01;31:*.tz=01;31:*.deb=01;31:*.rpm=01;31:*.jar=01;31:*.war=01;31:*.ear=01;31:*.sar=01;31:*.rar=01;31:*.alz=01;31:*.ace=01;31:*.zoo=01;31:*.cpio=01;31:*.7z=01;31:*.rz=01;31:*.cab=01;31:*.wim=01;31:*.swm=01;31:*.dwm=01;31:*.esd=01;31:*.jpg=01;35:*.jpeg=01;35:*.mjpg=01;35:*.mjpeg=01;35:*.gif=01;35:*.bmp=01;35:*.pbm=01;35:*.pgm=01;35:*.ppm=01;35:*.tga=01;35:*.xbm=01;35:*.xpm=01;35:*.tif=01;35:*.tiff=01;35:*.png=01;35:*.svg=01;35:*.svgz=01;35:*.mng=01;35:*.pcx=01;35:*.mov=01;35:*.mpg=01;35:*.mpeg=01;35:*.m2v=01;35:*.mkv=01;35:*.webm=01;35:*.webp=01;35:*.ogm=01;35:*.mp4=01;35:*.m4v=01;35:*.mp4v=01;35:*.vob=01;35:*.qt=01;35:*.nuv=01;35:*.wmv=01;35:*.asf=01;35:*.rm=01;35:*.rmvb=01;35:*.flc=01;35:*.avi=01;35:*.fli=01;35:*.flv=01;35:*.gl=01;35:*.dl=01;35:*.xcf=01;35:*.xwd=01;35:*.yuv=01;35:*.cgm=01;35:*.emf=01;35:*.ogv=01;35:*.ogx=01;35:*.aac=00;36:*.au=00;36:*.flac=00;36:*.m4a=00;36:*.mid=00;36:*.midi=00;36:*.mka=00;36:*.mp3=00;36:*.mpc=00;36:*.ogg=00;36:*.ra=00;36:*.wav=00;36:*.oga=00;36:*.opus=00;36:*.spx=00;36:*.xspf=00;36:'), ('GNOME_TERMINAL_SERVICE', ':1.198'), ('SSH_AGENT_LAUNCHER', 'gnome-keyring'), ('SSH_AUTH_SOCK', '/run/user/1000/keyring/ssh'), ('AMENT_PREFIX_PATH', '/opt/ros/humble'), ('SHELL', '/bin/bash'), ('QT_ACCESSIBILITY', '1'), ('GDMSESSION', 'ubuntu'), ('LESSCLOSE', '/usr/bin/lesspipe %s %s'), ('QT_IM_MODULE', 'ibus'), ('PWD', '/home/jason/projects/unitree_sdk2_ws/build/unitree_sdk2'), ('XDG_CONFIG_DIRS', '/etc/xdg/xdg-ubuntu:/etc/xdg'), ('XDG_DATA_DIRS', '/usr/share/ubuntu:/usr/local/share/:/usr/share/:/var/lib/snapd/desktop'), ('PYTHONPATH', '/opt/ros/humble/lib/python3.10/site-packages:/opt/ros/humble/local/lib/python3.10/dist-packages'), ('COLCON', '1'), ('VTE_VERSION', '6800'), ('CMAKE_PREFIX_PATH', '/home/jason/projects/unitree_sdk2_ws/install/unitree_sdk2:/home/jason/projects/unitree_sdk2_ws/install/unitree_ros2_example:/home/jason/projects/unitree_sdk2_ws/install/unitree_hg:/home/jason/projects/unitree_sdk2_ws/install/unitree_go:/home/jason/projects/unitree_sdk2_ws/install/unitree_api')]), 'shell': False}
[0.058639] (unitree_api) StdoutLine: {'line': b'-- The C compiler identification is GNU 11.4.0\n'}
[0.061645] (unitree_sdk2) StdoutLine: {'line': b'-- The C compiler identification is GNU 11.4.0\n'}
[0.068514] (unitree_hg) StdoutLine: {'line': b'-- The C compiler identification is GNU 11.4.0\n'}
[0.068985] (unitree_go) StdoutLine: {'line': b'-- The C compiler identification is GNU 11.4.0\n'}
[0.099669] (-) TimerEvent: {}
[0.102864] (unitree_api) StdoutLine: {'line': b'-- The CXX compiler identification is GNU 11.4.0\n'}
[0.105541] (unitree_hg) StdoutLine: {'line': b'-- The CXX compiler identification is GNU 11.4.0\n'}
[0.106918] (unitree_api) StdoutLine: {'line': b'-- Detecting C compiler ABI info\n'}
[0.114548] (unitree_hg) StdoutLine: {'line': b'-- Detecting C compiler ABI info\n'}
[0.115571] (unitree_sdk2) StdoutLine: {'line': b'-- The CXX compiler identification is GNU 11.4.0\n'}
[0.119192] (unitree_go) StdoutLine: {'line': b'-- The CXX compiler identification is GNU 11.4.0\n'}
[0.119281] (unitree_sdk2) StdoutLine: {'line': b'-- Detecting C compiler ABI info\n'}
[0.123732] (unitree_go) StdoutLine: {'line': b'-- Detecting C compiler ABI info\n'}
[0.154502] (unitree_api) StdoutLine: {'line': b'-- Detecting C compiler ABI info - done\n'}
[0.158478] (unitree_api) StdoutLine: {'line': b'-- Check for working C compiler: /usr/bin/cc - skipped\n'}
[0.158589] (unitree_api) StdoutLine: {'line': b'-- Detecting C compile features\n'}
[0.158673] (unitree_api) StdoutLine: {'line': b'-- Detecting C compile features - done\n'}
[0.162427] (unitree_api) StdoutLine: {'line': b'-- Detecting CXX compiler ABI info\n'}
[0.168665] (unitree_sdk2) StdoutLine: {'line': b'-- Detecting C compiler ABI info - done\n'}
[0.172080] (unitree_hg) StdoutLine: {'line': b'-- Detecting C compiler ABI info - done\n'}
[0.174200] (unitree_sdk2) StdoutLine: {'line': b'-- Check for working C compiler: /usr/bin/cc - skipped\n'}
[0.174254] (unitree_sdk2) StdoutLine: {'line': b'-- Detecting C compile features\n'}
[0.174403] (unitree_go) StdoutLine: {'line': b'-- Detecting C compiler ABI info - done\n'}
[0.174476] (unitree_sdk2) StdoutLine: {'line': b'-- Detecting C compile features - done\n'}
[0.175931] (unitree_hg) StdoutLine: {'line': b'-- Check for working C compiler: /usr/bin/cc - skipped\n'}
[0.176060] (unitree_hg) StdoutLine: {'line': b'-- Detecting C compile features\n'}
[0.176275] (unitree_hg) StdoutLine: {'line': b'-- Detecting C compile features - done\n'}
[0.176449] (unitree_sdk2) StdoutLine: {'line': b'-- Detecting CXX compiler ABI info\n'}
[0.177818] (unitree_hg) StdoutLine: {'line': b'-- Detecting CXX compiler ABI info\n'}
[0.185659] (unitree_go) StdoutLine: {'line': b'-- Check for working C compiler: /usr/bin/cc - skipped\n'}
[0.185772] (unitree_go) StdoutLine: {'line': b'-- Detecting C compile features\n'}
[0.185798] (unitree_go) StdoutLine: {'line': b'-- Detecting C compile features - done\n'}
[0.188016] (unitree_go) StdoutLine: {'line': b'-- Detecting CXX compiler ABI info\n'}
[0.199778] (-) TimerEvent: {}
[0.256652] (unitree_api) StdoutLine: {'line': b'-- Detecting CXX compiler ABI info - done\n'}
[0.256817] (unitree_go) StdoutLine: {'line': b'-- Detecting CXX compiler ABI info - done\n'}
[0.259928] (unitree_hg) StdoutLine: {'line': b'-- Detecting CXX compiler ABI info - done\n'}
[0.260635] (unitree_api) StdoutLine: {'line': b'-- Check for working CXX compiler: /usr/bin/c++ - skipped\n'}
[0.260721] (unitree_api) StdoutLine: {'line': b'-- Detecting CXX compile features\n'}
[0.260862] (unitree_api) StdoutLine: {'line': b'-- Detecting CXX compile features - done\n'}
[0.262433] (unitree_sdk2) StdoutLine: {'line': b'-- Detecting CXX compiler ABI info - done\n'}
[0.262988] (unitree_go) StdoutLine: {'line': b'-- Check for working CXX compiler: /usr/bin/c++ - skipped\n'}
[0.263083] (unitree_go) StdoutLine: {'line': b'-- Detecting CXX compile features\n'}
[0.263297] (unitree_go) StdoutLine: {'line': b'-- Detecting CXX compile features - done\n'}
[0.269112] (unitree_hg) StdoutLine: {'line': b'-- Check for working CXX compiler: /usr/bin/c++ - skipped\n'}
[0.269616] (unitree_hg) StdoutLine: {'line': b'-- Detecting CXX compile features\n'}
[0.270235] (unitree_hg) StdoutLine: {'line': b'-- Detecting CXX compile features - done\n'}
[0.271149] (unitree_sdk2) StdoutLine: {'line': b'-- Check for working CXX compiler: /usr/bin/c++ - skipped\n'}
[0.271580] (unitree_sdk2) StdoutLine: {'line': b'-- Detecting CXX compile features\n'}
[0.272210] (unitree_sdk2) StdoutLine: {'line': b'-- Detecting CXX compile features - done\n'}
[0.272953] (unitree_sdk2) StdoutLine: {'line': b"-- Setting build type to 'Release' as none was specified.\n"}
[0.281654] (unitree_go) StdoutLine: {'line': b'-- Found ament_cmake: 1.3.12 (/opt/ros/humble/share/ament_cmake/cmake)\n'}
[0.281796] (unitree_hg) StdoutLine: {'line': b'-- Found ament_cmake: 1.3.12 (/opt/ros/humble/share/ament_cmake/cmake)\n'}
[0.281869] (unitree_api) StdoutLine: {'line': b'-- Found ament_cmake: 1.3.12 (/opt/ros/humble/share/ament_cmake/cmake)\n'}
[0.282603] (unitree_sdk2) StdoutLine: {'line': b'-- Current system architecture: x86_64\n'}
[0.284334] (unitree_sdk2) StdoutLine: {'line': b'-- Looking for pthread.h\n'}
[0.299992] (-) TimerEvent: {}
[0.346330] (unitree_sdk2) StdoutLine: {'line': b'-- Looking for pthread.h - found\n'}
[0.347567] (unitree_sdk2) StdoutLine: {'line': b'-- Performing Test CMAKE_HAVE_LIBC_PTHREAD\n'}
[0.380935] (unitree_api) StdoutLine: {'line': b'-- Found Python3: /usr/bin/python3 (found version "3.10.12") found components: Interpreter \n'}
[0.381146] (unitree_hg) StdoutLine: {'line': b'-- Found Python3: /usr/bin/python3 (found version "3.10.12") found components: Interpreter \n'}
[0.387636] (unitree_go) StdoutLine: {'line': b'-- Found Python3: /usr/bin/python3 (found version "3.10.12") found components: Interpreter \n'}
[0.395065] (unitree_sdk2) StdoutLine: {'line': b'-- Performing Test CMAKE_HAVE_LIBC_PTHREAD - Success\n'}
[0.395646] (unitree_sdk2) StdoutLine: {'line': b'-- Found Threads: TRUE  \n'}
[0.396193] (unitree_sdk2) StdoutLine: {'line': b'-- Importing: /home/jason/projects/unitree_sdk2_ws/unitree_sdk2/thirdparty/lib/x86_64/libddsc.so\n'}
[0.396243] (unitree_sdk2) StdoutLine: {'line': b'-- Importing: /home/jason/projects/unitree_sdk2_ws/unitree_sdk2/thirdparty/lib/x86_64/libddscxx.so\n'}
[0.396550] (unitree_sdk2) StdoutLine: {'line': b'-- Unitree SDK library found at: /home/jason/projects/unitree_sdk2_ws/unitree_sdk2/lib/x86_64/libunitree_sdk2.a\n'}
[0.396603] (unitree_sdk2) StdoutLine: {'line': b'-- Importing: /home/jason/projects/unitree_sdk2_ws/unitree_sdk2/lib/x86_64/libunitree_sdk2.a\n'}
[0.400123] (-) TimerEvent: {}
[0.408789] (unitree_sdk2) StdoutLine: {'line': b'-- Found Boost: /usr/lib/x86_64-linux-gnu/cmake/Boost-1.74.0/BoostConfig.cmake (found version "1.74.0") found components: program_options \n'}
[0.410505] (unitree_sdk2) StdoutLine: {'line': b'-- Found yaml-cpp version 0.7.0\n'}
[0.411958] (unitree_sdk2) StdoutLine: {'line': b'-- Configuring done\n'}
[0.418160] (unitree_hg) StdoutLine: {'line': b'-- Override CMake install command with custom implementation using symlinks instead of copying resources\n'}
[0.419575] (unitree_go) StdoutLine: {'line': b'-- Override CMake install command with custom implementation using symlinks instead of copying resources\n'}
[0.423376] (unitree_api) StdoutLine: {'line': b'-- Override CMake install command with custom implementation using symlinks instead of copying resources\n'}
[0.428693] (unitree_sdk2) StdoutLine: {'line': b'-- Generating done\n'}
[0.433697] (unitree_sdk2) StdoutLine: {'line': b'-- Build files have been written to: /home/jason/projects/unitree_sdk2_ws/build/unitree_sdk2\n'}
[0.437500] (unitree_sdk2) CommandEnded: {'returncode': 0}
[0.437731] (unitree_sdk2) JobProgress: {'identifier': 'unitree_sdk2', 'progress': 'build'}
[0.439596] (unitree_sdk2) Command: {'cmd': ['/usr/bin/cmake', '--build', '/home/jason/projects/unitree_sdk2_ws/build/unitree_sdk2', '--', '-j16', '-l16'], 'cwd': '/home/jason/projects/unitree_sdk2_ws/build/unitree_sdk2', 'env': OrderedDict([('LESSOPEN', '| /usr/bin/lesspipe %s'), ('USER', 'jason'), ('XDG_SESSION_TYPE', 'wayland'), ('SHLVL', '1'), ('LD_LIBRARY_PATH', '/home/jason/projects/unitree_sdk2_ws/install/unitree_sdk2/lib:/home/jason/projects/unitree_sdk2_ws/install/unitree_hg/lib:/home/jason/projects/unitree_sdk2_ws/install/unitree_go/lib:/home/jason/projects/unitree_sdk2_ws/install/unitree_api/lib:/opt/ros/humble/opt/rviz_ogre_vendor/lib:/opt/ros/humble/lib/x86_64-linux-gnu:/opt/ros/humble/lib'), ('HOME', '/home/jason'), ('OLDPWD', '/home/jason/projects/unitree_sdk2_ws'), ('DESKTOP_SESSION', 'ubuntu'), ('ROS_PYTHON_VERSION', '3'), ('GNOME_SHELL_SESSION_MODE', 'ubuntu'), ('GTK_MODULES', 'gail:atk-bridge'), ('SYSTEMD_EXEC_PID', '1804'), ('DBUS_SESSION_BUS_ADDRESS', 'unix:path=/run/user/1000/bus'), ('COLORTERM', 'truecolor'), ('IM_CONFIG_PHASE', '1'), ('WAYLAND_DISPLAY', 'wayland-0'), ('COLCON_PREFIX_PATH', '/home/jason/projects/unitree_sdk2_ws/install'), ('ROS_DISTRO', 'humble'), ('LOGNAME', 'jason'), ('_', '/usr/bin/colcon'), ('ROS_VERSION', '2'), ('XDG_SESSION_CLASS', 'user'), ('USERNAME', 'jason'), ('TERM', 'xterm-256color'), ('GNOME_DESKTOP_SESSION_ID', 'this-is-deprecated'), ('ROS_LOCALHOST_ONLY', '0'), ('PATH', '/home/jason/.local/bin:/opt/ros/humble/bin:/usr/local/sbin:/usr/local/bin:/usr/sbin:/usr/bin:/sbin:/bin:/usr/games:/usr/local/games:/snap/bin:/snap/bin'), ('SESSION_MANAGER', 'local/jasonabichebli:@/tmp/.ICE-unix/1771,unix/jasonabichebli:/tmp/.ICE-unix/1771'), ('XDG_MENU_PREFIX', 'gnome-'), ('GNOME_TERMINAL_SCREEN', '/org/gnome/Terminal/screen/0b597454_0566_460c_8a5d_2466510f845d'), ('GNOME_SETUP_DISPLAY', ':1'), ('XDG_RUNTIME_DIR', '/run/user/1000'), ('DISPLAY', ':0'), ('LANG', 'en_US.UTF-8'), ('XDG_CURRENT_DESKTOP', 'ubuntu:GNOME'), ('XMODIFIERS', '@im=ibus'), ('XDG_SESSION_DESKTOP', 'ubuntu'), ('XAUTHORITY', '/run/user/1000/.mutter-Xwaylandauth.GN6TD3'), ('LS_COLORS', 'rs=0:di=01;34:ln=01;36:mh=00:pi=40;33:so=01;35:do=01;35:bd=40;33;01:cd=40;33;01:or=40;31;01:mi=00:su=37;41:sg=30;43:ca=30;41:tw=30;42:ow=34;42:st=37;44:ex=01;32:*.tar=01;31:*.tgz=01;31:*.arc=01;31:*.arj=01;31:*.taz=01;31:*.lha=01;31:*.lz4=01;31:*.lzh=01;31:*.lzma=01;31:*.tlz=01;31:*.txz=01;31:*.tzo=01;31:*.t7z=01;31:*.zip=01;31:*.z=01;31:*.dz=01;31:*.gz=01;31:*.lrz=01;31:*.lz=01;31:*.lzo=01;31:*.xz=01;31:*.zst=01;31:*.tzst=01;31:*.bz2=01;31:*.bz=01;31:*.tbz=01;31:*.tbz2=01;31:*.tz=01;31:*.deb=01;31:*.rpm=01;31:*.jar=01;31:*.war=01;31:*.ear=01;31:*.sar=01;31:*.rar=01;31:*.alz=01;31:*.ace=01;31:*.zoo=01;31:*.cpio=01;31:*.7z=01;31:*.rz=01;31:*.cab=01;31:*.wim=01;31:*.swm=01;31:*.dwm=01;31:*.esd=01;31:*.jpg=01;35:*.jpeg=01;35:*.mjpg=01;35:*.mjpeg=01;35:*.gif=01;35:*.bmp=01;35:*.pbm=01;35:*.pgm=01;35:*.ppm=01;35:*.tga=01;35:*.xbm=01;35:*.xpm=01;35:*.tif=01;35:*.tiff=01;35:*.png=01;35:*.svg=01;35:*.svgz=01;35:*.mng=01;35:*.pcx=01;35:*.mov=01;35:*.mpg=01;35:*.mpeg=01;35:*.m2v=01;35:*.mkv=01;35:*.webm=01;35:*.webp=01;35:*.ogm=01;35:*.mp4=01;35:*.m4v=01;35:*.mp4v=01;35:*.vob=01;35:*.qt=01;35:*.nuv=01;35:*.wmv=01;35:*.asf=01;35:*.rm=01;35:*.rmvb=01;35:*.flc=01;35:*.avi=01;35:*.fli=01;35:*.flv=01;35:*.gl=01;35:*.dl=01;35:*.xcf=01;35:*.xwd=01;35:*.yuv=01;35:*.cgm=01;35:*.emf=01;35:*.ogv=01;35:*.ogx=01;35:*.aac=00;36:*.au=00;36:*.flac=00;36:*.m4a=00;36:*.mid=00;36:*.midi=00;36:*.mka=00;36:*.mp3=00;36:*.mpc=00;36:*.ogg=00;36:*.ra=00;36:*.wav=00;36:*.oga=00;36:*.opus=00;36:*.spx=00;36:*.xspf=00;36:'), ('GNOME_TERMINAL_SERVICE', ':1.198'), ('SSH_AGENT_LAUNCHER', 'gnome-keyring'), ('SSH_AUTH_SOCK', '/run/user/1000/keyring/ssh'), ('AMENT_PREFIX_PATH', '/opt/ros/humble'), ('SHELL', '/bin/bash'), ('QT_ACCESSIBILITY', '1'), ('GDMSESSION', 'ubuntu'), ('LESSCLOSE', '/usr/bin/lesspipe %s %s'), ('QT_IM_MODULE', 'ibus'), ('PWD', '/home/jason/projects/unitree_sdk2_ws/build/unitree_sdk2'), ('XDG_CONFIG_DIRS', '/etc/xdg/xdg-ubuntu:/etc/xdg'), ('XDG_DATA_DIRS', '/usr/share/ubuntu:/usr/local/share/:/usr/share/:/var/lib/snapd/desktop'), ('PYTHONPATH', '/opt/ros/humble/lib/python3.10/site-packages:/opt/ros/humble/local/lib/python3.10/dist-packages'), ('COLCON', '1'), ('VTE_VERSION', '6800'), ('CMAKE_PREFIX_PATH', '/home/jason/projects/unitree_sdk2_ws/install/unitree_sdk2:/home/jason/projects/unitree_sdk2_ws/install/unitree_ros2_example:/home/jason/projects/unitree_sdk2_ws/install/unitree_hg:/home/jason/projects/unitree_sdk2_ws/install/unitree_go:/home/jason/projects/unitree_sdk2_ws/install/unitree_api')]), 'shell': False}
[0.440179] (unitree_api) StdoutLine: {'line': b'-- Found geometry_msgs: 4.9.0 (/opt/ros/humble/share/geometry_msgs/cmake)\n'}
[0.440321] (unitree_hg) StdoutLine: {'line': b'-- Found geometry_msgs: 4.9.0 (/opt/ros/humble/share/geometry_msgs/cmake)\n'}
[0.440412] (unitree_go) StdoutLine: {'line': b'-- Found geometry_msgs: 4.9.0 (/opt/ros/humble/share/geometry_msgs/cmake)\n'}
[0.464810] (unitree_hg) StdoutLine: {'line': b'-- Found rosidl_generator_c: 3.1.7 (/opt/ros/humble/share/rosidl_generator_c/cmake)\n'}
[0.464977] (unitree_api) StdoutLine: {'line': b'-- Found rosidl_generator_c: 3.1.7 (/opt/ros/humble/share/rosidl_generator_c/cmake)\n'}
[0.466182] (unitree_api) StdoutLine: {'line': b'-- Found rosidl_adapter: 3.1.7 (/opt/ros/humble/share/rosidl_adapter/cmake)\n'}
[0.467148] (unitree_hg) StdoutLine: {'line': b'-- Found rosidl_adapter: 3.1.7 (/opt/ros/humble/share/rosidl_adapter/cmake)\n'}
[0.468503] (unitree_go) StdoutLine: {'line': b'-- Found rosidl_generator_c: 3.1.7 (/opt/ros/humble/share/rosidl_generator_c/cmake)\n'}
[0.470329] (unitree_go) StdoutLine: {'line': b'-- Found rosidl_adapter: 3.1.7 (/opt/ros/humble/share/rosidl_adapter/cmake)\n'}
[0.472842] (unitree_sdk2) StdoutLine: {'line': b'[  3%] \x1b[32mBuilding CXX object example/state_machine/CMakeFiles/state_machine_example.dir/main.cpp.o\x1b[0m\n'}
[0.473358] (unitree_sdk2) StdoutLine: {'line': b'[  3%] \x1b[32mBuilding CXX object example/helloworld/CMakeFiles/test_publisher.dir/publisher.cpp.o\x1b[0m\n'}
[0.473448] (unitree_sdk2) StdoutLine: {'line': b'[  4%] \x1b[32mBuilding CXX object example/jsonize/CMakeFiles/test_jsonize.dir/test_jsonize.cpp.o\x1b[0m\n'}
[0.474042] (unitree_sdk2) StdoutLine: {'line': b'[  6%] \x1b[32mBuilding CXX object example/go2/CMakeFiles/go2_low_level.dir/go2_low_level.cpp.o\x1b[0m\n'}
[0.475184] (unitree_sdk2) StdoutLine: {'line': b'[  9%] \x1b[32mBuilding CXX object example/b2/CMakeFiles/b2_sport_client.dir/b2_sport_client.cpp.o\x1b[0m\n'}
[0.475854] (unitree_sdk2) StdoutLine: {'line': b'[  9%] \x1b[32mBuilding CXX object example/go2/CMakeFiles/go2_robot_state_client.dir/go2_robot_state_client.cpp.o\x1b[0m\n'}
[0.475924] (unitree_sdk2) StdoutLine: {'line': b'[ 12%] \x1b[32mBuilding CXX object example/helloworld/CMakeFiles/test_subscriber.dir/subscriber.cpp.o\x1b[0m\n'}
[0.475955] (unitree_sdk2) StdoutLine: {'line': b'[ 10%] \x1b[32mBuilding CXX object example/go2/CMakeFiles/go2_sport_client.dir/go2_sport_client.cpp.o\x1b[0m\n'}
[0.475984] (unitree_sdk2) StdoutLine: {'line': b'[ 13%] \x1b[32mBuilding CXX object example/go2/CMakeFiles/go2_video_client.dir/go2_video_client.cpp.o\x1b[0m\n'}
[0.476011] (unitree_sdk2) StdoutLine: {'line': b'[ 15%] \x1b[32mBuilding CXX object example/go2/CMakeFiles/go2_vui_client.dir/go2_vui_client.cpp.o\x1b[0m\n'}
[0.477192] (unitree_hg) StdoutLine: {'line': b'-- Found rosidl_generator_cpp: 3.1.7 (/opt/ros/humble/share/rosidl_generator_cpp/cmake)\n'}
[0.478782] (unitree_api) StdoutLine: {'line': b'-- Found rosidl_generator_cpp: 3.1.7 (/opt/ros/humble/share/rosidl_generator_cpp/cmake)\n'}
[0.478864] (unitree_sdk2) StdoutLine: {'line': b'[ 16%] \x1b[32mBuilding CXX object example/h1/CMakeFiles/h1_low_level_example.dir/low_level/humanoid.cpp.o\x1b[0m\n'}
[0.478902] (unitree_sdk2) StdoutLine: {'line': b'[ 18%] \x1b[32mBuilding CXX object example/h1/CMakeFiles/h1_loco_client.dir/high_level/h1_loco_client_example.cpp.o\x1b[0m\n'}
[0.478928] (unitree_go) StdoutLine: {'line': b'-- Found rosidl_generator_cpp: 3.1.7 (/opt/ros/humble/share/rosidl_generator_cpp/cmake)\n'}
[0.478956] (unitree_sdk2) StdoutLine: {'line': b'[ 19%] \x1b[32mBuilding CXX object example/b2/CMakeFiles/b2_stand_example.dir/b2_stand_example.cpp.o\x1b[0m\n'}
[0.479742] (unitree_sdk2) StdoutLine: {'line': b'[ 21%] \x1b[32mBuilding CXX object example/h1/CMakeFiles/h1_27dof_example.dir/low_level/h1_27dof_example.cpp.o\x1b[0m\n'}
[0.482189] (unitree_sdk2) StdoutLine: {'line': b'[ 22%] \x1b[32mBuilding CXX object example/go2/CMakeFiles/go2_stand_example.dir/go2_stand_example.cpp.o\x1b[0m\n'}
[0.482277] (unitree_sdk2) StdoutLine: {'line': b'[ 24%] \x1b[32mBuilding CXX object example/wireless_controller/CMakeFiles/advanced_gamepad.dir/main.cpp.o\x1b[0m\n'}
[0.489739] (unitree_hg) StdoutLine: {'line': b'-- Using all available rosidl_typesupport_c: rosidl_typesupport_fastrtps_c;rosidl_typesupport_introspection_c\n'}
[0.490621] (unitree_go) StdoutLine: {'line': b'-- Using all available rosidl_typesupport_c: rosidl_typesupport_fastrtps_c;rosidl_typesupport_introspection_c\n'}
[0.490840] (unitree_api) StdoutLine: {'line': b'-- Using all available rosidl_typesupport_c: rosidl_typesupport_fastrtps_c;rosidl_typesupport_introspection_c\n'}
[0.502497] (-) TimerEvent: {}
[0.503476] (unitree_hg) StdoutLine: {'line': b'-- Using all available rosidl_typesupport_cpp: rosidl_typesupport_fastrtps_cpp;rosidl_typesupport_introspection_cpp\n'}
[0.504673] (unitree_api) StdoutLine: {'line': b'-- Using all available rosidl_typesupport_cpp: rosidl_typesupport_fastrtps_cpp;rosidl_typesupport_introspection_cpp\n'}
[0.505343] (unitree_go) StdoutLine: {'line': b'-- Using all available rosidl_typesupport_cpp: rosidl_typesupport_fastrtps_cpp;rosidl_typesupport_introspection_cpp\n'}
[0.548632] (unitree_hg) StdoutLine: {'line': b'-- Found rosidl_default_generators: 1.2.0 (/opt/ros/humble/share/rosidl_default_generators/cmake)\n'}
[0.548806] (unitree_api) StdoutLine: {'line': b'-- Found rosidl_default_generators: 1.2.0 (/opt/ros/humble/share/rosidl_default_generators/cmake)\n'}
[0.550108] (unitree_go) StdoutLine: {'line': b'-- Found rosidl_default_generators: 1.2.0 (/opt/ros/humble/share/rosidl_default_generators/cmake)\n'}
[0.558423] (unitree_api) StdoutLine: {'line': b'-- Found rosidl_generator_dds_idl: 0.8.1 (/opt/ros/humble/share/rosidl_generator_dds_idl/cmake)\n'}
[0.563429] (unitree_hg) StdoutLine: {'line': b'-- Found rosidl_generator_dds_idl: 0.8.1 (/opt/ros/humble/share/rosidl_generator_dds_idl/cmake)\n'}
[0.566888] (unitree_go) StdoutLine: {'line': b'-- Found rosidl_generator_dds_idl: 0.8.1 (/opt/ros/humble/share/rosidl_generator_dds_idl/cmake)\n'}
[0.602588] (-) TimerEvent: {}
[0.705578] (-) TimerEvent: {}
[0.805852] (-) TimerEvent: {}
[0.906125] (-) TimerEvent: {}
[0.956866] (unitree_hg) StdoutLine: {'line': b'-- Found ament_cmake_ros: 0.10.0 (/opt/ros/humble/share/ament_cmake_ros/cmake)\n'}
[0.964665] (unitree_api) StdoutLine: {'line': b'-- Found ament_cmake_ros: 0.10.0 (/opt/ros/humble/share/ament_cmake_ros/cmake)\n'}
[1.006226] (-) TimerEvent: {}
[1.106478] (-) TimerEvent: {}
[1.207532] (-) TimerEvent: {}
[1.274508] (unitree_sdk2) StdoutLine: {'line': b'[ 25%] \x1b[32m\x1b[1mLinking CXX executable ../../bin/test_jsonize\x1b[0m\n'}
[1.307736] (-) TimerEvent: {}
[1.408001] (-) TimerEvent: {}
[1.447492] (unitree_go) StdoutLine: {'line': b'-- Found ament_cmake_ros: 0.10.0 (/opt/ros/humble/share/ament_cmake_ros/cmake)\n'}
[1.478162] (unitree_hg) StdoutLine: {'line': b'-- Using all available rosidl_typesupport_c: rosidl_typesupport_fastrtps_c;rosidl_typesupport_introspection_c\n'}
[1.505591] (unitree_api) StdoutLine: {'line': b'-- Using all available rosidl_typesupport_c: rosidl_typesupport_fastrtps_c;rosidl_typesupport_introspection_c\n'}
[1.508084] (-) TimerEvent: {}
[1.524548] (unitree_sdk2) StdoutLine: {'line': b'[ 27%] \x1b[32m\x1b[1mLinking CXX executable ../../bin/b2_sport_client\x1b[0m\n'}
[1.584539] (unitree_sdk2) StdoutLine: {'line': b'[ 28%] \x1b[32m\x1b[1mLinking CXX executable ../../bin/go2_robot_state_client\x1b[0m\n'}
[1.608569] (-) TimerEvent: {}
[1.623507] (unitree_sdk2) StdoutLine: {'line': b'[ 28%] Built target test_jsonize\n'}
[1.645074] (unitree_sdk2) StdoutLine: {'line': b'[ 30%] \x1b[32mBuilding CXX object example/h1/CMakeFiles/h1_2_ankle_track.dir/low_level/h1_2_ankle_track.cpp.o\x1b[0m\n'}
[1.645233] (unitree_hg) StdoutLine: {'line': b'-- Using all available rosidl_typesupport_cpp: rosidl_typesupport_fastrtps_cpp;rosidl_typesupport_introspection_cpp\n'}
[1.666044] (unitree_hg) StdoutLine: {'line': b'-- Found PythonInterp: /usr/bin/python3 (found suitable version "3.10.12", minimum required is "3.6") \n'}
[1.668793] (unitree_hg) StdoutLine: {'line': b'-- Found python_cmake_module: 0.10.0 (/opt/ros/humble/share/python_cmake_module/cmake)\n'}
[1.689516] (unitree_api) StdoutLine: {'line': b'-- Using all available rosidl_typesupport_cpp: rosidl_typesupport_fastrtps_cpp;rosidl_typesupport_introspection_cpp\n'}
[1.708675] (-) TimerEvent: {}
[1.714209] (unitree_hg) StdoutLine: {'line': b'-- Found PythonLibs: /usr/lib/x86_64-linux-gnu/libpython3.10.so (found suitable version "3.10.12", minimum required is "3.5") \n'}
[1.714353] (unitree_hg) StdoutLine: {'line': b'-- Using PYTHON_EXECUTABLE: /usr/bin/python3\n'}
[1.714386] (unitree_hg) StdoutLine: {'line': b'-- Using PYTHON_INCLUDE_DIRS: /usr/include/python3.10\n'}
[1.714420] (unitree_hg) StdoutLine: {'line': b'-- Using PYTHON_LIBRARIES: /usr/lib/x86_64-linux-gnu/libpython3.10.so\n'}
[1.759027] (unitree_api) StdoutLine: {'line': b'-- Found PythonInterp: /usr/bin/python3 (found suitable version "3.10.12", minimum required is "3.6") \n'}
[1.763019] (unitree_api) StdoutLine: {'line': b'-- Found python_cmake_module: 0.10.0 (/opt/ros/humble/share/python_cmake_module/cmake)\n'}
[1.798435] (unitree_hg) StdoutLine: {'line': b'-- Found PythonExtra: .so  \n'}
[1.800186] (unitree_sdk2) StdoutLine: {'line': b'[ 31%] \x1b[32m\x1b[1mLinking CXX executable ../../bin/go2_video_client\x1b[0m\n'}
[1.808777] (-) TimerEvent: {}
[1.821585] (unitree_api) StdoutLine: {'line': b'-- Found PythonLibs: /usr/lib/x86_64-linux-gnu/libpython3.10.so (found suitable version "3.10.12", minimum required is "3.5") \n'}
[1.821824] (unitree_api) StdoutLine: {'line': b'-- Using PYTHON_EXECUTABLE: /usr/bin/python3\n'}
[1.821893] (unitree_api) StdoutLine: {'line': b'-- Using PYTHON_INCLUDE_DIRS: /usr/include/python3.10\n'}
[1.821960] (unitree_api) StdoutLine: {'line': b'-- Using PYTHON_LIBRARIES: /usr/lib/x86_64-linux-gnu/libpython3.10.so\n'}
[1.856131] (unitree_api) StdoutLine: {'line': b'-- Found PythonExtra: .so  \n'}
[1.908891] (-) TimerEvent: {}
[1.921542] (unitree_hg) StdoutLine: {'line': b'-- Found ament_lint_auto: 0.12.14 (/opt/ros/humble/share/ament_lint_auto/cmake)\n'}
[1.951735] (unitree_hg) StdoutLine: {'line': b"-- Added test 'copyright' to check source files copyright and LICENSE\n"}
[1.958474] (unitree_hg) StdoutLine: {'line': b"-- Added test 'lint_cmake' to check CMake code style\n"}
[1.959444] (unitree_hg) StdoutLine: {'line': b"-- Added test 'xmllint' to check XML markup files\n"}
[1.962741] (unitree_hg) StdoutLine: {'line': b'-- Configuring done\n'}
[2.004861] (unitree_hg) StdoutLine: {'line': b'-- Generating done\n'}
[2.009473] (-) TimerEvent: {}
[2.011227] (unitree_sdk2) StdoutLine: {'line': b'[ 33%] \x1b[32m\x1b[1mLinking CXX executable ../../bin/h1_loco_client\x1b[0m\n'}
[2.013475] (unitree_hg) StdoutLine: {'line': b'-- Build files have been written to: /home/jason/projects/unitree_sdk2_ws/build/unitree_hg\n'}
[2.030734] (unitree_hg) CommandEnded: {'returncode': 0}
[2.031187] (unitree_hg) JobProgress: {'identifier': 'unitree_hg', 'progress': 'build'}
[2.031332] (unitree_hg) Command: {'cmd': ['/usr/bin/cmake', '--build', '/home/jason/projects/unitree_sdk2_ws/build/unitree_hg', '--', '-j16', '-l16'], 'cwd': '/home/jason/projects/unitree_sdk2_ws/build/unitree_hg', 'env': OrderedDict([('LESSOPEN', '| /usr/bin/lesspipe %s'), ('USER', 'jason'), ('XDG_SESSION_TYPE', 'wayland'), ('SHLVL', '1'), ('LD_LIBRARY_PATH', '/home/jason/projects/unitree_sdk2_ws/install/unitree_sdk2/lib:/home/jason/projects/unitree_sdk2_ws/install/unitree_hg/lib:/home/jason/projects/unitree_sdk2_ws/install/unitree_go/lib:/home/jason/projects/unitree_sdk2_ws/install/unitree_api/lib:/opt/ros/humble/opt/rviz_ogre_vendor/lib:/opt/ros/humble/lib/x86_64-linux-gnu:/opt/ros/humble/lib'), ('HOME', '/home/jason'), ('OLDPWD', '/home/jason/projects/unitree_sdk2_ws'), ('DESKTOP_SESSION', 'ubuntu'), ('ROS_PYTHON_VERSION', '3'), ('GNOME_SHELL_SESSION_MODE', 'ubuntu'), ('GTK_MODULES', 'gail:atk-bridge'), ('SYSTEMD_EXEC_PID', '1804'), ('DBUS_SESSION_BUS_ADDRESS', 'unix:path=/run/user/1000/bus'), ('COLORTERM', 'truecolor'), ('IM_CONFIG_PHASE', '1'), ('WAYLAND_DISPLAY', 'wayland-0'), ('COLCON_PREFIX_PATH', '/home/jason/projects/unitree_sdk2_ws/install'), ('ROS_DISTRO', 'humble'), ('LOGNAME', 'jason'), ('_', '/usr/bin/colcon'), ('ROS_VERSION', '2'), ('XDG_SESSION_CLASS', 'user'), ('USERNAME', 'jason'), ('TERM', 'xterm-256color'), ('GNOME_DESKTOP_SESSION_ID', 'this-is-deprecated'), ('ROS_LOCALHOST_ONLY', '0'), ('PATH', '/home/jason/.local/bin:/opt/ros/humble/bin:/usr/local/sbin:/usr/local/bin:/usr/sbin:/usr/bin:/sbin:/bin:/usr/games:/usr/local/games:/snap/bin:/snap/bin'), ('SESSION_MANAGER', 'local/jasonabichebli:@/tmp/.ICE-unix/1771,unix/jasonabichebli:/tmp/.ICE-unix/1771'), ('XDG_MENU_PREFIX', 'gnome-'), ('GNOME_TERMINAL_SCREEN', '/org/gnome/Terminal/screen/0b597454_0566_460c_8a5d_2466510f845d'), ('GNOME_SETUP_DISPLAY', ':1'), ('XDG_RUNTIME_DIR', '/run/user/1000'), ('DISPLAY', ':0'), ('LANG', 'en_US.UTF-8'), ('XDG_CURRENT_DESKTOP', 'ubuntu:GNOME'), ('XMODIFIERS', '@im=ibus'), ('XDG_SESSION_DESKTOP', 'ubuntu'), ('XAUTHORITY', '/run/user/1000/.mutter-Xwaylandauth.GN6TD3'), ('LS_COLORS', 'rs=0:di=01;34:ln=01;36:mh=00:pi=40;33:so=01;35:do=01;35:bd=40;33;01:cd=40;33;01:or=40;31;01:mi=00:su=37;41:sg=30;43:ca=30;41:tw=30;42:ow=34;42:st=37;44:ex=01;32:*.tar=01;31:*.tgz=01;31:*.arc=01;31:*.arj=01;31:*.taz=01;31:*.lha=01;31:*.lz4=01;31:*.lzh=01;31:*.lzma=01;31:*.tlz=01;31:*.txz=01;31:*.tzo=01;31:*.t7z=01;31:*.zip=01;31:*.z=01;31:*.dz=01;31:*.gz=01;31:*.lrz=01;31:*.lz=01;31:*.lzo=01;31:*.xz=01;31:*.zst=01;31:*.tzst=01;31:*.bz2=01;31:*.bz=01;31:*.tbz=01;31:*.tbz2=01;31:*.tz=01;31:*.deb=01;31:*.rpm=01;31:*.jar=01;31:*.war=01;31:*.ear=01;31:*.sar=01;31:*.rar=01;31:*.alz=01;31:*.ace=01;31:*.zoo=01;31:*.cpio=01;31:*.7z=01;31:*.rz=01;31:*.cab=01;31:*.wim=01;31:*.swm=01;31:*.dwm=01;31:*.esd=01;31:*.jpg=01;35:*.jpeg=01;35:*.mjpg=01;35:*.mjpeg=01;35:*.gif=01;35:*.bmp=01;35:*.pbm=01;35:*.pgm=01;35:*.ppm=01;35:*.tga=01;35:*.xbm=01;35:*.xpm=01;35:*.tif=01;35:*.tiff=01;35:*.png=01;35:*.svg=01;35:*.svgz=01;35:*.mng=01;35:*.pcx=01;35:*.mov=01;35:*.mpg=01;35:*.mpeg=01;35:*.m2v=01;35:*.mkv=01;35:*.webm=01;35:*.webp=01;35:*.ogm=01;35:*.mp4=01;35:*.m4v=01;35:*.mp4v=01;35:*.vob=01;35:*.qt=01;35:*.nuv=01;35:*.wmv=01;35:*.asf=01;35:*.rm=01;35:*.rmvb=01;35:*.flc=01;35:*.avi=01;35:*.fli=01;35:*.flv=01;35:*.gl=01;35:*.dl=01;35:*.xcf=01;35:*.xwd=01;35:*.yuv=01;35:*.cgm=01;35:*.emf=01;35:*.ogv=01;35:*.ogx=01;35:*.aac=00;36:*.au=00;36:*.flac=00;36:*.m4a=00;36:*.mid=00;36:*.midi=00;36:*.mka=00;36:*.mp3=00;36:*.mpc=00;36:*.ogg=00;36:*.ra=00;36:*.wav=00;36:*.oga=00;36:*.opus=00;36:*.spx=00;36:*.xspf=00;36:'), ('GNOME_TERMINAL_SERVICE', ':1.198'), ('SSH_AGENT_LAUNCHER', 'gnome-keyring'), ('SSH_AUTH_SOCK', '/run/user/1000/keyring/ssh'), ('AMENT_PREFIX_PATH', '/opt/ros/humble'), ('SHELL', '/bin/bash'), ('QT_ACCESSIBILITY', '1'), ('GDMSESSION', 'ubuntu'), ('LESSCLOSE', '/usr/bin/lesspipe %s %s'), ('QT_IM_MODULE', 'ibus'), ('PWD', '/home/jason/projects/unitree_sdk2_ws/build/unitree_hg'), ('XDG_CONFIG_DIRS', '/etc/xdg/xdg-ubuntu:/etc/xdg'), ('XDG_DATA_DIRS', '/usr/share/ubuntu:/usr/local/share/:/usr/share/:/var/lib/snapd/desktop'), ('PYTHONPATH', '/opt/ros/humble/lib/python3.10/site-packages:/opt/ros/humble/local/lib/python3.10/dist-packages'), ('COLCON', '1'), ('VTE_VERSION', '6800'), ('CMAKE_PREFIX_PATH', '/home/jason/projects/unitree_sdk2_ws/install/unitree_sdk2:/home/jason/projects/unitree_sdk2_ws/install/unitree_ros2_example:/home/jason/projects/unitree_sdk2_ws/install/unitree_hg:/home/jason/projects/unitree_sdk2_ws/install/unitree_go:/home/jason/projects/unitree_sdk2_ws/install/unitree_api:/opt/ros/humble')]), 'shell': False}
[2.053167] (unitree_sdk2) StdoutLine: {'line': b'[ 33%] Built target go2_robot_state_client\n'}
[2.069093] (unitree_api) StdoutLine: {'line': b'-- Found ament_lint_auto: 0.12.14 (/opt/ros/humble/share/ament_lint_auto/cmake)\n'}
[2.079984] (unitree_api) StdoutLine: {'line': b"-- Added test 'copyright' to check source files copyright and LICENSE\n"}
[2.080813] (unitree_api) StdoutLine: {'line': b"-- Added test 'lint_cmake' to check CMake code style\n"}
[2.081307] (unitree_api) StdoutLine: {'line': b"-- Added test 'xmllint' to check XML markup files\n"}
[2.083131] (unitree_api) StdoutLine: {'line': b'-- Configuring done\n'}
[2.086412] (unitree_sdk2) StdoutLine: {'line': b'[ 33%] Built target b2_sport_client\n'}
[2.092308] (unitree_hg) StdoutLine: {'line': b'[  1%] \x1b[34m\x1b[1mGenerating C code for ROS interfaces\x1b[0m\n'}
[2.109390] (unitree_api) StdoutLine: {'line': b'-- Generating done\n'}
[2.109540] (-) TimerEvent: {}
[2.113376] (unitree_api) StdoutLine: {'line': b'-- Build files have been written to: /home/jason/projects/unitree_sdk2_ws/build/unitree_api\n'}
[2.123519] (unitree_hg) StdoutLine: {'line': b'[  1%] \x1b[34m\x1b[1mGenerating C++ code for ROS interfaces\x1b[0m\n'}
[2.126696] (unitree_api) CommandEnded: {'returncode': 0}
[2.127077] (unitree_api) JobProgress: {'identifier': 'unitree_api', 'progress': 'build'}
[2.127223] (unitree_api) Command: {'cmd': ['/usr/bin/cmake', '--build', '/home/jason/projects/unitree_sdk2_ws/build/unitree_api', '--', '-j16', '-l16'], 'cwd': '/home/jason/projects/unitree_sdk2_ws/build/unitree_api', 'env': OrderedDict([('LESSOPEN', '| /usr/bin/lesspipe %s'), ('USER', 'jason'), ('XDG_SESSION_TYPE', 'wayland'), ('SHLVL', '1'), ('LD_LIBRARY_PATH', '/home/jason/projects/unitree_sdk2_ws/install/unitree_sdk2/lib:/home/jason/projects/unitree_sdk2_ws/install/unitree_hg/lib:/home/jason/projects/unitree_sdk2_ws/install/unitree_go/lib:/home/jason/projects/unitree_sdk2_ws/install/unitree_api/lib:/opt/ros/humble/opt/rviz_ogre_vendor/lib:/opt/ros/humble/lib/x86_64-linux-gnu:/opt/ros/humble/lib'), ('HOME', '/home/jason'), ('OLDPWD', '/home/jason/projects/unitree_sdk2_ws'), ('DESKTOP_SESSION', 'ubuntu'), ('ROS_PYTHON_VERSION', '3'), ('GNOME_SHELL_SESSION_MODE', 'ubuntu'), ('GTK_MODULES', 'gail:atk-bridge'), ('SYSTEMD_EXEC_PID', '1804'), ('DBUS_SESSION_BUS_ADDRESS', 'unix:path=/run/user/1000/bus'), ('COLORTERM', 'truecolor'), ('IM_CONFIG_PHASE', '1'), ('WAYLAND_DISPLAY', 'wayland-0'), ('COLCON_PREFIX_PATH', '/home/jason/projects/unitree_sdk2_ws/install'), ('ROS_DISTRO', 'humble'), ('LOGNAME', 'jason'), ('_', '/usr/bin/colcon'), ('ROS_VERSION', '2'), ('XDG_SESSION_CLASS', 'user'), ('USERNAME', 'jason'), ('TERM', 'xterm-256color'), ('GNOME_DESKTOP_SESSION_ID', 'this-is-deprecated'), ('ROS_LOCALHOST_ONLY', '0'), ('PATH', '/home/jason/.local/bin:/opt/ros/humble/bin:/usr/local/sbin:/usr/local/bin:/usr/sbin:/usr/bin:/sbin:/bin:/usr/games:/usr/local/games:/snap/bin:/snap/bin'), ('SESSION_MANAGER', 'local/jasonabichebli:@/tmp/.ICE-unix/1771,unix/jasonabichebli:/tmp/.ICE-unix/1771'), ('XDG_MENU_PREFIX', 'gnome-'), ('GNOME_TERMINAL_SCREEN', '/org/gnome/Terminal/screen/0b597454_0566_460c_8a5d_2466510f845d'), ('GNOME_SETUP_DISPLAY', ':1'), ('XDG_RUNTIME_DIR', '/run/user/1000'), ('DISPLAY', ':0'), ('LANG', 'en_US.UTF-8'), ('XDG_CURRENT_DESKTOP', 'ubuntu:GNOME'), ('XMODIFIERS', '@im=ibus'), ('XDG_SESSION_DESKTOP', 'ubuntu'), ('XAUTHORITY', '/run/user/1000/.mutter-Xwaylandauth.GN6TD3'), ('LS_COLORS', 'rs=0:di=01;34:ln=01;36:mh=00:pi=40;33:so=01;35:do=01;35:bd=40;33;01:cd=40;33;01:or=40;31;01:mi=00:su=37;41:sg=30;43:ca=30;41:tw=30;42:ow=34;42:st=37;44:ex=01;32:*.tar=01;31:*.tgz=01;31:*.arc=01;31:*.arj=01;31:*.taz=01;31:*.lha=01;31:*.lz4=01;31:*.lzh=01;31:*.lzma=01;31:*.tlz=01;31:*.txz=01;31:*.tzo=01;31:*.t7z=01;31:*.zip=01;31:*.z=01;31:*.dz=01;31:*.gz=01;31:*.lrz=01;31:*.lz=01;31:*.lzo=01;31:*.xz=01;31:*.zst=01;31:*.tzst=01;31:*.bz2=01;31:*.bz=01;31:*.tbz=01;31:*.tbz2=01;31:*.tz=01;31:*.deb=01;31:*.rpm=01;31:*.jar=01;31:*.war=01;31:*.ear=01;31:*.sar=01;31:*.rar=01;31:*.alz=01;31:*.ace=01;31:*.zoo=01;31:*.cpio=01;31:*.7z=01;31:*.rz=01;31:*.cab=01;31:*.wim=01;31:*.swm=01;31:*.dwm=01;31:*.esd=01;31:*.jpg=01;35:*.jpeg=01;35:*.mjpg=01;35:*.mjpeg=01;35:*.gif=01;35:*.bmp=01;35:*.pbm=01;35:*.pgm=01;35:*.ppm=01;35:*.tga=01;35:*.xbm=01;35:*.xpm=01;35:*.tif=01;35:*.tiff=01;35:*.png=01;35:*.svg=01;35:*.svgz=01;35:*.mng=01;35:*.pcx=01;35:*.mov=01;35:*.mpg=01;35:*.mpeg=01;35:*.m2v=01;35:*.mkv=01;35:*.webm=01;35:*.webp=01;35:*.ogm=01;35:*.mp4=01;35:*.m4v=01;35:*.mp4v=01;35:*.vob=01;35:*.qt=01;35:*.nuv=01;35:*.wmv=01;35:*.asf=01;35:*.rm=01;35:*.rmvb=01;35:*.flc=01;35:*.avi=01;35:*.fli=01;35:*.flv=01;35:*.gl=01;35:*.dl=01;35:*.xcf=01;35:*.xwd=01;35:*.yuv=01;35:*.cgm=01;35:*.emf=01;35:*.ogv=01;35:*.ogx=01;35:*.aac=00;36:*.au=00;36:*.flac=00;36:*.m4a=00;36:*.mid=00;36:*.midi=00;36:*.mka=00;36:*.mp3=00;36:*.mpc=00;36:*.ogg=00;36:*.ra=00;36:*.wav=00;36:*.oga=00;36:*.opus=00;36:*.spx=00;36:*.xspf=00;36:'), ('GNOME_TERMINAL_SERVICE', ':1.198'), ('SSH_AGENT_LAUNCHER', 'gnome-keyring'), ('SSH_AUTH_SOCK', '/run/user/1000/keyring/ssh'), ('AMENT_PREFIX_PATH', '/opt/ros/humble'), ('SHELL', '/bin/bash'), ('QT_ACCESSIBILITY', '1'), ('GDMSESSION', 'ubuntu'), ('LESSCLOSE', '/usr/bin/lesspipe %s %s'), ('QT_IM_MODULE', 'ibus'), ('PWD', '/home/jason/projects/unitree_sdk2_ws/build/unitree_api'), ('XDG_CONFIG_DIRS', '/etc/xdg/xdg-ubuntu:/etc/xdg'), ('XDG_DATA_DIRS', '/usr/share/ubuntu:/usr/local/share/:/usr/share/:/var/lib/snapd/desktop'), ('PYTHONPATH', '/opt/ros/humble/lib/python3.10/site-packages:/opt/ros/humble/local/lib/python3.10/dist-packages'), ('COLCON', '1'), ('VTE_VERSION', '6800'), ('CMAKE_PREFIX_PATH', '/home/jason/projects/unitree_sdk2_ws/install/unitree_sdk2:/home/jason/projects/unitree_sdk2_ws/install/unitree_ros2_example:/home/jason/projects/unitree_sdk2_ws/install/unitree_hg:/home/jason/projects/unitree_sdk2_ws/install/unitree_go:/home/jason/projects/unitree_sdk2_ws/install/unitree_api:/opt/ros/humble')]), 'shell': False}
[2.129023] (unitree_hg) StdoutLine: {'line': b'[  1%] Built target ament_cmake_python_symlink_unitree_hg\n'}
[2.129100] (unitree_sdk2) StdoutLine: {'line': b'[ 34%] \x1b[32mBuilding CXX object example/h1/CMakeFiles/h1_arm_sdk_dds_example.dir/high_level/h1_arm_sdk_dds_example.cpp.o\x1b[0m\n'}
[2.136912] (unitree_hg) StdoutLine: {'line': b'[  2%] \x1b[34m\x1b[1mGenerating DDS interfaces\x1b[0m\n'}
[2.137160] (unitree_sdk2) StdoutLine: {'line': b'[ 36%] \x1b[32mBuilding CXX object example/h1/CMakeFiles/h1_2_arm_sdk_dds_example.dir/high_level/h1_2_arm_sdk_dds_example.cpp.o\x1b[0m\n'}
[2.202972] (unitree_go) StdoutLine: {'line': b'-- Using all available rosidl_typesupport_c: rosidl_typesupport_fastrtps_c;rosidl_typesupport_introspection_c\n'}
[2.209668] (-) TimerEvent: {}
[2.220557] (unitree_api) StdoutLine: {'line': b'[  1%] \x1b[34m\x1b[1mGenerating C code for ROS interfaces\x1b[0m\n'}
[2.235484] (unitree_api) StdoutLine: {'line': b'[  2%] \x1b[34m\x1b[1mGenerating C++ code for ROS interfaces\x1b[0m\n'}
[2.239572] (unitree_api) StdoutLine: {'line': b'[  3%] \x1b[34m\x1b[1mGenerating DDS interfaces\x1b[0m\n'}
[2.244523] (unitree_sdk2) StdoutLine: {'line': b'[ 36%] Built target h1_loco_client\n'}
[2.267610] (unitree_api) StdoutLine: {'line': b'[  3%] Built target ament_cmake_python_symlink_unitree_api\n'}
[2.282597] (unitree_sdk2) StdoutLine: {'line': b'[ 37%] \x1b[32mBuilding CXX object example/g1/CMakeFiles/g1_loco_client.dir/high_level/g1_loco_client_example.cpp.o\x1b[0m\n'}
[2.309751] (-) TimerEvent: {}
[2.315980] (unitree_sdk2) StdoutLine: {'line': b'[ 37%] Built target go2_video_client\n'}
[2.364674] (unitree_sdk2) StdoutLine: {'line': b'[ 39%] \x1b[32mBuilding CXX object example/g1/CMakeFiles/g1_arm5_sdk_dds_example.dir/high_level/g1_arm5_sdk_dds_example.cpp.o\x1b[0m\n'}
[2.409845] (-) TimerEvent: {}
[2.428505] (unitree_go) StdoutLine: {'line': b'-- Using all available rosidl_typesupport_cpp: rosidl_typesupport_fastrtps_cpp;rosidl_typesupport_introspection_cpp\n'}
[2.467899] (unitree_go) StdoutLine: {'line': b'-- Found PythonInterp: /usr/bin/python3 (found suitable version "3.10.12", minimum required is "3.6") \n'}
[2.469469] (unitree_go) StdoutLine: {'line': b'-- Found python_cmake_module: 0.10.0 (/opt/ros/humble/share/python_cmake_module/cmake)\n'}
[2.483454] (unitree_sdk2) StdoutLine: {'line': b'[ 40%] \x1b[32m\x1b[1mLinking CXX executable ../../bin/go2_vui_client\x1b[0m\n'}
[2.509941] (-) TimerEvent: {}
[2.516447] (unitree_go) StdoutLine: {'line': b'-- Found PythonLibs: /usr/lib/x86_64-linux-gnu/libpython3.10.so (found suitable version "3.10.12", minimum required is "3.5") \n'}
[2.516597] (unitree_go) StdoutLine: {'line': b'-- Using PYTHON_EXECUTABLE: /usr/bin/python3\n'}
[2.516630] (unitree_go) StdoutLine: {'line': b'-- Using PYTHON_INCLUDE_DIRS: /usr/include/python3.10\n'}
[2.516656] (unitree_go) StdoutLine: {'line': b'-- Using PYTHON_LIBRARIES: /usr/lib/x86_64-linux-gnu/libpython3.10.so\n'}
[2.521283] (unitree_hg) StdoutLine: {'line': b'running egg_info\n'}
[2.521443] (unitree_hg) StdoutLine: {'line': b'creating unitree_hg.egg-info\n'}
[2.521477] (unitree_hg) StdoutLine: {'line': b'writing unitree_hg.egg-info/PKG-INFO\n'}
[2.521546] (unitree_hg) StdoutLine: {'line': b'writing dependency_links to unitree_hg.egg-info/dependency_links.txt\n'}
[2.521653] (unitree_hg) StdoutLine: {'line': b'writing top-level names to unitree_hg.egg-info/top_level.txt\n'}
[2.521827] (unitree_hg) StdoutLine: {'line': b"writing manifest file 'unitree_hg.egg-info/SOURCES.txt'\n"}
[2.525582] (unitree_hg) StdoutLine: {'line': b"reading manifest file 'unitree_hg.egg-info/SOURCES.txt'\n"}
[2.528543] (unitree_hg) StdoutLine: {'line': b"writing manifest file 'unitree_hg.egg-info/SOURCES.txt'\n"}
[2.551362] (unitree_go) StdoutLine: {'line': b'-- Found PythonExtra: .so  \n'}
[2.597252] (unitree_api) StdoutLine: {'line': b'running egg_info\n'}
[2.597406] (unitree_api) StdoutLine: {'line': b'creating unitree_api.egg-info\n'}
[2.597439] (unitree_api) StdoutLine: {'line': b'writing unitree_api.egg-info/PKG-INFO\n'}
[2.597463] (unitree_api) StdoutLine: {'line': b'writing dependency_links to unitree_api.egg-info/dependency_links.txt\n'}
[2.597507] (unitree_api) StdoutLine: {'line': b'writing top-level names to unitree_api.egg-info/top_level.txt\n'}
[2.597528] (unitree_api) StdoutLine: {'line': b"writing manifest file 'unitree_api.egg-info/SOURCES.txt'\n"}
[2.597549] (unitree_api) StdoutLine: {'line': b"reading manifest file 'unitree_api.egg-info/SOURCES.txt'\n"}
[2.602504] (unitree_api) StdoutLine: {'line': b"writing manifest file 'unitree_api.egg-info/SOURCES.txt'\n"}
[2.610042] (-) TimerEvent: {}
[2.610240] (unitree_hg) StdoutLine: {'line': b'[  2%] Built target ament_cmake_python_build_unitree_hg_egg\n'}
[2.647538] (unitree_api) StdoutLine: {'line': b'[  3%] Built target unitree_api__dds_connext_idl\n'}
[2.656668] (unitree_api) StdoutLine: {'line': b'[  3%] Built target ament_cmake_python_build_unitree_api_egg\n'}
[2.671516] (unitree_go) StdoutLine: {'line': b'-- Found ament_lint_auto: 0.12.14 (/opt/ros/humble/share/ament_lint_auto/cmake)\n'}
[2.697518] (unitree_go) StdoutLine: {'line': b"-- Added test 'copyright' to check source files copyright and LICENSE\n"}
[2.705437] (unitree_go) StdoutLine: {'line': b"-- Added test 'lint_cmake' to check CMake code style\n"}
[2.705572] (unitree_go) StdoutLine: {'line': b"-- Added test 'xmllint' to check XML markup files\n"}
[2.709449] (unitree_go) StdoutLine: {'line': b'-- Configuring done\n'}
[2.710116] (-) TimerEvent: {}
[2.810346] (-) TimerEvent: {}
[2.812113] (unitree_go) StdoutLine: {'line': b'-- Generating done\n'}
[2.833507] (unitree_go) StdoutLine: {'line': b'-- Build files have been written to: /home/jason/projects/unitree_sdk2_ws/build/unitree_go\n'}
[2.856007] (unitree_hg) StdoutLine: {'line': b'[  2%] Built target unitree_hg__dds_connext_idl\n'}
[2.865412] (unitree_go) CommandEnded: {'returncode': 0}
[2.865812] (unitree_go) JobProgress: {'identifier': 'unitree_go', 'progress': 'build'}
[2.865955] (unitree_go) Command: {'cmd': ['/usr/bin/cmake', '--build', '/home/jason/projects/unitree_sdk2_ws/build/unitree_go', '--', '-j16', '-l16'], 'cwd': '/home/jason/projects/unitree_sdk2_ws/build/unitree_go', 'env': OrderedDict([('LESSOPEN', '| /usr/bin/lesspipe %s'), ('USER', 'jason'), ('XDG_SESSION_TYPE', 'wayland'), ('SHLVL', '1'), ('LD_LIBRARY_PATH', '/home/jason/projects/unitree_sdk2_ws/install/unitree_sdk2/lib:/home/jason/projects/unitree_sdk2_ws/install/unitree_hg/lib:/home/jason/projects/unitree_sdk2_ws/install/unitree_go/lib:/home/jason/projects/unitree_sdk2_ws/install/unitree_api/lib:/opt/ros/humble/opt/rviz_ogre_vendor/lib:/opt/ros/humble/lib/x86_64-linux-gnu:/opt/ros/humble/lib'), ('HOME', '/home/jason'), ('OLDPWD', '/home/jason/projects/unitree_sdk2_ws'), ('DESKTOP_SESSION', 'ubuntu'), ('ROS_PYTHON_VERSION', '3'), ('GNOME_SHELL_SESSION_MODE', 'ubuntu'), ('GTK_MODULES', 'gail:atk-bridge'), ('SYSTEMD_EXEC_PID', '1804'), ('DBUS_SESSION_BUS_ADDRESS', 'unix:path=/run/user/1000/bus'), ('COLORTERM', 'truecolor'), ('IM_CONFIG_PHASE', '1'), ('WAYLAND_DISPLAY', 'wayland-0'), ('COLCON_PREFIX_PATH', '/home/jason/projects/unitree_sdk2_ws/install'), ('ROS_DISTRO', 'humble'), ('LOGNAME', 'jason'), ('_', '/usr/bin/colcon'), ('ROS_VERSION', '2'), ('XDG_SESSION_CLASS', 'user'), ('USERNAME', 'jason'), ('TERM', 'xterm-256color'), ('GNOME_DESKTOP_SESSION_ID', 'this-is-deprecated'), ('ROS_LOCALHOST_ONLY', '0'), ('PATH', '/home/jason/.local/bin:/opt/ros/humble/bin:/usr/local/sbin:/usr/local/bin:/usr/sbin:/usr/bin:/sbin:/bin:/usr/games:/usr/local/games:/snap/bin:/snap/bin'), ('SESSION_MANAGER', 'local/jasonabichebli:@/tmp/.ICE-unix/1771,unix/jasonabichebli:/tmp/.ICE-unix/1771'), ('XDG_MENU_PREFIX', 'gnome-'), ('GNOME_TERMINAL_SCREEN', '/org/gnome/Terminal/screen/0b597454_0566_460c_8a5d_2466510f845d'), ('GNOME_SETUP_DISPLAY', ':1'), ('XDG_RUNTIME_DIR', '/run/user/1000'), ('DISPLAY', ':0'), ('LANG', 'en_US.UTF-8'), ('XDG_CURRENT_DESKTOP', 'ubuntu:GNOME'), ('XMODIFIERS', '@im=ibus'), ('XDG_SESSION_DESKTOP', 'ubuntu'), ('XAUTHORITY', '/run/user/1000/.mutter-Xwaylandauth.GN6TD3'), ('LS_COLORS', 'rs=0:di=01;34:ln=01;36:mh=00:pi=40;33:so=01;35:do=01;35:bd=40;33;01:cd=40;33;01:or=40;31;01:mi=00:su=37;41:sg=30;43:ca=30;41:tw=30;42:ow=34;42:st=37;44:ex=01;32:*.tar=01;31:*.tgz=01;31:*.arc=01;31:*.arj=01;31:*.taz=01;31:*.lha=01;31:*.lz4=01;31:*.lzh=01;31:*.lzma=01;31:*.tlz=01;31:*.txz=01;31:*.tzo=01;31:*.t7z=01;31:*.zip=01;31:*.z=01;31:*.dz=01;31:*.gz=01;31:*.lrz=01;31:*.lz=01;31:*.lzo=01;31:*.xz=01;31:*.zst=01;31:*.tzst=01;31:*.bz2=01;31:*.bz=01;31:*.tbz=01;31:*.tbz2=01;31:*.tz=01;31:*.deb=01;31:*.rpm=01;31:*.jar=01;31:*.war=01;31:*.ear=01;31:*.sar=01;31:*.rar=01;31:*.alz=01;31:*.ace=01;31:*.zoo=01;31:*.cpio=01;31:*.7z=01;31:*.rz=01;31:*.cab=01;31:*.wim=01;31:*.swm=01;31:*.dwm=01;31:*.esd=01;31:*.jpg=01;35:*.jpeg=01;35:*.mjpg=01;35:*.mjpeg=01;35:*.gif=01;35:*.bmp=01;35:*.pbm=01;35:*.pgm=01;35:*.ppm=01;35:*.tga=01;35:*.xbm=01;35:*.xpm=01;35:*.tif=01;35:*.tiff=01;35:*.png=01;35:*.svg=01;35:*.svgz=01;35:*.mng=01;35:*.pcx=01;35:*.mov=01;35:*.mpg=01;35:*.mpeg=01;35:*.m2v=01;35:*.mkv=01;35:*.webm=01;35:*.webp=01;35:*.ogm=01;35:*.mp4=01;35:*.m4v=01;35:*.mp4v=01;35:*.vob=01;35:*.qt=01;35:*.nuv=01;35:*.wmv=01;35:*.asf=01;35:*.rm=01;35:*.rmvb=01;35:*.flc=01;35:*.avi=01;35:*.fli=01;35:*.flv=01;35:*.gl=01;35:*.dl=01;35:*.xcf=01;35:*.xwd=01;35:*.yuv=01;35:*.cgm=01;35:*.emf=01;35:*.ogv=01;35:*.ogx=01;35:*.aac=00;36:*.au=00;36:*.flac=00;36:*.m4a=00;36:*.mid=00;36:*.midi=00;36:*.mka=00;36:*.mp3=00;36:*.mpc=00;36:*.ogg=00;36:*.ra=00;36:*.wav=00;36:*.oga=00;36:*.opus=00;36:*.spx=00;36:*.xspf=00;36:'), ('GNOME_TERMINAL_SERVICE', ':1.198'), ('SSH_AGENT_LAUNCHER', 'gnome-keyring'), ('SSH_AUTH_SOCK', '/run/user/1000/keyring/ssh'), ('AMENT_PREFIX_PATH', '/opt/ros/humble'), ('SHELL', '/bin/bash'), ('QT_ACCESSIBILITY', '1'), ('GDMSESSION', 'ubuntu'), ('LESSCLOSE', '/usr/bin/lesspipe %s %s'), ('QT_IM_MODULE', 'ibus'), ('PWD', '/home/jason/projects/unitree_sdk2_ws/build/unitree_go'), ('XDG_CONFIG_DIRS', '/etc/xdg/xdg-ubuntu:/etc/xdg'), ('XDG_DATA_DIRS', '/usr/share/ubuntu:/usr/local/share/:/usr/share/:/var/lib/snapd/desktop'), ('PYTHONPATH', '/opt/ros/humble/lib/python3.10/site-packages:/opt/ros/humble/local/lib/python3.10/dist-packages'), ('COLCON', '1'), ('VTE_VERSION', '6800'), ('CMAKE_PREFIX_PATH', '/home/jason/projects/unitree_sdk2_ws/install/unitree_sdk2:/home/jason/projects/unitree_sdk2_ws/install/unitree_ros2_example:/home/jason/projects/unitree_sdk2_ws/install/unitree_hg:/home/jason/projects/unitree_sdk2_ws/install/unitree_go:/home/jason/projects/unitree_sdk2_ws/install/unitree_api:/opt/ros/humble')]), 'shell': False}
[2.910466] (-) TimerEvent: {}
[2.927185] (unitree_api) StdoutLine: {'line': b'[  3%] Built target unitree_api__cpp\n'}
[2.947408] (unitree_api) StdoutLine: {'line': b'[  4%] \x1b[34m\x1b[1mGenerating C++ introspection for ROS interfaces\x1b[0m\n'}
[2.947739] (unitree_api) StdoutLine: {'line': b'[  5%] \x1b[34m\x1b[1mGenerating C++ type support dispatch for ROS interfaces\x1b[0m\n'}
[2.958617] (unitree_api) StdoutLine: {'line': b'[  6%] \x1b[34m\x1b[1mGenerating C++ type support for eProsima Fast-RTPS\x1b[0m\n'}
[2.977507] (unitree_go) StdoutLine: {'line': b'[  0%] \x1b[34m\x1b[1mGenerating C code for ROS interfaces\x1b[0m\n'}
[2.985507] (unitree_api) StdoutLine: {'line': b'[  7%] \x1b[32mBuilding C object CMakeFiles/unitree_api__rosidl_generator_c.dir/rosidl_generator_c/unitree_api/msg/detail/request_header__functions.c.o\x1b[0m\n'}
[2.985658] (unitree_api) StdoutLine: {'line': b'[ 11%] \x1b[32mBuilding C object CMakeFiles/unitree_api__rosidl_generator_c.dir/rosidl_generator_c/unitree_api/msg/detail/request__functions.c.o\x1b[0m\n'}
[2.985730] (unitree_api) StdoutLine: {'line': b'[ 10%] \x1b[32mBuilding C object CMakeFiles/unitree_api__rosidl_generator_c.dir/rosidl_generator_c/unitree_api/msg/detail/request_lease__functions.c.o\x1b[0m\n'}
[2.985797] (unitree_api) StdoutLine: {'line': b'[ 12%] \x1b[32mBuilding C object CMakeFiles/unitree_api__rosidl_generator_c.dir/rosidl_generator_c/unitree_api/msg/detail/request_policy__functions.c.o\x1b[0m\n'}
[2.986458] (unitree_api) StdoutLine: {'line': b'[ 10%] \x1b[32mBuilding C object CMakeFiles/unitree_api__rosidl_generator_c.dir/rosidl_generator_c/unitree_api/msg/detail/request_identity__functions.c.o\x1b[0m\n'}
[2.991346] (unitree_go) StdoutLine: {'line': b'[  0%] \x1b[34m\x1b[1mGenerating DDS interfaces\x1b[0m\n'}
[2.994652] (unitree_api) StdoutLine: {'line': b'[ 13%] \x1b[32mBuilding C object CMakeFiles/unitree_api__rosidl_generator_c.dir/rosidl_generator_c/unitree_api/msg/detail/response__functions.c.o\x1b[0m\n'}
[2.995131] (unitree_api) StdoutLine: {'line': b'[ 14%] \x1b[32mBuilding C object CMakeFiles/unitree_api__rosidl_generator_c.dir/rosidl_generator_c/unitree_api/msg/detail/response_header__functions.c.o\x1b[0m\n'}
[3.001234] (unitree_go) StdoutLine: {'line': b'[  0%] \x1b[34m\x1b[1mGenerating C++ code for ROS interfaces\x1b[0m\n'}
[3.001370] (unitree_go) StdoutLine: {'line': b'[  0%] Built target ament_cmake_python_symlink_unitree_go\n'}
[3.013806] (unitree_api) StdoutLine: {'line': b'[ 15%] \x1b[32mBuilding C object CMakeFiles/unitree_api__rosidl_generator_c.dir/rosidl_generator_c/unitree_api/msg/detail/response_status__functions.c.o\x1b[0m\n'}
[3.013944] (-) TimerEvent: {}
[3.114143] (-) TimerEvent: {}
[3.153350] (unitree_api) StdoutLine: {'line': b'[ 17%] \x1b[32m\x1b[1mLinking C shared library libunitree_api__rosidl_generator_c.so\x1b[0m\n'}
[3.196389] (unitree_sdk2) StdoutLine: {'line': b'[ 42%] \x1b[32mBuilding CXX object example/helloworld/CMakeFiles/test_publisher.dir/HelloWorldData.cpp.o\x1b[0m\n'}
[3.213064] (unitree_hg) StdoutLine: {'line': b'[  2%] Built target unitree_hg__cpp\n'}
[3.215435] (-) TimerEvent: {}
[3.232085] (unitree_hg) StdoutLine: {'line': b'[  3%] \x1b[34m\x1b[1mGenerating C++ type support for eProsima Fast-RTPS\x1b[0m\n'}
[3.233727] (unitree_hg) StdoutLine: {'line': b'[  4%] \x1b[34m\x1b[1mGenerating C++ type support dispatch for ROS interfaces\x1b[0m\n'}
[3.247493] (unitree_hg) StdoutLine: {'line': b'[  5%] \x1b[34m\x1b[1mGenerating C++ introspection for ROS interfaces\x1b[0m\n'}
[3.253492] (unitree_sdk2) StdoutLine: {'line': b'[ 42%] Built target go2_vui_client\n'}
[3.275441] (unitree_api) StdoutLine: {'line': b'[ 17%] Built target unitree_api__rosidl_generator_c\n'}
[3.297441] (unitree_go) StdoutLine: {'line': b'running egg_info\n'}
[3.297574] (unitree_go) StdoutLine: {'line': b'creating unitree_go.egg-info\n'}
[3.297607] (unitree_go) StdoutLine: {'line': b'writing unitree_go.egg-info/PKG-INFO\n'}
[3.297636] (unitree_api) StdoutLine: {'line': b'[ 18%] \x1b[34m\x1b[1mGenerating C type support dispatch for ROS interfaces\x1b[0m\n'}
[3.297679] (unitree_go) StdoutLine: {'line': b'writing dependency_links to unitree_go.egg-info/dependency_links.txt\n'}
[3.297716] (unitree_go) StdoutLine: {'line': b'writing top-level names to unitree_go.egg-info/top_level.txt\n'}
[3.297739] (unitree_go) StdoutLine: {'line': b"writing manifest file 'unitree_go.egg-info/SOURCES.txt'\n"}
[3.297761] (unitree_go) StdoutLine: {'line': b"reading manifest file 'unitree_go.egg-info/SOURCES.txt'\n"}
[3.300492] (unitree_go) StdoutLine: {'line': b"writing manifest file 'unitree_go.egg-info/SOURCES.txt'\n"}
[3.304518] (unitree_api) StdoutLine: {'line': b'[ 19%] \x1b[34m\x1b[1mGenerating C introspection for ROS interfaces\x1b[0m\n'}
[3.304663] (unitree_api) StdoutLine: {'line': b'[ 20%] \x1b[34m\x1b[1mGenerating C type support for eProsima Fast-RTPS\x1b[0m\n'}
[3.308520] (unitree_sdk2) StdoutLine: {'line': b'[ 43%] \x1b[32mBuilding CXX object example/g1/CMakeFiles/g1_arm7_sdk_dds_example.dir/high_level/g1_arm7_sdk_dds_example.cpp.o\x1b[0m\n'}
[3.318449] (-) TimerEvent: {}
[3.355791] (unitree_go) StdoutLine: {'line': b'[  0%] Built target ament_cmake_python_build_unitree_go_egg\n'}
[3.418545] (-) TimerEvent: {}
[3.492879] (unitree_sdk2) StdoutLine: {'line': b'[ 45%] \x1b[32m\x1b[1mLinking CXX executable ../../bin/advanced_gamepad\x1b[0m\n'}
[3.506013] (unitree_api) StdoutLine: {'line': b'[ 21%] \x1b[32mBuilding CXX object CMakeFiles/unitree_api__rosidl_typesupport_cpp.dir/rosidl_typesupport_cpp/unitree_api/msg/request__type_support.cpp.o\x1b[0m\n'}
[3.510656] (unitree_api) StdoutLine: {'line': b'[ 22%] \x1b[32mBuilding CXX object CMakeFiles/unitree_api__rosidl_typesupport_cpp.dir/rosidl_typesupport_cpp/unitree_api/msg/request_lease__type_support.cpp.o\x1b[0m\n'}
[3.516610] (unitree_api) StdoutLine: {'line': b'[ 23%] \x1b[32mBuilding CXX object CMakeFiles/unitree_api__rosidl_typesupport_cpp.dir/rosidl_typesupport_cpp/unitree_api/msg/request_policy__type_support.cpp.o\x1b[0m\n'}
[3.518621] (-) TimerEvent: {}
[3.521810] (unitree_api) StdoutLine: {'line': b'[ 25%] \x1b[32mBuilding CXX object CMakeFiles/unitree_api__rosidl_typesupport_cpp.dir/rosidl_typesupport_cpp/unitree_api/msg/request_identity__type_support.cpp.o\x1b[0m\n'}
[3.533517] (unitree_api) StdoutLine: {'line': b'[ 26%] \x1b[32mBuilding CXX object CMakeFiles/unitree_api__rosidl_typesupport_cpp.dir/rosidl_typesupport_cpp/unitree_api/msg/request_header__type_support.cpp.o\x1b[0m\n'}
[3.553654] (unitree_api) StdoutLine: {'line': b'[ 27%] \x1b[32mBuilding CXX object CMakeFiles/unitree_api__rosidl_typesupport_cpp.dir/rosidl_typesupport_cpp/unitree_api/msg/response__type_support.cpp.o\x1b[0m\n'}
[3.560582] (unitree_api) StdoutLine: {'line': b'[ 28%] \x1b[32mBuilding CXX object CMakeFiles/unitree_api__rosidl_typesupport_cpp.dir/rosidl_typesupport_cpp/unitree_api/msg/response_status__type_support.cpp.o\x1b[0m\n'}
[3.575539] (unitree_api) StdoutLine: {'line': b'[ 29%] \x1b[32mBuilding CXX object CMakeFiles/unitree_api__rosidl_typesupport_cpp.dir/rosidl_typesupport_cpp/unitree_api/msg/response_header__type_support.cpp.o\x1b[0m\n'}
[3.603129] (unitree_api) StdoutLine: {'line': b'[ 30%] \x1b[32mBuilding CXX object CMakeFiles/unitree_api__rosidl_typesupport_introspection_cpp.dir/rosidl_typesupport_introspection_cpp/unitree_api/msg/detail/request__type_support.cpp.o\x1b[0m\n'}
[3.607705] (unitree_api) StdoutLine: {'line': b'[ 31%] \x1b[32mBuilding CXX object CMakeFiles/unitree_api__rosidl_typesupport_introspection_cpp.dir/rosidl_typesupport_introspection_cpp/unitree_api/msg/detail/request_header__type_support.cpp.o\x1b[0m\n'}
[3.620937] (-) TimerEvent: {}
[3.627316] (unitree_api) StdoutLine: {'line': b'[ 32%] \x1b[32mBuilding CXX object CMakeFiles/unitree_api__rosidl_typesupport_introspection_cpp.dir/rosidl_typesupport_introspection_cpp/unitree_api/msg/detail/request_identity__type_support.cpp.o\x1b[0m\n'}
[3.671017] (unitree_api) StdoutLine: {'line': b'[ 34%] \x1b[32mBuilding CXX object CMakeFiles/unitree_api__rosidl_typesupport_introspection_cpp.dir/rosidl_typesupport_introspection_cpp/unitree_api/msg/detail/request_lease__type_support.cpp.o\x1b[0m\n'}
[3.721042] (-) TimerEvent: {}
[3.736448] (unitree_api) StdoutLine: {'line': b'[ 35%] \x1b[32mBuilding CXX object CMakeFiles/unitree_api__rosidl_typesupport_fastrtps_cpp.dir/rosidl_typesupport_fastrtps_cpp/unitree_api/msg/detail/dds_fastrtps/request__type_support.cpp.o\x1b[0m\n'}
[3.821138] (-) TimerEvent: {}
[3.899283] (unitree_api) StdoutLine: {'line': b'[ 36%] \x1b[32mBuilding CXX object CMakeFiles/unitree_api__rosidl_typesupport_introspection_cpp.dir/rosidl_typesupport_introspection_cpp/unitree_api/msg/detail/request_policy__type_support.cpp.o\x1b[0m\n'}
[3.902338] (unitree_api) StdoutLine: {'line': b'[ 37%] \x1b[32mBuilding CXX object CMakeFiles/unitree_api__rosidl_typesupport_introspection_cpp.dir/rosidl_typesupport_introspection_cpp/unitree_api/msg/detail/response__type_support.cpp.o\x1b[0m\n'}
[3.902771] (unitree_api) StdoutLine: {'line': b'[ 38%] \x1b[32mBuilding CXX object CMakeFiles/unitree_api__rosidl_typesupport_introspection_cpp.dir/rosidl_typesupport_introspection_cpp/unitree_api/msg/detail/response_header__type_support.cpp.o\x1b[0m\n'}
[3.917265] (unitree_api) StdoutLine: {'line': b'[ 39%] \x1b[32mBuilding CXX object CMakeFiles/unitree_api__rosidl_typesupport_c.dir/rosidl_typesupport_c/unitree_api/msg/request__type_support.cpp.o\x1b[0m\n'}
[3.921246] (-) TimerEvent: {}
[3.937449] (unitree_api) StdoutLine: {'line': b'[ 40%] \x1b[32mBuilding C object CMakeFiles/unitree_api__rosidl_typesupport_introspection_c.dir/rosidl_typesupport_introspection_c/unitree_api/msg/detail/request__type_support.c.o\x1b[0m\n'}
[3.960984] (unitree_api) StdoutLine: {'line': b'[ 42%] \x1b[32mBuilding CXX object CMakeFiles/unitree_api__rosidl_typesupport_c.dir/rosidl_typesupport_c/unitree_api/msg/request_header__type_support.cpp.o\x1b[0m\n'}
[3.988660] (unitree_api) StdoutLine: {'line': b'[ 43%] \x1b[32mBuilding C object CMakeFiles/unitree_api__rosidl_typesupport_introspection_c.dir/rosidl_typesupport_introspection_c/unitree_api/msg/detail/request_header__type_support.c.o\x1b[0m\n'}
[4.005648] (unitree_api) StdoutLine: {'line': b'[ 44%] \x1b[32mBuilding CXX object CMakeFiles/unitree_api__rosidl_typesupport_fastrtps_cpp.dir/rosidl_typesupport_fastrtps_cpp/unitree_api/msg/detail/dds_fastrtps/request_header__type_support.cpp.o\x1b[0m\n'}
[4.013309] (unitree_api) StdoutLine: {'line': b'[ 45%] \x1b[32mBuilding CXX object CMakeFiles/unitree_api__rosidl_typesupport_c.dir/rosidl_typesupport_c/unitree_api/msg/request_identity__type_support.cpp.o\x1b[0m\n'}
[4.016517] (unitree_api) StdoutLine: {'line': b'[ 46%] \x1b[32mBuilding CXX object CMakeFiles/unitree_api__rosidl_typesupport_introspection_cpp.dir/rosidl_typesupport_introspection_cpp/unitree_api/msg/detail/response_status__type_support.cpp.o\x1b[0m\n'}
[4.021340] (-) TimerEvent: {}
[4.027918] (unitree_api) StdoutLine: {'line': b'[ 47%] \x1b[32mBuilding C object CMakeFiles/unitree_api__rosidl_typesupport_introspection_c.dir/rosidl_typesupport_introspection_c/unitree_api/msg/detail/request_identity__type_support.c.o\x1b[0m\n'}
[4.047524] (unitree_api) StdoutLine: {'line': b'[ 48%] \x1b[32mBuilding C object CMakeFiles/unitree_api__rosidl_typesupport_introspection_c.dir/rosidl_typesupport_introspection_c/unitree_api/msg/detail/request_lease__type_support.c.o\x1b[0m\n'}
[4.053399] (unitree_api) StdoutLine: {'line': b'[ 50%] \x1b[32mBuilding CXX object CMakeFiles/unitree_api__rosidl_typesupport_c.dir/rosidl_typesupport_c/unitree_api/msg/request_lease__type_support.cpp.o\x1b[0m\n'}
[4.124452] (-) TimerEvent: {}
[4.133479] (unitree_api) StdoutLine: {'line': b'[ 51%] \x1b[32mBuilding C object CMakeFiles/unitree_api__rosidl_typesupport_introspection_c.dir/rosidl_typesupport_introspection_c/unitree_api/msg/detail/response__type_support.c.o\x1b[0m\n'}
[4.133636] (unitree_api) StdoutLine: {'line': b'[ 52%] \x1b[32mBuilding C object CMakeFiles/unitree_api__rosidl_typesupport_introspection_c.dir/rosidl_typesupport_introspection_c/unitree_api/msg/detail/request_policy__type_support.c.o\x1b[0m\n'}
[4.133677] (unitree_api) StdoutLine: {'line': b'[ 53%] \x1b[32mBuilding CXX object CMakeFiles/unitree_api__rosidl_typesupport_fastrtps_cpp.dir/rosidl_typesupport_fastrtps_cpp/unitree_api/msg/detail/dds_fastrtps/request_identity__type_support.cpp.o\x1b[0m\n'}
[4.135198] (unitree_api) StdoutLine: {'line': b'[ 54%] \x1b[32mBuilding CXX object CMakeFiles/unitree_api__rosidl_typesupport_c.dir/rosidl_typesupport_c/unitree_api/msg/request_policy__type_support.cpp.o\x1b[0m\n'}
[4.142149] (unitree_api) StdoutLine: {'line': b'[ 55%] \x1b[32mBuilding C object CMakeFiles/unitree_api__rosidl_typesupport_introspection_c.dir/rosidl_typesupport_introspection_c/unitree_api/msg/detail/response_header__type_support.c.o\x1b[0m\n'}
[4.146634] (unitree_api) StdoutLine: {'line': b'[ 56%] \x1b[32mBuilding C object CMakeFiles/unitree_api__rosidl_typesupport_introspection_c.dir/rosidl_typesupport_introspection_c/unitree_api/msg/detail/response_status__type_support.c.o\x1b[0m\n'}
[4.186325] (unitree_api) StdoutLine: {'line': b'[ 57%] \x1b[32mBuilding CXX object CMakeFiles/unitree_api__rosidl_typesupport_c.dir/rosidl_typesupport_c/unitree_api/msg/response__type_support.cpp.o\x1b[0m\n'}
[4.195498] (unitree_api) StdoutLine: {'line': b'[ 59%] \x1b[32mBuilding CXX object CMakeFiles/unitree_api__rosidl_typesupport_fastrtps_cpp.dir/rosidl_typesupport_fastrtps_cpp/unitree_api/msg/detail/dds_fastrtps/request_lease__type_support.cpp.o\x1b[0m\n'}
[4.198766] (unitree_api) StdoutLine: {'line': b'[ 60%] \x1b[32mBuilding CXX object CMakeFiles/unitree_api__rosidl_typesupport_fastrtps_cpp.dir/rosidl_typesupport_fastrtps_cpp/unitree_api/msg/detail/dds_fastrtps/request_policy__type_support.cpp.o\x1b[0m\n'}
[4.219701] (unitree_api) StdoutLine: {'line': b'[ 61%] \x1b[32mBuilding CXX object CMakeFiles/unitree_api__rosidl_typesupport_c.dir/rosidl_typesupport_c/unitree_api/msg/response_header__type_support.cpp.o\x1b[0m\n'}
[4.224553] (-) TimerEvent: {}
[4.232468] (unitree_api) StdoutLine: {'line': b'[ 62%] \x1b[32mBuilding CXX object CMakeFiles/unitree_api__rosidl_typesupport_fastrtps_c.dir/rosidl_typesupport_fastrtps_c/unitree_api/msg/detail/request__type_support_c.cpp.o\x1b[0m\n'}
[4.232646] (unitree_hg) StdoutLine: {'line': b'[  6%] \x1b[32mBuilding CXX object CMakeFiles/unitree_hg__rosidl_typesupport_cpp.dir/rosidl_typesupport_cpp/unitree_hg/msg/bms_cmd__type_support.cpp.o\x1b[0m\n'}
[4.236114] (unitree_api) StdoutLine: {'line': b'[ 63%] \x1b[32mBuilding CXX object CMakeFiles/unitree_api__rosidl_typesupport_fastrtps_cpp.dir/rosidl_typesupport_fastrtps_cpp/unitree_api/msg/detail/dds_fastrtps/response__type_support.cpp.o\x1b[0m\n'}
[4.242502] (unitree_hg) StdoutLine: {'line': b'[  7%] \x1b[32mBuilding CXX object CMakeFiles/unitree_hg__rosidl_typesupport_cpp.dir/rosidl_typesupport_cpp/unitree_hg/msg/bms_state__type_support.cpp.o\x1b[0m\n'}
[4.242643] (unitree_hg) StdoutLine: {'line': b'[  7%] \x1b[32mBuilding CXX object CMakeFiles/unitree_hg__rosidl_typesupport_cpp.dir/rosidl_typesupport_cpp/unitree_hg/msg/hand_cmd__type_support.cpp.o\x1b[0m\n'}
[4.251434] (unitree_hg) StdoutLine: {'line': b'[  8%] \x1b[32mBuilding CXX object CMakeFiles/unitree_hg__rosidl_typesupport_cpp.dir/rosidl_typesupport_cpp/unitree_hg/msg/hand_state__type_support.cpp.o\x1b[0m\n'}
[4.251582] (unitree_hg) StdoutLine: {'line': b'[  9%] \x1b[32mBuilding CXX object CMakeFiles/unitree_hg__rosidl_typesupport_cpp.dir/rosidl_typesupport_cpp/unitree_hg/msg/imu_state__type_support.cpp.o\x1b[0m\n'}
[4.257543] (unitree_api) StdoutLine: {'line': b'[ 64%] \x1b[32mBuilding CXX object CMakeFiles/unitree_api__rosidl_typesupport_c.dir/rosidl_typesupport_c/unitree_api/msg/response_status__type_support.cpp.o\x1b[0m\n'}
[4.257715] (unitree_api) StdoutLine: {'line': b'[ 65%] \x1b[32mBuilding CXX object CMakeFiles/unitree_api__rosidl_typesupport_fastrtps_cpp.dir/rosidl_typesupport_fastrtps_cpp/unitree_api/msg/detail/dds_fastrtps/response_header__type_support.cpp.o\x1b[0m\n'}
[4.274546] (unitree_api) StdoutLine: {'line': b'[ 67%] \x1b[32mBuilding CXX object CMakeFiles/unitree_api__rosidl_typesupport_fastrtps_c.dir/rosidl_typesupport_fastrtps_c/unitree_api/msg/detail/request_header__type_support_c.cpp.o\x1b[0m\n'}
[4.285441] (unitree_hg) StdoutLine: {'line': b'[ 10%] \x1b[32mBuilding CXX object CMakeFiles/unitree_hg__rosidl_typesupport_cpp.dir/rosidl_typesupport_cpp/unitree_hg/msg/low_cmd__type_support.cpp.o\x1b[0m\n'}
[4.285738] (unitree_hg) StdoutLine: {'line': b'[ 11%] \x1b[32mBuilding CXX object CMakeFiles/unitree_hg__rosidl_typesupport_cpp.dir/rosidl_typesupport_cpp/unitree_hg/msg/low_state__type_support.cpp.o\x1b[0m\n'}
[4.290877] (unitree_api) StdoutLine: {'line': b'[ 68%] \x1b[32m\x1b[1mLinking C shared library libunitree_api__rosidl_typesupport_introspection_c.so\x1b[0m\n'}
[4.295690] (unitree_hg) StdoutLine: {'line': b'[ 12%] \x1b[32mBuilding CXX object CMakeFiles/unitree_hg__rosidl_typesupport_cpp.dir/rosidl_typesupport_cpp/unitree_hg/msg/main_board_state__type_support.cpp.o\x1b[0m\n'}
[4.303807] (unitree_hg) StdoutLine: {'line': b'[ 13%] \x1b[32mBuilding CXX object CMakeFiles/unitree_hg__rosidl_typesupport_cpp.dir/rosidl_typesupport_cpp/unitree_hg/msg/motor_cmd__type_support.cpp.o\x1b[0m\n'}
[4.307943] (unitree_hg) StdoutLine: {'line': b'[ 14%] \x1b[32mBuilding CXX object CMakeFiles/unitree_hg__rosidl_typesupport_cpp.dir/rosidl_typesupport_cpp/unitree_hg/msg/motor_state__type_support.cpp.o\x1b[0m\n'}
[4.320579] (unitree_hg) StdoutLine: {'line': b'[ 15%] \x1b[32mBuilding CXX object CMakeFiles/unitree_hg__rosidl_typesupport_cpp.dir/rosidl_typesupport_cpp/unitree_hg/msg/press_sensor_state__type_support.cpp.o\x1b[0m\n'}
[4.326474] (-) TimerEvent: {}
[4.327099] (unitree_api) StdoutLine: {'line': b'[ 69%] \x1b[32m\x1b[1mLinking CXX shared library libunitree_api__rosidl_typesupport_c.so\x1b[0m\n'}
[4.330869] (unitree_sdk2) StdoutLine: {'line': b'[ 45%] Built target advanced_gamepad\n'}
[4.346969] (unitree_hg) StdoutLine: {'line': b'[ 16%] \x1b[32mBuilding CXX object CMakeFiles/unitree_hg__rosidl_typesupport_introspection_cpp.dir/rosidl_typesupport_introspection_cpp/unitree_hg/msg/detail/bms_cmd__type_support.cpp.o\x1b[0m\n'}
[4.364418] (unitree_hg) StdoutLine: {'line': b'[ 17%] \x1b[32mBuilding CXX object CMakeFiles/unitree_hg__rosidl_typesupport_introspection_cpp.dir/rosidl_typesupport_introspection_cpp/unitree_hg/msg/detail/bms_state__type_support.cpp.o\x1b[0m\n'}
[4.366062] (unitree_hg) StdoutLine: {'line': b'[ 17%] \x1b[32mBuilding CXX object CMakeFiles/unitree_hg__rosidl_typesupport_introspection_cpp.dir/rosidl_typesupport_introspection_cpp/unitree_hg/msg/detail/hand_cmd__type_support.cpp.o\x1b[0m\n'}
[4.390718] (unitree_sdk2) StdoutLine: {'line': b'[ 46%] \x1b[32mBuilding CXX object example/g1/CMakeFiles/g1_arm_action_example.dir/high_level/g1_arm_action_example.cpp.o\x1b[0m\n'}
[4.423131] (unitree_api) StdoutLine: {'line': b'[ 70%] \x1b[32mBuilding CXX object CMakeFiles/unitree_api__rosidl_typesupport_fastrtps_cpp.dir/rosidl_typesupport_fastrtps_cpp/unitree_api/msg/detail/dds_fastrtps/response_status__type_support.cpp.o\x1b[0m\n'}
[4.426595] (-) TimerEvent: {}
[4.426816] (unitree_api) StdoutLine: {'line': b'[ 70%] Built target unitree_api__rosidl_typesupport_introspection_c\n'}
[4.448451] (unitree_api) StdoutLine: {'line': b'[ 70%] Built target unitree_api__rosidl_typesupport_c\n'}
[4.455576] (unitree_api) StdoutLine: {'line': b'[ 71%] \x1b[32mBuilding CXX object CMakeFiles/unitree_api__rosidl_typesupport_fastrtps_c.dir/rosidl_typesupport_fastrtps_c/unitree_api/msg/detail/request_identity__type_support_c.cpp.o\x1b[0m\n'}
[4.470308] (unitree_sdk2) StdoutLine: {'line': b'[ 48%] \x1b[32m\x1b[1mLinking CXX executable ../../bin/test_publisher\x1b[0m\n'}
[4.473633] (unitree_api) StdoutLine: {'line': b'[ 72%] \x1b[32mBuilding CXX object CMakeFiles/unitree_api__rosidl_typesupport_fastrtps_c.dir/rosidl_typesupport_fastrtps_c/unitree_api/msg/detail/request_lease__type_support_c.cpp.o\x1b[0m\n'}
[4.530485] (-) TimerEvent: {}
[4.588671] (unitree_api) StdoutLine: {'line': b'[ 73%] \x1b[32mBuilding CXX object CMakeFiles/unitree_api__rosidl_typesupport_fastrtps_c.dir/rosidl_typesupport_fastrtps_c/unitree_api/msg/detail/request_policy__type_support_c.cpp.o\x1b[0m\n'}
[4.603533] (unitree_api) StdoutLine: {'line': b'[ 75%] \x1b[32mBuilding CXX object CMakeFiles/unitree_api__rosidl_typesupport_fastrtps_c.dir/rosidl_typesupport_fastrtps_c/unitree_api/msg/detail/response__type_support_c.cpp.o\x1b[0m\n'}
[4.631610] (-) TimerEvent: {}
[4.649693] (unitree_hg) StdoutLine: {'line': b'[ 18%] \x1b[32mBuilding CXX object CMakeFiles/unitree_hg__rosidl_typesupport_introspection_cpp.dir/rosidl_typesupport_introspection_cpp/unitree_hg/msg/detail/hand_state__type_support.cpp.o\x1b[0m\n'}
[4.653511] (unitree_hg) StdoutLine: {'line': b'[ 19%] \x1b[32mBuilding CXX object CMakeFiles/unitree_hg__rosidl_typesupport_introspection_cpp.dir/rosidl_typesupport_introspection_cpp/unitree_hg/msg/detail/imu_state__type_support.cpp.o\x1b[0m\n'}
[4.707017] (unitree_hg) StdoutLine: {'line': b'[ 20%] \x1b[32mBuilding CXX object CMakeFiles/unitree_hg__rosidl_typesupport_introspection_cpp.dir/rosidl_typesupport_introspection_cpp/unitree_hg/msg/detail/low_cmd__type_support.cpp.o\x1b[0m\n'}
[4.717802] (unitree_hg) StdoutLine: {'line': b'[ 21%] \x1b[32mBuilding CXX object CMakeFiles/unitree_hg__rosidl_typesupport_introspection_cpp.dir/rosidl_typesupport_introspection_cpp/unitree_hg/msg/detail/low_state__type_support.cpp.o\x1b[0m\n'}
[4.721778] (unitree_hg) StdoutLine: {'line': b'[ 22%] \x1b[32mBuilding CXX object CMakeFiles/unitree_hg__rosidl_typesupport_introspection_cpp.dir/rosidl_typesupport_introspection_cpp/unitree_hg/msg/detail/main_board_state__type_support.cpp.o\x1b[0m\n'}
[4.722170] (unitree_api) StdoutLine: {'line': b'[ 76%] \x1b[32mBuilding CXX object CMakeFiles/unitree_api__rosidl_typesupport_fastrtps_c.dir/rosidl_typesupport_fastrtps_c/unitree_api/msg/detail/response_header__type_support_c.cpp.o\x1b[0m\n'}
[4.730347] (unitree_hg) StdoutLine: {'line': b'[ 23%] \x1b[32mBuilding CXX object CMakeFiles/unitree_hg__rosidl_typesupport_introspection_cpp.dir/rosidl_typesupport_introspection_cpp/unitree_hg/msg/detail/motor_cmd__type_support.cpp.o\x1b[0m\n'}
[4.732912] (-) TimerEvent: {}
[4.760836] (unitree_hg) StdoutLine: {'line': b'[ 24%] \x1b[32mBuilding CXX object CMakeFiles/unitree_hg__rosidl_typesupport_introspection_cpp.dir/rosidl_typesupport_introspection_cpp/unitree_hg/msg/detail/motor_state__type_support.cpp.o\x1b[0m\n'}
[4.765444] (unitree_api) StdoutLine: {'line': b'[ 77%] \x1b[32mBuilding CXX object CMakeFiles/unitree_api__rosidl_typesupport_fastrtps_c.dir/rosidl_typesupport_fastrtps_c/unitree_api/msg/detail/response_status__type_support_c.cpp.o\x1b[0m\n'}
[4.778451] (unitree_hg) StdoutLine: {'line': b'[ 25%] \x1b[32mBuilding CXX object CMakeFiles/unitree_hg__rosidl_typesupport_introspection_cpp.dir/rosidl_typesupport_introspection_cpp/unitree_hg/msg/detail/press_sensor_state__type_support.cpp.o\x1b[0m\n'}
[4.803192] (unitree_api) StdoutLine: {'line': b'[ 78%] \x1b[32m\x1b[1mLinking CXX shared library libunitree_api__rosidl_typesupport_cpp.so\x1b[0m\n'}
[4.833035] (-) TimerEvent: {}
[4.895477] (unitree_api) StdoutLine: {'line': b'[ 78%] Built target unitree_api__rosidl_typesupport_cpp\n'}
[4.933141] (-) TimerEvent: {}
[5.001502] (unitree_sdk2) StdoutLine: {'line': b'[ 48%] Built target test_publisher\n'}
[5.033251] (-) TimerEvent: {}
[5.033793] (unitree_sdk2) StdoutLine: {'line': b'[ 50%] \x1b[32mBuilding CXX object example/g1/CMakeFiles/g1_ankle_swing_example.dir/low_level/g1_ankle_swing_example.cpp.o\x1b[0m\n'}
[5.042892] (unitree_api) StdoutLine: {'line': b'[ 79%] \x1b[32m\x1b[1mLinking CXX shared library libunitree_api__rosidl_typesupport_introspection_cpp.so\x1b[0m\n'}
[5.043043] (unitree_hg) StdoutLine: {'line': b'[ 26%] \x1b[32m\x1b[1mLinking CXX shared library libunitree_hg__rosidl_typesupport_cpp.so\x1b[0m\n'}
[5.060472] (unitree_hg) StdoutLine: {'line': b'[ 27%] \x1b[32mBuilding CXX object CMakeFiles/unitree_hg__rosidl_typesupport_fastrtps_cpp.dir/rosidl_typesupport_fastrtps_cpp/unitree_hg/msg/detail/dds_fastrtps/bms_cmd__type_support.cpp.o\x1b[0m\n'}
[5.065694] (unitree_hg) StdoutLine: {'line': b'[ 27%] \x1b[32mBuilding CXX object CMakeFiles/unitree_hg__rosidl_typesupport_fastrtps_cpp.dir/rosidl_typesupport_fastrtps_cpp/unitree_hg/msg/detail/dds_fastrtps/hand_cmd__type_support.cpp.o\x1b[0m\n'}
[5.067957] (unitree_hg) StdoutLine: {'line': b'[ 28%] \x1b[32mBuilding CXX object CMakeFiles/unitree_hg__rosidl_typesupport_fastrtps_cpp.dir/rosidl_typesupport_fastrtps_cpp/unitree_hg/msg/detail/dds_fastrtps/bms_state__type_support.cpp.o\x1b[0m\n'}
[5.076514] (unitree_hg) StdoutLine: {'line': b'[ 29%] \x1b[32mBuilding CXX object CMakeFiles/unitree_hg__rosidl_typesupport_fastrtps_cpp.dir/rosidl_typesupport_fastrtps_cpp/unitree_hg/msg/detail/dds_fastrtps/hand_state__type_support.cpp.o\x1b[0m\n'}
[5.114519] (unitree_sdk2) StdoutLine: {'line': b'[ 51%] \x1b[32mBuilding CXX object example/helloworld/CMakeFiles/test_subscriber.dir/HelloWorldData.cpp.o\x1b[0m\n'}
[5.136463] (-) TimerEvent: {}
[5.147948] (unitree_hg) StdoutLine: {'line': b'[ 29%] Built target unitree_hg__rosidl_typesupport_cpp\n'}
[5.166451] (unitree_hg) StdoutLine: {'line': b'[ 30%] \x1b[32mBuilding CXX object CMakeFiles/unitree_hg__rosidl_typesupport_fastrtps_cpp.dir/rosidl_typesupport_fastrtps_cpp/unitree_hg/msg/detail/dds_fastrtps/imu_state__type_support.cpp.o\x1b[0m\n'}
[5.188474] (unitree_hg) StdoutLine: {'line': b'[ 31%] \x1b[32mBuilding CXX object CMakeFiles/unitree_hg__rosidl_typesupport_fastrtps_cpp.dir/rosidl_typesupport_fastrtps_cpp/unitree_hg/msg/detail/dds_fastrtps/low_cmd__type_support.cpp.o\x1b[0m\n'}
[5.210476] (unitree_hg) StdoutLine: {'line': b'[ 32%] \x1b[32mBuilding CXX object CMakeFiles/unitree_hg__rosidl_typesupport_fastrtps_cpp.dir/rosidl_typesupport_fastrtps_cpp/unitree_hg/msg/detail/dds_fastrtps/low_state__type_support.cpp.o\x1b[0m\n'}
[5.236561] (-) TimerEvent: {}
[5.263866] (unitree_hg) StdoutLine: {'line': b'[ 33%] \x1b[32mBuilding CXX object CMakeFiles/unitree_hg__rosidl_typesupport_fastrtps_cpp.dir/rosidl_typesupport_fastrtps_cpp/unitree_hg/msg/detail/dds_fastrtps/main_board_state__type_support.cpp.o\x1b[0m\n'}
[5.336676] (-) TimerEvent: {}
[5.379481] (unitree_hg) StdoutLine: {'line': b'[ 34%] \x1b[32mBuilding CXX object CMakeFiles/unitree_hg__rosidl_typesupport_fastrtps_cpp.dir/rosidl_typesupport_fastrtps_cpp/unitree_hg/msg/detail/dds_fastrtps/motor_cmd__type_support.cpp.o\x1b[0m\n'}
[5.379732] (unitree_hg) StdoutLine: {'line': b'[ 35%] \x1b[32mBuilding CXX object CMakeFiles/unitree_hg__rosidl_typesupport_fastrtps_cpp.dir/rosidl_typesupport_fastrtps_cpp/unitree_hg/msg/detail/dds_fastrtps/motor_state__type_support.cpp.o\x1b[0m\n'}
[5.415522] (unitree_hg) StdoutLine: {'line': b'[ 36%] \x1b[32mBuilding CXX object CMakeFiles/unitree_hg__rosidl_typesupport_fastrtps_cpp.dir/rosidl_typesupport_fastrtps_cpp/unitree_hg/msg/detail/dds_fastrtps/press_sensor_state__type_support.cpp.o\x1b[0m\n'}
[5.436799] (-) TimerEvent: {}
[5.476673] (unitree_api) StdoutLine: {'line': b'[ 79%] Built target unitree_api__rosidl_typesupport_introspection_cpp\n'}
[5.536922] (-) TimerEvent: {}
[5.559826] (unitree_api) StdoutLine: {'line': b'[ 80%] \x1b[32m\x1b[1mLinking CXX shared library libunitree_api__rosidl_typesupport_fastrtps_cpp.so\x1b[0m\n'}
[5.608459] (unitree_hg) StdoutLine: {'line': b'[ 37%] \x1b[32mBuilding C object CMakeFiles/unitree_hg__rosidl_generator_c.dir/rosidl_generator_c/unitree_hg/msg/detail/bms_cmd__functions.c.o\x1b[0m\n'}
[5.608633] (unitree_hg) StdoutLine: {'line': b'[ 38%] \x1b[32mBuilding C object CMakeFiles/unitree_hg__rosidl_generator_c.dir/rosidl_generator_c/unitree_hg/msg/detail/bms_state__functions.c.o\x1b[0m\n'}
[5.611807] (unitree_hg) StdoutLine: {'line': b'[ 39%] \x1b[32mBuilding C object CMakeFiles/unitree_hg__rosidl_generator_c.dir/rosidl_generator_c/unitree_hg/msg/detail/hand_cmd__functions.c.o\x1b[0m\n'}
[5.619473] (unitree_hg) StdoutLine: {'line': b'[ 40%] \x1b[32mBuilding C object CMakeFiles/unitree_hg__rosidl_generator_c.dir/rosidl_generator_c/unitree_hg/msg/detail/hand_state__functions.c.o\x1b[0m\n'}
[5.637030] (-) TimerEvent: {}
[5.698275] (unitree_hg) StdoutLine: {'line': b'[ 42%] \x1b[32mBuilding C object CMakeFiles/unitree_hg__rosidl_generator_c.dir/rosidl_generator_c/unitree_hg/msg/detail/imu_state__functions.c.o\x1b[0m\n'}
[5.698447] (unitree_hg) StdoutLine: {'line': b'[ 42%] \x1b[32mBuilding C object CMakeFiles/unitree_hg__rosidl_generator_c.dir/rosidl_generator_c/unitree_hg/msg/detail/low_state__functions.c.o\x1b[0m\n'}
[5.702476] (unitree_hg) StdoutLine: {'line': b'[ 43%] \x1b[32mBuilding C object CMakeFiles/unitree_hg__rosidl_generator_c.dir/rosidl_generator_c/unitree_hg/msg/detail/low_cmd__functions.c.o\x1b[0m\n'}
[5.706050] (unitree_hg) StdoutLine: {'line': b'[ 43%] \x1b[32mBuilding C object CMakeFiles/unitree_hg__rosidl_generator_c.dir/rosidl_generator_c/unitree_hg/msg/detail/main_board_state__functions.c.o\x1b[0m\n'}
[5.710149] (unitree_hg) StdoutLine: {'line': b'[ 44%] \x1b[32mBuilding C object CMakeFiles/unitree_hg__rosidl_generator_c.dir/rosidl_generator_c/unitree_hg/msg/detail/motor_cmd__functions.c.o\x1b[0m\n'}
[5.716455] (unitree_hg) StdoutLine: {'line': b'[ 45%] \x1b[32mBuilding C object CMakeFiles/unitree_hg__rosidl_generator_c.dir/rosidl_generator_c/unitree_hg/msg/detail/motor_state__functions.c.o\x1b[0m\n'}
[5.735471] (unitree_hg) StdoutLine: {'line': b'[ 46%] \x1b[32mBuilding C object CMakeFiles/unitree_hg__rosidl_generator_c.dir/rosidl_generator_c/unitree_hg/msg/detail/press_sensor_state__functions.c.o\x1b[0m\n'}
[5.737145] (-) TimerEvent: {}
[5.816337] (unitree_hg) StdoutLine: {'line': b'[ 47%] \x1b[32m\x1b[1mLinking C shared library libunitree_hg__rosidl_generator_c.so\x1b[0m\n'}
[5.827478] (unitree_api) StdoutLine: {'line': b'[ 80%] Built target unitree_api__rosidl_typesupport_fastrtps_cpp\n'}
[5.837257] (-) TimerEvent: {}
[5.873570] (unitree_hg) StdoutLine: {'line': b'[ 47%] Built target unitree_hg__rosidl_generator_c\n'}
[5.887132] (unitree_hg) StdoutLine: {'line': b'[ 47%] \x1b[34m\x1b[1mGenerating C type support dispatch for ROS interfaces\x1b[0m\n'}
[5.887300] (unitree_hg) StdoutLine: {'line': b'[ 47%] \x1b[34m\x1b[1mGenerating C introspection for ROS interfaces\x1b[0m\n'}
[5.889832] (unitree_hg) StdoutLine: {'line': b'[ 47%] \x1b[34m\x1b[1mGenerating C type support for eProsima Fast-RTPS\x1b[0m\n'}
[5.937365] (-) TimerEvent: {}
[5.960541] (unitree_go) StdoutLine: {'line': b'[  0%] Built target unitree_go__cpp\n'}
[5.979716] (unitree_hg) StdoutLine: {'line': b'[ 48%] \x1b[32m\x1b[1mLinking CXX shared library libunitree_hg__rosidl_typesupport_fastrtps_cpp.so\x1b[0m\n'}
[5.980464] (unitree_go) StdoutLine: {'line': b'[  1%] \x1b[34m\x1b[1mGenerating C++ type support for eProsima Fast-RTPS\x1b[0m\n'}
[5.980584] (unitree_go) StdoutLine: {'line': b'[  2%] \x1b[34m\x1b[1mGenerating C++ introspection for ROS interfaces\x1b[0m\n'}
[5.988712] (unitree_go) StdoutLine: {'line': b'[  3%] \x1b[34m\x1b[1mGenerating C++ type support dispatch for ROS interfaces\x1b[0m\n'}
[6.037466] (-) TimerEvent: {}
[6.104511] (unitree_hg) StdoutLine: {'line': b'[ 48%] Built target unitree_hg__rosidl_typesupport_fastrtps_cpp\n'}
[6.137566] (-) TimerEvent: {}
[6.226904] (unitree_go) StdoutLine: {'line': b'[  4%] \x1b[32mBuilding C object CMakeFiles/unitree_go__rosidl_generator_c.dir/rosidl_generator_c/unitree_go/msg/detail/audio_data__functions.c.o\x1b[0m\n'}
[6.231438] (unitree_go) StdoutLine: {'line': b'[  4%] \x1b[32mBuilding C object CMakeFiles/unitree_go__rosidl_generator_c.dir/rosidl_generator_c/unitree_go/msg/detail/bms_cmd__functions.c.o\x1b[0m\n'}
[6.232615] (unitree_go) StdoutLine: {'line': b'[  5%] \x1b[32mBuilding C object CMakeFiles/unitree_go__rosidl_generator_c.dir/rosidl_generator_c/unitree_go/msg/detail/bms_state__functions.c.o\x1b[0m\n'}
[6.239436] (unitree_go) StdoutLine: {'line': b'[  5%] \x1b[32mBuilding C object CMakeFiles/unitree_go__rosidl_generator_c.dir/rosidl_generator_c/unitree_go/msg/detail/height_map__functions.c.o\x1b[0m\n'}
[6.239602] (-) TimerEvent: {}
[6.239777] (unitree_go) StdoutLine: {'line': b'[  5%] \x1b[32mBuilding C object CMakeFiles/unitree_go__rosidl_generator_c.dir/rosidl_generator_c/unitree_go/msg/detail/error__functions.c.o\x1b[0m\n'}
[6.239851] (unitree_go) StdoutLine: {'line': b'[  6%] \x1b[32mBuilding C object CMakeFiles/unitree_go__rosidl_generator_c.dir/rosidl_generator_c/unitree_go/msg/detail/go2_front_video_data__functions.c.o\x1b[0m\n'}
[6.261521] (unitree_go) StdoutLine: {'line': b'[  7%] \x1b[32mBuilding C object CMakeFiles/unitree_go__rosidl_generator_c.dir/rosidl_generator_c/unitree_go/msg/detail/imu_state__functions.c.o\x1b[0m\n'}
[6.262691] (unitree_go) StdoutLine: {'line': b'[  8%] \x1b[32mBuilding C object CMakeFiles/unitree_go__rosidl_generator_c.dir/rosidl_generator_c/unitree_go/msg/detail/lidar_state__functions.c.o\x1b[0m\n'}
[6.275446] (unitree_go) StdoutLine: {'line': b'[  8%] \x1b[32mBuilding C object CMakeFiles/unitree_go__rosidl_generator_c.dir/rosidl_generator_c/unitree_go/msg/detail/low_cmd__functions.c.o\x1b[0m\n'}
[6.275599] (unitree_go) StdoutLine: {'line': b'[  8%] \x1b[32mBuilding C object CMakeFiles/unitree_go__rosidl_generator_c.dir/rosidl_generator_c/unitree_go/msg/detail/interface_config__functions.c.o\x1b[0m\n'}
[6.288502] (unitree_hg) StdoutLine: {'line': b'[ 49%] \x1b[32m\x1b[1mLinking CXX shared library libunitree_hg__rosidl_typesupport_introspection_cpp.so\x1b[0m\n'}
[6.288832] (unitree_go) StdoutLine: {'line': b'[  9%] \x1b[32mBuilding C object CMakeFiles/unitree_go__rosidl_generator_c.dir/rosidl_generator_c/unitree_go/msg/detail/motor_cmd__functions.c.o\x1b[0m\n'}
[6.294505] (unitree_go) StdoutLine: {'line': b'[  9%] \x1b[32mBuilding C object CMakeFiles/unitree_go__rosidl_generator_c.dir/rosidl_generator_c/unitree_go/msg/detail/low_state__functions.c.o\x1b[0m\n'}
[6.303462] (unitree_go) StdoutLine: {'line': b'[  9%] \x1b[32mBuilding C object CMakeFiles/unitree_go__rosidl_generator_c.dir/rosidl_generator_c/unitree_go/msg/detail/motor_cmds__functions.c.o\x1b[0m\n'}
[6.313515] (unitree_go) StdoutLine: {'line': b'[ 10%] \x1b[32mBuilding C object CMakeFiles/unitree_go__rosidl_generator_c.dir/rosidl_generator_c/unitree_go/msg/detail/motor_state__functions.c.o\x1b[0m\n'}
[6.313668] (unitree_go) StdoutLine: {'line': b'[ 10%] \x1b[32mBuilding C object CMakeFiles/unitree_go__rosidl_generator_c.dir/rosidl_generator_c/unitree_go/msg/detail/motor_states__functions.c.o\x1b[0m\n'}
[6.332450] (unitree_go) StdoutLine: {'line': b'[ 11%] \x1b[32mBuilding C object CMakeFiles/unitree_go__rosidl_generator_c.dir/rosidl_generator_c/unitree_go/msg/detail/path_point__functions.c.o\x1b[0m\n'}
[6.332606] (unitree_go) StdoutLine: {'line': b'[ 11%] \x1b[32mBuilding C object CMakeFiles/unitree_go__rosidl_generator_c.dir/rosidl_generator_c/unitree_go/msg/detail/req__functions.c.o\x1b[0m\n'}
[6.339715] (-) TimerEvent: {}
[6.346309] (unitree_go) StdoutLine: {'line': b'[ 11%] \x1b[32mBuilding C object CMakeFiles/unitree_go__rosidl_generator_c.dir/rosidl_generator_c/unitree_go/msg/detail/sport_mode_cmd__functions.c.o\x1b[0m\n'}
[6.363463] (unitree_go) StdoutLine: {'line': b'[ 12%] \x1b[32mBuilding C object CMakeFiles/unitree_go__rosidl_generator_c.dir/rosidl_generator_c/unitree_go/msg/detail/sport_mode_state__functions.c.o\x1b[0m\n'}
[6.366175] (unitree_go) StdoutLine: {'line': b'[ 12%] \x1b[32mBuilding C object CMakeFiles/unitree_go__rosidl_generator_c.dir/rosidl_generator_c/unitree_go/msg/detail/time_spec__functions.c.o\x1b[0m\n'}
[6.366358] (unitree_go) StdoutLine: {'line': b'[ 13%] \x1b[32mBuilding C object CMakeFiles/unitree_go__rosidl_generator_c.dir/rosidl_generator_c/unitree_go/msg/detail/uwb_state__functions.c.o\x1b[0m\n'}
[6.370166] (unitree_go) StdoutLine: {'line': b'[ 14%] \x1b[32mBuilding C object CMakeFiles/unitree_go__rosidl_generator_c.dir/rosidl_generator_c/unitree_go/msg/detail/res__functions.c.o\x1b[0m\n'}
[6.374512] (unitree_go) StdoutLine: {'line': b'[ 14%] \x1b[32mBuilding C object CMakeFiles/unitree_go__rosidl_generator_c.dir/rosidl_generator_c/unitree_go/msg/detail/uwb_switch__functions.c.o\x1b[0m\n'}
[6.378519] (unitree_api) StdoutLine: {'line': b'[ 81%] \x1b[32m\x1b[1mLinking CXX shared library libunitree_api__rosidl_typesupport_fastrtps_c.so\x1b[0m\n'}
[6.418534] (unitree_go) StdoutLine: {'line': b'[ 14%] \x1b[32mBuilding C object CMakeFiles/unitree_go__rosidl_generator_c.dir/rosidl_generator_c/unitree_go/msg/detail/wireless_controller__functions.c.o\x1b[0m\n'}
[6.439818] (-) TimerEvent: {}
[6.466323] (unitree_go) StdoutLine: {'line': b'[ 14%] Built target unitree_go__dds_connext_idl\n'}
[6.478324] (unitree_hg) StdoutLine: {'line': b'[ 49%] Built target unitree_hg__rosidl_typesupport_introspection_cpp\n'}
[6.512509] (unitree_hg) StdoutLine: {'line': b'[ 50%] \x1b[32mBuilding CXX object CMakeFiles/unitree_hg__rosidl_typesupport_c.dir/rosidl_typesupport_c/unitree_hg/msg/bms_state__type_support.cpp.o\x1b[0m\n'}
[6.517213] (unitree_hg) StdoutLine: {'line': b'[ 52%] \x1b[32mBuilding CXX object CMakeFiles/unitree_hg__rosidl_typesupport_c.dir/rosidl_typesupport_c/unitree_hg/msg/hand_cmd__type_support.cpp.o\x1b[0m\n'}
[6.517357] (unitree_hg) StdoutLine: {'line': b'[ 52%] \x1b[32mBuilding CXX object CMakeFiles/unitree_hg__rosidl_typesupport_c.dir/rosidl_typesupport_c/unitree_hg/msg/bms_cmd__type_support.cpp.o\x1b[0m\n'}
[6.518465] (unitree_hg) StdoutLine: {'line': b'[ 55%] \x1b[32mBuilding CXX object CMakeFiles/unitree_hg__rosidl_typesupport_c.dir/rosidl_typesupport_c/unitree_hg/msg/imu_state__type_support.cpp.o\x1b[0m\n'}
[6.519153] (unitree_hg) StdoutLine: {'line': b'[ 56%] \x1b[32mBuilding CXX object CMakeFiles/unitree_hg__rosidl_typesupport_c.dir/rosidl_typesupport_c/unitree_hg/msg/low_state__type_support.cpp.o\x1b[0m\n'}
[6.519681] (unitree_hg) StdoutLine: {'line': b'[ 53%] \x1b[32mBuilding CXX object CMakeFiles/unitree_hg__rosidl_typesupport_c.dir/rosidl_typesupport_c/unitree_hg/msg/low_cmd__type_support.cpp.o\x1b[0m\n'}
[6.524483] (unitree_hg) StdoutLine: {'line': b'[ 54%] \x1b[32mBuilding CXX object CMakeFiles/unitree_hg__rosidl_typesupport_c.dir/rosidl_typesupport_c/unitree_hg/msg/hand_state__type_support.cpp.o\x1b[0m\n'}
[6.524609] (unitree_hg) StdoutLine: {'line': b'[ 57%] \x1b[32mBuilding CXX object CMakeFiles/unitree_hg__rosidl_typesupport_c.dir/rosidl_typesupport_c/unitree_hg/msg/motor_state__type_support.cpp.o\x1b[0m\n'}
[6.524645] (unitree_hg) StdoutLine: {'line': b'[ 58%] \x1b[32mBuilding CXX object CMakeFiles/unitree_hg__rosidl_typesupport_c.dir/rosidl_typesupport_c/unitree_hg/msg/main_board_state__type_support.cpp.o\x1b[0m\n'}
[6.524709] (unitree_go) StdoutLine: {'line': b'[ 15%] \x1b[32m\x1b[1mLinking C shared library libunitree_go__rosidl_generator_c.so\x1b[0m\n'}
[6.529221] (unitree_hg) StdoutLine: {'line': b'[ 59%] \x1b[32mBuilding CXX object CMakeFiles/unitree_hg__rosidl_typesupport_c.dir/rosidl_typesupport_c/unitree_hg/msg/press_sensor_state__type_support.cpp.o\x1b[0m\n'}
[6.539578] (unitree_hg) StdoutLine: {'line': b'[ 59%] \x1b[32mBuilding CXX object CMakeFiles/unitree_hg__rosidl_typesupport_c.dir/rosidl_typesupport_c/unitree_hg/msg/motor_cmd__type_support.cpp.o\x1b[0m\n'}
[6.539883] (-) TimerEvent: {}
[6.545274] (unitree_sdk2) StdoutLine: {'line': b'[ 53%] \x1b[32m\x1b[1mLinking CXX executable ../../bin/test_subscriber\x1b[0m\n'}
[6.592540] (unitree_go) StdoutLine: {'line': b'[ 15%] Built target unitree_go__rosidl_generator_c\n'}
[6.604964] (unitree_api) StdoutLine: {'line': b'[ 81%] Built target unitree_api__rosidl_typesupport_fastrtps_c\n'}
[6.609901] (unitree_go) StdoutLine: {'line': b'[ 15%] \x1b[34m\x1b[1mGenerating C type support for eProsima Fast-RTPS\x1b[0m\n'}
[6.610760] (unitree_go) StdoutLine: {'line': b'[ 15%] \x1b[34m\x1b[1mGenerating C introspection for ROS interfaces\x1b[0m\n'}
[6.612653] (unitree_hg) StdoutLine: {'line': b'[ 60%] \x1b[32m\x1b[1mLinking CXX shared library libunitree_hg__rosidl_typesupport_c.so\x1b[0m\n'}
[6.629607] (unitree_go) StdoutLine: {'line': b'[ 15%] \x1b[34m\x1b[1mGenerating C type support dispatch for ROS interfaces\x1b[0m\n'}
[6.639986] (-) TimerEvent: {}
[6.642919] (unitree_api) StdoutLine: {'line': b'[ 81%] Built target unitree_api\n'}
[6.660519] (unitree_hg) StdoutLine: {'line': b'[ 61%] \x1b[32mBuilding CXX object CMakeFiles/unitree_hg__rosidl_typesupport_fastrtps_c.dir/rosidl_typesupport_fastrtps_c/unitree_hg/msg/detail/bms_cmd__type_support_c.cpp.o\x1b[0m\n'}
[6.661148] (unitree_hg) StdoutLine: {'line': b'[ 62%] \x1b[32mBuilding CXX object CMakeFiles/unitree_hg__rosidl_typesupport_fastrtps_c.dir/rosidl_typesupport_fastrtps_c/unitree_hg/msg/detail/bms_state__type_support_c.cpp.o\x1b[0m\n'}
[6.669437] (unitree_hg) StdoutLine: {'line': b'[ 64%] \x1b[32mBuilding CXX object CMakeFiles/unitree_hg__rosidl_typesupport_fastrtps_c.dir/rosidl_typesupport_fastrtps_c/unitree_hg/msg/detail/hand_state__type_support_c.cpp.o\x1b[0m\n'}
[6.669600] (unitree_hg) StdoutLine: {'line': b'[ 65%] \x1b[32mBuilding CXX object CMakeFiles/unitree_hg__rosidl_typesupport_fastrtps_c.dir/rosidl_typesupport_fastrtps_c/unitree_hg/msg/detail/low_cmd__type_support_c.cpp.o\x1b[0m\n'}
[6.672507] (unitree_hg) StdoutLine: {'line': b'[ 64%] \x1b[32mBuilding CXX object CMakeFiles/unitree_hg__rosidl_typesupport_fastrtps_c.dir/rosidl_typesupport_fastrtps_c/unitree_hg/msg/detail/imu_state__type_support_c.cpp.o\x1b[0m\n'}
[6.674630] (unitree_hg) StdoutLine: {'line': b'[ 67%] \x1b[32mBuilding CXX object CMakeFiles/unitree_hg__rosidl_typesupport_fastrtps_c.dir/rosidl_typesupport_fastrtps_c/unitree_hg/msg/detail/low_state__type_support_c.cpp.o\x1b[0m\n'}
[6.674773] (unitree_hg) StdoutLine: {'line': b'[ 67%] Built target unitree_hg__rosidl_typesupport_c\n'}
[6.677543] (unitree_hg) StdoutLine: {'line': b'[ 67%] \x1b[32mBuilding CXX object CMakeFiles/unitree_hg__rosidl_typesupport_fastrtps_c.dir/rosidl_typesupport_fastrtps_c/unitree_hg/msg/detail/hand_cmd__type_support_c.cpp.o\x1b[0m\n'}
[6.684561] (unitree_api) StdoutLine: {'line': b'[ 82%] \x1b[34m\x1b[1mGenerating Python code for ROS interfaces\x1b[0m\n'}
[6.685731] (unitree_hg) StdoutLine: {'line': b'[ 68%] \x1b[32mBuilding CXX object CMakeFiles/unitree_hg__rosidl_typesupport_fastrtps_c.dir/rosidl_typesupport_fastrtps_c/unitree_hg/msg/detail/main_board_state__type_support_c.cpp.o\x1b[0m\n'}
[6.711510] (unitree_hg) StdoutLine: {'line': b'[ 69%] \x1b[32mBuilding CXX object CMakeFiles/unitree_hg__rosidl_typesupport_fastrtps_c.dir/rosidl_typesupport_fastrtps_c/unitree_hg/msg/detail/motor_state__type_support_c.cpp.o\x1b[0m\n'}
[6.711667] (unitree_hg) StdoutLine: {'line': b'[ 69%] \x1b[32mBuilding CXX object CMakeFiles/unitree_hg__rosidl_typesupport_fastrtps_c.dir/rosidl_typesupport_fastrtps_c/unitree_hg/msg/detail/motor_cmd__type_support_c.cpp.o\x1b[0m\n'}
[6.725664] (unitree_hg) StdoutLine: {'line': b'[ 70%] \x1b[32mBuilding CXX object CMakeFiles/unitree_hg__rosidl_typesupport_fastrtps_c.dir/rosidl_typesupport_fastrtps_c/unitree_hg/msg/detail/press_sensor_state__type_support_c.cpp.o\x1b[0m\n'}
[6.740088] (-) TimerEvent: {}
[6.759450] (unitree_sdk2) StdoutLine: {'line': b'[ 54%] \x1b[32m\x1b[1mLinking CXX executable ../../bin/g1_arm_action_example\x1b[0m\n'}
[6.840195] (-) TimerEvent: {}
[6.882511] (unitree_sdk2) StdoutLine: {'line': b'[ 54%] Built target test_subscriber\n'}
[6.924638] (unitree_sdk2) StdoutLine: {'line': b'[ 56%] \x1b[32mBuilding CXX object example/g1/CMakeFiles/g1_audio_client_example.dir/audio/g1_audio_client_example.cpp.o\x1b[0m\n'}
[6.940298] (-) TimerEvent: {}
[6.960507] (unitree_hg) StdoutLine: {'line': b'[ 71%] \x1b[32mBuilding C object CMakeFiles/unitree_hg__rosidl_typesupport_introspection_c.dir/rosidl_typesupport_introspection_c/unitree_hg/msg/detail/bms_cmd__type_support.c.o\x1b[0m\n'}
[6.960694] (unitree_hg) StdoutLine: {'line': b'[ 72%] \x1b[32mBuilding C object CMakeFiles/unitree_hg__rosidl_typesupport_introspection_c.dir/rosidl_typesupport_introspection_c/unitree_hg/msg/detail/bms_state__type_support.c.o\x1b[0m\n'}
[6.971504] (unitree_hg) StdoutLine: {'line': b'[ 73%] \x1b[32mBuilding C object CMakeFiles/unitree_hg__rosidl_typesupport_introspection_c.dir/rosidl_typesupport_introspection_c/unitree_hg/msg/detail/hand_state__type_support.c.o\x1b[0m\n'}
[6.979509] (unitree_hg) StdoutLine: {'line': b'[ 75%] \x1b[32mBuilding C object CMakeFiles/unitree_hg__rosidl_typesupport_introspection_c.dir/rosidl_typesupport_introspection_c/unitree_hg/msg/detail/imu_state__type_support.c.o\x1b[0m\n'}
[6.983570] (unitree_hg) StdoutLine: {'line': b'[ 75%] \x1b[32mBuilding C object CMakeFiles/unitree_hg__rosidl_typesupport_introspection_c.dir/rosidl_typesupport_introspection_c/unitree_hg/msg/detail/hand_cmd__type_support.c.o\x1b[0m\n'}
[7.006941] (unitree_hg) StdoutLine: {'line': b'[ 76%] \x1b[32mBuilding C object CMakeFiles/unitree_hg__rosidl_typesupport_introspection_c.dir/rosidl_typesupport_introspection_c/unitree_hg/msg/detail/low_cmd__type_support.c.o\x1b[0m\n'}
[7.012763] (unitree_hg) StdoutLine: {'line': b'[ 77%] \x1b[32mBuilding C object CMakeFiles/unitree_hg__rosidl_typesupport_introspection_c.dir/rosidl_typesupport_introspection_c/unitree_hg/msg/detail/low_state__type_support.c.o\x1b[0m\n'}
[7.018913] (unitree_hg) StdoutLine: {'line': b'[ 78%] \x1b[32mBuilding C object CMakeFiles/unitree_hg__rosidl_typesupport_introspection_c.dir/rosidl_typesupport_introspection_c/unitree_hg/msg/detail/main_board_state__type_support.c.o\x1b[0m\n'}
[7.029519] (unitree_hg) StdoutLine: {'line': b'[ 78%] \x1b[32mBuilding C object CMakeFiles/unitree_hg__rosidl_typesupport_introspection_c.dir/rosidl_typesupport_introspection_c/unitree_hg/msg/detail/motor_cmd__type_support.c.o\x1b[0m\n'}
[7.040422] (-) TimerEvent: {}
[7.058609] (unitree_hg) StdoutLine: {'line': b'[ 79%] \x1b[32mBuilding C object CMakeFiles/unitree_hg__rosidl_typesupport_introspection_c.dir/rosidl_typesupport_introspection_c/unitree_hg/msg/detail/motor_state__type_support.c.o\x1b[0m\n'}
[7.065608] (unitree_hg) StdoutLine: {'line': b'[ 80%] \x1b[32mBuilding C object CMakeFiles/unitree_hg__rosidl_typesupport_introspection_c.dir/rosidl_typesupport_introspection_c/unitree_hg/msg/detail/press_sensor_state__type_support.c.o\x1b[0m\n'}
[7.137512] (unitree_hg) StdoutLine: {'line': b'[ 81%] \x1b[32m\x1b[1mLinking C shared library libunitree_hg__rosidl_typesupport_introspection_c.so\x1b[0m\n'}
[7.140486] (-) TimerEvent: {}
[7.186491] (unitree_sdk2) StdoutLine: {'line': b'[ 56%] Built target g1_arm_action_example\n'}
[7.191115] (unitree_hg) StdoutLine: {'line': b'[ 81%] Built target unitree_hg__rosidl_typesupport_introspection_c\n'}
[7.213951] (unitree_sdk2) StdoutLine: {'line': b'[ 57%] \x1b[32mBuilding CXX object example/g1/CMakeFiles/g1_dex3_example.dir/dex3/g1_dex3_example.cpp.o\x1b[0m\n'}
[7.240579] (-) TimerEvent: {}
[7.340887] (-) TimerEvent: {}
[7.402006] (unitree_go) StdoutLine: {'line': b'[ 15%] \x1b[32mBuilding CXX object CMakeFiles/unitree_go__rosidl_typesupport_cpp.dir/rosidl_typesupport_cpp/unitree_go/msg/audio_data__type_support.cpp.o\x1b[0m\n'}
[7.408503] (unitree_go) StdoutLine: {'line': b'[ 15%] \x1b[32mBuilding CXX object CMakeFiles/unitree_go__rosidl_typesupport_cpp.dir/rosidl_typesupport_cpp/unitree_go/msg/bms_state__type_support.cpp.o\x1b[0m\n'}
[7.411482] (unitree_go) StdoutLine: {'line': b'[ 17%] \x1b[32mBuilding CXX object CMakeFiles/unitree_go__rosidl_typesupport_cpp.dir/rosidl_typesupport_cpp/unitree_go/msg/height_map__type_support.cpp.o\x1b[0m\n'}
[7.411598] (unitree_go) StdoutLine: {'line': b'[ 15%] \x1b[32mBuilding CXX object CMakeFiles/unitree_go__rosidl_typesupport_cpp.dir/rosidl_typesupport_cpp/unitree_go/msg/go2_front_video_data__type_support.cpp.o\x1b[0m\n'}
[7.411633] (unitree_go) StdoutLine: {'line': b'[ 16%] \x1b[32mBuilding CXX object CMakeFiles/unitree_go__rosidl_typesupport_cpp.dir/rosidl_typesupport_cpp/unitree_go/msg/error__type_support.cpp.o\x1b[0m\n'}
[7.419793] (unitree_go) StdoutLine: {'line': b'[ 18%] \x1b[32mBuilding CXX object CMakeFiles/unitree_go__rosidl_typesupport_cpp.dir/rosidl_typesupport_cpp/unitree_go/msg/bms_cmd__type_support.cpp.o\x1b[0m\n'}
[7.425452] (unitree_go) StdoutLine: {'line': b'[ 18%] \x1b[32mBuilding CXX object CMakeFiles/unitree_go__rosidl_typesupport_cpp.dir/rosidl_typesupport_cpp/unitree_go/msg/imu_state__type_support.cpp.o\x1b[0m\n'}
[7.439456] (unitree_go) StdoutLine: {'line': b'[ 19%] \x1b[32mBuilding CXX object CMakeFiles/unitree_go__rosidl_typesupport_cpp.dir/rosidl_typesupport_cpp/unitree_go/msg/interface_config__type_support.cpp.o\x1b[0m\n'}
[7.440981] (-) TimerEvent: {}
[7.446111] (unitree_go) StdoutLine: {'line': b'[ 19%] \x1b[32mBuilding CXX object CMakeFiles/unitree_go__rosidl_typesupport_cpp.dir/rosidl_typesupport_cpp/unitree_go/msg/lidar_state__type_support.cpp.o\x1b[0m\n'}
[7.452811] (unitree_go) StdoutLine: {'line': b'[ 19%] \x1b[32mBuilding CXX object CMakeFiles/unitree_go__rosidl_typesupport_cpp.dir/rosidl_typesupport_cpp/unitree_go/msg/low_state__type_support.cpp.o\x1b[0m\n'}
[7.453938] (unitree_go) StdoutLine: {'line': b'[ 20%] \x1b[32mBuilding CXX object CMakeFiles/unitree_go__rosidl_typesupport_cpp.dir/rosidl_typesupport_cpp/unitree_go/msg/low_cmd__type_support.cpp.o\x1b[0m\n'}
[7.542456] (-) TimerEvent: {}
[7.604516] (unitree_sdk2) StdoutLine: {'line': b'[ 59%] \x1b[32m\x1b[1mLinking CXX executable ../../bin/h1_27dof_example\x1b[0m\n'}
[7.642555] (-) TimerEvent: {}
[7.697557] (unitree_api) StdoutLine: {'line': b'[ 82%] Built target unitree_api__py\n'}
[7.698730] (unitree_go) StdoutLine: {'line': b'[ 20%] \x1b[32mBuilding CXX object CMakeFiles/unitree_go__rosidl_typesupport_cpp.dir/rosidl_typesupport_cpp/unitree_go/msg/motor_cmd__type_support.cpp.o\x1b[0m\n'}
[7.705685] (unitree_go) StdoutLine: {'line': b'[ 21%] \x1b[32mBuilding CXX object CMakeFiles/unitree_go__rosidl_typesupport_cpp.dir/rosidl_typesupport_cpp/unitree_go/msg/motor_cmds__type_support.cpp.o\x1b[0m\n'}
[7.727212] (unitree_api) StdoutLine: {'line': b'[ 84%] \x1b[32mBuilding C object CMakeFiles/unitree_api__rosidl_generator_py.dir/rosidl_generator_py/unitree_api/msg/_request_s.c.o\x1b[0m\n'}
[7.731910] (unitree_go) StdoutLine: {'line': b'[ 21%] \x1b[32mBuilding CXX object CMakeFiles/unitree_go__rosidl_typesupport_cpp.dir/rosidl_typesupport_cpp/unitree_go/msg/motor_state__type_support.cpp.o\x1b[0m\n'}
[7.737526] (unitree_api) StdoutLine: {'line': b'[ 85%] \x1b[32mBuilding C object CMakeFiles/unitree_api__rosidl_generator_py.dir/rosidl_generator_py/unitree_api/msg/_request_header_s.c.o\x1b[0m\n'}
[7.737686] (unitree_api) StdoutLine: {'line': b'[ 86%] \x1b[32mBuilding C object CMakeFiles/unitree_api__rosidl_generator_py.dir/rosidl_generator_py/unitree_api/msg/_request_identity_s.c.o\x1b[0m\n'}
[7.745458] (-) TimerEvent: {}
[7.749078] (unitree_api) StdoutLine: {'line': b'[ 87%] \x1b[32mBuilding C object CMakeFiles/unitree_api__rosidl_generator_py.dir/rosidl_generator_py/unitree_api/msg/_request_lease_s.c.o\x1b[0m\n'}
[7.758522] (unitree_api) StdoutLine: {'line': b'[ 88%] \x1b[32mBuilding C object CMakeFiles/unitree_api__rosidl_generator_py.dir/rosidl_generator_py/unitree_api/msg/_request_policy_s.c.o\x1b[0m\n'}
[7.778115] (unitree_api) StdoutLine: {'line': b'[ 89%] \x1b[32mBuilding C object CMakeFiles/unitree_api__rosidl_generator_py.dir/rosidl_generator_py/unitree_api/msg/_response_header_s.c.o\x1b[0m\n'}
[7.795460] (unitree_api) StdoutLine: {'line': b'[ 90%] \x1b[32mBuilding C object CMakeFiles/unitree_api__rosidl_generator_py.dir/rosidl_generator_py/unitree_api/msg/_response_status_s.c.o\x1b[0m\n'}
[7.795632] (unitree_api) StdoutLine: {'line': b'[ 92%] \x1b[32mBuilding C object CMakeFiles/unitree_api__rosidl_generator_py.dir/rosidl_generator_py/unitree_api/msg/_response_s.c.o\x1b[0m\n'}
[7.845360] (unitree_go) StdoutLine: {'line': b'[ 22%] \x1b[32mBuilding CXX object CMakeFiles/unitree_go__rosidl_typesupport_cpp.dir/rosidl_typesupport_cpp/unitree_go/msg/motor_states__type_support.cpp.o\x1b[0m\n'}
[7.845529] (-) TimerEvent: {}
[7.854085] (unitree_go) StdoutLine: {'line': b'[ 22%] \x1b[32mBuilding CXX object CMakeFiles/unitree_go__rosidl_typesupport_cpp.dir/rosidl_typesupport_cpp/unitree_go/msg/path_point__type_support.cpp.o\x1b[0m\n'}
[7.860269] (unitree_go) StdoutLine: {'line': b'[ 23%] \x1b[32mBuilding CXX object CMakeFiles/unitree_go__rosidl_typesupport_cpp.dir/rosidl_typesupport_cpp/unitree_go/msg/req__type_support.cpp.o\x1b[0m\n'}
[7.861587] (unitree_go) StdoutLine: {'line': b'[ 23%] \x1b[32mBuilding CXX object CMakeFiles/unitree_go__rosidl_typesupport_cpp.dir/rosidl_typesupport_cpp/unitree_go/msg/res__type_support.cpp.o\x1b[0m\n'}
[7.945641] (-) TimerEvent: {}
[8.007518] (unitree_go) StdoutLine: {'line': b'[ 24%] \x1b[32mBuilding CXX object CMakeFiles/unitree_go__rosidl_typesupport_cpp.dir/rosidl_typesupport_cpp/unitree_go/msg/sport_mode_cmd__type_support.cpp.o\x1b[0m\n'}
[8.035152] (unitree_go) StdoutLine: {'line': b'[ 24%] \x1b[32mBuilding CXX object CMakeFiles/unitree_go__rosidl_typesupport_cpp.dir/rosidl_typesupport_cpp/unitree_go/msg/sport_mode_state__type_support.cpp.o\x1b[0m\n'}
[8.039565] (unitree_go) StdoutLine: {'line': b'[ 25%] \x1b[32mBuilding CXX object CMakeFiles/unitree_go__rosidl_typesupport_cpp.dir/rosidl_typesupport_cpp/unitree_go/msg/time_spec__type_support.cpp.o\x1b[0m\n'}
[8.045746] (-) TimerEvent: {}
[8.087134] (unitree_sdk2) StdoutLine: {'line': b'[ 60%] \x1b[32m\x1b[1mLinking CXX executable ../../bin/go2_stand_example\x1b[0m\n'}
[8.089681] (unitree_sdk2) StdoutLine: {'line': b'[ 60%] Built target h1_27dof_example\n'}
[8.129417] (unitree_sdk2) StdoutLine: {'line': b'[ 62%] \x1b[32mBuilding CXX object example/g1/CMakeFiles/g1_termination.dir/low_level/terminations.cpp.o\x1b[0m\n'}
[8.145847] (-) TimerEvent: {}
[8.177252] (unitree_go) StdoutLine: {'line': b'[ 25%] \x1b[32mBuilding CXX object CMakeFiles/unitree_go__rosidl_typesupport_cpp.dir/rosidl_typesupport_cpp/unitree_go/msg/uwb_state__type_support.cpp.o\x1b[0m\n'}
[8.193471] (unitree_go) StdoutLine: {'line': b'[ 26%] \x1b[32mBuilding CXX object CMakeFiles/unitree_go__rosidl_typesupport_cpp.dir/rosidl_typesupport_cpp/unitree_go/msg/uwb_switch__type_support.cpp.o\x1b[0m\n'}
[8.202505] (unitree_go) StdoutLine: {'line': b'[ 26%] \x1b[32mBuilding CXX object CMakeFiles/unitree_go__rosidl_typesupport_c.dir/rosidl_typesupport_c/unitree_go/msg/audio_data__type_support.cpp.o\x1b[0m\n'}
[8.218607] (unitree_api) StdoutLine: {'line': b'[ 93%] \x1b[32m\x1b[1mLinking C shared library rosidl_generator_py/unitree_api/libunitree_api__rosidl_generator_py.so\x1b[0m\n'}
[8.226557] (unitree_go) StdoutLine: {'line': b'[ 27%] \x1b[32mBuilding CXX object CMakeFiles/unitree_go__rosidl_typesupport_c.dir/rosidl_typesupport_c/unitree_go/msg/bms_cmd__type_support.cpp.o\x1b[0m\n'}
[8.246001] (-) TimerEvent: {}
[8.257691] (unitree_go) StdoutLine: {'line': b'[ 27%] \x1b[32mBuilding CXX object CMakeFiles/unitree_go__rosidl_typesupport_cpp.dir/rosidl_typesupport_cpp/unitree_go/msg/wireless_controller__type_support.cpp.o\x1b[0m\n'}
[8.264682] (unitree_go) StdoutLine: {'line': b'[ 27%] \x1b[32mBuilding CXX object CMakeFiles/unitree_go__rosidl_typesupport_c.dir/rosidl_typesupport_c/unitree_go/msg/bms_state__type_support.cpp.o\x1b[0m\n'}
[8.273843] (unitree_go) StdoutLine: {'line': b'[ 28%] \x1b[32mBuilding CXX object CMakeFiles/unitree_go__rosidl_typesupport_c.dir/rosidl_typesupport_c/unitree_go/msg/error__type_support.cpp.o\x1b[0m\n'}
[8.286230] (unitree_go) StdoutLine: {'line': b'[ 28%] \x1b[32mBuilding CXX object CMakeFiles/unitree_go__rosidl_typesupport_c.dir/rosidl_typesupport_c/unitree_go/msg/go2_front_video_data__type_support.cpp.o\x1b[0m\n'}
[8.301505] (unitree_go) StdoutLine: {'line': b'[ 28%] \x1b[32mBuilding CXX object CMakeFiles/unitree_go__rosidl_typesupport_introspection_cpp.dir/rosidl_typesupport_introspection_cpp/unitree_go/msg/detail/audio_data__type_support.cpp.o\x1b[0m\n'}
[8.304592] (unitree_api) StdoutLine: {'line': b'[ 93%] Built target unitree_api__rosidl_generator_py\n'}
[8.320959] (unitree_go) StdoutLine: {'line': b'[ 28%] \x1b[32mBuilding C object CMakeFiles/unitree_go__rosidl_typesupport_introspection_c.dir/rosidl_typesupport_introspection_c/unitree_go/msg/detail/audio_data__type_support.c.o\x1b[0m\n'}
[8.329561] (unitree_go) StdoutLine: {'line': b'[ 29%] \x1b[32mBuilding C object CMakeFiles/unitree_go__rosidl_typesupport_introspection_c.dir/rosidl_typesupport_introspection_c/unitree_go/msg/detail/bms_cmd__type_support.c.o\x1b[0m\n'}
[8.346262] (unitree_go) StdoutLine: {'line': b'[ 30%] \x1b[32mBuilding CXX object CMakeFiles/unitree_go__rosidl_typesupport_c.dir/rosidl_typesupport_c/unitree_go/msg/height_map__type_support.cpp.o\x1b[0m\n'}
[8.346574] (-) TimerEvent: {}
[8.351503] (unitree_go) StdoutLine: {'line': b'[ 30%] \x1b[32mBuilding C object CMakeFiles/unitree_go__rosidl_typesupport_introspection_c.dir/rosidl_typesupport_introspection_c/unitree_go/msg/detail/bms_state__type_support.c.o\x1b[0m\n'}
[8.351930] (unitree_api) StdoutLine: {'line': b'[ 94%] \x1b[32mBuilding C object CMakeFiles/unitree_api__rosidl_typesupport_fastrtps_c__pyext.dir/rosidl_generator_py/unitree_api/_unitree_api_s.ep.rosidl_typesupport_fastrtps_c.c.o\x1b[0m\n'}
[8.352271] (unitree_api) StdoutLine: {'line': b'[ 95%] \x1b[32mBuilding C object CMakeFiles/unitree_api__rosidl_typesupport_introspection_c__pyext.dir/rosidl_generator_py/unitree_api/_unitree_api_s.ep.rosidl_typesupport_introspection_c.c.o\x1b[0m\n'}
[8.352382] (unitree_api) StdoutLine: {'line': b'[ 96%] \x1b[32mBuilding C object CMakeFiles/unitree_api__rosidl_typesupport_c__pyext.dir/rosidl_generator_py/unitree_api/_unitree_api_s.ep.rosidl_typesupport_c.c.o\x1b[0m\n'}
[8.353980] (unitree_go) StdoutLine: {'line': b'[ 31%] \x1b[32mBuilding CXX object CMakeFiles/unitree_go__rosidl_typesupport_introspection_cpp.dir/rosidl_typesupport_introspection_cpp/unitree_go/msg/detail/bms_cmd__type_support.cpp.o\x1b[0m\n'}
[8.354267] (unitree_go) StdoutLine: {'line': b'[ 31%] \x1b[32mBuilding CXX object CMakeFiles/unitree_go__rosidl_typesupport_c.dir/rosidl_typesupport_c/unitree_go/msg/imu_state__type_support.cpp.o\x1b[0m\n'}
[8.363460] (unitree_hg) StdoutLine: {'line': b'[ 82%] \x1b[32m\x1b[1mLinking CXX shared library libunitree_hg__rosidl_typesupport_fastrtps_c.so\x1b[0m\n'}
[8.365590] (unitree_go) StdoutLine: {'line': b'[ 32%] \x1b[32mBuilding C object CMakeFiles/unitree_go__rosidl_typesupport_introspection_c.dir/rosidl_typesupport_introspection_c/unitree_go/msg/detail/error__type_support.c.o\x1b[0m\n'}
[8.446745] (-) TimerEvent: {}
[8.486650] (unitree_go) StdoutLine: {'line': b'[ 33%] \x1b[32mBuilding CXX object CMakeFiles/unitree_go__rosidl_typesupport_c.dir/rosidl_typesupport_c/unitree_go/msg/interface_config__type_support.cpp.o\x1b[0m\n'}
[8.491581] (unitree_go) StdoutLine: {'line': b'[ 34%] \x1b[32mBuilding C object CMakeFiles/unitree_go__rosidl_typesupport_introspection_c.dir/rosidl_typesupport_introspection_c/unitree_go/msg/detail/height_map__type_support.c.o\x1b[0m\n'}
[8.499478] (unitree_go) StdoutLine: {'line': b'[ 34%] \x1b[32mBuilding C object CMakeFiles/unitree_go__rosidl_typesupport_introspection_c.dir/rosidl_typesupport_introspection_c/unitree_go/msg/detail/imu_state__type_support.c.o\x1b[0m\n'}
[8.499674] (unitree_go) StdoutLine: {'line': b'[ 34%] \x1b[32mBuilding C object CMakeFiles/unitree_go__rosidl_typesupport_introspection_c.dir/rosidl_typesupport_introspection_c/unitree_go/msg/detail/go2_front_video_data__type_support.c.o\x1b[0m\n'}
[8.500133] (unitree_go) StdoutLine: {'line': b'[ 35%] \x1b[32mBuilding C object CMakeFiles/unitree_go__rosidl_typesupport_introspection_c.dir/rosidl_typesupport_introspection_c/unitree_go/msg/detail/interface_config__type_support.c.o\x1b[0m\n'}
[8.502515] (unitree_go) StdoutLine: {'line': b'[ 35%] \x1b[32mBuilding CXX object CMakeFiles/unitree_go__rosidl_typesupport_introspection_cpp.dir/rosidl_typesupport_introspection_cpp/unitree_go/msg/detail/bms_state__type_support.cpp.o\x1b[0m\n'}
[8.504577] (unitree_hg) StdoutLine: {'line': b'[ 82%] Built target unitree_hg__rosidl_typesupport_fastrtps_c\n'}
[8.541475] (unitree_go) StdoutLine: {'line': b'[ 35%] \x1b[32mBuilding C object CMakeFiles/unitree_go__rosidl_typesupport_introspection_c.dir/rosidl_typesupport_introspection_c/unitree_go/msg/detail/lidar_state__type_support.c.o\x1b[0m\n'}
[8.541631] (unitree_api) StdoutLine: {'line': b'[ 97%] \x1b[32m\x1b[1mLinking C shared library rosidl_generator_py/unitree_api/unitree_api_s__rosidl_typesupport_fastrtps_c.cpython-310-x86_64-linux-gnu.so\x1b[0m\n'}
[8.541672] (unitree_api) StdoutLine: {'line': b'[ 98%] \x1b[32m\x1b[1mLinking C shared library rosidl_generator_py/unitree_api/unitree_api_s__rosidl_typesupport_c.cpython-310-x86_64-linux-gnu.so\x1b[0m\n'}
[8.546833] (-) TimerEvent: {}
[8.547627] (unitree_go) StdoutLine: {'line': b'[ 36%] \x1b[32mBuilding CXX object CMakeFiles/unitree_go__rosidl_typesupport_c.dir/rosidl_typesupport_c/unitree_go/msg/low_cmd__type_support.cpp.o\x1b[0m\n'}
[8.547904] (unitree_go) StdoutLine: {'line': b'[ 36%] \x1b[32mBuilding CXX object CMakeFiles/unitree_go__rosidl_typesupport_c.dir/rosidl_typesupport_c/unitree_go/msg/low_state__type_support.cpp.o\x1b[0m\n'}
[8.550559] (unitree_hg) StdoutLine: {'line': b'[ 82%] Built target unitree_hg\n'}
[8.550964] (unitree_api) StdoutLine: {'line': b'[100%] \x1b[32m\x1b[1mLinking C shared library rosidl_generator_py/unitree_api/unitree_api_s__rosidl_typesupport_introspection_c.cpython-310-x86_64-linux-gnu.so\x1b[0m\n'}
[8.554903] (unitree_go) StdoutLine: {'line': b'[ 37%] \x1b[32mBuilding C object CMakeFiles/unitree_go__rosidl_typesupport_introspection_c.dir/rosidl_typesupport_introspection_c/unitree_go/msg/detail/low_state__type_support.c.o\x1b[0m\n'}
[8.557052] (unitree_go) StdoutLine: {'line': b'[ 37%] \x1b[32mBuilding C object CMakeFiles/unitree_go__rosidl_typesupport_introspection_c.dir/rosidl_typesupport_introspection_c/unitree_go/msg/detail/low_cmd__type_support.c.o\x1b[0m\n'}
[8.557906] (unitree_go) StdoutLine: {'line': b'[ 38%] \x1b[32mBuilding CXX object CMakeFiles/unitree_go__rosidl_typesupport_introspection_cpp.dir/rosidl_typesupport_introspection_cpp/unitree_go/msg/detail/error__type_support.cpp.o\x1b[0m\n'}
[8.558017] (unitree_go) StdoutLine: {'line': b'[ 36%] \x1b[32mBuilding CXX object CMakeFiles/unitree_go__rosidl_typesupport_c.dir/rosidl_typesupport_c/unitree_go/msg/lidar_state__type_support.cpp.o\x1b[0m\n'}
[8.560773] (unitree_go) StdoutLine: {'line': b'[ 38%] \x1b[32mBuilding CXX object CMakeFiles/unitree_go__rosidl_typesupport_introspection_cpp.dir/rosidl_typesupport_introspection_cpp/unitree_go/msg/detail/go2_front_video_data__type_support.cpp.o\x1b[0m\n'}
[8.574537] (unitree_go) StdoutLine: {'line': b'[ 38%] \x1b[32mBuilding CXX object CMakeFiles/unitree_go__rosidl_typesupport_fastrtps_cpp.dir/rosidl_typesupport_fastrtps_cpp/unitree_go/msg/detail/dds_fastrtps/audio_data__type_support.cpp.o\x1b[0m\n'}
[8.599865] (unitree_go) StdoutLine: {'line': b'[ 39%] \x1b[32mBuilding CXX object CMakeFiles/unitree_go__rosidl_typesupport_c.dir/rosidl_typesupport_c/unitree_go/msg/motor_cmd__type_support.cpp.o\x1b[0m\n'}
[8.601246] (unitree_go) StdoutLine: {'line': b'[ 40%] \x1b[32mBuilding C object CMakeFiles/unitree_go__rosidl_typesupport_introspection_c.dir/rosidl_typesupport_introspection_c/unitree_go/msg/detail/motor_cmd__type_support.c.o\x1b[0m\n'}
[8.601444] (unitree_go) StdoutLine: {'line': b'[ 40%] \x1b[32mBuilding CXX object CMakeFiles/unitree_go__rosidl_typesupport_c.dir/rosidl_typesupport_c/unitree_go/msg/motor_cmds__type_support.cpp.o\x1b[0m\n'}
[8.602124] (unitree_go) StdoutLine: {'line': b'[ 40%] \x1b[32mBuilding C object CMakeFiles/unitree_go__rosidl_typesupport_introspection_c.dir/rosidl_typesupport_introspection_c/unitree_go/msg/detail/motor_cmds__type_support.c.o\x1b[0m\n'}
[8.611497] (unitree_go) StdoutLine: {'line': b'[ 41%] \x1b[32mBuilding CXX object CMakeFiles/unitree_go__rosidl_typesupport_c.dir/rosidl_typesupport_c/unitree_go/msg/motor_states__type_support.cpp.o\x1b[0m\n'}
[8.611667] (unitree_go) StdoutLine: {'line': b'[ 41%] \x1b[32mBuilding CXX object CMakeFiles/unitree_go__rosidl_typesupport_c.dir/rosidl_typesupport_c/unitree_go/msg/motor_state__type_support.cpp.o\x1b[0m\n'}
[8.611703] (unitree_api) StdoutLine: {'line': b'[100%] Built target unitree_api__rosidl_typesupport_fastrtps_c__pyext\n'}
[8.616645] (unitree_go) StdoutLine: {'line': b'[ 41%] \x1b[32mBuilding C object CMakeFiles/unitree_go__rosidl_typesupport_introspection_c.dir/rosidl_typesupport_introspection_c/unitree_go/msg/detail/motor_state__type_support.c.o\x1b[0m\n'}
[8.616885] (unitree_hg) StdoutLine: {'line': b'[ 83%] \x1b[34m\x1b[1mGenerating Python code for ROS interfaces\x1b[0m\n'}
[8.622528] (unitree_api) StdoutLine: {'line': b'[100%] Built target unitree_api__rosidl_typesupport_c__pyext\n'}
[8.644697] (unitree_go) StdoutLine: {'line': b'[ 42%] \x1b[32mBuilding CXX object CMakeFiles/unitree_go__rosidl_typesupport_fastrtps_cpp.dir/rosidl_typesupport_fastrtps_cpp/unitree_go/msg/detail/dds_fastrtps/bms_cmd__type_support.cpp.o\x1b[0m\n'}
[8.649448] (-) TimerEvent: {}
[8.649687] (unitree_go) StdoutLine: {'line': b'[ 42%] \x1b[32mBuilding CXX object CMakeFiles/unitree_go__rosidl_typesupport_c.dir/rosidl_typesupport_c/unitree_go/msg/path_point__type_support.cpp.o\x1b[0m\n'}
[8.649799] (unitree_go) StdoutLine: {'line': b'[ 43%] \x1b[32mBuilding C object CMakeFiles/unitree_go__rosidl_typesupport_introspection_c.dir/rosidl_typesupport_introspection_c/unitree_go/msg/detail/motor_states__type_support.c.o\x1b[0m\n'}
[8.652667] (unitree_go) StdoutLine: {'line': b'[ 43%] \x1b[32mBuilding C object CMakeFiles/unitree_go__rosidl_typesupport_introspection_c.dir/rosidl_typesupport_introspection_c/unitree_go/msg/detail/path_point__type_support.c.o\x1b[0m\n'}
[8.654701] (unitree_go) StdoutLine: {'line': b'[ 44%] \x1b[32mBuilding CXX object CMakeFiles/unitree_go__rosidl_typesupport_c.dir/rosidl_typesupport_c/unitree_go/msg/req__type_support.cpp.o\x1b[0m\n'}
[8.665847] (unitree_go) StdoutLine: {'line': b'[ 44%] \x1b[32mBuilding CXX object CMakeFiles/unitree_go__rosidl_typesupport_fastrtps_cpp.dir/rosidl_typesupport_fastrtps_cpp/unitree_go/msg/detail/dds_fastrtps/bms_state__type_support.cpp.o\x1b[0m\n'}
[8.669539] (unitree_api) StdoutLine: {'line': b'[100%] Built target unitree_api__rosidl_typesupport_introspection_c__pyext\n'}
[8.726830] (unitree_api) CommandEnded: {'returncode': 0}
[8.727318] (unitree_api) JobProgress: {'identifier': 'unitree_api', 'progress': 'install'}
[8.735515] (unitree_go) StdoutLine: {'line': b'[ 45%] \x1b[32mBuilding C object CMakeFiles/unitree_go__rosidl_typesupport_introspection_c.dir/rosidl_typesupport_introspection_c/unitree_go/msg/detail/req__type_support.c.o\x1b[0m\n'}
[8.735681] (unitree_go) StdoutLine: {'line': b'[ 46%] \x1b[32mBuilding CXX object CMakeFiles/unitree_go__rosidl_typesupport_introspection_cpp.dir/rosidl_typesupport_introspection_cpp/unitree_go/msg/detail/height_map__type_support.cpp.o\x1b[0m\n'}
[8.735723] (unitree_go) StdoutLine: {'line': b'[ 46%] \x1b[32mBuilding CXX object CMakeFiles/unitree_go__rosidl_typesupport_c.dir/rosidl_typesupport_c/unitree_go/msg/res__type_support.cpp.o\x1b[0m\n'}
[8.736755] (unitree_go) StdoutLine: {'line': b'[ 47%] \x1b[32m\x1b[1mLinking CXX shared library libunitree_go__rosidl_typesupport_cpp.so\x1b[0m\n'}
[8.738950] (unitree_go) StdoutLine: {'line': b'[ 48%] \x1b[32mBuilding CXX object CMakeFiles/unitree_go__rosidl_typesupport_introspection_cpp.dir/rosidl_typesupport_introspection_cpp/unitree_go/msg/detail/interface_config__type_support.cpp.o\x1b[0m\n'}
[8.739889] (unitree_api) Command: {'cmd': ['/usr/bin/cmake', '--install', '/home/jason/projects/unitree_sdk2_ws/build/unitree_api'], 'cwd': '/home/jason/projects/unitree_sdk2_ws/build/unitree_api', 'env': OrderedDict([('LESSOPEN', '| /usr/bin/lesspipe %s'), ('USER', 'jason'), ('XDG_SESSION_TYPE', 'wayland'), ('SHLVL', '1'), ('LD_LIBRARY_PATH', '/home/jason/projects/unitree_sdk2_ws/install/unitree_sdk2/lib:/home/jason/projects/unitree_sdk2_ws/install/unitree_hg/lib:/home/jason/projects/unitree_sdk2_ws/install/unitree_go/lib:/home/jason/projects/unitree_sdk2_ws/install/unitree_api/lib:/opt/ros/humble/opt/rviz_ogre_vendor/lib:/opt/ros/humble/lib/x86_64-linux-gnu:/opt/ros/humble/lib'), ('HOME', '/home/jason'), ('OLDPWD', '/home/jason/projects/unitree_sdk2_ws'), ('DESKTOP_SESSION', 'ubuntu'), ('ROS_PYTHON_VERSION', '3'), ('GNOME_SHELL_SESSION_MODE', 'ubuntu'), ('GTK_MODULES', 'gail:atk-bridge'), ('SYSTEMD_EXEC_PID', '1804'), ('DBUS_SESSION_BUS_ADDRESS', 'unix:path=/run/user/1000/bus'), ('COLORTERM', 'truecolor'), ('IM_CONFIG_PHASE', '1'), ('WAYLAND_DISPLAY', 'wayland-0'), ('COLCON_PREFIX_PATH', '/home/jason/projects/unitree_sdk2_ws/install'), ('ROS_DISTRO', 'humble'), ('LOGNAME', 'jason'), ('_', '/usr/bin/colcon'), ('ROS_VERSION', '2'), ('XDG_SESSION_CLASS', 'user'), ('USERNAME', 'jason'), ('TERM', 'xterm-256color'), ('GNOME_DESKTOP_SESSION_ID', 'this-is-deprecated'), ('ROS_LOCALHOST_ONLY', '0'), ('PATH', '/home/jason/.local/bin:/opt/ros/humble/bin:/usr/local/sbin:/usr/local/bin:/usr/sbin:/usr/bin:/sbin:/bin:/usr/games:/usr/local/games:/snap/bin:/snap/bin'), ('SESSION_MANAGER', 'local/jasonabichebli:@/tmp/.ICE-unix/1771,unix/jasonabichebli:/tmp/.ICE-unix/1771'), ('XDG_MENU_PREFIX', 'gnome-'), ('GNOME_TERMINAL_SCREEN', '/org/gnome/Terminal/screen/0b597454_0566_460c_8a5d_2466510f845d'), ('GNOME_SETUP_DISPLAY', ':1'), ('XDG_RUNTIME_DIR', '/run/user/1000'), ('DISPLAY', ':0'), ('LANG', 'en_US.UTF-8'), ('XDG_CURRENT_DESKTOP', 'ubuntu:GNOME'), ('XMODIFIERS', '@im=ibus'), ('XDG_SESSION_DESKTOP', 'ubuntu'), ('XAUTHORITY', '/run/user/1000/.mutter-Xwaylandauth.GN6TD3'), ('LS_COLORS', 'rs=0:di=01;34:ln=01;36:mh=00:pi=40;33:so=01;35:do=01;35:bd=40;33;01:cd=40;33;01:or=40;31;01:mi=00:su=37;41:sg=30;43:ca=30;41:tw=30;42:ow=34;42:st=37;44:ex=01;32:*.tar=01;31:*.tgz=01;31:*.arc=01;31:*.arj=01;31:*.taz=01;31:*.lha=01;31:*.lz4=01;31:*.lzh=01;31:*.lzma=01;31:*.tlz=01;31:*.txz=01;31:*.tzo=01;31:*.t7z=01;31:*.zip=01;31:*.z=01;31:*.dz=01;31:*.gz=01;31:*.lrz=01;31:*.lz=01;31:*.lzo=01;31:*.xz=01;31:*.zst=01;31:*.tzst=01;31:*.bz2=01;31:*.bz=01;31:*.tbz=01;31:*.tbz2=01;31:*.tz=01;31:*.deb=01;31:*.rpm=01;31:*.jar=01;31:*.war=01;31:*.ear=01;31:*.sar=01;31:*.rar=01;31:*.alz=01;31:*.ace=01;31:*.zoo=01;31:*.cpio=01;31:*.7z=01;31:*.rz=01;31:*.cab=01;31:*.wim=01;31:*.swm=01;31:*.dwm=01;31:*.esd=01;31:*.jpg=01;35:*.jpeg=01;35:*.mjpg=01;35:*.mjpeg=01;35:*.gif=01;35:*.bmp=01;35:*.pbm=01;35:*.pgm=01;35:*.ppm=01;35:*.tga=01;35:*.xbm=01;35:*.xpm=01;35:*.tif=01;35:*.tiff=01;35:*.png=01;35:*.svg=01;35:*.svgz=01;35:*.mng=01;35:*.pcx=01;35:*.mov=01;35:*.mpg=01;35:*.mpeg=01;35:*.m2v=01;35:*.mkv=01;35:*.webm=01;35:*.webp=01;35:*.ogm=01;35:*.mp4=01;35:*.m4v=01;35:*.mp4v=01;35:*.vob=01;35:*.qt=01;35:*.nuv=01;35:*.wmv=01;35:*.asf=01;35:*.rm=01;35:*.rmvb=01;35:*.flc=01;35:*.avi=01;35:*.fli=01;35:*.flv=01;35:*.gl=01;35:*.dl=01;35:*.xcf=01;35:*.xwd=01;35:*.yuv=01;35:*.cgm=01;35:*.emf=01;35:*.ogv=01;35:*.ogx=01;35:*.aac=00;36:*.au=00;36:*.flac=00;36:*.m4a=00;36:*.mid=00;36:*.midi=00;36:*.mka=00;36:*.mp3=00;36:*.mpc=00;36:*.ogg=00;36:*.ra=00;36:*.wav=00;36:*.oga=00;36:*.opus=00;36:*.spx=00;36:*.xspf=00;36:'), ('GNOME_TERMINAL_SERVICE', ':1.198'), ('SSH_AGENT_LAUNCHER', 'gnome-keyring'), ('SSH_AUTH_SOCK', '/run/user/1000/keyring/ssh'), ('AMENT_PREFIX_PATH', '/opt/ros/humble'), ('SHELL', '/bin/bash'), ('QT_ACCESSIBILITY', '1'), ('GDMSESSION', 'ubuntu'), ('LESSCLOSE', '/usr/bin/lesspipe %s %s'), ('QT_IM_MODULE', 'ibus'), ('PWD', '/home/jason/projects/unitree_sdk2_ws/build/unitree_api'), ('XDG_CONFIG_DIRS', '/etc/xdg/xdg-ubuntu:/etc/xdg'), ('XDG_DATA_DIRS', '/usr/share/ubuntu:/usr/local/share/:/usr/share/:/var/lib/snapd/desktop'), ('PYTHONPATH', '/opt/ros/humble/lib/python3.10/site-packages:/opt/ros/humble/local/lib/python3.10/dist-packages'), ('COLCON', '1'), ('VTE_VERSION', '6800'), ('CMAKE_PREFIX_PATH', '/home/jason/projects/unitree_sdk2_ws/install/unitree_sdk2:/home/jason/projects/unitree_sdk2_ws/install/unitree_ros2_example:/home/jason/projects/unitree_sdk2_ws/install/unitree_hg:/home/jason/projects/unitree_sdk2_ws/install/unitree_go:/home/jason/projects/unitree_sdk2_ws/install/unitree_api:/opt/ros/humble')]), 'shell': False}
[8.745541] (unitree_go) StdoutLine: {'line': b'[ 48%] \x1b[32mBuilding CXX object CMakeFiles/unitree_go__rosidl_typesupport_introspection_cpp.dir/rosidl_typesupport_introspection_cpp/unitree_go/msg/detail/imu_state__type_support.cpp.o\x1b[0m\n'}
[8.749595] (-) TimerEvent: {}
[8.749819] (unitree_go) StdoutLine: {'line': b'[ 48%] \x1b[32mBuilding C object CMakeFiles/unitree_go__rosidl_typesupport_introspection_c.dir/rosidl_typesupport_introspection_c/unitree_go/msg/detail/res__type_support.c.o\x1b[0m\n'}
[8.757200] (unitree_api) StdoutLine: {'line': b'-- Install configuration: ""\n'}
[8.757409] (unitree_api) StdoutLine: {'line': b'-- Execute custom install script\n'}
[8.757804] (unitree_api) StdoutLine: {'line': b'-- Symlinking: /home/jason/projects/unitree_sdk2_ws/install/unitree_api/share/ament_index/resource_index/rosidl_interfaces/unitree_api\n'}
[8.776131] (unitree_api) StdoutLine: {'line': b'-- Symlinking: /home/jason/projects/unitree_sdk2_ws/install/unitree_api/include/unitree_api/unitree_api/msg/detail/request__functions.h\n'}
[8.794652] (unitree_go) StdoutLine: {'line': b'[ 49%] \x1b[32mBuilding C object CMakeFiles/unitree_go__rosidl_typesupport_introspection_c.dir/rosidl_typesupport_introspection_c/unitree_go/msg/detail/sport_mode_cmd__type_support.c.o\x1b[0m\n'}
[8.801623] (unitree_api) StdoutLine: {'line': b'-- Symlinking: /home/jason/projects/unitree_sdk2_ws/install/unitree_api/include/unitree_api/unitree_api/msg/detail/request__struct.h\n'}
[8.804916] (unitree_go) StdoutLine: {'line': b'[ 50%] \x1b[32mBuilding CXX object CMakeFiles/unitree_go__rosidl_typesupport_c.dir/rosidl_typesupport_c/unitree_go/msg/sport_mode_cmd__type_support.cpp.o\x1b[0m\n'}
[8.813709] (unitree_go) StdoutLine: {'line': b'[ 50%] \x1b[32mBuilding C object CMakeFiles/unitree_go__rosidl_typesupport_introspection_c.dir/rosidl_typesupport_introspection_c/unitree_go/msg/detail/sport_mode_state__type_support.c.o\x1b[0m\n'}
[8.815202] (unitree_api) StdoutLine: {'line': b'-- Symlinking: /home/jason/projects/unitree_sdk2_ws/install/unitree_api/include/unitree_api/unitree_api/msg/detail/request__type_support.h\n'}
[8.834312] (unitree_api) StdoutLine: {'line': b'-- Symlinking: /home/jason/projects/unitree_sdk2_ws/install/unitree_api/include/unitree_api/unitree_api/msg/detail/request_header__functions.h\n'}
[8.834669] (unitree_go) StdoutLine: {'line': b'[ 50%] Built target unitree_go__rosidl_typesupport_cpp\n'}
[8.849307] (unitree_api) StdoutLine: {'line': b'-- Symlinking: /home/jason/projects/unitree_sdk2_ws/install/unitree_api/include/unitree_api/unitree_api/msg/detail/request_header__struct.h\n'}
[8.849659] (-) TimerEvent: {}
[8.851519] (unitree_go) StdoutLine: {'line': b'[ 51%] \x1b[32mBuilding CXX object CMakeFiles/unitree_go__rosidl_typesupport_fastrtps_cpp.dir/rosidl_typesupport_fastrtps_cpp/unitree_go/msg/detail/dds_fastrtps/error__type_support.cpp.o\x1b[0m\n'}
[8.852399] (unitree_go) StdoutLine: {'line': b'[ 51%] \x1b[32mBuilding CXX object CMakeFiles/unitree_go__rosidl_typesupport_c.dir/rosidl_typesupport_c/unitree_go/msg/sport_mode_state__type_support.cpp.o\x1b[0m\n'}
[8.860414] (unitree_api) StdoutLine: {'line': b'-- Symlinking: /home/jason/projects/unitree_sdk2_ws/install/unitree_api/include/unitree_api/unitree_api/msg/detail/request_header__type_support.h\n'}
[8.873188] (unitree_api) StdoutLine: {'line': b'-- Symlinking: /home/jason/projects/unitree_sdk2_ws/install/unitree_api/include/unitree_api/unitree_api/msg/detail/request_identity__functions.h\n'}
[8.884166] (unitree_api) StdoutLine: {'line': b'-- Symlinking: /home/jason/projects/unitree_sdk2_ws/install/unitree_api/include/unitree_api/unitree_api/msg/detail/request_identity__struct.h\n'}
[8.884476] (unitree_sdk2) StdoutLine: {'line': b'[ 62%] Built target go2_stand_example\n'}
[8.898183] (unitree_api) StdoutLine: {'line': b'-- Symlinking: /home/jason/projects/unitree_sdk2_ws/install/unitree_api/include/unitree_api/unitree_api/msg/detail/request_identity__type_support.h\n'}
[8.904443] (unitree_go) StdoutLine: {'line': b'[ 52%] \x1b[32mBuilding CXX object CMakeFiles/unitree_go__rosidl_typesupport_c.dir/rosidl_typesupport_c/unitree_go/msg/time_spec__type_support.cpp.o\x1b[0m\n'}
[8.909230] (unitree_api) StdoutLine: {'line': b'-- Symlinking: /home/jason/projects/unitree_sdk2_ws/install/unitree_api/include/unitree_api/unitree_api/msg/detail/request_lease__functions.h\n'}
[8.918663] (unitree_go) StdoutLine: {'line': b'[ 52%] \x1b[32mBuilding CXX object CMakeFiles/unitree_go__rosidl_typesupport_introspection_cpp.dir/rosidl_typesupport_introspection_cpp/unitree_go/msg/detail/lidar_state__type_support.cpp.o\x1b[0m\n'}
[8.925218] (unitree_api) StdoutLine: {'line': b'-- Symlinking: /home/jason/projects/unitree_sdk2_ws/install/unitree_api/include/unitree_api/unitree_api/msg/detail/request_lease__struct.h\n'}
[8.925415] (unitree_go) StdoutLine: {'line': b'[ 53%] \x1b[32mBuilding C object CMakeFiles/unitree_go__rosidl_typesupport_introspection_c.dir/rosidl_typesupport_introspection_c/unitree_go/msg/detail/time_spec__type_support.c.o\x1b[0m\n'}
[8.926002] (unitree_sdk2) StdoutLine: {'line': b'[ 63%] \x1b[32mBuilding CXX object example/g1/CMakeFiles/g1_dual_arm_example.dir/low_level/g1_dual_arm_example.cpp.o\x1b[0m\n'}
[8.930298] (unitree_go) StdoutLine: {'line': b'[ 54%] \x1b[32mBuilding CXX object CMakeFiles/unitree_go__rosidl_typesupport_introspection_cpp.dir/rosidl_typesupport_introspection_cpp/unitree_go/msg/detail/low_cmd__type_support.cpp.o\x1b[0m\n'}
[8.940502] (unitree_api) StdoutLine: {'line': b'-- Symlinking: /home/jason/projects/unitree_sdk2_ws/install/unitree_api/include/unitree_api/unitree_api/msg/detail/request_lease__type_support.h\n'}
[8.949790] (-) TimerEvent: {}
[8.967858] (unitree_api) StdoutLine: {'line': b'-- Symlinking: /home/jason/projects/unitree_sdk2_ws/install/unitree_api/include/unitree_api/unitree_api/msg/detail/request_policy__functions.h\n'}
[8.974373] (unitree_go) StdoutLine: {'line': b'[ 54%] \x1b[32mBuilding CXX object CMakeFiles/unitree_go__rosidl_typesupport_fastrtps_c.dir/rosidl_typesupport_fastrtps_c/unitree_go/msg/detail/audio_data__type_support_c.cpp.o\x1b[0m\n'}
[8.981674] (unitree_api) StdoutLine: {'line': b'-- Symlinking: /home/jason/projects/unitree_sdk2_ws/install/unitree_api/include/unitree_api/unitree_api/msg/detail/request_policy__struct.h\n'}
[8.992985] (unitree_api) StdoutLine: {'line': b'-- Symlinking: /home/jason/projects/unitree_sdk2_ws/install/unitree_api/include/unitree_api/unitree_api/msg/detail/request_policy__type_support.h\n'}
[9.008190] (unitree_api) StdoutLine: {'line': b'-- Symlinking: /home/jason/projects/unitree_sdk2_ws/install/unitree_api/include/unitree_api/unitree_api/msg/detail/response__functions.h\n'}
[9.018434] (unitree_api) StdoutLine: {'line': b'-- Symlinking: /home/jason/projects/unitree_sdk2_ws/install/unitree_api/include/unitree_api/unitree_api/msg/detail/response__struct.h\n'}
[9.028516] (unitree_api) StdoutLine: {'line': b'-- Symlinking: /home/jason/projects/unitree_sdk2_ws/install/unitree_api/include/unitree_api/unitree_api/msg/detail/response__type_support.h\n'}
[9.039377] (unitree_go) StdoutLine: {'line': b'[ 54%] \x1b[32mBuilding C object CMakeFiles/unitree_go__rosidl_typesupport_introspection_c.dir/rosidl_typesupport_introspection_c/unitree_go/msg/detail/uwb_state__type_support.c.o\x1b[0m\n'}
[9.047129] (unitree_api) StdoutLine: {'line': b'-- Symlinking: /home/jason/projects/unitree_sdk2_ws/install/unitree_api/include/unitree_api/unitree_api/msg/detail/response_header__functions.h\n'}
[9.049890] (-) TimerEvent: {}
[9.060053] (unitree_api) StdoutLine: {'line': b'-- Symlinking: /home/jason/projects/unitree_sdk2_ws/install/unitree_api/include/unitree_api/unitree_api/msg/detail/response_header__struct.h\n'}
[9.061334] (unitree_go) StdoutLine: {'line': b'[ 54%] \x1b[32mBuilding CXX object CMakeFiles/unitree_go__rosidl_typesupport_c.dir/rosidl_typesupport_c/unitree_go/msg/uwb_state__type_support.cpp.o\x1b[0m\n'}
[9.061475] (unitree_go) StdoutLine: {'line': b'[ 54%] \x1b[32mBuilding CXX object CMakeFiles/unitree_go__rosidl_typesupport_introspection_cpp.dir/rosidl_typesupport_introspection_cpp/unitree_go/msg/detail/low_state__type_support.cpp.o\x1b[0m\n'}
[9.080555] (unitree_api) StdoutLine: {'line': b'-- Symlinking: /home/jason/projects/unitree_sdk2_ws/install/unitree_api/include/unitree_api/unitree_api/msg/detail/response_header__type_support.h\n'}
[9.093657] (unitree_api) StdoutLine: {'line': b'-- Symlinking: /home/jason/projects/unitree_sdk2_ws/install/unitree_api/include/unitree_api/unitree_api/msg/detail/response_status__functions.h\n'}
[9.095030] (unitree_go) StdoutLine: {'line': b'[ 55%] \x1b[32mBuilding C object CMakeFiles/unitree_go__rosidl_typesupport_introspection_c.dir/rosidl_typesupport_introspection_c/unitree_go/msg/detail/uwb_switch__type_support.c.o\x1b[0m\n'}
[9.111651] (unitree_api) StdoutLine: {'line': b'-- Symlinking: /home/jason/projects/unitree_sdk2_ws/install/unitree_api/include/unitree_api/unitree_api/msg/detail/response_status__struct.h\n'}
[9.111859] (unitree_go) StdoutLine: {'line': b'[ 56%] \x1b[32mBuilding CXX object CMakeFiles/unitree_go__rosidl_typesupport_c.dir/rosidl_typesupport_c/unitree_go/msg/uwb_switch__type_support.cpp.o\x1b[0m\n'}
[9.125148] (unitree_go) StdoutLine: {'line': b'[ 56%] \x1b[32mBuilding CXX object CMakeFiles/unitree_go__rosidl_typesupport_introspection_cpp.dir/rosidl_typesupport_introspection_cpp/unitree_go/msg/detail/motor_cmd__type_support.cpp.o\x1b[0m\n'}
[9.125357] (unitree_api) StdoutLine: {'line': b'-- Symlinking: /home/jason/projects/unitree_sdk2_ws/install/unitree_api/include/unitree_api/unitree_api/msg/detail/response_status__type_support.h\n'}
[9.139118] (unitree_api) StdoutLine: {'line': b'-- Symlinking: /home/jason/projects/unitree_sdk2_ws/install/unitree_api/include/unitree_api/unitree_api/msg/request.h\n'}
[9.141546] (unitree_go) StdoutLine: {'line': b'[ 57%] \x1b[32mBuilding CXX object CMakeFiles/unitree_go__rosidl_typesupport_introspection_cpp.dir/rosidl_typesupport_introspection_cpp/unitree_go/msg/detail/motor_cmds__type_support.cpp.o\x1b[0m\n'}
[9.147553] (unitree_go) StdoutLine: {'line': b'[ 57%] \x1b[32mBuilding CXX object CMakeFiles/unitree_go__rosidl_typesupport_fastrtps_cpp.dir/rosidl_typesupport_fastrtps_cpp/unitree_go/msg/detail/dds_fastrtps/go2_front_video_data__type_support.cpp.o\x1b[0m\n'}
[9.150000] (-) TimerEvent: {}
[9.152450] (unitree_api) StdoutLine: {'line': b'-- Symlinking: /home/jason/projects/unitree_sdk2_ws/install/unitree_api/include/unitree_api/unitree_api/msg/request_header.h\n'}
[9.161778] (unitree_go) StdoutLine: {'line': b'[ 57%] \x1b[32mBuilding C object CMakeFiles/unitree_go__rosidl_typesupport_introspection_c.dir/rosidl_typesupport_introspection_c/unitree_go/msg/detail/wireless_controller__type_support.c.o\x1b[0m\n'}
[9.163027] (unitree_api) StdoutLine: {'line': b'-- Symlinking: /home/jason/projects/unitree_sdk2_ws/install/unitree_api/include/unitree_api/unitree_api/msg/request_identity.h\n'}
[9.168515] (unitree_go) StdoutLine: {'line': b'[ 57%] \x1b[32mBuilding CXX object CMakeFiles/unitree_go__rosidl_typesupport_c.dir/rosidl_typesupport_c/unitree_go/msg/wireless_controller__type_support.cpp.o\x1b[0m\n'}
[9.182806] (unitree_api) StdoutLine: {'line': b'-- Symlinking: /home/jason/projects/unitree_sdk2_ws/install/unitree_api/include/unitree_api/unitree_api/msg/request_lease.h\n'}
[9.197332] (unitree_api) StdoutLine: {'line': b'-- Symlinking: /home/jason/projects/unitree_sdk2_ws/install/unitree_api/include/unitree_api/unitree_api/msg/request_policy.h\n'}
[9.206503] (unitree_go) StdoutLine: {'line': b'[ 57%] \x1b[32mBuilding CXX object CMakeFiles/unitree_go__rosidl_typesupport_introspection_cpp.dir/rosidl_typesupport_introspection_cpp/unitree_go/msg/detail/motor_state__type_support.cpp.o\x1b[0m\n'}
[9.209526] (unitree_go) StdoutLine: {'line': b'[ 58%] \x1b[32mBuilding CXX object CMakeFiles/unitree_go__rosidl_typesupport_fastrtps_cpp.dir/rosidl_typesupport_fastrtps_cpp/unitree_go/msg/detail/dds_fastrtps/height_map__type_support.cpp.o\x1b[0m\n'}
[9.210360] (unitree_api) StdoutLine: {'line': b'-- Symlinking: /home/jason/projects/unitree_sdk2_ws/install/unitree_api/include/unitree_api/unitree_api/msg/response.h\n'}
[9.214508] (unitree_go) StdoutLine: {'line': b'[ 58%] \x1b[32mBuilding CXX object CMakeFiles/unitree_go__rosidl_typesupport_fastrtps_cpp.dir/rosidl_typesupport_fastrtps_cpp/unitree_go/msg/detail/dds_fastrtps/imu_state__type_support.cpp.o\x1b[0m\n'}
[9.214668] (unitree_go) StdoutLine: {'line': b'[ 59%] \x1b[32m\x1b[1mLinking C shared library libunitree_go__rosidl_typesupport_introspection_c.so\x1b[0m\n'}
[9.217040] (unitree_go) StdoutLine: {'line': b'[ 60%] \x1b[32m\x1b[1mLinking CXX shared library libunitree_go__rosidl_typesupport_c.so\x1b[0m\n'}
[9.224543] (unitree_api) StdoutLine: {'line': b'-- Symlinking: /home/jason/projects/unitree_sdk2_ws/install/unitree_api/include/unitree_api/unitree_api/msg/response_header.h\n'}
[9.244555] (unitree_api) StdoutLine: {'line': b'-- Symlinking: /home/jason/projects/unitree_sdk2_ws/install/unitree_api/include/unitree_api/unitree_api/msg/response_status.h\n'}
[9.252463] (-) TimerEvent: {}
[9.260230] (unitree_api) StdoutLine: {'line': b'-- Symlinking: /home/jason/projects/unitree_sdk2_ws/install/unitree_api/include/unitree_api/unitree_api/msg/rosidl_generator_c__visibility_control.h\n'}
[9.272884] (unitree_api) StdoutLine: {'line': b'-- Symlinking: /home/jason/projects/unitree_sdk2_ws/install/unitree_api/share/unitree_api/environment/library_path.sh\n'}
[9.274312] (unitree_go) StdoutLine: {'line': b'[ 60%] Built target unitree_go__rosidl_typesupport_introspection_c\n'}
[9.286539] (unitree_sdk2) StdoutLine: {'line': b'[ 65%] \x1b[32m\x1b[1mLinking CXX executable ../../bin/b2_stand_example\x1b[0m\n'}
[9.287450] (unitree_api) StdoutLine: {'line': b'-- Symlinking: /home/jason/projects/unitree_sdk2_ws/install/unitree_api/share/unitree_api/environment/library_path.dsv\n'}
[9.288646] (unitree_go) StdoutLine: {'line': b'[ 61%] \x1b[32mBuilding CXX object CMakeFiles/unitree_go__rosidl_typesupport_fastrtps_cpp.dir/rosidl_typesupport_fastrtps_cpp/unitree_go/msg/detail/dds_fastrtps/interface_config__type_support.cpp.o\x1b[0m\n'}
[9.297156] (unitree_go) StdoutLine: {'line': b'[ 61%] Built target unitree_go__rosidl_typesupport_c\n'}
[9.299580] (unitree_go) StdoutLine: {'line': b'[ 61%] \x1b[32mBuilding CXX object CMakeFiles/unitree_go__rosidl_typesupport_fastrtps_cpp.dir/rosidl_typesupport_fastrtps_cpp/unitree_go/msg/detail/dds_fastrtps/lidar_state__type_support.cpp.o\x1b[0m\n'}
[9.302271] (unitree_api) StdoutLine: {'line': b'-- Symlinking: /home/jason/projects/unitree_sdk2_ws/install/unitree_api/include/unitree_api/unitree_api/msg/detail/request__rosidl_typesupport_fastrtps_c.h\n'}
[9.313522] (unitree_go) StdoutLine: {'line': b'[ 62%] \x1b[32mBuilding CXX object CMakeFiles/unitree_go__rosidl_typesupport_fastrtps_cpp.dir/rosidl_typesupport_fastrtps_cpp/unitree_go/msg/detail/dds_fastrtps/low_cmd__type_support.cpp.o\x1b[0m\n'}
[9.314824] (unitree_api) StdoutLine: {'line': b'-- Symlinking: /home/jason/projects/unitree_sdk2_ws/install/unitree_api/include/unitree_api/unitree_api/msg/detail/request_header__rosidl_typesupport_fastrtps_c.h\n'}
[9.329262] (unitree_api) StdoutLine: {'line': b'-- Symlinking: /home/jason/projects/unitree_sdk2_ws/install/unitree_api/include/unitree_api/unitree_api/msg/detail/request_identity__rosidl_typesupport_fastrtps_c.h\n'}
[9.340376] (unitree_go) StdoutLine: {'line': b'[ 62%] \x1b[32mBuilding CXX object CMakeFiles/unitree_go__rosidl_typesupport_fastrtps_cpp.dir/rosidl_typesupport_fastrtps_cpp/unitree_go/msg/detail/dds_fastrtps/low_state__type_support.cpp.o\x1b[0m\n'}
[9.341643] (unitree_api) StdoutLine: {'line': b'-- Symlinking: /home/jason/projects/unitree_sdk2_ws/install/unitree_api/include/unitree_api/unitree_api/msg/detail/request_lease__rosidl_typesupport_fastrtps_c.h\n'}
[9.355455] (-) TimerEvent: {}
[9.360239] (unitree_api) StdoutLine: {'line': b'-- Symlinking: /home/jason/projects/unitree_sdk2_ws/install/unitree_api/include/unitree_api/unitree_api/msg/detail/request_policy__rosidl_typesupport_fastrtps_c.h\n'}
[9.384832] (unitree_api) StdoutLine: {'line': b'-- Symlinking: /home/jason/projects/unitree_sdk2_ws/install/unitree_api/include/unitree_api/unitree_api/msg/detail/response__rosidl_typesupport_fastrtps_c.h\n'}
[9.402506] (unitree_api) StdoutLine: {'line': b'-- Symlinking: /home/jason/projects/unitree_sdk2_ws/install/unitree_api/include/unitree_api/unitree_api/msg/detail/response_header__rosidl_typesupport_fastrtps_c.h\n'}
[9.413067] (unitree_api) StdoutLine: {'line': b'-- Symlinking: /home/jason/projects/unitree_sdk2_ws/install/unitree_api/include/unitree_api/unitree_api/msg/detail/response_status__rosidl_typesupport_fastrtps_c.h\n'}
[9.426740] (unitree_api) StdoutLine: {'line': b'-- Symlinking: /home/jason/projects/unitree_sdk2_ws/install/unitree_api/include/unitree_api/unitree_api/msg/rosidl_typesupport_fastrtps_c__visibility_control.h\n'}
[9.435984] (unitree_api) StdoutLine: {'line': b'-- Symlinking: /home/jason/projects/unitree_sdk2_ws/install/unitree_api/include/unitree_api/unitree_api/msg/detail/request__builder.hpp\n'}
[9.443549] (unitree_go) StdoutLine: {'line': b'[ 63%] \x1b[32mBuilding CXX object CMakeFiles/unitree_go__rosidl_typesupport_introspection_cpp.dir/rosidl_typesupport_introspection_cpp/unitree_go/msg/detail/motor_states__type_support.cpp.o\x1b[0m\n'}
[9.443708] (unitree_go) StdoutLine: {'line': b'[ 64%] \x1b[32mBuilding CXX object CMakeFiles/unitree_go__rosidl_typesupport_fastrtps_c.dir/rosidl_typesupport_fastrtps_c/unitree_go/msg/detail/bms_cmd__type_support_c.cpp.o\x1b[0m\n'}
[9.451264] (unitree_api) StdoutLine: {'line': b'-- Symlinking: /home/jason/projects/unitree_sdk2_ws/install/unitree_api/include/unitree_api/unitree_api/msg/detail/request__struct.hpp\n'}
[9.456454] (-) TimerEvent: {}
[9.462200] (unitree_api) StdoutLine: {'line': b'-- Symlinking: /home/jason/projects/unitree_sdk2_ws/install/unitree_api/include/unitree_api/unitree_api/msg/detail/request__traits.hpp\n'}
[9.472671] (unitree_api) StdoutLine: {'line': b'-- Symlinking: /home/jason/projects/unitree_sdk2_ws/install/unitree_api/include/unitree_api/unitree_api/msg/detail/request__type_support.hpp\n'}
[9.485096] (unitree_api) StdoutLine: {'line': b'-- Symlinking: /home/jason/projects/unitree_sdk2_ws/install/unitree_api/include/unitree_api/unitree_api/msg/detail/request_header__builder.hpp\n'}
[9.497904] (unitree_api) StdoutLine: {'line': b'-- Symlinking: /home/jason/projects/unitree_sdk2_ws/install/unitree_api/include/unitree_api/unitree_api/msg/detail/request_header__struct.hpp\n'}
[9.513024] (unitree_api) StdoutLine: {'line': b'-- Symlinking: /home/jason/projects/unitree_sdk2_ws/install/unitree_api/include/unitree_api/unitree_api/msg/detail/request_header__traits.hpp\n'}
[9.527615] (unitree_api) StdoutLine: {'line': b'-- Symlinking: /home/jason/projects/unitree_sdk2_ws/install/unitree_api/include/unitree_api/unitree_api/msg/detail/request_header__type_support.hpp\n'}
[9.543847] (unitree_api) StdoutLine: {'line': b'-- Symlinking: /home/jason/projects/unitree_sdk2_ws/install/unitree_api/include/unitree_api/unitree_api/msg/detail/request_identity__builder.hpp\n'}
[9.556561] (-) TimerEvent: {}
[9.569103] (unitree_sdk2) StdoutLine: {'line': b'[ 66%] \x1b[32m\x1b[1mLinking CXX executable ../../bin/g1_loco_client\x1b[0m\n'}
[9.570626] (unitree_go) StdoutLine: {'line': b'[ 64%] \x1b[32mBuilding CXX object CMakeFiles/unitree_go__rosidl_typesupport_introspection_cpp.dir/rosidl_typesupport_introspection_cpp/unitree_go/msg/detail/path_point__type_support.cpp.o\x1b[0m\n'}
[9.572363] (unitree_api) StdoutLine: {'line': b'-- Symlinking: /home/jason/projects/unitree_sdk2_ws/install/unitree_api/include/unitree_api/unitree_api/msg/detail/request_identity__struct.hpp\n'}
[9.578454] (unitree_go) StdoutLine: {'line': b'[ 65%] \x1b[32mBuilding CXX object CMakeFiles/unitree_go__rosidl_typesupport_introspection_cpp.dir/rosidl_typesupport_introspection_cpp/unitree_go/msg/detail/req__type_support.cpp.o\x1b[0m\n'}
[9.607462] (unitree_api) StdoutLine: {'line': b'-- Symlinking: /home/jason/projects/unitree_sdk2_ws/install/unitree_api/include/unitree_api/unitree_api/msg/detail/request_identity__traits.hpp\n'}
[9.633674] (unitree_api) StdoutLine: {'line': b'-- Symlinking: /home/jason/projects/unitree_sdk2_ws/install/unitree_api/include/unitree_api/unitree_api/msg/detail/request_identity__type_support.hpp\n'}
[9.647319] (unitree_go) StdoutLine: {'line': b'[ 65%] \x1b[32mBuilding CXX object CMakeFiles/unitree_go__rosidl_typesupport_fastrtps_c.dir/rosidl_typesupport_fastrtps_c/unitree_go/msg/detail/bms_state__type_support_c.cpp.o\x1b[0m\n'}
[9.656681] (-) TimerEvent: {}
[9.661085] (unitree_api) StdoutLine: {'line': b'-- Symlinking: /home/jason/projects/unitree_sdk2_ws/install/unitree_api/include/unitree_api/unitree_api/msg/detail/request_lease__builder.hpp\n'}
[9.690291] (unitree_api) StdoutLine: {'line': b'-- Symlinking: /home/jason/projects/unitree_sdk2_ws/install/unitree_api/include/unitree_api/unitree_api/msg/detail/request_lease__struct.hpp\n'}
[9.725276] (unitree_api) StdoutLine: {'line': b'-- Symlinking: /home/jason/projects/unitree_sdk2_ws/install/unitree_api/include/unitree_api/unitree_api/msg/detail/request_lease__traits.hpp\n'}
[9.756782] (-) TimerEvent: {}
[9.760525] (unitree_api) StdoutLine: {'line': b'-- Symlinking: /home/jason/projects/unitree_sdk2_ws/install/unitree_api/include/unitree_api/unitree_api/msg/detail/request_lease__type_support.hpp\n'}
[9.774872] (unitree_api) StdoutLine: {'line': b'-- Symlinking: /home/jason/projects/unitree_sdk2_ws/install/unitree_api/include/unitree_api/unitree_api/msg/detail/request_policy__builder.hpp\n'}
[9.788846] (unitree_api) StdoutLine: {'line': b'-- Symlinking: /home/jason/projects/unitree_sdk2_ws/install/unitree_api/include/unitree_api/unitree_api/msg/detail/request_policy__struct.hpp\n'}
[9.806897] (unitree_api) StdoutLine: {'line': b'-- Symlinking: /home/jason/projects/unitree_sdk2_ws/install/unitree_api/include/unitree_api/unitree_api/msg/detail/request_policy__traits.hpp\n'}
[9.825153] (unitree_api) StdoutLine: {'line': b'-- Symlinking: /home/jason/projects/unitree_sdk2_ws/install/unitree_api/include/unitree_api/unitree_api/msg/detail/request_policy__type_support.hpp\n'}
[9.830537] (unitree_go) StdoutLine: {'line': b'[ 65%] \x1b[32mBuilding CXX object CMakeFiles/unitree_go__rosidl_typesupport_introspection_cpp.dir/rosidl_typesupport_introspection_cpp/unitree_go/msg/detail/res__type_support.cpp.o\x1b[0m\n'}
[9.830765] (unitree_go) StdoutLine: {'line': b'[ 67%] \x1b[32mBuilding CXX object CMakeFiles/unitree_go__rosidl_typesupport_fastrtps_cpp.dir/rosidl_typesupport_fastrtps_cpp/unitree_go/msg/detail/dds_fastrtps/motor_cmds__type_support.cpp.o\x1b[0m\n'}
[9.838514] (unitree_go) StdoutLine: {'line': b'[ 67%] \x1b[32mBuilding CXX object CMakeFiles/unitree_go__rosidl_typesupport_fastrtps_cpp.dir/rosidl_typesupport_fastrtps_cpp/unitree_go/msg/detail/dds_fastrtps/motor_cmd__type_support.cpp.o\x1b[0m\n'}
[9.838683] (unitree_go) StdoutLine: {'line': b'[ 66%] \x1b[32mBuilding CXX object CMakeFiles/unitree_go__rosidl_typesupport_fastrtps_c.dir/rosidl_typesupport_fastrtps_c/unitree_go/msg/detail/error__type_support_c.cpp.o\x1b[0m\n'}
[9.838827] (unitree_api) StdoutLine: {'line': b'-- Symlinking: /home/jason/projects/unitree_sdk2_ws/install/unitree_api/include/unitree_api/unitree_api/msg/detail/response__builder.hpp\n'}
[9.854332] (unitree_api) StdoutLine: {'line': b'-- Symlinking: /home/jason/projects/unitree_sdk2_ws/install/unitree_api/include/unitree_api/unitree_api/msg/detail/response__struct.hpp\n'}
[9.856876] (-) TimerEvent: {}
[9.871451] (unitree_go) StdoutLine: {'line': b'[ 67%] \x1b[32mBuilding CXX object CMakeFiles/unitree_go__rosidl_typesupport_fastrtps_c.dir/rosidl_typesupport_fastrtps_c/unitree_go/msg/detail/go2_front_video_data__type_support_c.cpp.o\x1b[0m\n'}
[9.871623] (unitree_api) StdoutLine: {'line': b'-- Symlinking: /home/jason/projects/unitree_sdk2_ws/install/unitree_api/include/unitree_api/unitree_api/msg/detail/response__traits.hpp\n'}
[9.882454] (unitree_go) StdoutLine: {'line': b'[ 67%] \x1b[32mBuilding CXX object CMakeFiles/unitree_go__rosidl_typesupport_fastrtps_cpp.dir/rosidl_typesupport_fastrtps_cpp/unitree_go/msg/detail/dds_fastrtps/motor_state__type_support.cpp.o\x1b[0m\n'}
[9.882633] (unitree_sdk2) StdoutLine: {'line': b'[ 66%] Built target b2_stand_example\n'}
[9.885847] (unitree_api) StdoutLine: {'line': b'-- Symlinking: /home/jason/projects/unitree_sdk2_ws/install/unitree_api/include/unitree_api/unitree_api/msg/detail/response__type_support.hpp\n'}
[9.900770] (unitree_api) StdoutLine: {'line': b'-- Symlinking: /home/jason/projects/unitree_sdk2_ws/install/unitree_api/include/unitree_api/unitree_api/msg/detail/response_header__builder.hpp\n'}
[9.917348] (unitree_sdk2) StdoutLine: {'line': b'[ 68%] \x1b[32mBuilding CXX object example/go2w/CMakeFiles/go2w_sport_client.dir/go2w_sport_client.cpp.o\x1b[0m\n'}
[9.923449] (unitree_go) StdoutLine: {'line': b'[ 68%] \x1b[32mBuilding CXX object CMakeFiles/unitree_go__rosidl_typesupport_fastrtps_cpp.dir/rosidl_typesupport_fastrtps_cpp/unitree_go/msg/detail/dds_fastrtps/motor_states__type_support.cpp.o\x1b[0m\n'}
[9.923623] (unitree_api) StdoutLine: {'line': b'-- Symlinking: /home/jason/projects/unitree_sdk2_ws/install/unitree_api/include/unitree_api/unitree_api/msg/detail/response_header__struct.hpp\n'}
[9.932585] (unitree_sdk2) StdoutLine: {'line': b'[ 69%] \x1b[32m\x1b[1mLinking CXX executable ../../bin/go2_sport_client\x1b[0m\n'}
[9.941866] (unitree_api) StdoutLine: {'line': b'-- Symlinking: /home/jason/projects/unitree_sdk2_ws/install/unitree_api/include/unitree_api/unitree_api/msg/detail/response_header__traits.hpp\n'}
[9.956990] (-) TimerEvent: {}
[9.958681] (unitree_go) StdoutLine: {'line': b'[ 68%] \x1b[32mBuilding CXX object CMakeFiles/unitree_go__rosidl_typesupport_fastrtps_cpp.dir/rosidl_typesupport_fastrtps_cpp/unitree_go/msg/detail/dds_fastrtps/path_point__type_support.cpp.o\x1b[0m\n'}
[9.960726] (unitree_api) StdoutLine: {'line': b'-- Symlinking: /home/jason/projects/unitree_sdk2_ws/install/unitree_api/include/unitree_api/unitree_api/msg/detail/response_header__type_support.hpp\n'}
[9.961118] (unitree_go) StdoutLine: {'line': b'[ 69%] \x1b[32mBuilding CXX object CMakeFiles/unitree_go__rosidl_typesupport_fastrtps_cpp.dir/rosidl_typesupport_fastrtps_cpp/unitree_go/msg/detail/dds_fastrtps/req__type_support.cpp.o\x1b[0m\n'}
[9.976587] (unitree_api) StdoutLine: {'line': b'-- Symlinking: /home/jason/projects/unitree_sdk2_ws/install/unitree_api/include/unitree_api/unitree_api/msg/detail/response_status__builder.hpp\n'}
[9.994971] (unitree_api) StdoutLine: {'line': b'-- Symlinking: /home/jason/projects/unitree_sdk2_ws/install/unitree_api/include/unitree_api/unitree_api/msg/detail/response_status__struct.hpp\n'}
[10.011473] (unitree_api) StdoutLine: {'line': b'-- Symlinking: /home/jason/projects/unitree_sdk2_ws/install/unitree_api/include/unitree_api/unitree_api/msg/detail/response_status__traits.hpp\n'}
[10.022461] (unitree_api) StdoutLine: {'line': b'-- Symlinking: /home/jason/projects/unitree_sdk2_ws/install/unitree_api/include/unitree_api/unitree_api/msg/detail/response_status__type_support.hpp\n'}
[10.030311] (unitree_api) StdoutLine: {'line': b'-- Symlinking: /home/jason/projects/unitree_sdk2_ws/install/unitree_api/include/unitree_api/unitree_api/msg/request.hpp\n'}
[10.046462] (unitree_api) StdoutLine: {'line': b'-- Symlinking: /home/jason/projects/unitree_sdk2_ws/install/unitree_api/include/unitree_api/unitree_api/msg/request_header.hpp\n'}
[10.054363] (unitree_api) StdoutLine: {'line': b'-- Symlinking: /home/jason/projects/unitree_sdk2_ws/install/unitree_api/include/unitree_api/unitree_api/msg/request_identity.hpp\n'}
[10.060454] (-) TimerEvent: {}
[10.066908] (unitree_api) StdoutLine: {'line': b'-- Symlinking: /home/jason/projects/unitree_sdk2_ws/install/unitree_api/include/unitree_api/unitree_api/msg/request_lease.hpp\n'}
[10.077533] (unitree_go) StdoutLine: {'line': b'[ 70%] \x1b[32mBuilding CXX object CMakeFiles/unitree_go__rosidl_typesupport_fastrtps_c.dir/rosidl_typesupport_fastrtps_c/unitree_go/msg/detail/height_map__type_support_c.cpp.o\x1b[0m\n'}
[10.077723] (unitree_go) StdoutLine: {'line': b'[ 71%] \x1b[32mBuilding CXX object CMakeFiles/unitree_go__rosidl_typesupport_introspection_cpp.dir/rosidl_typesupport_introspection_cpp/unitree_go/msg/detail/sport_mode_cmd__type_support.cpp.o\x1b[0m\n'}
[10.078747] (unitree_api) StdoutLine: {'line': b'-- Symlinking: /home/jason/projects/unitree_sdk2_ws/install/unitree_api/include/unitree_api/unitree_api/msg/request_policy.hpp\n'}
[10.097799] (unitree_api) StdoutLine: {'line': b'-- Symlinking: /home/jason/projects/unitree_sdk2_ws/install/unitree_api/include/unitree_api/unitree_api/msg/response.hpp\n'}
[10.113471] (unitree_api) StdoutLine: {'line': b'-- Symlinking: /home/jason/projects/unitree_sdk2_ws/install/unitree_api/include/unitree_api/unitree_api/msg/response_header.hpp\n'}
[10.124472] (unitree_api) StdoutLine: {'line': b'-- Symlinking: /home/jason/projects/unitree_sdk2_ws/install/unitree_api/include/unitree_api/unitree_api/msg/response_status.hpp\n'}
[10.126471] (unitree_sdk2) StdoutLine: {'line': b'[ 69%] Built target g1_loco_client\n'}
[10.134045] (unitree_api) StdoutLine: {'line': b'-- Symlinking: /home/jason/projects/unitree_sdk2_ws/install/unitree_api/include/unitree_api/unitree_api/msg/rosidl_generator_cpp__visibility_control.hpp\n'}
[10.147466] (unitree_api) StdoutLine: {'line': b'-- Symlinking: /home/jason/projects/unitree_sdk2_ws/install/unitree_api/include/unitree_api/unitree_api/msg/detail/request__rosidl_typesupport_fastrtps_cpp.hpp\n'}
[10.159629] (unitree_go) StdoutLine: {'line': b'[ 71%] \x1b[32mBuilding CXX object CMakeFiles/unitree_go__rosidl_typesupport_introspection_cpp.dir/rosidl_typesupport_introspection_cpp/unitree_go/msg/detail/sport_mode_state__type_support.cpp.o\x1b[0m\n'}
[10.160367] (unitree_api) StdoutLine: {'line': b'-- Symlinking: /home/jason/projects/unitree_sdk2_ws/install/unitree_api/include/unitree_api/unitree_api/msg/detail/request_header__rosidl_typesupport_fastrtps_cpp.hpp\n'}
[10.160491] (-) TimerEvent: {}
[10.168833] (unitree_sdk2) StdoutLine: {'line': b'[ 71%] \x1b[32mBuilding CXX object example/go2w/CMakeFiles/go2w_stand_example.dir/go2w_stand_example.cpp.o\x1b[0m\n'}
[10.169955] (unitree_api) StdoutLine: {'line': b'-- Symlinking: /home/jason/projects/unitree_sdk2_ws/install/unitree_api/include/unitree_api/unitree_api/msg/detail/request_identity__rosidl_typesupport_fastrtps_cpp.hpp\n'}
[10.179010] (unitree_go) StdoutLine: {'line': b'[ 71%] \x1b[32mBuilding CXX object CMakeFiles/unitree_go__rosidl_typesupport_fastrtps_c.dir/rosidl_typesupport_fastrtps_c/unitree_go/msg/detail/imu_state__type_support_c.cpp.o\x1b[0m\n'}
[10.181196] (unitree_api) StdoutLine: {'line': b'-- Symlinking: /home/jason/projects/unitree_sdk2_ws/install/unitree_api/include/unitree_api/unitree_api/msg/detail/request_lease__rosidl_typesupport_fastrtps_cpp.hpp\n'}
[10.193826] (unitree_api) StdoutLine: {'line': b'-- Symlinking: /home/jason/projects/unitree_sdk2_ws/install/unitree_api/include/unitree_api/unitree_api/msg/detail/request_policy__rosidl_typesupport_fastrtps_cpp.hpp\n'}
[10.208918] (unitree_api) StdoutLine: {'line': b'-- Symlinking: /home/jason/projects/unitree_sdk2_ws/install/unitree_api/include/unitree_api/unitree_api/msg/detail/response__rosidl_typesupport_fastrtps_cpp.hpp\n'}
[10.221838] (unitree_api) StdoutLine: {'line': b'-- Symlinking: /home/jason/projects/unitree_sdk2_ws/install/unitree_api/include/unitree_api/unitree_api/msg/detail/response_header__rosidl_typesupport_fastrtps_cpp.hpp\n'}
[10.235841] (unitree_api) StdoutLine: {'line': b'-- Symlinking: /home/jason/projects/unitree_sdk2_ws/install/unitree_api/include/unitree_api/unitree_api/msg/detail/response_status__rosidl_typesupport_fastrtps_cpp.hpp\n'}
[10.243566] (unitree_go) StdoutLine: {'line': b'[ 72%] \x1b[32mBuilding CXX object CMakeFiles/unitree_go__rosidl_typesupport_fastrtps_c.dir/rosidl_typesupport_fastrtps_c/unitree_go/msg/detail/interface_config__type_support_c.cpp.o\x1b[0m\n'}
[10.245673] (unitree_api) StdoutLine: {'line': b'-- Symlinking: /home/jason/projects/unitree_sdk2_ws/install/unitree_api/include/unitree_api/unitree_api/msg/rosidl_typesupport_fastrtps_cpp__visibility_control.h\n'}
[10.260618] (-) TimerEvent: {}
[10.262501] (unitree_api) StdoutLine: {'line': b'-- Symlinking: /home/jason/projects/unitree_sdk2_ws/install/unitree_api/include/unitree_api/unitree_api/msg/detail/request__rosidl_typesupport_introspection_c.h\n'}
[10.271563] (unitree_go) StdoutLine: {'line': b'[ 73%] \x1b[32mBuilding CXX object CMakeFiles/unitree_go__rosidl_typesupport_introspection_cpp.dir/rosidl_typesupport_introspection_cpp/unitree_go/msg/detail/time_spec__type_support.cpp.o\x1b[0m\n'}
[10.272780] (unitree_api) StdoutLine: {'line': b'-- Symlinking: /home/jason/projects/unitree_sdk2_ws/install/unitree_api/include/unitree_api/unitree_api/msg/detail/request_header__rosidl_typesupport_introspection_c.h\n'}
[10.286000] (unitree_api) StdoutLine: {'line': b'-- Symlinking: /home/jason/projects/unitree_sdk2_ws/install/unitree_api/include/unitree_api/unitree_api/msg/detail/request_identity__rosidl_typesupport_introspection_c.h\n'}
[10.296945] (unitree_api) StdoutLine: {'line': b'-- Symlinking: /home/jason/projects/unitree_sdk2_ws/install/unitree_api/include/unitree_api/unitree_api/msg/detail/request_lease__rosidl_typesupport_introspection_c.h\n'}
[10.309849] (unitree_api) StdoutLine: {'line': b'-- Symlinking: /home/jason/projects/unitree_sdk2_ws/install/unitree_api/include/unitree_api/unitree_api/msg/detail/request_policy__rosidl_typesupport_introspection_c.h\n'}
[10.320961] (unitree_api) StdoutLine: {'line': b'-- Symlinking: /home/jason/projects/unitree_sdk2_ws/install/unitree_api/include/unitree_api/unitree_api/msg/detail/response__rosidl_typesupport_introspection_c.h\n'}
[10.331778] (unitree_api) StdoutLine: {'line': b'-- Symlinking: /home/jason/projects/unitree_sdk2_ws/install/unitree_api/include/unitree_api/unitree_api/msg/detail/response_header__rosidl_typesupport_introspection_c.h\n'}
[10.343066] (unitree_api) StdoutLine: {'line': b'-- Symlinking: /home/jason/projects/unitree_sdk2_ws/install/unitree_api/include/unitree_api/unitree_api/msg/detail/response_status__rosidl_typesupport_introspection_c.h\n'}
[10.347534] (unitree_go) StdoutLine: {'line': b'[ 73%] \x1b[32mBuilding CXX object CMakeFiles/unitree_go__rosidl_typesupport_fastrtps_cpp.dir/rosidl_typesupport_fastrtps_cpp/unitree_go/msg/detail/dds_fastrtps/res__type_support.cpp.o\x1b[0m\n'}
[10.355528] (unitree_go) StdoutLine: {'line': b'[ 73%] \x1b[32mBuilding CXX object CMakeFiles/unitree_go__rosidl_typesupport_fastrtps_c.dir/rosidl_typesupport_fastrtps_c/unitree_go/msg/detail/lidar_state__type_support_c.cpp.o\x1b[0m\n'}
[10.356834] (unitree_api) StdoutLine: {'line': b'-- Symlinking: /home/jason/projects/unitree_sdk2_ws/install/unitree_api/include/unitree_api/unitree_api/msg/rosidl_typesupport_introspection_c__visibility_control.h\n'}
[10.362466] (-) TimerEvent: {}
[10.377457] (unitree_api) StdoutLine: {'line': b'-- Symlinking: /home/jason/projects/unitree_sdk2_ws/install/unitree_api/include/unitree_api/unitree_api/msg/detail/request__rosidl_typesupport_introspection_cpp.hpp\n'}
[10.395770] (unitree_api) StdoutLine: {'line': b'-- Symlinking: /home/jason/projects/unitree_sdk2_ws/install/unitree_api/include/unitree_api/unitree_api/msg/detail/request_header__rosidl_typesupport_introspection_cpp.hpp\n'}
[10.408575] (unitree_go) StdoutLine: {'line': b'[ 74%] \x1b[32mBuilding CXX object CMakeFiles/unitree_go__rosidl_typesupport_fastrtps_c.dir/rosidl_typesupport_fastrtps_c/unitree_go/msg/detail/low_cmd__type_support_c.cpp.o\x1b[0m\n'}
[10.411463] (unitree_api) StdoutLine: {'line': b'-- Symlinking: /home/jason/projects/unitree_sdk2_ws/install/unitree_api/include/unitree_api/unitree_api/msg/detail/request_identity__rosidl_typesupport_introspection_cpp.hpp\n'}
[10.417459] (unitree_go) StdoutLine: {'line': b'[ 75%] \x1b[32mBuilding CXX object CMakeFiles/unitree_go__rosidl_typesupport_fastrtps_cpp.dir/rosidl_typesupport_fastrtps_cpp/unitree_go/msg/detail/dds_fastrtps/sport_mode_cmd__type_support.cpp.o\x1b[0m\n'}
[10.432644] (unitree_api) StdoutLine: {'line': b'-- Symlinking: /home/jason/projects/unitree_sdk2_ws/install/unitree_api/include/unitree_api/unitree_api/msg/detail/request_lease__rosidl_typesupport_introspection_cpp.hpp\n'}
[10.456813] (unitree_api) StdoutLine: {'line': b'-- Symlinking: /home/jason/projects/unitree_sdk2_ws/install/unitree_api/include/unitree_api/unitree_api/msg/detail/request_policy__rosidl_typesupport_introspection_cpp.hpp\n'}
[10.462573] (-) TimerEvent: {}
[10.476475] (unitree_api) StdoutLine: {'line': b'-- Symlinking: /home/jason/projects/unitree_sdk2_ws/install/unitree_api/include/unitree_api/unitree_api/msg/detail/response__rosidl_typesupport_introspection_cpp.hpp\n'}
[10.494785] (unitree_api) StdoutLine: {'line': b'-- Symlinking: /home/jason/projects/unitree_sdk2_ws/install/unitree_api/include/unitree_api/unitree_api/msg/detail/response_header__rosidl_typesupport_introspection_cpp.hpp\n'}
[10.515635] (unitree_api) StdoutLine: {'line': b'-- Symlinking: /home/jason/projects/unitree_sdk2_ws/install/unitree_api/include/unitree_api/unitree_api/msg/detail/response_status__rosidl_typesupport_introspection_cpp.hpp\n'}
[10.536462] (unitree_api) StdoutLine: {'line': b'-- Symlinking: /home/jason/projects/unitree_sdk2_ws/install/unitree_api/share/unitree_api/environment/pythonpath.sh\n'}
[10.553833] (unitree_api) StdoutLine: {'line': b'-- Symlinking: /home/jason/projects/unitree_sdk2_ws/install/unitree_api/share/unitree_api/environment/pythonpath.dsv\n'}
[10.562684] (-) TimerEvent: {}
[10.574869] (unitree_api) StdoutLine: {'line': b'-- Symlinking: /home/jason/projects/unitree_sdk2_ws/install/unitree_api/local/lib/python3.10/dist-packages/unitree_api-0.0.0-py3.10.egg-info/PKG-INFO\n'}
[10.589609] (unitree_go) StdoutLine: {'line': b'[ 75%] \x1b[32mBuilding CXX object CMakeFiles/unitree_go__rosidl_typesupport_fastrtps_cpp.dir/rosidl_typesupport_fastrtps_cpp/unitree_go/msg/detail/dds_fastrtps/sport_mode_state__type_support.cpp.o\x1b[0m\n'}
[10.593044] (unitree_api) StdoutLine: {'line': b'-- Symlinking: /home/jason/projects/unitree_sdk2_ws/install/unitree_api/local/lib/python3.10/dist-packages/unitree_api-0.0.0-py3.10.egg-info/SOURCES.txt\n'}
[10.613592] (unitree_api) StdoutLine: {'line': b'-- Symlinking: /home/jason/projects/unitree_sdk2_ws/install/unitree_api/local/lib/python3.10/dist-packages/unitree_api-0.0.0-py3.10.egg-info/dependency_links.txt\n'}
[10.628462] (unitree_go) StdoutLine: {'line': b'[ 76%] \x1b[32mBuilding CXX object CMakeFiles/unitree_go__rosidl_typesupport_fastrtps_cpp.dir/rosidl_typesupport_fastrtps_cpp/unitree_go/msg/detail/dds_fastrtps/time_spec__type_support.cpp.o\x1b[0m\n'}
[10.632480] (unitree_api) StdoutLine: {'line': b'-- Symlinking: /home/jason/projects/unitree_sdk2_ws/install/unitree_api/local/lib/python3.10/dist-packages/unitree_api-0.0.0-py3.10.egg-info/top_level.txt\n'}
[10.643555] (unitree_go) StdoutLine: {'line': b'[ 76%] \x1b[32mBuilding CXX object CMakeFiles/unitree_go__rosidl_typesupport_fastrtps_cpp.dir/rosidl_typesupport_fastrtps_cpp/unitree_go/msg/detail/dds_fastrtps/uwb_state__type_support.cpp.o\x1b[0m\n'}
[10.643736] (unitree_go) StdoutLine: {'line': b'[ 76%] \x1b[32mBuilding CXX object CMakeFiles/unitree_go__rosidl_typesupport_introspection_cpp.dir/rosidl_typesupport_introspection_cpp/unitree_go/msg/detail/uwb_state__type_support.cpp.o\x1b[0m\n'}
[10.649999] (unitree_api) StdoutLine: {'line': b'-- Symlinking: /home/jason/projects/unitree_sdk2_ws/install/unitree_api/local/lib/python3.10/dist-packages/unitree_api/__init__.py\n'}
[10.658473] (unitree_go) StdoutLine: {'line': b'[ 77%] \x1b[32mBuilding CXX object CMakeFiles/unitree_go__rosidl_typesupport_introspection_cpp.dir/rosidl_typesupport_introspection_cpp/unitree_go/msg/detail/uwb_switch__type_support.cpp.o\x1b[0m\n'}
[10.662801] (-) TimerEvent: {}
[10.678698] (unitree_api) StdoutLine: {'line': b'-- Symlinking: /home/jason/projects/unitree_sdk2_ws/install/unitree_api/local/lib/python3.10/dist-packages/unitree_api/_unitree_api_s.ep.rosidl_typesupport_c.c\n'}
[10.694000] (unitree_api) StdoutLine: {'line': b'-- Symlinking: /home/jason/projects/unitree_sdk2_ws/install/unitree_api/local/lib/python3.10/dist-packages/unitree_api/_unitree_api_s.ep.rosidl_typesupport_fastrtps_c.c\n'}
[10.711870] (unitree_api) StdoutLine: {'line': b'-- Symlinking: /home/jason/projects/unitree_sdk2_ws/install/unitree_api/local/lib/python3.10/dist-packages/unitree_api/_unitree_api_s.ep.rosidl_typesupport_introspection_c.c\n'}
[10.732852] (unitree_api) StdoutLine: {'line': b'-- Symlinking: /home/jason/projects/unitree_sdk2_ws/install/unitree_api/local/lib/python3.10/dist-packages/unitree_api/libunitree_api__rosidl_generator_py.so\n'}
[10.746093] (unitree_api) StdoutLine: {'line': b'-- Symlinking: /home/jason/projects/unitree_sdk2_ws/install/unitree_api/local/lib/python3.10/dist-packages/unitree_api/msg/__init__.py\n'}
[10.762914] (-) TimerEvent: {}
[10.763481] (unitree_api) StdoutLine: {'line': b'-- Symlinking: /home/jason/projects/unitree_sdk2_ws/install/unitree_api/local/lib/python3.10/dist-packages/unitree_api/msg/_request.py\n'}
[10.775357] (unitree_api) StdoutLine: {'line': b'-- Symlinking: /home/jason/projects/unitree_sdk2_ws/install/unitree_api/local/lib/python3.10/dist-packages/unitree_api/msg/_request_header.py\n'}
[10.782558] (unitree_go) StdoutLine: {'line': b'[ 77%] \x1b[32mBuilding CXX object CMakeFiles/unitree_go__rosidl_typesupport_fastrtps_c.dir/rosidl_typesupport_fastrtps_c/unitree_go/msg/detail/low_state__type_support_c.cpp.o\x1b[0m\n'}
[10.796065] (unitree_go) StdoutLine: {'line': b'[ 77%] \x1b[32mBuilding CXX object CMakeFiles/unitree_go__rosidl_typesupport_introspection_cpp.dir/rosidl_typesupport_introspection_cpp/unitree_go/msg/detail/wireless_controller__type_support.cpp.o\x1b[0m\n'}
[10.814213] (unitree_hg) StdoutLine: {'line': b'[ 83%] Built target unitree_hg__py\n'}
[10.815971] (unitree_go) StdoutLine: {'line': b'[ 78%] \x1b[32mBuilding CXX object CMakeFiles/unitree_go__rosidl_typesupport_fastrtps_c.dir/rosidl_typesupport_fastrtps_c/unitree_go/msg/detail/motor_cmd__type_support_c.cpp.o\x1b[0m\n'}
[10.819457] (unitree_api) StdoutLine: {'line': b'-- Symlinking: /home/jason/projects/unitree_sdk2_ws/install/unitree_api/local/lib/python3.10/dist-packages/unitree_api/msg/_request_header_s.c\n'}
[10.831903] (unitree_api) StdoutLine: {'line': b'-- Symlinking: /home/jason/projects/unitree_sdk2_ws/install/unitree_api/local/lib/python3.10/dist-packages/unitree_api/msg/_request_identity.py\n'}
[10.842551] (unitree_go) StdoutLine: {'line': b'[ 78%] \x1b[32mBuilding CXX object CMakeFiles/unitree_go__rosidl_typesupport_fastrtps_c.dir/rosidl_typesupport_fastrtps_c/unitree_go/msg/detail/motor_cmds__type_support_c.cpp.o\x1b[0m\n'}
[10.845030] (unitree_api) StdoutLine: {'line': b'-- Symlinking: /home/jason/projects/unitree_sdk2_ws/install/unitree_api/local/lib/python3.10/dist-packages/unitree_api/msg/_request_identity_s.c\n'}
[10.847859] (unitree_sdk2) StdoutLine: {'line': b'[ 71%] Built target go2_sport_client\n'}
[10.858543] (unitree_hg) StdoutLine: {'line': b'[ 84%] \x1b[32mBuilding C object CMakeFiles/unitree_hg__rosidl_generator_py.dir/rosidl_generator_py/unitree_hg/msg/_bms_cmd_s.c.o\x1b[0m\n'}
[10.858713] (unitree_hg) StdoutLine: {'line': b'[ 85%] \x1b[32mBuilding C object CMakeFiles/unitree_hg__rosidl_generator_py.dir/rosidl_generator_py/unitree_hg/msg/_bms_state_s.c.o\x1b[0m\n'}
[10.859869] (unitree_api) StdoutLine: {'line': b'-- Symlinking: /home/jason/projects/unitree_sdk2_ws/install/unitree_api/local/lib/python3.10/dist-packages/unitree_api/msg/_request_lease.py\n'}
[10.863017] (-) TimerEvent: {}
[10.865524] (unitree_hg) StdoutLine: {'line': b'[ 85%] \x1b[32mBuilding C object CMakeFiles/unitree_hg__rosidl_generator_py.dir/rosidl_generator_py/unitree_hg/msg/_hand_cmd_s.c.o\x1b[0m\n'}
[10.865694] (unitree_hg) StdoutLine: {'line': b'[ 86%] \x1b[32mBuilding C object CMakeFiles/unitree_hg__rosidl_generator_py.dir/rosidl_generator_py/unitree_hg/msg/_hand_state_s.c.o\x1b[0m\n'}
[10.873134] (unitree_api) StdoutLine: {'line': b'-- Symlinking: /home/jason/projects/unitree_sdk2_ws/install/unitree_api/local/lib/python3.10/dist-packages/unitree_api/msg/_request_lease_s.c\n'}
[10.874273] (unitree_hg) StdoutLine: {'line': b'[ 87%] \x1b[32mBuilding C object CMakeFiles/unitree_hg__rosidl_generator_py.dir/rosidl_generator_py/unitree_hg/msg/_imu_state_s.c.o\x1b[0m\n'}
[10.890532] (unitree_api) StdoutLine: {'line': b'-- Symlinking: /home/jason/projects/unitree_sdk2_ws/install/unitree_api/local/lib/python3.10/dist-packages/unitree_api/msg/_request_policy.py\n'}
[10.899527] (unitree_sdk2) StdoutLine: {'line': b'[ 72%] \x1b[32mBuilding CXX object example/b2w/CMakeFiles/b2w_sport_client.dir/b2w_sport_client.cpp.o\x1b[0m\n'}
[10.904967] (unitree_api) StdoutLine: {'line': b'-- Symlinking: /home/jason/projects/unitree_sdk2_ws/install/unitree_api/local/lib/python3.10/dist-packages/unitree_api/msg/_request_policy_s.c\n'}
[10.916314] (unitree_go) StdoutLine: {'line': b'[ 78%] \x1b[32mBuilding CXX object CMakeFiles/unitree_go__rosidl_typesupport_fastrtps_c.dir/rosidl_typesupport_fastrtps_c/unitree_go/msg/detail/motor_state__type_support_c.cpp.o\x1b[0m\n'}
[10.916539] (unitree_hg) StdoutLine: {'line': b'[ 89%] \x1b[32mBuilding C object CMakeFiles/unitree_hg__rosidl_generator_py.dir/rosidl_generator_py/unitree_hg/msg/_low_cmd_s.c.o\x1b[0m\n'}
[10.916620] (unitree_go) StdoutLine: {'line': b'[ 79%] \x1b[32mBuilding CXX object CMakeFiles/unitree_go__rosidl_typesupport_fastrtps_cpp.dir/rosidl_typesupport_fastrtps_cpp/unitree_go/msg/detail/dds_fastrtps/uwb_switch__type_support.cpp.o\x1b[0m\n'}
[10.925542] (unitree_hg) StdoutLine: {'line': b'[ 89%] \x1b[32mBuilding C object CMakeFiles/unitree_hg__rosidl_generator_py.dir/rosidl_generator_py/unitree_hg/msg/_main_board_state_s.c.o\x1b[0m\n'}
[10.925724] (unitree_hg) StdoutLine: {'line': b'[ 90%] \x1b[32mBuilding C object CMakeFiles/unitree_hg__rosidl_generator_py.dir/rosidl_generator_py/unitree_hg/msg/_low_state_s.c.o\x1b[0m\n'}
[10.946367] (unitree_api) StdoutLine: {'line': b'-- Symlinking: /home/jason/projects/unitree_sdk2_ws/install/unitree_api/local/lib/python3.10/dist-packages/unitree_api/msg/_request_s.c\n'}
[10.955595] (unitree_hg) StdoutLine: {'line': b'[ 91%] \x1b[32mBuilding C object CMakeFiles/unitree_hg__rosidl_generator_py.dir/rosidl_generator_py/unitree_hg/msg/_motor_cmd_s.c.o\x1b[0m\n'}
[10.955768] (unitree_hg) StdoutLine: {'line': b'[ 92%] \x1b[32mBuilding C object CMakeFiles/unitree_hg__rosidl_generator_py.dir/rosidl_generator_py/unitree_hg/msg/_press_sensor_state_s.c.o\x1b[0m\n'}
[10.962535] (unitree_hg) StdoutLine: {'line': b'[ 93%] \x1b[32mBuilding C object CMakeFiles/unitree_hg__rosidl_generator_py.dir/rosidl_generator_py/unitree_hg/msg/_motor_state_s.c.o\x1b[0m\n'}
[10.963095] (-) TimerEvent: {}
[10.969540] (unitree_api) StdoutLine: {'line': b'-- Symlinking: /home/jason/projects/unitree_sdk2_ws/install/unitree_api/local/lib/python3.10/dist-packages/unitree_api/msg/_response.py\n'}
[10.992534] (unitree_api) StdoutLine: {'line': b'-- Symlinking: /home/jason/projects/unitree_sdk2_ws/install/unitree_api/local/lib/python3.10/dist-packages/unitree_api/msg/_response_header.py\n'}
[11.014534] (unitree_api) StdoutLine: {'line': b'-- Symlinking: /home/jason/projects/unitree_sdk2_ws/install/unitree_api/local/lib/python3.10/dist-packages/unitree_api/msg/_response_header_s.c\n'}
[11.025535] (unitree_api) StdoutLine: {'line': b'-- Symlinking: /home/jason/projects/unitree_sdk2_ws/install/unitree_api/local/lib/python3.10/dist-packages/unitree_api/msg/_response_s.c\n'}
[11.040541] (unitree_api) StdoutLine: {'line': b'-- Symlinking: /home/jason/projects/unitree_sdk2_ws/install/unitree_api/local/lib/python3.10/dist-packages/unitree_api/msg/_response_status.py\n'}
[11.047529] (unitree_go) StdoutLine: {'line': b'[ 80%] \x1b[32mBuilding CXX object CMakeFiles/unitree_go__rosidl_typesupport_fastrtps_c.dir/rosidl_typesupport_fastrtps_c/unitree_go/msg/detail/motor_states__type_support_c.cpp.o\x1b[0m\n'}
[11.047745] (unitree_api) StdoutLine: {'line': b'-- Symlinking: /home/jason/projects/unitree_sdk2_ws/install/unitree_api/local/lib/python3.10/dist-packages/unitree_api/msg/_response_status_s.c\n'}
[11.063223] (-) TimerEvent: {}
[11.063484] (unitree_api) StdoutLine: {'line': b'-- Symlinking: /home/jason/projects/unitree_sdk2_ws/install/unitree_api/local/lib/python3.10/dist-packages/unitree_api/unitree_api_s__rosidl_typesupport_c.cpython-310-x86_64-linux-gnu.so\n'}
[11.080533] (unitree_api) StdoutLine: {'line': b'-- Symlinking: /home/jason/projects/unitree_sdk2_ws/install/unitree_api/local/lib/python3.10/dist-packages/unitree_api/unitree_api_s__rosidl_typesupport_fastrtps_c.cpython-310-x86_64-linux-gnu.so\n'}
[11.094858] (unitree_go) StdoutLine: {'line': b'[ 80%] \x1b[32mBuilding CXX object CMakeFiles/unitree_go__rosidl_typesupport_fastrtps_cpp.dir/rosidl_typesupport_fastrtps_cpp/unitree_go/msg/detail/dds_fastrtps/wireless_controller__type_support.cpp.o\x1b[0m\n'}
[11.095068] (unitree_api) StdoutLine: {'line': b'-- Symlinking: /home/jason/projects/unitree_sdk2_ws/install/unitree_api/local/lib/python3.10/dist-packages/unitree_api/unitree_api_s__rosidl_typesupport_introspection_c.cpython-310-x86_64-linux-gnu.so\n'}
[11.114545] (unitree_api) StdoutLine: {'line': b'-- Up-to-date symlink: /home/jason/projects/unitree_sdk2_ws/install/unitree_api/local/lib/python3.10/dist-packages/unitree_api/unitree_api_s__rosidl_typesupport_fastrtps_c.cpython-310-x86_64-linux-gnu.so\n'}
[11.114719] (unitree_api) StdoutLine: {'line': b'-- Up-to-date symlink: /home/jason/projects/unitree_sdk2_ws/install/unitree_api/local/lib/python3.10/dist-packages/unitree_api/unitree_api_s__rosidl_typesupport_introspection_c.cpython-310-x86_64-linux-gnu.so\n'}
[11.114758] (unitree_api) StdoutLine: {'line': b'-- Up-to-date symlink: /home/jason/projects/unitree_sdk2_ws/install/unitree_api/local/lib/python3.10/dist-packages/unitree_api/unitree_api_s__rosidl_typesupport_c.cpython-310-x86_64-linux-gnu.so\n'}
[11.114796] (unitree_api) StdoutLine: {'line': b'-- Symlinking: /home/jason/projects/unitree_sdk2_ws/install/unitree_api/share/unitree_api/msg/Request.idl\n'}
[11.129537] (unitree_api) StdoutLine: {'line': b'-- Symlinking: /home/jason/projects/unitree_sdk2_ws/install/unitree_api/share/unitree_api/msg/RequestHeader.idl\n'}
[11.132533] (unitree_go) StdoutLine: {'line': b'[ 80%] \x1b[32mBuilding CXX object CMakeFiles/unitree_go__rosidl_typesupport_fastrtps_c.dir/rosidl_typesupport_fastrtps_c/unitree_go/msg/detail/path_point__type_support_c.cpp.o\x1b[0m\n'}
[11.145273] (unitree_api) StdoutLine: {'line': b'-- Symlinking: /home/jason/projects/unitree_sdk2_ws/install/unitree_api/share/unitree_api/msg/RequestIdentity.idl\n'}
[11.163347] (-) TimerEvent: {}
[11.173743] (unitree_api) StdoutLine: {'line': b'-- Symlinking: /home/jason/projects/unitree_sdk2_ws/install/unitree_api/share/unitree_api/msg/RequestLease.idl\n'}
[11.191529] (unitree_api) StdoutLine: {'line': b'-- Symlinking: /home/jason/projects/unitree_sdk2_ws/install/unitree_api/share/unitree_api/msg/RequestPolicy.idl\n'}
[11.204210] (unitree_hg) StdoutLine: {'line': b'[ 94%] \x1b[32m\x1b[1mLinking C shared library rosidl_generator_py/unitree_hg/libunitree_hg__rosidl_generator_py.so\x1b[0m\n'}
[11.216695] (unitree_api) StdoutLine: {'line': b'-- Symlinking: /home/jason/projects/unitree_sdk2_ws/install/unitree_api/share/unitree_api/msg/Response.idl\n'}
[11.226618] (unitree_api) StdoutLine: {'line': b'-- Symlinking: /home/jason/projects/unitree_sdk2_ws/install/unitree_api/share/unitree_api/msg/ResponseHeader.idl\n'}
[11.241813] (unitree_api) StdoutLine: {'line': b'-- Symlinking: /home/jason/projects/unitree_sdk2_ws/install/unitree_api/share/unitree_api/msg/ResponseStatus.idl\n'}
[11.256134] (unitree_api) StdoutLine: {'line': b'-- Symlinking: /home/jason/projects/unitree_sdk2_ws/install/unitree_api/share/unitree_api/msg/Request.msg\n'}
[11.263477] (-) TimerEvent: {}
[11.270929] (unitree_api) StdoutLine: {'line': b'-- Symlinking: /home/jason/projects/unitree_sdk2_ws/install/unitree_api/share/unitree_api/msg/RequestHeader.msg\n'}
[11.285939] (unitree_api) StdoutLine: {'line': b'-- Symlinking: /home/jason/projects/unitree_sdk2_ws/install/unitree_api/share/unitree_api/msg/RequestIdentity.msg\n'}
[11.300930] (unitree_api) StdoutLine: {'line': b'-- Symlinking: /home/jason/projects/unitree_sdk2_ws/install/unitree_api/share/unitree_api/msg/RequestLease.msg\n'}
[11.315914] (unitree_hg) StdoutLine: {'line': b'[ 94%] Built target unitree_hg__rosidl_generator_py\n'}
[11.327528] (unitree_api) StdoutLine: {'line': b'-- Symlinking: /home/jason/projects/unitree_sdk2_ws/install/unitree_api/share/unitree_api/msg/RequestPolicy.msg\n'}
[11.332460] (unitree_go) StdoutLine: {'line': b'[ 81%] \x1b[32mBuilding CXX object CMakeFiles/unitree_go__rosidl_typesupport_fastrtps_c.dir/rosidl_typesupport_fastrtps_c/unitree_go/msg/detail/req__type_support_c.cpp.o\x1b[0m\n'}
[11.333763] (unitree_api) StdoutLine: {'line': b'-- Symlinking: /home/jason/projects/unitree_sdk2_ws/install/unitree_api/share/unitree_api/msg/Response.msg\n'}
[11.346601] (unitree_go) StdoutLine: {'line': b'[ 81%] \x1b[32mBuilding CXX object CMakeFiles/unitree_go__rosidl_typesupport_fastrtps_c.dir/rosidl_typesupport_fastrtps_c/unitree_go/msg/detail/res__type_support_c.cpp.o\x1b[0m\n'}
[11.361284] (unitree_go) StdoutLine: {'line': b'[ 82%] \x1b[32mBuilding CXX object CMakeFiles/unitree_go__rosidl_typesupport_fastrtps_c.dir/rosidl_typesupport_fastrtps_c/unitree_go/msg/detail/sport_mode_cmd__type_support_c.cpp.o\x1b[0m\n'}
[11.361454] (unitree_go) StdoutLine: {'line': b'[ 82%] \x1b[32mBuilding CXX object CMakeFiles/unitree_go__rosidl_typesupport_fastrtps_c.dir/rosidl_typesupport_fastrtps_c/unitree_go/msg/detail/sport_mode_state__type_support_c.cpp.o\x1b[0m\n'}
[11.363543] (-) TimerEvent: {}
[11.364475] (unitree_hg) StdoutLine: {'line': b'[ 95%] \x1b[32mBuilding C object CMakeFiles/unitree_hg__rosidl_typesupport_fastrtps_c__pyext.dir/rosidl_generator_py/unitree_hg/_unitree_hg_s.ep.rosidl_typesupport_fastrtps_c.c.o\x1b[0m\n'}
[11.364708] (unitree_hg) StdoutLine: {'line': b'[ 96%] \x1b[32mBuilding C object CMakeFiles/unitree_hg__rosidl_typesupport_c__pyext.dir/rosidl_generator_py/unitree_hg/_unitree_hg_s.ep.rosidl_typesupport_c.c.o\x1b[0m\n'}
[11.368959] (unitree_hg) StdoutLine: {'line': b'[ 97%] \x1b[32mBuilding C object CMakeFiles/unitree_hg__rosidl_typesupport_introspection_c__pyext.dir/rosidl_generator_py/unitree_hg/_unitree_hg_s.ep.rosidl_typesupport_introspection_c.c.o\x1b[0m\n'}
[11.369807] (unitree_api) StdoutLine: {'line': b'-- Symlinking: /home/jason/projects/unitree_sdk2_ws/install/unitree_api/share/unitree_api/msg/ResponseHeader.msg\n'}
[11.383463] (unitree_api) StdoutLine: {'line': b'-- Symlinking: /home/jason/projects/unitree_sdk2_ws/install/unitree_api/share/unitree_api/msg/ResponseStatus.msg\n'}
[11.398465] (unitree_api) StdoutLine: {'line': b'-- Symlinking: /home/jason/projects/unitree_sdk2_ws/install/unitree_api/share/unitree_api/msg/dds_connext/RequestHeader_.idl\n'}
[11.407534] (unitree_api) StdoutLine: {'line': b'-- Symlinking: /home/jason/projects/unitree_sdk2_ws/install/unitree_api/share/unitree_api/msg/dds_connext/RequestIdentity_.idl\n'}
[11.423879] (unitree_api) StdoutLine: {'line': b'-- Symlinking: /home/jason/projects/unitree_sdk2_ws/install/unitree_api/share/unitree_api/msg/dds_connext/RequestLease_.idl\n'}
[11.436636] (unitree_api) StdoutLine: {'line': b'-- Symlinking: /home/jason/projects/unitree_sdk2_ws/install/unitree_api/share/unitree_api/msg/dds_connext/RequestPolicy_.idl\n'}
[11.451470] (unitree_api) StdoutLine: {'line': b'-- Symlinking: /home/jason/projects/unitree_sdk2_ws/install/unitree_api/share/unitree_api/msg/dds_connext/Request_.idl\n'}
[11.457988] (unitree_api) StdoutLine: {'line': b'-- Symlinking: /home/jason/projects/unitree_sdk2_ws/install/unitree_api/share/unitree_api/msg/dds_connext/ResponseHeader_.idl\n'}
[11.463661] (-) TimerEvent: {}
[11.477765] (unitree_api) StdoutLine: {'line': b'-- Symlinking: /home/jason/projects/unitree_sdk2_ws/install/unitree_api/share/unitree_api/msg/dds_connext/ResponseStatus_.idl\n'}
[11.485834] (unitree_api) StdoutLine: {'line': b'-- Symlinking: /home/jason/projects/unitree_sdk2_ws/install/unitree_api/share/unitree_api/msg/dds_connext/Response_.idl\n'}
[11.492533] (unitree_go) StdoutLine: {'line': b'[ 83%] \x1b[32mBuilding CXX object CMakeFiles/unitree_go__rosidl_typesupport_fastrtps_c.dir/rosidl_typesupport_fastrtps_c/unitree_go/msg/detail/time_spec__type_support_c.cpp.o\x1b[0m\n'}
[11.495613] (unitree_go) StdoutLine: {'line': b'[ 83%] \x1b[32mBuilding CXX object CMakeFiles/unitree_go__rosidl_typesupport_fastrtps_c.dir/rosidl_typesupport_fastrtps_c/unitree_go/msg/detail/uwb_state__type_support_c.cpp.o\x1b[0m\n'}
[11.502998] (unitree_api) StdoutLine: {'line': b'-- Symlinking: /home/jason/projects/unitree_sdk2_ws/install/unitree_api/share/ament_index/resource_index/package_run_dependencies/unitree_api\n'}
[11.520312] (unitree_api) StdoutLine: {'line': b'-- Symlinking: /home/jason/projects/unitree_sdk2_ws/install/unitree_api/share/ament_index/resource_index/parent_prefix_path/unitree_api\n'}
[11.534906] (unitree_api) StdoutLine: {'line': b'-- Symlinking: /home/jason/projects/unitree_sdk2_ws/install/unitree_api/share/unitree_api/environment/ament_prefix_path.sh\n'}
[11.549895] (unitree_api) StdoutLine: {'line': b'-- Symlinking: /home/jason/projects/unitree_sdk2_ws/install/unitree_api/share/unitree_api/environment/ament_prefix_path.dsv\n'}
[11.562750] (unitree_hg) StdoutLine: {'line': b'[ 98%] \x1b[32m\x1b[1mLinking C shared library rosidl_generator_py/unitree_hg/unitree_hg_s__rosidl_typesupport_introspection_c.cpython-310-x86_64-linux-gnu.so\x1b[0m\n'}
[11.562907] (unitree_api) StdoutLine: {'line': b'-- Symlinking: /home/jason/projects/unitree_sdk2_ws/install/unitree_api/share/unitree_api/environment/path.sh\n'}
[11.563728] (-) TimerEvent: {}
[11.565804] (unitree_go) StdoutLine: {'line': b'[ 84%] \x1b[32mBuilding CXX object CMakeFiles/unitree_go__rosidl_typesupport_fastrtps_c.dir/rosidl_typesupport_fastrtps_c/unitree_go/msg/detail/uwb_switch__type_support_c.cpp.o\x1b[0m\n'}
[11.580905] (unitree_api) StdoutLine: {'line': b'-- Symlinking: /home/jason/projects/unitree_sdk2_ws/install/unitree_api/share/unitree_api/environment/path.dsv\n'}
[11.586449] (unitree_hg) StdoutLine: {'line': b'[ 99%] \x1b[32m\x1b[1mLinking C shared library rosidl_generator_py/unitree_hg/unitree_hg_s__rosidl_typesupport_fastrtps_c.cpython-310-x86_64-linux-gnu.so\x1b[0m\n'}
[11.592519] (unitree_hg) StdoutLine: {'line': b'[100%] \x1b[32m\x1b[1mLinking C shared library rosidl_generator_py/unitree_hg/unitree_hg_s__rosidl_typesupport_c.cpython-310-x86_64-linux-gnu.so\x1b[0m\n'}
[11.593970] (unitree_api) StdoutLine: {'line': b'-- Symlinking: /home/jason/projects/unitree_sdk2_ws/install/unitree_api/share/unitree_api/local_setup.bash\n'}
[11.608035] (unitree_api) StdoutLine: {'line': b'-- Symlinking: /home/jason/projects/unitree_sdk2_ws/install/unitree_api/share/unitree_api/local_setup.sh\n'}
[11.616452] (unitree_sdk2) StdoutLine: {'line': b'[ 74%] \x1b[32m\x1b[1mLinking CXX executable ../../bin/go2_low_level\x1b[0m\n'}
[11.616619] (unitree_api) StdoutLine: {'line': b'-- Symlinking: /home/jason/projects/unitree_sdk2_ws/install/unitree_api/share/unitree_api/local_setup.zsh\n'}
[11.627185] (unitree_api) StdoutLine: {'line': b'-- Symlinking: /home/jason/projects/unitree_sdk2_ws/install/unitree_api/share/unitree_api/local_setup.dsv\n'}
[11.639859] (unitree_api) StdoutLine: {'line': b'-- Symlinking: /home/jason/projects/unitree_sdk2_ws/install/unitree_api/share/unitree_api/package.dsv\n'}
[11.650772] (unitree_api) StdoutLine: {'line': b'-- Symlinking: /home/jason/projects/unitree_sdk2_ws/install/unitree_api/share/ament_index/resource_index/packages/unitree_api\n'}
[11.651349] (unitree_hg) StdoutLine: {'line': b'[100%] Built target unitree_hg__rosidl_typesupport_c__pyext\n'}
[11.651451] (unitree_hg) StdoutLine: {'line': b'[100%] Built target unitree_hg__rosidl_typesupport_fastrtps_c__pyext\n'}
[11.652273] (unitree_hg) StdoutLine: {'line': b'[100%] Built target unitree_hg__rosidl_typesupport_introspection_c__pyext\n'}
[11.663841] (-) TimerEvent: {}
[11.665919] (unitree_api) StdoutLine: {'line': b'-- Symlinking: /home/jason/projects/unitree_sdk2_ws/install/unitree_api/share/unitree_api/cmake/rosidl_cmake-extras.cmake\n'}
[11.688082] (unitree_api) StdoutLine: {'line': b'-- Symlinking: /home/jason/projects/unitree_sdk2_ws/install/unitree_api/share/unitree_api/cmake/ament_cmake_export_dependencies-extras.cmake\n'}
[11.697804] (unitree_hg) CommandEnded: {'returncode': 0}
[11.698295] (unitree_hg) JobProgress: {'identifier': 'unitree_hg', 'progress': 'install'}
[11.698553] (unitree_hg) Command: {'cmd': ['/usr/bin/cmake', '--install', '/home/jason/projects/unitree_sdk2_ws/build/unitree_hg'], 'cwd': '/home/jason/projects/unitree_sdk2_ws/build/unitree_hg', 'env': OrderedDict([('LESSOPEN', '| /usr/bin/lesspipe %s'), ('USER', 'jason'), ('XDG_SESSION_TYPE', 'wayland'), ('SHLVL', '1'), ('LD_LIBRARY_PATH', '/home/jason/projects/unitree_sdk2_ws/install/unitree_sdk2/lib:/home/jason/projects/unitree_sdk2_ws/install/unitree_hg/lib:/home/jason/projects/unitree_sdk2_ws/install/unitree_go/lib:/home/jason/projects/unitree_sdk2_ws/install/unitree_api/lib:/opt/ros/humble/opt/rviz_ogre_vendor/lib:/opt/ros/humble/lib/x86_64-linux-gnu:/opt/ros/humble/lib'), ('HOME', '/home/jason'), ('OLDPWD', '/home/jason/projects/unitree_sdk2_ws'), ('DESKTOP_SESSION', 'ubuntu'), ('ROS_PYTHON_VERSION', '3'), ('GNOME_SHELL_SESSION_MODE', 'ubuntu'), ('GTK_MODULES', 'gail:atk-bridge'), ('SYSTEMD_EXEC_PID', '1804'), ('DBUS_SESSION_BUS_ADDRESS', 'unix:path=/run/user/1000/bus'), ('COLORTERM', 'truecolor'), ('IM_CONFIG_PHASE', '1'), ('WAYLAND_DISPLAY', 'wayland-0'), ('COLCON_PREFIX_PATH', '/home/jason/projects/unitree_sdk2_ws/install'), ('ROS_DISTRO', 'humble'), ('LOGNAME', 'jason'), ('_', '/usr/bin/colcon'), ('ROS_VERSION', '2'), ('XDG_SESSION_CLASS', 'user'), ('USERNAME', 'jason'), ('TERM', 'xterm-256color'), ('GNOME_DESKTOP_SESSION_ID', 'this-is-deprecated'), ('ROS_LOCALHOST_ONLY', '0'), ('PATH', '/home/jason/.local/bin:/opt/ros/humble/bin:/usr/local/sbin:/usr/local/bin:/usr/sbin:/usr/bin:/sbin:/bin:/usr/games:/usr/local/games:/snap/bin:/snap/bin'), ('SESSION_MANAGER', 'local/jasonabichebli:@/tmp/.ICE-unix/1771,unix/jasonabichebli:/tmp/.ICE-unix/1771'), ('XDG_MENU_PREFIX', 'gnome-'), ('GNOME_TERMINAL_SCREEN', '/org/gnome/Terminal/screen/0b597454_0566_460c_8a5d_2466510f845d'), ('GNOME_SETUP_DISPLAY', ':1'), ('XDG_RUNTIME_DIR', '/run/user/1000'), ('DISPLAY', ':0'), ('LANG', 'en_US.UTF-8'), ('XDG_CURRENT_DESKTOP', 'ubuntu:GNOME'), ('XMODIFIERS', '@im=ibus'), ('XDG_SESSION_DESKTOP', 'ubuntu'), ('XAUTHORITY', '/run/user/1000/.mutter-Xwaylandauth.GN6TD3'), ('LS_COLORS', 'rs=0:di=01;34:ln=01;36:mh=00:pi=40;33:so=01;35:do=01;35:bd=40;33;01:cd=40;33;01:or=40;31;01:mi=00:su=37;41:sg=30;43:ca=30;41:tw=30;42:ow=34;42:st=37;44:ex=01;32:*.tar=01;31:*.tgz=01;31:*.arc=01;31:*.arj=01;31:*.taz=01;31:*.lha=01;31:*.lz4=01;31:*.lzh=01;31:*.lzma=01;31:*.tlz=01;31:*.txz=01;31:*.tzo=01;31:*.t7z=01;31:*.zip=01;31:*.z=01;31:*.dz=01;31:*.gz=01;31:*.lrz=01;31:*.lz=01;31:*.lzo=01;31:*.xz=01;31:*.zst=01;31:*.tzst=01;31:*.bz2=01;31:*.bz=01;31:*.tbz=01;31:*.tbz2=01;31:*.tz=01;31:*.deb=01;31:*.rpm=01;31:*.jar=01;31:*.war=01;31:*.ear=01;31:*.sar=01;31:*.rar=01;31:*.alz=01;31:*.ace=01;31:*.zoo=01;31:*.cpio=01;31:*.7z=01;31:*.rz=01;31:*.cab=01;31:*.wim=01;31:*.swm=01;31:*.dwm=01;31:*.esd=01;31:*.jpg=01;35:*.jpeg=01;35:*.mjpg=01;35:*.mjpeg=01;35:*.gif=01;35:*.bmp=01;35:*.pbm=01;35:*.pgm=01;35:*.ppm=01;35:*.tga=01;35:*.xbm=01;35:*.xpm=01;35:*.tif=01;35:*.tiff=01;35:*.png=01;35:*.svg=01;35:*.svgz=01;35:*.mng=01;35:*.pcx=01;35:*.mov=01;35:*.mpg=01;35:*.mpeg=01;35:*.m2v=01;35:*.mkv=01;35:*.webm=01;35:*.webp=01;35:*.ogm=01;35:*.mp4=01;35:*.m4v=01;35:*.mp4v=01;35:*.vob=01;35:*.qt=01;35:*.nuv=01;35:*.wmv=01;35:*.asf=01;35:*.rm=01;35:*.rmvb=01;35:*.flc=01;35:*.avi=01;35:*.fli=01;35:*.flv=01;35:*.gl=01;35:*.dl=01;35:*.xcf=01;35:*.xwd=01;35:*.yuv=01;35:*.cgm=01;35:*.emf=01;35:*.ogv=01;35:*.ogx=01;35:*.aac=00;36:*.au=00;36:*.flac=00;36:*.m4a=00;36:*.mid=00;36:*.midi=00;36:*.mka=00;36:*.mp3=00;36:*.mpc=00;36:*.ogg=00;36:*.ra=00;36:*.wav=00;36:*.oga=00;36:*.opus=00;36:*.spx=00;36:*.xspf=00;36:'), ('GNOME_TERMINAL_SERVICE', ':1.198'), ('SSH_AGENT_LAUNCHER', 'gnome-keyring'), ('SSH_AUTH_SOCK', '/run/user/1000/keyring/ssh'), ('AMENT_PREFIX_PATH', '/opt/ros/humble'), ('SHELL', '/bin/bash'), ('QT_ACCESSIBILITY', '1'), ('GDMSESSION', 'ubuntu'), ('LESSCLOSE', '/usr/bin/lesspipe %s %s'), ('QT_IM_MODULE', 'ibus'), ('PWD', '/home/jason/projects/unitree_sdk2_ws/build/unitree_hg'), ('XDG_CONFIG_DIRS', '/etc/xdg/xdg-ubuntu:/etc/xdg'), ('XDG_DATA_DIRS', '/usr/share/ubuntu:/usr/local/share/:/usr/share/:/var/lib/snapd/desktop'), ('PYTHONPATH', '/opt/ros/humble/lib/python3.10/site-packages:/opt/ros/humble/local/lib/python3.10/dist-packages'), ('COLCON', '1'), ('VTE_VERSION', '6800'), ('CMAKE_PREFIX_PATH', '/home/jason/projects/unitree_sdk2_ws/install/unitree_sdk2:/home/jason/projects/unitree_sdk2_ws/install/unitree_ros2_example:/home/jason/projects/unitree_sdk2_ws/install/unitree_hg:/home/jason/projects/unitree_sdk2_ws/install/unitree_go:/home/jason/projects/unitree_sdk2_ws/install/unitree_api:/opt/ros/humble')]), 'shell': False}
[11.703235] (unitree_go) StdoutLine: {'line': b'[ 84%] \x1b[32mBuilding CXX object CMakeFiles/unitree_go__rosidl_typesupport_fastrtps_c.dir/rosidl_typesupport_fastrtps_c/unitree_go/msg/detail/wireless_controller__type_support_c.cpp.o\x1b[0m\n'}
[11.706504] (unitree_api) StdoutLine: {'line': b'-- Symlinking: /home/jason/projects/unitree_sdk2_ws/install/unitree_api/share/unitree_api/cmake/ament_cmake_export_include_directories-extras.cmake\n'}
[11.716110] (unitree_hg) StdoutLine: {'line': b'-- Install configuration: ""\n'}
[11.717706] (unitree_hg) StdoutLine: {'line': b'-- Execute custom install script\n'}
[11.717950] (unitree_hg) StdoutLine: {'line': b'-- Symlinking: /home/jason/projects/unitree_sdk2_ws/install/unitree_hg/share/ament_index/resource_index/rosidl_interfaces/unitree_hg\n'}
[11.724923] (unitree_api) StdoutLine: {'line': b'-- Symlinking: /home/jason/projects/unitree_sdk2_ws/install/unitree_api/share/unitree_api/cmake/ament_cmake_export_libraries-extras.cmake\n'}
[11.736463] (unitree_hg) StdoutLine: {'line': b'-- Symlinking: /home/jason/projects/unitree_sdk2_ws/install/unitree_hg/include/unitree_hg/unitree_hg/msg/bms_cmd.h\n'}
[11.738208] (unitree_api) StdoutLine: {'line': b'-- Symlinking: /home/jason/projects/unitree_sdk2_ws/install/unitree_api/share/unitree_api/cmake/ament_cmake_export_targets-extras.cmake\n'}
[11.743286] (unitree_hg) StdoutLine: {'line': b'-- Symlinking: /home/jason/projects/unitree_sdk2_ws/install/unitree_hg/include/unitree_hg/unitree_hg/msg/bms_state.h\n'}
[11.750527] (unitree_api) StdoutLine: {'line': b'-- Symlinking: /home/jason/projects/unitree_sdk2_ws/install/unitree_api/share/unitree_api/cmake/rosidl_cmake_export_typesupport_targets-extras.cmake\n'}
[11.758388] (unitree_hg) StdoutLine: {'line': b'-- Symlinking: /home/jason/projects/unitree_sdk2_ws/install/unitree_hg/include/unitree_hg/unitree_hg/msg/detail/bms_cmd__functions.h\n'}
[11.760389] (unitree_api) StdoutLine: {'line': b'-- Symlinking: /home/jason/projects/unitree_sdk2_ws/install/unitree_api/share/unitree_api/cmake/rosidl_cmake_export_typesupport_libraries-extras.cmake\n'}
[11.763944] (-) TimerEvent: {}
[11.774424] (unitree_hg) StdoutLine: {'line': b'-- Symlinking: /home/jason/projects/unitree_sdk2_ws/install/unitree_hg/include/unitree_hg/unitree_hg/msg/detail/bms_cmd__struct.h\n'}
[11.775844] (unitree_api) StdoutLine: {'line': b'-- Symlinking: /home/jason/projects/unitree_sdk2_ws/install/unitree_api/share/unitree_api/cmake/unitree_apiConfig.cmake\n'}
[11.785459] (unitree_hg) StdoutLine: {'line': b'-- Symlinking: /home/jason/projects/unitree_sdk2_ws/install/unitree_hg/include/unitree_hg/unitree_hg/msg/detail/bms_cmd__type_support.h\n'}
[11.793465] (unitree_api) StdoutLine: {'line': b'-- Symlinking: /home/jason/projects/unitree_sdk2_ws/install/unitree_api/share/unitree_api/cmake/unitree_apiConfig-version.cmake\n'}
[11.800467] (unitree_hg) StdoutLine: {'line': b'-- Symlinking: /home/jason/projects/unitree_sdk2_ws/install/unitree_hg/include/unitree_hg/unitree_hg/msg/detail/bms_state__functions.h\n'}
[11.810051] (unitree_api) StdoutLine: {'line': b'-- Symlinking: /home/jason/projects/unitree_sdk2_ws/install/unitree_api/share/unitree_api/package.xml\n'}
[11.812767] (unitree_hg) StdoutLine: {'line': b'-- Symlinking: /home/jason/projects/unitree_sdk2_ws/install/unitree_hg/include/unitree_hg/unitree_hg/msg/detail/bms_state__struct.h\n'}
[11.823511] (unitree_api) StdoutLine: {'line': b'-- Installing: /home/jason/projects/unitree_sdk2_ws/install/unitree_api/lib/libunitree_api__rosidl_generator_c.so\n'}
[11.823705] (unitree_api) StdoutLine: {'line': b'-- Set runtime path of "/home/jason/projects/unitree_sdk2_ws/install/unitree_api/lib/libunitree_api__rosidl_generator_c.so" to ""\n'}
[11.823770] (unitree_api) StdoutLine: {'line': b'-- Installing: /home/jason/projects/unitree_sdk2_ws/install/unitree_api/lib/libunitree_api__rosidl_typesupport_fastrtps_c.so\n'}
[11.823932] (unitree_api) StdoutLine: {'line': b'-- Set runtime path of "/home/jason/projects/unitree_sdk2_ws/install/unitree_api/lib/libunitree_api__rosidl_typesupport_fastrtps_c.so" to ""\n'}
[11.823978] (unitree_api) StdoutLine: {'line': b'-- Installing: /home/jason/projects/unitree_sdk2_ws/install/unitree_api/lib/libunitree_api__rosidl_typesupport_fastrtps_cpp.so\n'}
[11.824194] (unitree_api) StdoutLine: {'line': b'-- Set runtime path of "/home/jason/projects/unitree_sdk2_ws/install/unitree_api/lib/libunitree_api__rosidl_typesupport_fastrtps_cpp.so" to ""\n'}
[11.824234] (unitree_api) StdoutLine: {'line': b'-- Installing: /home/jason/projects/unitree_sdk2_ws/install/unitree_api/lib/libunitree_api__rosidl_typesupport_introspection_c.so\n'}
[11.824407] (unitree_api) StdoutLine: {'line': b'-- Set runtime path of "/home/jason/projects/unitree_sdk2_ws/install/unitree_api/lib/libunitree_api__rosidl_typesupport_introspection_c.so" to ""\n'}
[11.824467] (unitree_api) StdoutLine: {'line': b'-- Installing: /home/jason/projects/unitree_sdk2_ws/install/unitree_api/lib/libunitree_api__rosidl_typesupport_c.so\n'}
[11.824594] (unitree_api) StdoutLine: {'line': b'-- Set runtime path of "/home/jason/projects/unitree_sdk2_ws/install/unitree_api/lib/libunitree_api__rosidl_typesupport_c.so" to ""\n'}
[11.824640] (unitree_api) StdoutLine: {'line': b'-- Installing: /home/jason/projects/unitree_sdk2_ws/install/unitree_api/lib/libunitree_api__rosidl_typesupport_introspection_cpp.so\n'}
[11.825461] (unitree_api) StdoutLine: {'line': b'-- Set runtime path of "/home/jason/projects/unitree_sdk2_ws/install/unitree_api/lib/libunitree_api__rosidl_typesupport_introspection_cpp.so" to ""\n'}
[11.825532] (unitree_api) StdoutLine: {'line': b'-- Installing: /home/jason/projects/unitree_sdk2_ws/install/unitree_api/lib/libunitree_api__rosidl_typesupport_cpp.so\n'}
[11.825736] (unitree_api) StdoutLine: {'line': b'-- Set runtime path of "/home/jason/projects/unitree_sdk2_ws/install/unitree_api/lib/libunitree_api__rosidl_typesupport_cpp.so" to ""\n'}
[11.829905] (unitree_hg) StdoutLine: {'line': b'-- Symlinking: /home/jason/projects/unitree_sdk2_ws/install/unitree_hg/include/unitree_hg/unitree_hg/msg/detail/bms_state__type_support.h\n'}
[11.835516] (unitree_go) StdoutLine: {'line': b'[ 85%] \x1b[32m\x1b[1mLinking CXX shared library libunitree_go__rosidl_typesupport_fastrtps_cpp.so\x1b[0m\n'}
[11.849734] (unitree_hg) StdoutLine: {'line': b'-- Symlinking: /home/jason/projects/unitree_sdk2_ws/install/unitree_hg/include/unitree_hg/unitree_hg/msg/detail/hand_cmd__functions.h\n'}
[11.863531] (unitree_hg) StdoutLine: {'line': b'-- Symlinking: /home/jason/projects/unitree_sdk2_ws/install/unitree_hg/include/unitree_hg/unitree_hg/msg/detail/hand_cmd__struct.h\n'}
[11.864004] (-) TimerEvent: {}
[11.878528] (unitree_api) StdoutLine: {'line': b"Listing '/home/jason/projects/unitree_sdk2_ws/install/unitree_api/local/lib/python3.10/dist-packages/unitree_api'...\n"}
[11.878677] (unitree_api) StdoutLine: {'line': b"Compiling '/home/jason/projects/unitree_sdk2_ws/install/unitree_api/local/lib/python3.10/dist-packages/unitree_api/__init__.py'...\n"}
[11.878707] (unitree_api) StdoutLine: {'line': b"Listing '/home/jason/projects/unitree_sdk2_ws/install/unitree_api/local/lib/python3.10/dist-packages/unitree_api/msg'...\n"}
[11.878731] (unitree_api) StdoutLine: {'line': b"Compiling '/home/jason/projects/unitree_sdk2_ws/install/unitree_api/local/lib/python3.10/dist-packages/unitree_api/msg/__init__.py'...\n"}
[11.878752] (unitree_api) StdoutLine: {'line': b"Compiling '/home/jason/projects/unitree_sdk2_ws/install/unitree_api/local/lib/python3.10/dist-packages/unitree_api/msg/_request.py'...\n"}
[11.878772] (unitree_api) StdoutLine: {'line': b"Compiling '/home/jason/projects/unitree_sdk2_ws/install/unitree_api/local/lib/python3.10/dist-packages/unitree_api/msg/_request_header.py'...\n"}
[11.878791] (unitree_api) StdoutLine: {'line': b"Compiling '/home/jason/projects/unitree_sdk2_ws/install/unitree_api/local/lib/python3.10/dist-packages/unitree_api/msg/_request_identity.py'...\n"}
[11.878809] (unitree_api) StdoutLine: {'line': b"Compiling '/home/jason/projects/unitree_sdk2_ws/install/unitree_api/local/lib/python3.10/dist-packages/unitree_api/msg/_request_lease.py'...\n"}
[11.878827] (unitree_api) StdoutLine: {'line': b"Compiling '/home/jason/projects/unitree_sdk2_ws/install/unitree_api/local/lib/python3.10/dist-packages/unitree_api/msg/_request_policy.py'...\n"}
[11.878845] (unitree_api) StdoutLine: {'line': b"Compiling '/home/jason/projects/unitree_sdk2_ws/install/unitree_api/local/lib/python3.10/dist-packages/unitree_api/msg/_response.py'...\n"}
[11.878864] (unitree_api) StdoutLine: {'line': b"Compiling '/home/jason/projects/unitree_sdk2_ws/install/unitree_api/local/lib/python3.10/dist-packages/unitree_api/msg/_response_header.py'...\n"}
[11.878883] (unitree_api) StdoutLine: {'line': b"Compiling '/home/jason/projects/unitree_sdk2_ws/install/unitree_api/local/lib/python3.10/dist-packages/unitree_api/msg/_response_status.py'...\n"}
[11.881507] (unitree_hg) StdoutLine: {'line': b'-- Symlinking: /home/jason/projects/unitree_sdk2_ws/install/unitree_hg/include/unitree_hg/unitree_hg/msg/detail/hand_cmd__type_support.h\n'}
[11.895820] (unitree_api) StdoutLine: {'line': b'-- Installing: /home/jason/projects/unitree_sdk2_ws/install/unitree_api/lib/libunitree_api__rosidl_generator_py.so\n'}
[11.895981] (unitree_hg) StdoutLine: {'line': b'-- Symlinking: /home/jason/projects/unitree_sdk2_ws/install/unitree_hg/include/unitree_hg/unitree_hg/msg/detail/hand_state__functions.h\n'}
[11.896350] (unitree_api) StdoutLine: {'line': b'-- Set runtime path of "/home/jason/projects/unitree_sdk2_ws/install/unitree_api/lib/libunitree_api__rosidl_generator_py.so" to ""\n'}
[11.896525] (unitree_api) StdoutLine: {'line': b'-- Installing: /home/jason/projects/unitree_sdk2_ws/install/unitree_api/share/unitree_api/cmake/export_unitree_api__rosidl_generator_cExport.cmake\n'}
[11.897708] (unitree_api) StdoutLine: {'line': b'-- Installing: /home/jason/projects/unitree_sdk2_ws/install/unitree_api/share/unitree_api/cmake/export_unitree_api__rosidl_generator_cExport-noconfig.cmake\n'}
[11.897806] (unitree_api) StdoutLine: {'line': b'-- Installing: /home/jason/projects/unitree_sdk2_ws/install/unitree_api/share/unitree_api/cmake/export_unitree_api__rosidl_typesupport_fastrtps_cExport.cmake\n'}
[11.897836] (unitree_api) StdoutLine: {'line': b'-- Installing: /home/jason/projects/unitree_sdk2_ws/install/unitree_api/share/unitree_api/cmake/export_unitree_api__rosidl_typesupport_fastrtps_cExport-noconfig.cmake\n'}
[11.897864] (unitree_api) StdoutLine: {'line': b'-- Installing: /home/jason/projects/unitree_sdk2_ws/install/unitree_api/share/unitree_api/cmake/export_unitree_api__rosidl_generator_cppExport.cmake\n'}
[11.897890] (unitree_api) StdoutLine: {'line': b'-- Installing: /home/jason/projects/unitree_sdk2_ws/install/unitree_api/share/unitree_api/cmake/export_unitree_api__rosidl_typesupport_fastrtps_cppExport.cmake\n'}
[11.897924] (unitree_api) StdoutLine: {'line': b'-- Installing: /home/jason/projects/unitree_sdk2_ws/install/unitree_api/share/unitree_api/cmake/export_unitree_api__rosidl_typesupport_fastrtps_cppExport-noconfig.cmake\n'}
[11.897951] (unitree_api) StdoutLine: {'line': b'-- Installing: /home/jason/projects/unitree_sdk2_ws/install/unitree_api/share/unitree_api/cmake/unitree_api__rosidl_typesupport_introspection_cExport.cmake\n'}
[11.897977] (unitree_api) StdoutLine: {'line': b'-- Installing: /home/jason/projects/unitree_sdk2_ws/install/unitree_api/share/unitree_api/cmake/unitree_api__rosidl_typesupport_introspection_cExport-noconfig.cmake\n'}
[11.898003] (unitree_api) StdoutLine: {'line': b'-- Installing: /home/jason/projects/unitree_sdk2_ws/install/unitree_api/share/unitree_api/cmake/unitree_api__rosidl_typesupport_cExport.cmake\n'}
[11.898030] (unitree_api) StdoutLine: {'line': b'-- Installing: /home/jason/projects/unitree_sdk2_ws/install/unitree_api/share/unitree_api/cmake/unitree_api__rosidl_typesupport_cExport-noconfig.cmake\n'}
[11.898056] (unitree_api) StdoutLine: {'line': b'-- Installing: /home/jason/projects/unitree_sdk2_ws/install/unitree_api/share/unitree_api/cmake/unitree_api__rosidl_typesupport_introspection_cppExport.cmake\n'}
[11.898083] (unitree_api) StdoutLine: {'line': b'-- Installing: /home/jason/projects/unitree_sdk2_ws/install/unitree_api/share/unitree_api/cmake/unitree_api__rosidl_typesupport_introspection_cppExport-noconfig.cmake\n'}
[11.898153] (unitree_api) StdoutLine: {'line': b'-- Installing: /home/jason/projects/unitree_sdk2_ws/install/unitree_api/share/unitree_api/cmake/unitree_api__rosidl_typesupport_cppExport.cmake\n'}
[11.898379] (unitree_api) StdoutLine: {'line': b'-- Installing: /home/jason/projects/unitree_sdk2_ws/install/unitree_api/share/unitree_api/cmake/unitree_api__rosidl_typesupport_cppExport-noconfig.cmake\n'}
[11.904283] (unitree_api) StdoutLine: {'line': b'-- Installing: /home/jason/projects/unitree_sdk2_ws/install/unitree_api/share/unitree_api/cmake/export_unitree_api__rosidl_generator_pyExport.cmake\n'}
[11.904528] (unitree_api) StdoutLine: {'line': b'-- Installing: /home/jason/projects/unitree_sdk2_ws/install/unitree_api/share/unitree_api/cmake/export_unitree_api__rosidl_generator_pyExport-noconfig.cmake\n'}
[11.905081] (unitree_api) CommandEnded: {'returncode': 0}
[11.911572] (unitree_hg) StdoutLine: {'line': b'-- Symlinking: /home/jason/projects/unitree_sdk2_ws/install/unitree_hg/include/unitree_hg/unitree_hg/msg/detail/hand_state__struct.h\n'}
[11.926688] (unitree_hg) StdoutLine: {'line': b'-- Symlinking: /home/jason/projects/unitree_sdk2_ws/install/unitree_hg/include/unitree_hg/unitree_hg/msg/detail/hand_state__type_support.h\n'}
[11.931280] (unitree_api) JobEnded: {'identifier': 'unitree_api', 'rc': 0}
[11.936682] (unitree_hg) StdoutLine: {'line': b'-- Symlinking: /home/jason/projects/unitree_sdk2_ws/install/unitree_hg/include/unitree_hg/unitree_hg/msg/detail/imu_state__functions.h\n'}
[11.953460] (unitree_hg) StdoutLine: {'line': b'-- Symlinking: /home/jason/projects/unitree_sdk2_ws/install/unitree_hg/include/unitree_hg/unitree_hg/msg/detail/imu_state__struct.h\n'}
[11.963319] (unitree_sdk2) StdoutLine: {'line': b'[ 74%] Built target go2_low_level\n'}
[11.964079] (-) TimerEvent: {}
[11.964231] (unitree_hg) StdoutLine: {'line': b'-- Symlinking: /home/jason/projects/unitree_sdk2_ws/install/unitree_hg/include/unitree_hg/unitree_hg/msg/detail/imu_state__type_support.h\n'}
[11.964511] (unitree_go) StdoutLine: {'line': b'[ 85%] Built target unitree_go__rosidl_typesupport_fastrtps_cpp\n'}
[11.971466] (unitree_go) StdoutLine: {'line': b'[ 86%] \x1b[32m\x1b[1mLinking CXX shared library libunitree_go__rosidl_typesupport_introspection_cpp.so\x1b[0m\n'}
[11.978462] (unitree_hg) StdoutLine: {'line': b'-- Symlinking: /home/jason/projects/unitree_sdk2_ws/install/unitree_hg/include/unitree_hg/unitree_hg/msg/detail/low_cmd__functions.h\n'}
[11.993259] (unitree_hg) StdoutLine: {'line': b'-- Symlinking: /home/jason/projects/unitree_sdk2_ws/install/unitree_hg/include/unitree_hg/unitree_hg/msg/detail/low_cmd__struct.h\n'}
[12.001519] (unitree_sdk2) StdoutLine: {'line': b'[ 75%] \x1b[32mBuilding CXX object example/b2w/CMakeFiles/b2w_stand_example.dir/b2w_stand_example.cpp.o\x1b[0m\n'}
[12.009459] (unitree_hg) StdoutLine: {'line': b'-- Symlinking: /home/jason/projects/unitree_sdk2_ws/install/unitree_hg/include/unitree_hg/unitree_hg/msg/detail/low_cmd__type_support.h\n'}
[12.015250] (unitree_hg) StdoutLine: {'line': b'-- Symlinking: /home/jason/projects/unitree_sdk2_ws/install/unitree_hg/include/unitree_hg/unitree_hg/msg/detail/low_state__functions.h\n'}
[12.023021] (unitree_hg) StdoutLine: {'line': b'-- Symlinking: /home/jason/projects/unitree_sdk2_ws/install/unitree_hg/include/unitree_hg/unitree_hg/msg/detail/low_state__struct.h\n'}
[12.030315] (unitree_hg) StdoutLine: {'line': b'-- Symlinking: /home/jason/projects/unitree_sdk2_ws/install/unitree_hg/include/unitree_hg/unitree_hg/msg/detail/low_state__type_support.h\n'}
[12.040088] (unitree_hg) StdoutLine: {'line': b'-- Symlinking: /home/jason/projects/unitree_sdk2_ws/install/unitree_hg/include/unitree_hg/unitree_hg/msg/detail/main_board_state__functions.h\n'}
[12.045076] (unitree_hg) StdoutLine: {'line': b'-- Symlinking: /home/jason/projects/unitree_sdk2_ws/install/unitree_hg/include/unitree_hg/unitree_hg/msg/detail/main_board_state__struct.h\n'}
[12.052288] (unitree_hg) StdoutLine: {'line': b'-- Symlinking: /home/jason/projects/unitree_sdk2_ws/install/unitree_hg/include/unitree_hg/unitree_hg/msg/detail/main_board_state__type_support.h\n'}
[12.059868] (unitree_hg) StdoutLine: {'line': b'-- Symlinking: /home/jason/projects/unitree_sdk2_ws/install/unitree_hg/include/unitree_hg/unitree_hg/msg/detail/motor_cmd__functions.h\n'}
[12.064192] (-) TimerEvent: {}
[12.068500] (unitree_hg) StdoutLine: {'line': b'-- Symlinking: /home/jason/projects/unitree_sdk2_ws/install/unitree_hg/include/unitree_hg/unitree_hg/msg/detail/motor_cmd__struct.h\n'}
[12.081212] (unitree_hg) StdoutLine: {'line': b'-- Symlinking: /home/jason/projects/unitree_sdk2_ws/install/unitree_hg/include/unitree_hg/unitree_hg/msg/detail/motor_cmd__type_support.h\n'}
[12.094105] (unitree_hg) StdoutLine: {'line': b'-- Symlinking: /home/jason/projects/unitree_sdk2_ws/install/unitree_hg/include/unitree_hg/unitree_hg/msg/detail/motor_state__functions.h\n'}
[12.105962] (unitree_hg) StdoutLine: {'line': b'-- Symlinking: /home/jason/projects/unitree_sdk2_ws/install/unitree_hg/include/unitree_hg/unitree_hg/msg/detail/motor_state__struct.h\n'}
[12.138443] (unitree_hg) StdoutLine: {'line': b'-- Symlinking: /home/jason/projects/unitree_sdk2_ws/install/unitree_hg/include/unitree_hg/unitree_hg/msg/detail/motor_state__type_support.h\n'}
[12.149073] (unitree_hg) StdoutLine: {'line': b'-- Symlinking: /home/jason/projects/unitree_sdk2_ws/install/unitree_hg/include/unitree_hg/unitree_hg/msg/detail/press_sensor_state__functions.h\n'}
[12.163539] (unitree_hg) StdoutLine: {'line': b'-- Symlinking: /home/jason/projects/unitree_sdk2_ws/install/unitree_hg/include/unitree_hg/unitree_hg/msg/detail/press_sensor_state__struct.h\n'}
[12.164250] (-) TimerEvent: {}
[12.171792] (unitree_go) StdoutLine: {'line': b'[ 86%] Built target unitree_go__rosidl_typesupport_introspection_cpp\n'}
[12.179359] (unitree_hg) StdoutLine: {'line': b'-- Symlinking: /home/jason/projects/unitree_sdk2_ws/install/unitree_hg/include/unitree_hg/unitree_hg/msg/detail/press_sensor_state__type_support.h\n'}
[12.205986] (unitree_hg) StdoutLine: {'line': b'-- Symlinking: /home/jason/projects/unitree_sdk2_ws/install/unitree_hg/include/unitree_hg/unitree_hg/msg/hand_cmd.h\n'}
[12.220007] (unitree_hg) StdoutLine: {'line': b'-- Symlinking: /home/jason/projects/unitree_sdk2_ws/install/unitree_hg/include/unitree_hg/unitree_hg/msg/hand_state.h\n'}
[12.232256] (unitree_hg) StdoutLine: {'line': b'-- Symlinking: /home/jason/projects/unitree_sdk2_ws/install/unitree_hg/include/unitree_hg/unitree_hg/msg/imu_state.h\n'}
[12.244269] (unitree_hg) StdoutLine: {'line': b'-- Symlinking: /home/jason/projects/unitree_sdk2_ws/install/unitree_hg/include/unitree_hg/unitree_hg/msg/low_cmd.h\n'}
[12.256254] (unitree_hg) StdoutLine: {'line': b'-- Symlinking: /home/jason/projects/unitree_sdk2_ws/install/unitree_hg/include/unitree_hg/unitree_hg/msg/low_state.h\n'}
[12.264370] (-) TimerEvent: {}
[12.270432] (unitree_hg) StdoutLine: {'line': b'-- Symlinking: /home/jason/projects/unitree_sdk2_ws/install/unitree_hg/include/unitree_hg/unitree_hg/msg/main_board_state.h\n'}
[12.282391] (unitree_hg) StdoutLine: {'line': b'-- Symlinking: /home/jason/projects/unitree_sdk2_ws/install/unitree_hg/include/unitree_hg/unitree_hg/msg/motor_cmd.h\n'}
[12.308449] (unitree_hg) StdoutLine: {'line': b'-- Symlinking: /home/jason/projects/unitree_sdk2_ws/install/unitree_hg/include/unitree_hg/unitree_hg/msg/motor_state.h\n'}
[12.312532] (unitree_sdk2) StdoutLine: {'line': b'[ 77%] \x1b[32m\x1b[1mLinking CXX executable ../../bin/h1_2_arm_sdk_dds_example\x1b[0m\n'}
[12.318177] (unitree_hg) StdoutLine: {'line': b'-- Symlinking: /home/jason/projects/unitree_sdk2_ws/install/unitree_hg/include/unitree_hg/unitree_hg/msg/press_sensor_state.h\n'}
[12.326561] (unitree_hg) StdoutLine: {'line': b'-- Symlinking: /home/jason/projects/unitree_sdk2_ws/install/unitree_hg/include/unitree_hg/unitree_hg/msg/rosidl_generator_c__visibility_control.h\n'}
[12.334279] (unitree_hg) StdoutLine: {'line': b'-- Symlinking: /home/jason/projects/unitree_sdk2_ws/install/unitree_hg/share/unitree_hg/environment/library_path.sh\n'}
[12.341930] (unitree_hg) StdoutLine: {'line': b'-- Symlinking: /home/jason/projects/unitree_sdk2_ws/install/unitree_hg/share/unitree_hg/environment/library_path.dsv\n'}
[12.349688] (unitree_hg) StdoutLine: {'line': b'-- Symlinking: /home/jason/projects/unitree_sdk2_ws/install/unitree_hg/include/unitree_hg/unitree_hg/msg/detail/bms_cmd__rosidl_typesupport_fastrtps_c.h\n'}
[12.357444] (unitree_hg) StdoutLine: {'line': b'-- Symlinking: /home/jason/projects/unitree_sdk2_ws/install/unitree_hg/include/unitree_hg/unitree_hg/msg/detail/bms_state__rosidl_typesupport_fastrtps_c.h\n'}
[12.364469] (-) TimerEvent: {}
[12.365278] (unitree_hg) StdoutLine: {'line': b'-- Symlinking: /home/jason/projects/unitree_sdk2_ws/install/unitree_hg/include/unitree_hg/unitree_hg/msg/detail/hand_cmd__rosidl_typesupport_fastrtps_c.h\n'}
[12.379051] (unitree_hg) StdoutLine: {'line': b'-- Symlinking: /home/jason/projects/unitree_sdk2_ws/install/unitree_hg/include/unitree_hg/unitree_hg/msg/detail/hand_state__rosidl_typesupport_fastrtps_c.h\n'}
[12.382172] (unitree_go) StdoutLine: {'line': b'[ 87%] \x1b[32m\x1b[1mLinking CXX shared library libunitree_go__rosidl_typesupport_fastrtps_c.so\x1b[0m\n'}
[12.392871] (unitree_hg) StdoutLine: {'line': b'-- Symlinking: /home/jason/projects/unitree_sdk2_ws/install/unitree_hg/include/unitree_hg/unitree_hg/msg/detail/imu_state__rosidl_typesupport_fastrtps_c.h\n'}
[12.403131] (unitree_hg) StdoutLine: {'line': b'-- Symlinking: /home/jason/projects/unitree_sdk2_ws/install/unitree_hg/include/unitree_hg/unitree_hg/msg/detail/low_cmd__rosidl_typesupport_fastrtps_c.h\n'}
[12.410924] (unitree_hg) StdoutLine: {'line': b'-- Symlinking: /home/jason/projects/unitree_sdk2_ws/install/unitree_hg/include/unitree_hg/unitree_hg/msg/detail/low_state__rosidl_typesupport_fastrtps_c.h\n'}
[12.418683] (unitree_hg) StdoutLine: {'line': b'-- Symlinking: /home/jason/projects/unitree_sdk2_ws/install/unitree_hg/include/unitree_hg/unitree_hg/msg/detail/main_board_state__rosidl_typesupport_fastrtps_c.h\n'}
[12.429461] (unitree_hg) StdoutLine: {'line': b'-- Symlinking: /home/jason/projects/unitree_sdk2_ws/install/unitree_hg/include/unitree_hg/unitree_hg/msg/detail/motor_cmd__rosidl_typesupport_fastrtps_c.h\n'}
[12.433011] (unitree_hg) StdoutLine: {'line': b'-- Symlinking: /home/jason/projects/unitree_sdk2_ws/install/unitree_hg/include/unitree_hg/unitree_hg/msg/detail/motor_state__rosidl_typesupport_fastrtps_c.h\n'}
[12.438784] (unitree_sdk2) StdoutLine: {'line': b'[ 78%] \x1b[32m\x1b[1mLinking CXX executable ../../bin/h1_arm_sdk_dds_example\x1b[0m\n'}
[12.440511] (unitree_hg) StdoutLine: {'line': b'-- Symlinking: /home/jason/projects/unitree_sdk2_ws/install/unitree_hg/include/unitree_hg/unitree_hg/msg/detail/press_sensor_state__rosidl_typesupport_fastrtps_c.h\n'}
[12.453382] (unitree_hg) StdoutLine: {'line': b'-- Symlinking: /home/jason/projects/unitree_sdk2_ws/install/unitree_hg/include/unitree_hg/unitree_hg/msg/rosidl_typesupport_fastrtps_c__visibility_control.h\n'}
[12.464584] (-) TimerEvent: {}
[12.469538] (unitree_hg) StdoutLine: {'line': b'-- Symlinking: /home/jason/projects/unitree_sdk2_ws/install/unitree_hg/include/unitree_hg/unitree_hg/msg/bms_cmd.hpp\n'}
[12.483792] (unitree_hg) StdoutLine: {'line': b'-- Symlinking: /home/jason/projects/unitree_sdk2_ws/install/unitree_hg/include/unitree_hg/unitree_hg/msg/bms_state.hpp\n'}
[12.491161] (unitree_sdk2) StdoutLine: {'line': b'[ 80%] \x1b[32m\x1b[1mLinking CXX executable ../../bin/h1_2_ankle_track\x1b[0m\n'}
[12.496659] (unitree_hg) StdoutLine: {'line': b'-- Symlinking: /home/jason/projects/unitree_sdk2_ws/install/unitree_hg/include/unitree_hg/unitree_hg/msg/detail/bms_cmd__builder.hpp\n'}
[12.499898] (unitree_go) StdoutLine: {'line': b'[ 87%] Built target unitree_go__rosidl_typesupport_fastrtps_c\n'}
[12.507091] (unitree_hg) StdoutLine: {'line': b'-- Symlinking: /home/jason/projects/unitree_sdk2_ws/install/unitree_hg/include/unitree_hg/unitree_hg/msg/detail/bms_cmd__struct.hpp\n'}
[12.525017] (unitree_hg) StdoutLine: {'line': b'-- Symlinking: /home/jason/projects/unitree_sdk2_ws/install/unitree_hg/include/unitree_hg/unitree_hg/msg/detail/bms_cmd__traits.hpp\n'}
[12.530768] (unitree_sdk2) StdoutLine: {'line': b'[ 81%] \x1b[32m\x1b[1mLinking CXX executable ../../bin/g1_audio_client_example\x1b[0m\n'}
[12.540787] (unitree_hg) StdoutLine: {'line': b'-- Symlinking: /home/jason/projects/unitree_sdk2_ws/install/unitree_hg/include/unitree_hg/unitree_hg/msg/detail/bms_cmd__type_support.hpp\n'}
[12.551558] (unitree_sdk2) StdoutLine: {'line': b'[ 83%] \x1b[32m\x1b[1mLinking CXX executable ../../bin/g1_arm7_sdk_dds_example\x1b[0m\n'}
[12.561301] (unitree_go) StdoutLine: {'line': b'[ 87%] Built target unitree_go\n'}
[12.564780] (-) TimerEvent: {}
[12.567974] (unitree_hg) StdoutLine: {'line': b'-- Symlinking: /home/jason/projects/unitree_sdk2_ws/install/unitree_hg/include/unitree_hg/unitree_hg/msg/detail/bms_state__builder.hpp\n'}
[12.605127] (unitree_hg) StdoutLine: {'line': b'-- Symlinking: /home/jason/projects/unitree_sdk2_ws/install/unitree_hg/include/unitree_hg/unitree_hg/msg/detail/bms_state__struct.hpp\n'}
[12.634630] (unitree_go) StdoutLine: {'line': b'[ 88%] \x1b[34m\x1b[1mGenerating Python code for ROS interfaces\x1b[0m\n'}
[12.640515] (unitree_hg) StdoutLine: {'line': b'-- Symlinking: /home/jason/projects/unitree_sdk2_ws/install/unitree_hg/include/unitree_hg/unitree_hg/msg/detail/bms_state__traits.hpp\n'}
[12.653514] (unitree_hg) StdoutLine: {'line': b'-- Symlinking: /home/jason/projects/unitree_sdk2_ws/install/unitree_hg/include/unitree_hg/unitree_hg/msg/detail/bms_state__type_support.hpp\n'}
[12.664897] (-) TimerEvent: {}
[12.667962] (unitree_hg) StdoutLine: {'line': b'-- Symlinking: /home/jason/projects/unitree_sdk2_ws/install/unitree_hg/include/unitree_hg/unitree_hg/msg/detail/hand_cmd__builder.hpp\n'}
[12.683597] (unitree_hg) StdoutLine: {'line': b'-- Symlinking: /home/jason/projects/unitree_sdk2_ws/install/unitree_hg/include/unitree_hg/unitree_hg/msg/detail/hand_cmd__struct.hpp\n'}
[12.696791] (unitree_hg) StdoutLine: {'line': b'-- Symlinking: /home/jason/projects/unitree_sdk2_ws/install/unitree_hg/include/unitree_hg/unitree_hg/msg/detail/hand_cmd__traits.hpp\n'}
[12.696985] (unitree_sdk2) StdoutLine: {'line': b'[ 83%] Built target h1_arm_sdk_dds_example\n'}
[12.704506] (unitree_hg) StdoutLine: {'line': b'-- Symlinking: /home/jason/projects/unitree_sdk2_ws/install/unitree_hg/include/unitree_hg/unitree_hg/msg/detail/hand_cmd__type_support.hpp\n'}
[12.713142] (unitree_hg) StdoutLine: {'line': b'-- Symlinking: /home/jason/projects/unitree_sdk2_ws/install/unitree_hg/include/unitree_hg/unitree_hg/msg/detail/hand_state__builder.hpp\n'}
[12.721461] (unitree_hg) StdoutLine: {'line': b'-- Symlinking: /home/jason/projects/unitree_sdk2_ws/install/unitree_hg/include/unitree_hg/unitree_hg/msg/detail/hand_state__struct.hpp\n'}
[12.729892] (unitree_hg) StdoutLine: {'line': b'-- Symlinking: /home/jason/projects/unitree_sdk2_ws/install/unitree_hg/include/unitree_hg/unitree_hg/msg/detail/hand_state__traits.hpp\n'}
[12.736148] (unitree_sdk2) StdoutLine: {'line': b'[ 83%] Built target h1_2_arm_sdk_dds_example\n'}
[12.738250] (unitree_hg) StdoutLine: {'line': b'-- Symlinking: /home/jason/projects/unitree_sdk2_ws/install/unitree_hg/include/unitree_hg/unitree_hg/msg/detail/hand_state__type_support.hpp\n'}
[12.746460] (unitree_hg) StdoutLine: {'line': b'-- Symlinking: /home/jason/projects/unitree_sdk2_ws/install/unitree_hg/include/unitree_hg/unitree_hg/msg/detail/imu_state__builder.hpp\n'}
[12.755491] (unitree_hg) StdoutLine: {'line': b'-- Symlinking: /home/jason/projects/unitree_sdk2_ws/install/unitree_hg/include/unitree_hg/unitree_hg/msg/detail/imu_state__struct.hpp\n'}
[12.761823] (unitree_hg) StdoutLine: {'line': b'-- Symlinking: /home/jason/projects/unitree_sdk2_ws/install/unitree_hg/include/unitree_hg/unitree_hg/msg/detail/imu_state__traits.hpp\n'}
[12.765022] (-) TimerEvent: {}
[12.769612] (unitree_hg) StdoutLine: {'line': b'-- Symlinking: /home/jason/projects/unitree_sdk2_ws/install/unitree_hg/include/unitree_hg/unitree_hg/msg/detail/imu_state__type_support.hpp\n'}
[12.776964] (unitree_hg) StdoutLine: {'line': b'-- Symlinking: /home/jason/projects/unitree_sdk2_ws/install/unitree_hg/include/unitree_hg/unitree_hg/msg/detail/low_cmd__builder.hpp\n'}
[12.779262] (unitree_sdk2) StdoutLine: {'line': b'[ 83%] Built target h1_2_ankle_track\n'}
[12.784203] (unitree_hg) StdoutLine: {'line': b'-- Symlinking: /home/jason/projects/unitree_sdk2_ws/install/unitree_hg/include/unitree_hg/unitree_hg/msg/detail/low_cmd__struct.hpp\n'}
[12.792592] (unitree_hg) StdoutLine: {'line': b'-- Symlinking: /home/jason/projects/unitree_sdk2_ws/install/unitree_hg/include/unitree_hg/unitree_hg/msg/detail/low_cmd__traits.hpp\n'}
[12.800292] (unitree_hg) StdoutLine: {'line': b'-- Symlinking: /home/jason/projects/unitree_sdk2_ws/install/unitree_hg/include/unitree_hg/unitree_hg/msg/detail/low_cmd__type_support.hpp\n'}
[12.807700] (unitree_hg) StdoutLine: {'line': b'-- Symlinking: /home/jason/projects/unitree_sdk2_ws/install/unitree_hg/include/unitree_hg/unitree_hg/msg/detail/low_state__builder.hpp\n'}
[12.815496] (unitree_hg) StdoutLine: {'line': b'-- Symlinking: /home/jason/projects/unitree_sdk2_ws/install/unitree_hg/include/unitree_hg/unitree_hg/msg/detail/low_state__struct.hpp\n'}
[12.823530] (unitree_hg) StdoutLine: {'line': b'-- Symlinking: /home/jason/projects/unitree_sdk2_ws/install/unitree_hg/include/unitree_hg/unitree_hg/msg/detail/low_state__traits.hpp\n'}
[12.830858] (unitree_hg) StdoutLine: {'line': b'-- Symlinking: /home/jason/projects/unitree_sdk2_ws/install/unitree_hg/include/unitree_hg/unitree_hg/msg/detail/low_state__type_support.hpp\n'}
[12.838208] (unitree_hg) StdoutLine: {'line': b'-- Symlinking: /home/jason/projects/unitree_sdk2_ws/install/unitree_hg/include/unitree_hg/unitree_hg/msg/detail/main_board_state__builder.hpp\n'}
[12.845898] (unitree_hg) StdoutLine: {'line': b'-- Symlinking: /home/jason/projects/unitree_sdk2_ws/install/unitree_hg/include/unitree_hg/unitree_hg/msg/detail/main_board_state__struct.hpp\n'}
[12.852874] (unitree_hg) StdoutLine: {'line': b'-- Symlinking: /home/jason/projects/unitree_sdk2_ws/install/unitree_hg/include/unitree_hg/unitree_hg/msg/detail/main_board_state__traits.hpp\n'}
[12.861028] (unitree_hg) StdoutLine: {'line': b'-- Symlinking: /home/jason/projects/unitree_sdk2_ws/install/unitree_hg/include/unitree_hg/unitree_hg/msg/detail/main_board_state__type_support.hpp\n'}
[12.867638] (-) TimerEvent: {}
[12.869040] (unitree_hg) StdoutLine: {'line': b'-- Symlinking: /home/jason/projects/unitree_sdk2_ws/install/unitree_hg/include/unitree_hg/unitree_hg/msg/detail/motor_cmd__builder.hpp\n'}
[12.877643] (unitree_hg) StdoutLine: {'line': b'-- Symlinking: /home/jason/projects/unitree_sdk2_ws/install/unitree_hg/include/unitree_hg/unitree_hg/msg/detail/motor_cmd__struct.hpp\n'}
[12.888220] (unitree_hg) StdoutLine: {'line': b'-- Symlinking: /home/jason/projects/unitree_sdk2_ws/install/unitree_hg/include/unitree_hg/unitree_hg/msg/detail/motor_cmd__traits.hpp\n'}
[12.896419] (unitree_hg) StdoutLine: {'line': b'-- Symlinking: /home/jason/projects/unitree_sdk2_ws/install/unitree_hg/include/unitree_hg/unitree_hg/msg/detail/motor_cmd__type_support.hpp\n'}
[12.904706] (unitree_hg) StdoutLine: {'line': b'-- Symlinking: /home/jason/projects/unitree_sdk2_ws/install/unitree_hg/include/unitree_hg/unitree_hg/msg/detail/motor_state__builder.hpp\n'}
[12.916936] (unitree_sdk2) StdoutLine: {'line': b'[ 83%] Built target g1_audio_client_example\n'}
[12.920072] (unitree_sdk2) StdoutLine: {'line': b'[ 86%] \x1b[32m\x1b[1mLinking CXX executable ../../bin/b2w_sport_client\x1b[0m\n'}
[12.920188] (unitree_sdk2) StdoutLine: {'line': b'[ 86%] \x1b[32m\x1b[1mLinking CXX executable ../../bin/g1_arm5_sdk_dds_example\x1b[0m\n'}
[12.921353] (unitree_hg) StdoutLine: {'line': b'-- Symlinking: /home/jason/projects/unitree_sdk2_ws/install/unitree_hg/include/unitree_hg/unitree_hg/msg/detail/motor_state__struct.hpp\n'}
[12.930057] (unitree_hg) StdoutLine: {'line': b'-- Symlinking: /home/jason/projects/unitree_sdk2_ws/install/unitree_hg/include/unitree_hg/unitree_hg/msg/detail/motor_state__traits.hpp\n'}
[12.934197] (unitree_sdk2) StdoutLine: {'line': b'[ 87%] \x1b[32m\x1b[1mLinking CXX executable ../../bin/state_machine_example\x1b[0m\n'}
[12.935938] (unitree_sdk2) StdoutLine: {'line': b'[ 87%] Built target g1_arm7_sdk_dds_example\n'}
[12.936510] (unitree_hg) StdoutLine: {'line': b'-- Symlinking: /home/jason/projects/unitree_sdk2_ws/install/unitree_hg/include/unitree_hg/unitree_hg/msg/detail/motor_state__type_support.hpp\n'}
[12.944330] (unitree_hg) StdoutLine: {'line': b'-- Symlinking: /home/jason/projects/unitree_sdk2_ws/install/unitree_hg/include/unitree_hg/unitree_hg/msg/detail/press_sensor_state__builder.hpp\n'}
[12.952290] (unitree_hg) StdoutLine: {'line': b'-- Symlinking: /home/jason/projects/unitree_sdk2_ws/install/unitree_hg/include/unitree_hg/unitree_hg/msg/detail/press_sensor_state__struct.hpp\n'}
[12.960375] (unitree_hg) StdoutLine: {'line': b'-- Symlinking: /home/jason/projects/unitree_sdk2_ws/install/unitree_hg/include/unitree_hg/unitree_hg/msg/detail/press_sensor_state__traits.hpp\n'}
[12.967837] (-) TimerEvent: {}
[12.968463] (unitree_hg) StdoutLine: {'line': b'-- Symlinking: /home/jason/projects/unitree_sdk2_ws/install/unitree_hg/include/unitree_hg/unitree_hg/msg/detail/press_sensor_state__type_support.hpp\n'}
[12.977330] (unitree_hg) StdoutLine: {'line': b'-- Symlinking: /home/jason/projects/unitree_sdk2_ws/install/unitree_hg/include/unitree_hg/unitree_hg/msg/hand_cmd.hpp\n'}
[12.986130] (unitree_hg) StdoutLine: {'line': b'-- Symlinking: /home/jason/projects/unitree_sdk2_ws/install/unitree_hg/include/unitree_hg/unitree_hg/msg/hand_state.hpp\n'}
[12.996308] (unitree_hg) StdoutLine: {'line': b'-- Symlinking: /home/jason/projects/unitree_sdk2_ws/install/unitree_hg/include/unitree_hg/unitree_hg/msg/imu_state.hpp\n'}
[13.006271] (unitree_hg) StdoutLine: {'line': b'-- Symlinking: /home/jason/projects/unitree_sdk2_ws/install/unitree_hg/include/unitree_hg/unitree_hg/msg/low_cmd.hpp\n'}
[13.014489] (unitree_hg) StdoutLine: {'line': b'-- Symlinking: /home/jason/projects/unitree_sdk2_ws/install/unitree_hg/include/unitree_hg/unitree_hg/msg/low_state.hpp\n'}
[13.023323] (unitree_hg) StdoutLine: {'line': b'-- Symlinking: /home/jason/projects/unitree_sdk2_ws/install/unitree_hg/include/unitree_hg/unitree_hg/msg/main_board_state.hpp\n'}
[13.033241] (unitree_hg) StdoutLine: {'line': b'-- Symlinking: /home/jason/projects/unitree_sdk2_ws/install/unitree_hg/include/unitree_hg/unitree_hg/msg/motor_cmd.hpp\n'}
[13.043803] (unitree_hg) StdoutLine: {'line': b'-- Symlinking: /home/jason/projects/unitree_sdk2_ws/install/unitree_hg/include/unitree_hg/unitree_hg/msg/motor_state.hpp\n'}
[13.053131] (unitree_hg) StdoutLine: {'line': b'-- Symlinking: /home/jason/projects/unitree_sdk2_ws/install/unitree_hg/include/unitree_hg/unitree_hg/msg/press_sensor_state.hpp\n'}
[13.060044] (unitree_hg) StdoutLine: {'line': b'-- Symlinking: /home/jason/projects/unitree_sdk2_ws/install/unitree_hg/include/unitree_hg/unitree_hg/msg/rosidl_generator_cpp__visibility_control.hpp\n'}
[13.067951] (-) TimerEvent: {}
[13.068949] (unitree_hg) StdoutLine: {'line': b'-- Symlinking: /home/jason/projects/unitree_sdk2_ws/install/unitree_hg/include/unitree_hg/unitree_hg/msg/detail/bms_cmd__rosidl_typesupport_fastrtps_cpp.hpp\n'}
[13.076214] (unitree_hg) StdoutLine: {'line': b'-- Symlinking: /home/jason/projects/unitree_sdk2_ws/install/unitree_hg/include/unitree_hg/unitree_hg/msg/detail/bms_state__rosidl_typesupport_fastrtps_cpp.hpp\n'}
[13.084786] (unitree_hg) StdoutLine: {'line': b'-- Symlinking: /home/jason/projects/unitree_sdk2_ws/install/unitree_hg/include/unitree_hg/unitree_hg/msg/detail/hand_cmd__rosidl_typesupport_fastrtps_cpp.hpp\n'}
[13.091209] (unitree_sdk2) StdoutLine: {'line': b'[ 89%] \x1b[32m\x1b[1mLinking CXX executable ../../bin/h1_low_level_example\x1b[0m\n'}
[13.096289] (unitree_hg) StdoutLine: {'line': b'-- Symlinking: /home/jason/projects/unitree_sdk2_ws/install/unitree_hg/include/unitree_hg/unitree_hg/msg/detail/hand_state__rosidl_typesupport_fastrtps_cpp.hpp\n'}
[13.105169] (unitree_hg) StdoutLine: {'line': b'-- Symlinking: /home/jason/projects/unitree_sdk2_ws/install/unitree_hg/include/unitree_hg/unitree_hg/msg/detail/imu_state__rosidl_typesupport_fastrtps_cpp.hpp\n'}
[13.115869] (unitree_hg) StdoutLine: {'line': b'-- Symlinking: /home/jason/projects/unitree_sdk2_ws/install/unitree_hg/include/unitree_hg/unitree_hg/msg/detail/low_cmd__rosidl_typesupport_fastrtps_cpp.hpp\n'}
[13.128363] (unitree_hg) StdoutLine: {'line': b'-- Symlinking: /home/jason/projects/unitree_sdk2_ws/install/unitree_hg/include/unitree_hg/unitree_hg/msg/detail/low_state__rosidl_typesupport_fastrtps_cpp.hpp\n'}
[13.137982] (unitree_hg) StdoutLine: {'line': b'-- Symlinking: /home/jason/projects/unitree_sdk2_ws/install/unitree_hg/include/unitree_hg/unitree_hg/msg/detail/main_board_state__rosidl_typesupport_fastrtps_cpp.hpp\n'}
[13.145580] (unitree_hg) StdoutLine: {'line': b'-- Symlinking: /home/jason/projects/unitree_sdk2_ws/install/unitree_hg/include/unitree_hg/unitree_hg/msg/detail/motor_cmd__rosidl_typesupport_fastrtps_cpp.hpp\n'}
[13.155238] (unitree_hg) StdoutLine: {'line': b'-- Symlinking: /home/jason/projects/unitree_sdk2_ws/install/unitree_hg/include/unitree_hg/unitree_hg/msg/detail/motor_state__rosidl_typesupport_fastrtps_cpp.hpp\n'}
[13.167347] (unitree_hg) StdoutLine: {'line': b'-- Symlinking: /home/jason/projects/unitree_sdk2_ws/install/unitree_hg/include/unitree_hg/unitree_hg/msg/detail/press_sensor_state__rosidl_typesupport_fastrtps_cpp.hpp\n'}
[13.168510] (-) TimerEvent: {}
[13.173288] (unitree_sdk2) StdoutLine: {'line': b'[ 89%] Built target g1_arm5_sdk_dds_example\n'}
[13.176251] (unitree_hg) StdoutLine: {'line': b'-- Symlinking: /home/jason/projects/unitree_sdk2_ws/install/unitree_hg/include/unitree_hg/unitree_hg/msg/rosidl_typesupport_fastrtps_cpp__visibility_control.h\n'}
[13.185430] (unitree_hg) StdoutLine: {'line': b'-- Symlinking: /home/jason/projects/unitree_sdk2_ws/install/unitree_hg/include/unitree_hg/unitree_hg/msg/detail/bms_cmd__rosidl_typesupport_introspection_c.h\n'}
[13.185619] (unitree_sdk2) StdoutLine: {'line': b'[ 89%] Built target state_machine_example\n'}
[13.193518] (unitree_hg) StdoutLine: {'line': b'-- Symlinking: /home/jason/projects/unitree_sdk2_ws/install/unitree_hg/include/unitree_hg/unitree_hg/msg/detail/bms_state__rosidl_typesupport_introspection_c.h\n'}
[13.201091] (unitree_hg) StdoutLine: {'line': b'-- Symlinking: /home/jason/projects/unitree_sdk2_ws/install/unitree_hg/include/unitree_hg/unitree_hg/msg/detail/hand_cmd__rosidl_typesupport_introspection_c.h\n'}
[13.211982] (unitree_hg) StdoutLine: {'line': b'-- Symlinking: /home/jason/projects/unitree_sdk2_ws/install/unitree_hg/include/unitree_hg/unitree_hg/msg/detail/hand_state__rosidl_typesupport_introspection_c.h\n'}
[13.219385] (unitree_hg) StdoutLine: {'line': b'-- Symlinking: /home/jason/projects/unitree_sdk2_ws/install/unitree_hg/include/unitree_hg/unitree_hg/msg/detail/imu_state__rosidl_typesupport_introspection_c.h\n'}
[13.226597] (unitree_hg) StdoutLine: {'line': b'-- Symlinking: /home/jason/projects/unitree_sdk2_ws/install/unitree_hg/include/unitree_hg/unitree_hg/msg/detail/low_cmd__rosidl_typesupport_introspection_c.h\n'}
[13.233868] (unitree_hg) StdoutLine: {'line': b'-- Symlinking: /home/jason/projects/unitree_sdk2_ws/install/unitree_hg/include/unitree_hg/unitree_hg/msg/detail/low_state__rosidl_typesupport_introspection_c.h\n'}
[13.241250] (unitree_hg) StdoutLine: {'line': b'-- Symlinking: /home/jason/projects/unitree_sdk2_ws/install/unitree_hg/include/unitree_hg/unitree_hg/msg/detail/main_board_state__rosidl_typesupport_introspection_c.h\n'}
[13.254368] (unitree_hg) StdoutLine: {'line': b'-- Symlinking: /home/jason/projects/unitree_sdk2_ws/install/unitree_hg/include/unitree_hg/unitree_hg/msg/detail/motor_cmd__rosidl_typesupport_introspection_c.h\n'}
[13.262786] (unitree_hg) StdoutLine: {'line': b'-- Symlinking: /home/jason/projects/unitree_sdk2_ws/install/unitree_hg/include/unitree_hg/unitree_hg/msg/detail/motor_state__rosidl_typesupport_introspection_c.h\n'}
[13.268723] (unitree_sdk2) StdoutLine: {'line': b'[ 89%] Built target b2w_sport_client\n'}
[13.268881] (-) TimerEvent: {}
[13.269737] (unitree_hg) StdoutLine: {'line': b'-- Symlinking: /home/jason/projects/unitree_sdk2_ws/install/unitree_hg/include/unitree_hg/unitree_hg/msg/detail/press_sensor_state__rosidl_typesupport_introspection_c.h\n'}
[13.277863] (unitree_hg) StdoutLine: {'line': b'-- Symlinking: /home/jason/projects/unitree_sdk2_ws/install/unitree_hg/include/unitree_hg/unitree_hg/msg/rosidl_typesupport_introspection_c__visibility_control.h\n'}
[13.285116] (unitree_hg) StdoutLine: {'line': b'-- Symlinking: /home/jason/projects/unitree_sdk2_ws/install/unitree_hg/include/unitree_hg/unitree_hg/msg/detail/bms_cmd__rosidl_typesupport_introspection_cpp.hpp\n'}
[13.294197] (unitree_hg) StdoutLine: {'line': b'-- Symlinking: /home/jason/projects/unitree_sdk2_ws/install/unitree_hg/include/unitree_hg/unitree_hg/msg/detail/bms_state__rosidl_typesupport_introspection_cpp.hpp\n'}
[13.302161] (unitree_hg) StdoutLine: {'line': b'-- Symlinking: /home/jason/projects/unitree_sdk2_ws/install/unitree_hg/include/unitree_hg/unitree_hg/msg/detail/hand_cmd__rosidl_typesupport_introspection_cpp.hpp\n'}
[13.308902] (unitree_hg) StdoutLine: {'line': b'-- Symlinking: /home/jason/projects/unitree_sdk2_ws/install/unitree_hg/include/unitree_hg/unitree_hg/msg/detail/hand_state__rosidl_typesupport_introspection_cpp.hpp\n'}
[13.315913] (unitree_hg) StdoutLine: {'line': b'-- Symlinking: /home/jason/projects/unitree_sdk2_ws/install/unitree_hg/include/unitree_hg/unitree_hg/msg/detail/imu_state__rosidl_typesupport_introspection_cpp.hpp\n'}
[13.322474] (unitree_hg) StdoutLine: {'line': b'-- Symlinking: /home/jason/projects/unitree_sdk2_ws/install/unitree_hg/include/unitree_hg/unitree_hg/msg/detail/low_cmd__rosidl_typesupport_introspection_cpp.hpp\n'}
[13.330397] (unitree_hg) StdoutLine: {'line': b'-- Symlinking: /home/jason/projects/unitree_sdk2_ws/install/unitree_hg/include/unitree_hg/unitree_hg/msg/detail/low_state__rosidl_typesupport_introspection_cpp.hpp\n'}
[13.337614] (unitree_hg) StdoutLine: {'line': b'-- Symlinking: /home/jason/projects/unitree_sdk2_ws/install/unitree_hg/include/unitree_hg/unitree_hg/msg/detail/main_board_state__rosidl_typesupport_introspection_cpp.hpp\n'}
[13.344965] (unitree_hg) StdoutLine: {'line': b'-- Symlinking: /home/jason/projects/unitree_sdk2_ws/install/unitree_hg/include/unitree_hg/unitree_hg/msg/detail/motor_cmd__rosidl_typesupport_introspection_cpp.hpp\n'}
[13.351730] (unitree_hg) StdoutLine: {'line': b'-- Symlinking: /home/jason/projects/unitree_sdk2_ws/install/unitree_hg/include/unitree_hg/unitree_hg/msg/detail/motor_state__rosidl_typesupport_introspection_cpp.hpp\n'}
[13.360407] (unitree_hg) StdoutLine: {'line': b'-- Symlinking: /home/jason/projects/unitree_sdk2_ws/install/unitree_hg/include/unitree_hg/unitree_hg/msg/detail/press_sensor_state__rosidl_typesupport_introspection_cpp.hpp\n'}
[13.368997] (-) TimerEvent: {}
[13.373039] (unitree_hg) StdoutLine: {'line': b'-- Symlinking: /home/jason/projects/unitree_sdk2_ws/install/unitree_hg/share/unitree_hg/environment/pythonpath.sh\n'}
[13.382381] (unitree_hg) StdoutLine: {'line': b'-- Symlinking: /home/jason/projects/unitree_sdk2_ws/install/unitree_hg/share/unitree_hg/environment/pythonpath.dsv\n'}
[13.389489] (unitree_hg) StdoutLine: {'line': b'-- Symlinking: /home/jason/projects/unitree_sdk2_ws/install/unitree_hg/local/lib/python3.10/dist-packages/unitree_hg-0.0.0-py3.10.egg-info/PKG-INFO\n'}
[13.404406] (unitree_hg) StdoutLine: {'line': b'-- Symlinking: /home/jason/projects/unitree_sdk2_ws/install/unitree_hg/local/lib/python3.10/dist-packages/unitree_hg-0.0.0-py3.10.egg-info/SOURCES.txt\n'}
[13.411343] (unitree_hg) StdoutLine: {'line': b'-- Symlinking: /home/jason/projects/unitree_sdk2_ws/install/unitree_hg/local/lib/python3.10/dist-packages/unitree_hg-0.0.0-py3.10.egg-info/dependency_links.txt\n'}
[13.419705] (unitree_hg) StdoutLine: {'line': b'-- Symlinking: /home/jason/projects/unitree_sdk2_ws/install/unitree_hg/local/lib/python3.10/dist-packages/unitree_hg-0.0.0-py3.10.egg-info/top_level.txt\n'}
[13.428234] (unitree_hg) StdoutLine: {'line': b'-- Symlinking: /home/jason/projects/unitree_sdk2_ws/install/unitree_hg/local/lib/python3.10/dist-packages/unitree_hg/__init__.py\n'}
[13.432134] (unitree_sdk2) StdoutLine: {'line': b'[ 89%] Built target h1_low_level_example\n'}
[13.435599] (unitree_hg) StdoutLine: {'line': b'-- Symlinking: /home/jason/projects/unitree_sdk2_ws/install/unitree_hg/local/lib/python3.10/dist-packages/unitree_hg/_unitree_hg_s.ep.rosidl_typesupport_c.c\n'}
[13.441866] (unitree_hg) StdoutLine: {'line': b'-- Symlinking: /home/jason/projects/unitree_sdk2_ws/install/unitree_hg/local/lib/python3.10/dist-packages/unitree_hg/_unitree_hg_s.ep.rosidl_typesupport_fastrtps_c.c\n'}
[13.448042] (unitree_hg) StdoutLine: {'line': b'-- Symlinking: /home/jason/projects/unitree_sdk2_ws/install/unitree_hg/local/lib/python3.10/dist-packages/unitree_hg/_unitree_hg_s.ep.rosidl_typesupport_introspection_c.c\n'}
[13.454342] (unitree_hg) StdoutLine: {'line': b'-- Symlinking: /home/jason/projects/unitree_sdk2_ws/install/unitree_hg/local/lib/python3.10/dist-packages/unitree_hg/libunitree_hg__rosidl_generator_py.so\n'}
[13.461774] (unitree_hg) StdoutLine: {'line': b'-- Symlinking: /home/jason/projects/unitree_sdk2_ws/install/unitree_hg/local/lib/python3.10/dist-packages/unitree_hg/msg/__init__.py\n'}
[13.468215] (unitree_hg) StdoutLine: {'line': b'-- Symlinking: /home/jason/projects/unitree_sdk2_ws/install/unitree_hg/local/lib/python3.10/dist-packages/unitree_hg/msg/_bms_cmd.py\n'}
[13.472445] (-) TimerEvent: {}
[13.474609] (unitree_hg) StdoutLine: {'line': b'-- Symlinking: /home/jason/projects/unitree_sdk2_ws/install/unitree_hg/local/lib/python3.10/dist-packages/unitree_hg/msg/_bms_cmd_s.c\n'}
[13.481207] (unitree_hg) StdoutLine: {'line': b'-- Symlinking: /home/jason/projects/unitree_sdk2_ws/install/unitree_hg/local/lib/python3.10/dist-packages/unitree_hg/msg/_bms_state.py\n'}
[13.488286] (unitree_hg) StdoutLine: {'line': b'-- Symlinking: /home/jason/projects/unitree_sdk2_ws/install/unitree_hg/local/lib/python3.10/dist-packages/unitree_hg/msg/_bms_state_s.c\n'}
[13.494209] (unitree_hg) StdoutLine: {'line': b'-- Symlinking: /home/jason/projects/unitree_sdk2_ws/install/unitree_hg/local/lib/python3.10/dist-packages/unitree_hg/msg/_hand_cmd.py\n'}
[13.500327] (unitree_hg) StdoutLine: {'line': b'-- Symlinking: /home/jason/projects/unitree_sdk2_ws/install/unitree_hg/local/lib/python3.10/dist-packages/unitree_hg/msg/_hand_cmd_s.c\n'}
[13.506486] (unitree_hg) StdoutLine: {'line': b'-- Symlinking: /home/jason/projects/unitree_sdk2_ws/install/unitree_hg/local/lib/python3.10/dist-packages/unitree_hg/msg/_hand_state.py\n'}
[13.512564] (unitree_hg) StdoutLine: {'line': b'-- Symlinking: /home/jason/projects/unitree_sdk2_ws/install/unitree_hg/local/lib/python3.10/dist-packages/unitree_hg/msg/_hand_state_s.c\n'}
[13.519008] (unitree_hg) StdoutLine: {'line': b'-- Symlinking: /home/jason/projects/unitree_sdk2_ws/install/unitree_hg/local/lib/python3.10/dist-packages/unitree_hg/msg/_imu_state.py\n'}
[13.525151] (unitree_hg) StdoutLine: {'line': b'-- Symlinking: /home/jason/projects/unitree_sdk2_ws/install/unitree_hg/local/lib/python3.10/dist-packages/unitree_hg/msg/_imu_state_s.c\n'}
[13.531224] (unitree_hg) StdoutLine: {'line': b'-- Symlinking: /home/jason/projects/unitree_sdk2_ws/install/unitree_hg/local/lib/python3.10/dist-packages/unitree_hg/msg/_low_cmd.py\n'}
[13.537520] (unitree_hg) StdoutLine: {'line': b'-- Symlinking: /home/jason/projects/unitree_sdk2_ws/install/unitree_hg/local/lib/python3.10/dist-packages/unitree_hg/msg/_low_cmd_s.c\n'}
[13.547062] (unitree_hg) StdoutLine: {'line': b'-- Symlinking: /home/jason/projects/unitree_sdk2_ws/install/unitree_hg/local/lib/python3.10/dist-packages/unitree_hg/msg/_low_state.py\n'}
[13.553390] (unitree_hg) StdoutLine: {'line': b'-- Symlinking: /home/jason/projects/unitree_sdk2_ws/install/unitree_hg/local/lib/python3.10/dist-packages/unitree_hg/msg/_low_state_s.c\n'}
[13.559680] (unitree_hg) StdoutLine: {'line': b'-- Symlinking: /home/jason/projects/unitree_sdk2_ws/install/unitree_hg/local/lib/python3.10/dist-packages/unitree_hg/msg/_main_board_state.py\n'}
[13.566329] (unitree_hg) StdoutLine: {'line': b'-- Symlinking: /home/jason/projects/unitree_sdk2_ws/install/unitree_hg/local/lib/python3.10/dist-packages/unitree_hg/msg/_main_board_state_s.c\n'}
[13.572729] (-) TimerEvent: {}
[13.572927] (unitree_hg) StdoutLine: {'line': b'-- Symlinking: /home/jason/projects/unitree_sdk2_ws/install/unitree_hg/local/lib/python3.10/dist-packages/unitree_hg/msg/_motor_cmd.py\n'}
[13.579739] (unitree_hg) StdoutLine: {'line': b'-- Symlinking: /home/jason/projects/unitree_sdk2_ws/install/unitree_hg/local/lib/python3.10/dist-packages/unitree_hg/msg/_motor_cmd_s.c\n'}
[13.586215] (unitree_hg) StdoutLine: {'line': b'-- Symlinking: /home/jason/projects/unitree_sdk2_ws/install/unitree_hg/local/lib/python3.10/dist-packages/unitree_hg/msg/_motor_state.py\n'}
[13.592670] (unitree_hg) StdoutLine: {'line': b'-- Symlinking: /home/jason/projects/unitree_sdk2_ws/install/unitree_hg/local/lib/python3.10/dist-packages/unitree_hg/msg/_motor_state_s.c\n'}
[13.598999] (unitree_hg) StdoutLine: {'line': b'-- Symlinking: /home/jason/projects/unitree_sdk2_ws/install/unitree_hg/local/lib/python3.10/dist-packages/unitree_hg/msg/_press_sensor_state.py\n'}
[13.605272] (unitree_hg) StdoutLine: {'line': b'-- Symlinking: /home/jason/projects/unitree_sdk2_ws/install/unitree_hg/local/lib/python3.10/dist-packages/unitree_hg/msg/_press_sensor_state_s.c\n'}
[13.612037] (unitree_hg) StdoutLine: {'line': b'-- Symlinking: /home/jason/projects/unitree_sdk2_ws/install/unitree_hg/local/lib/python3.10/dist-packages/unitree_hg/unitree_hg_s__rosidl_typesupport_c.cpython-310-x86_64-linux-gnu.so\n'}
[13.618535] (unitree_hg) StdoutLine: {'line': b'-- Symlinking: /home/jason/projects/unitree_sdk2_ws/install/unitree_hg/local/lib/python3.10/dist-packages/unitree_hg/unitree_hg_s__rosidl_typesupport_fastrtps_c.cpython-310-x86_64-linux-gnu.so\n'}
[13.624667] (unitree_hg) StdoutLine: {'line': b'-- Symlinking: /home/jason/projects/unitree_sdk2_ws/install/unitree_hg/local/lib/python3.10/dist-packages/unitree_hg/unitree_hg_s__rosidl_typesupport_introspection_c.cpython-310-x86_64-linux-gnu.so\n'}
[13.631130] (unitree_hg) StdoutLine: {'line': b'-- Up-to-date symlink: /home/jason/projects/unitree_sdk2_ws/install/unitree_hg/local/lib/python3.10/dist-packages/unitree_hg/unitree_hg_s__rosidl_typesupport_fastrtps_c.cpython-310-x86_64-linux-gnu.so\n'}
[13.631473] (unitree_hg) StdoutLine: {'line': b'-- Up-to-date symlink: /home/jason/projects/unitree_sdk2_ws/install/unitree_hg/local/lib/python3.10/dist-packages/unitree_hg/unitree_hg_s__rosidl_typesupport_introspection_c.cpython-310-x86_64-linux-gnu.so\n'}
[13.631551] (unitree_hg) StdoutLine: {'line': b'-- Up-to-date symlink: /home/jason/projects/unitree_sdk2_ws/install/unitree_hg/local/lib/python3.10/dist-packages/unitree_hg/unitree_hg_s__rosidl_typesupport_c.cpython-310-x86_64-linux-gnu.so\n'}
[13.631753] (unitree_hg) StdoutLine: {'line': b'-- Symlinking: /home/jason/projects/unitree_sdk2_ws/install/unitree_hg/share/unitree_hg/msg/BmsCmd.idl\n'}
[13.638769] (unitree_hg) StdoutLine: {'line': b'-- Symlinking: /home/jason/projects/unitree_sdk2_ws/install/unitree_hg/share/unitree_hg/msg/BmsState.idl\n'}
[13.645340] (unitree_hg) StdoutLine: {'line': b'-- Symlinking: /home/jason/projects/unitree_sdk2_ws/install/unitree_hg/share/unitree_hg/msg/HandCmd.idl\n'}
[13.651616] (unitree_hg) StdoutLine: {'line': b'-- Symlinking: /home/jason/projects/unitree_sdk2_ws/install/unitree_hg/share/unitree_hg/msg/HandState.idl\n'}
[13.658492] (unitree_hg) StdoutLine: {'line': b'-- Symlinking: /home/jason/projects/unitree_sdk2_ws/install/unitree_hg/share/unitree_hg/msg/IMUState.idl\n'}
[13.669171] (unitree_hg) StdoutLine: {'line': b'-- Symlinking: /home/jason/projects/unitree_sdk2_ws/install/unitree_hg/share/unitree_hg/msg/LowCmd.idl\n'}
[13.675020] (-) TimerEvent: {}
[13.675581] (unitree_hg) StdoutLine: {'line': b'-- Symlinking: /home/jason/projects/unitree_sdk2_ws/install/unitree_hg/share/unitree_hg/msg/LowState.idl\n'}
[13.681982] (unitree_hg) StdoutLine: {'line': b'-- Symlinking: /home/jason/projects/unitree_sdk2_ws/install/unitree_hg/share/unitree_hg/msg/MainBoardState.idl\n'}
[13.689770] (unitree_hg) StdoutLine: {'line': b'-- Symlinking: /home/jason/projects/unitree_sdk2_ws/install/unitree_hg/share/unitree_hg/msg/MotorCmd.idl\n'}
[13.696229] (unitree_hg) StdoutLine: {'line': b'-- Symlinking: /home/jason/projects/unitree_sdk2_ws/install/unitree_hg/share/unitree_hg/msg/MotorState.idl\n'}
[13.704087] (unitree_hg) StdoutLine: {'line': b'-- Symlinking: /home/jason/projects/unitree_sdk2_ws/install/unitree_hg/share/unitree_hg/msg/PressSensorState.idl\n'}
[13.710970] (unitree_hg) StdoutLine: {'line': b'-- Symlinking: /home/jason/projects/unitree_sdk2_ws/install/unitree_hg/share/unitree_hg/msg/BmsCmd.msg\n'}
[13.717592] (unitree_hg) StdoutLine: {'line': b'-- Symlinking: /home/jason/projects/unitree_sdk2_ws/install/unitree_hg/share/unitree_hg/msg/BmsState.msg\n'}
[13.724102] (unitree_hg) StdoutLine: {'line': b'-- Symlinking: /home/jason/projects/unitree_sdk2_ws/install/unitree_hg/share/unitree_hg/msg/HandCmd.msg\n'}
[13.730438] (unitree_hg) StdoutLine: {'line': b'-- Symlinking: /home/jason/projects/unitree_sdk2_ws/install/unitree_hg/share/unitree_hg/msg/HandState.msg\n'}
[13.737131] (unitree_hg) StdoutLine: {'line': b'-- Symlinking: /home/jason/projects/unitree_sdk2_ws/install/unitree_hg/share/unitree_hg/msg/IMUState.msg\n'}
[13.743374] (unitree_hg) StdoutLine: {'line': b'-- Symlinking: /home/jason/projects/unitree_sdk2_ws/install/unitree_hg/share/unitree_hg/msg/LowCmd.msg\n'}
[13.750893] (unitree_hg) StdoutLine: {'line': b'-- Symlinking: /home/jason/projects/unitree_sdk2_ws/install/unitree_hg/share/unitree_hg/msg/LowState.msg\n'}
[13.757136] (unitree_hg) StdoutLine: {'line': b'-- Symlinking: /home/jason/projects/unitree_sdk2_ws/install/unitree_hg/share/unitree_hg/msg/MainBoardState.msg\n'}
[13.768778] (unitree_hg) StdoutLine: {'line': b'-- Symlinking: /home/jason/projects/unitree_sdk2_ws/install/unitree_hg/share/unitree_hg/msg/MotorCmd.msg\n'}
[13.775328] (unitree_hg) StdoutLine: {'line': b'-- Symlinking: /home/jason/projects/unitree_sdk2_ws/install/unitree_hg/share/unitree_hg/msg/MotorState.msg\n'}
[13.775459] (-) TimerEvent: {}
[13.781864] (unitree_hg) StdoutLine: {'line': b'-- Symlinking: /home/jason/projects/unitree_sdk2_ws/install/unitree_hg/share/unitree_hg/msg/PressSensorState.msg\n'}
[13.788306] (unitree_hg) StdoutLine: {'line': b'-- Symlinking: /home/jason/projects/unitree_sdk2_ws/install/unitree_hg/share/unitree_hg/msg/dds_connext/BmsCmd_.idl\n'}
[13.794669] (unitree_hg) StdoutLine: {'line': b'-- Symlinking: /home/jason/projects/unitree_sdk2_ws/install/unitree_hg/share/unitree_hg/msg/dds_connext/BmsState_.idl\n'}
[13.805188] (unitree_hg) StdoutLine: {'line': b'-- Symlinking: /home/jason/projects/unitree_sdk2_ws/install/unitree_hg/share/unitree_hg/msg/dds_connext/HandCmd_.idl\n'}
[13.811638] (unitree_hg) StdoutLine: {'line': b'-- Symlinking: /home/jason/projects/unitree_sdk2_ws/install/unitree_hg/share/unitree_hg/msg/dds_connext/HandState_.idl\n'}
[13.818360] (unitree_hg) StdoutLine: {'line': b'-- Symlinking: /home/jason/projects/unitree_sdk2_ws/install/unitree_hg/share/unitree_hg/msg/dds_connext/IMUState_.idl\n'}
[13.826040] (unitree_hg) StdoutLine: {'line': b'-- Symlinking: /home/jason/projects/unitree_sdk2_ws/install/unitree_hg/share/unitree_hg/msg/dds_connext/LowCmd_.idl\n'}
[13.832569] (unitree_hg) StdoutLine: {'line': b'-- Symlinking: /home/jason/projects/unitree_sdk2_ws/install/unitree_hg/share/unitree_hg/msg/dds_connext/LowState_.idl\n'}
[13.840349] (unitree_hg) StdoutLine: {'line': b'-- Symlinking: /home/jason/projects/unitree_sdk2_ws/install/unitree_hg/share/unitree_hg/msg/dds_connext/MainBoardState_.idl\n'}
[13.846612] (unitree_hg) StdoutLine: {'line': b'-- Symlinking: /home/jason/projects/unitree_sdk2_ws/install/unitree_hg/share/unitree_hg/msg/dds_connext/MotorCmd_.idl\n'}
[13.855187] (unitree_hg) StdoutLine: {'line': b'-- Symlinking: /home/jason/projects/unitree_sdk2_ws/install/unitree_hg/share/unitree_hg/msg/dds_connext/MotorState_.idl\n'}
[13.861481] (unitree_hg) StdoutLine: {'line': b'-- Symlinking: /home/jason/projects/unitree_sdk2_ws/install/unitree_hg/share/unitree_hg/msg/dds_connext/PressSensorState_.idl\n'}
[13.868075] (unitree_hg) StdoutLine: {'line': b'-- Symlinking: /home/jason/projects/unitree_sdk2_ws/install/unitree_hg/share/ament_index/resource_index/package_run_dependencies/unitree_hg\n'}
[13.874877] (unitree_hg) StdoutLine: {'line': b'-- Symlinking: /home/jason/projects/unitree_sdk2_ws/install/unitree_hg/share/ament_index/resource_index/parent_prefix_path/unitree_hg\n'}
[13.875527] (-) TimerEvent: {}
[13.881062] (unitree_hg) StdoutLine: {'line': b'-- Symlinking: /home/jason/projects/unitree_sdk2_ws/install/unitree_hg/share/unitree_hg/environment/ament_prefix_path.sh\n'}
[13.887475] (unitree_hg) StdoutLine: {'line': b'-- Symlinking: /home/jason/projects/unitree_sdk2_ws/install/unitree_hg/share/unitree_hg/environment/ament_prefix_path.dsv\n'}
[13.893887] (unitree_hg) StdoutLine: {'line': b'-- Symlinking: /home/jason/projects/unitree_sdk2_ws/install/unitree_hg/share/unitree_hg/environment/path.sh\n'}
[13.900146] (unitree_hg) StdoutLine: {'line': b'-- Symlinking: /home/jason/projects/unitree_sdk2_ws/install/unitree_hg/share/unitree_hg/environment/path.dsv\n'}
[13.906386] (unitree_hg) StdoutLine: {'line': b'-- Symlinking: /home/jason/projects/unitree_sdk2_ws/install/unitree_hg/share/unitree_hg/local_setup.bash\n'}
[13.913128] (unitree_hg) StdoutLine: {'line': b'-- Symlinking: /home/jason/projects/unitree_sdk2_ws/install/unitree_hg/share/unitree_hg/local_setup.sh\n'}
[13.919248] (unitree_hg) StdoutLine: {'line': b'-- Symlinking: /home/jason/projects/unitree_sdk2_ws/install/unitree_hg/share/unitree_hg/local_setup.zsh\n'}
[13.925437] (unitree_hg) StdoutLine: {'line': b'-- Symlinking: /home/jason/projects/unitree_sdk2_ws/install/unitree_hg/share/unitree_hg/local_setup.dsv\n'}
[13.931871] (unitree_hg) StdoutLine: {'line': b'-- Symlinking: /home/jason/projects/unitree_sdk2_ws/install/unitree_hg/share/unitree_hg/package.dsv\n'}
[13.938123] (unitree_hg) StdoutLine: {'line': b'-- Symlinking: /home/jason/projects/unitree_sdk2_ws/install/unitree_hg/share/ament_index/resource_index/packages/unitree_hg\n'}
[13.944182] (unitree_hg) StdoutLine: {'line': b'-- Symlinking: /home/jason/projects/unitree_sdk2_ws/install/unitree_hg/share/unitree_hg/cmake/rosidl_cmake-extras.cmake\n'}
[13.950628] (unitree_hg) StdoutLine: {'line': b'-- Symlinking: /home/jason/projects/unitree_sdk2_ws/install/unitree_hg/share/unitree_hg/cmake/ament_cmake_export_dependencies-extras.cmake\n'}
[13.956531] (unitree_hg) StdoutLine: {'line': b'-- Symlinking: /home/jason/projects/unitree_sdk2_ws/install/unitree_hg/share/unitree_hg/cmake/ament_cmake_export_include_directories-extras.cmake\n'}
[13.965958] (unitree_hg) StdoutLine: {'line': b'-- Symlinking: /home/jason/projects/unitree_sdk2_ws/install/unitree_hg/share/unitree_hg/cmake/ament_cmake_export_libraries-extras.cmake\n'}
[13.972712] (unitree_hg) StdoutLine: {'line': b'-- Symlinking: /home/jason/projects/unitree_sdk2_ws/install/unitree_hg/share/unitree_hg/cmake/ament_cmake_export_targets-extras.cmake\n'}
[13.976484] (-) TimerEvent: {}
[13.979496] (unitree_hg) StdoutLine: {'line': b'-- Symlinking: /home/jason/projects/unitree_sdk2_ws/install/unitree_hg/share/unitree_hg/cmake/rosidl_cmake_export_typesupport_targets-extras.cmake\n'}
[13.985851] (unitree_hg) StdoutLine: {'line': b'-- Symlinking: /home/jason/projects/unitree_sdk2_ws/install/unitree_hg/share/unitree_hg/cmake/rosidl_cmake_export_typesupport_libraries-extras.cmake\n'}
[13.992360] (unitree_hg) StdoutLine: {'line': b'-- Symlinking: /home/jason/projects/unitree_sdk2_ws/install/unitree_hg/share/unitree_hg/cmake/unitree_hgConfig.cmake\n'}
[13.998509] (unitree_hg) StdoutLine: {'line': b'-- Symlinking: /home/jason/projects/unitree_sdk2_ws/install/unitree_hg/share/unitree_hg/cmake/unitree_hgConfig-version.cmake\n'}
[14.004891] (unitree_hg) StdoutLine: {'line': b'-- Symlinking: /home/jason/projects/unitree_sdk2_ws/install/unitree_hg/share/unitree_hg/package.xml\n'}
[14.005683] (unitree_sdk2) StdoutLine: {'line': b'[ 90%] \x1b[32m\x1b[1mLinking CXX executable ../../bin/go2w_sport_client\x1b[0m\n'}
[14.011407] (unitree_hg) StdoutLine: {'line': b'-- Installing: /home/jason/projects/unitree_sdk2_ws/install/unitree_hg/lib/libunitree_hg__rosidl_generator_c.so\n'}
[14.011554] (unitree_hg) StdoutLine: {'line': b'-- Set runtime path of "/home/jason/projects/unitree_sdk2_ws/install/unitree_hg/lib/libunitree_hg__rosidl_generator_c.so" to ""\n'}
[14.011590] (unitree_hg) StdoutLine: {'line': b'-- Installing: /home/jason/projects/unitree_sdk2_ws/install/unitree_hg/lib/libunitree_hg__rosidl_typesupport_fastrtps_c.so\n'}
[14.011761] (unitree_hg) StdoutLine: {'line': b'-- Set runtime path of "/home/jason/projects/unitree_sdk2_ws/install/unitree_hg/lib/libunitree_hg__rosidl_typesupport_fastrtps_c.so" to ""\n'}
[14.011830] (unitree_hg) StdoutLine: {'line': b'-- Installing: /home/jason/projects/unitree_sdk2_ws/install/unitree_hg/lib/libunitree_hg__rosidl_typesupport_fastrtps_cpp.so\n'}
[14.011861] (unitree_hg) StdoutLine: {'line': b'-- Set runtime path of "/home/jason/projects/unitree_sdk2_ws/install/unitree_hg/lib/libunitree_hg__rosidl_typesupport_fastrtps_cpp.so" to ""\n'}
[14.011892] (unitree_hg) StdoutLine: {'line': b'-- Installing: /home/jason/projects/unitree_sdk2_ws/install/unitree_hg/lib/libunitree_hg__rosidl_typesupport_introspection_c.so\n'}
[14.011937] (unitree_hg) StdoutLine: {'line': b'-- Set runtime path of "/home/jason/projects/unitree_sdk2_ws/install/unitree_hg/lib/libunitree_hg__rosidl_typesupport_introspection_c.so" to ""\n'}
[14.011981] (unitree_hg) StdoutLine: {'line': b'-- Installing: /home/jason/projects/unitree_sdk2_ws/install/unitree_hg/lib/libunitree_hg__rosidl_typesupport_c.so\n'}
[14.012086] (unitree_hg) StdoutLine: {'line': b'-- Set runtime path of "/home/jason/projects/unitree_sdk2_ws/install/unitree_hg/lib/libunitree_hg__rosidl_typesupport_c.so" to ""\n'}
[14.012133] (unitree_hg) StdoutLine: {'line': b'-- Installing: /home/jason/projects/unitree_sdk2_ws/install/unitree_hg/lib/libunitree_hg__rosidl_typesupport_introspection_cpp.so\n'}
[14.012687] (unitree_hg) StdoutLine: {'line': b'-- Set runtime path of "/home/jason/projects/unitree_sdk2_ws/install/unitree_hg/lib/libunitree_hg__rosidl_typesupport_introspection_cpp.so" to ""\n'}
[14.012760] (unitree_hg) StdoutLine: {'line': b'-- Installing: /home/jason/projects/unitree_sdk2_ws/install/unitree_hg/lib/libunitree_hg__rosidl_typesupport_cpp.so\n'}
[14.012787] (unitree_hg) StdoutLine: {'line': b'-- Set runtime path of "/home/jason/projects/unitree_sdk2_ws/install/unitree_hg/lib/libunitree_hg__rosidl_typesupport_cpp.so" to ""\n'}
[14.044431] (unitree_hg) StdoutLine: {'line': b"Listing '/home/jason/projects/unitree_sdk2_ws/install/unitree_hg/local/lib/python3.10/dist-packages/unitree_hg'...\n"}
[14.044561] (unitree_hg) StdoutLine: {'line': b"Compiling '/home/jason/projects/unitree_sdk2_ws/install/unitree_hg/local/lib/python3.10/dist-packages/unitree_hg/__init__.py'...\n"}
[14.044593] (unitree_hg) StdoutLine: {'line': b"Listing '/home/jason/projects/unitree_sdk2_ws/install/unitree_hg/local/lib/python3.10/dist-packages/unitree_hg/msg'...\n"}
[14.044620] (unitree_hg) StdoutLine: {'line': b"Compiling '/home/jason/projects/unitree_sdk2_ws/install/unitree_hg/local/lib/python3.10/dist-packages/unitree_hg/msg/__init__.py'...\n"}
[14.044645] (unitree_hg) StdoutLine: {'line': b"Compiling '/home/jason/projects/unitree_sdk2_ws/install/unitree_hg/local/lib/python3.10/dist-packages/unitree_hg/msg/_bms_cmd.py'...\n"}
[14.044669] (unitree_hg) StdoutLine: {'line': b"Compiling '/home/jason/projects/unitree_sdk2_ws/install/unitree_hg/local/lib/python3.10/dist-packages/unitree_hg/msg/_bms_state.py'...\n"}
[14.044704] (unitree_hg) StdoutLine: {'line': b"Compiling '/home/jason/projects/unitree_sdk2_ws/install/unitree_hg/local/lib/python3.10/dist-packages/unitree_hg/msg/_hand_cmd.py'...\n"}
[14.044728] (unitree_hg) StdoutLine: {'line': b"Compiling '/home/jason/projects/unitree_sdk2_ws/install/unitree_hg/local/lib/python3.10/dist-packages/unitree_hg/msg/_hand_state.py'...\n"}
[14.044752] (unitree_hg) StdoutLine: {'line': b"Compiling '/home/jason/projects/unitree_sdk2_ws/install/unitree_hg/local/lib/python3.10/dist-packages/unitree_hg/msg/_imu_state.py'...\n"}
[14.044776] (unitree_hg) StdoutLine: {'line': b"Compiling '/home/jason/projects/unitree_sdk2_ws/install/unitree_hg/local/lib/python3.10/dist-packages/unitree_hg/msg/_low_cmd.py'...\n"}
[14.044801] (unitree_hg) StdoutLine: {'line': b"Compiling '/home/jason/projects/unitree_sdk2_ws/install/unitree_hg/local/lib/python3.10/dist-packages/unitree_hg/msg/_low_state.py'...\n"}
[14.044825] (unitree_hg) StdoutLine: {'line': b"Compiling '/home/jason/projects/unitree_sdk2_ws/install/unitree_hg/local/lib/python3.10/dist-packages/unitree_hg/msg/_main_board_state.py'...\n"}
[14.044849] (unitree_hg) StdoutLine: {'line': b"Compiling '/home/jason/projects/unitree_sdk2_ws/install/unitree_hg/local/lib/python3.10/dist-packages/unitree_hg/msg/_motor_cmd.py'...\n"}
[14.044874] (unitree_hg) StdoutLine: {'line': b"Compiling '/home/jason/projects/unitree_sdk2_ws/install/unitree_hg/local/lib/python3.10/dist-packages/unitree_hg/msg/_motor_state.py'...\n"}
[14.044905] (unitree_hg) StdoutLine: {'line': b"Compiling '/home/jason/projects/unitree_sdk2_ws/install/unitree_hg/local/lib/python3.10/dist-packages/unitree_hg/msg/_press_sensor_state.py'...\n"}
[14.048273] (unitree_hg) StdoutLine: {'line': b'-- Installing: /home/jason/projects/unitree_sdk2_ws/install/unitree_hg/lib/libunitree_hg__rosidl_generator_py.so\n'}
[14.050630] (unitree_hg) StdoutLine: {'line': b'-- Set runtime path of "/home/jason/projects/unitree_sdk2_ws/install/unitree_hg/lib/libunitree_hg__rosidl_generator_py.so" to ""\n'}
[14.050765] (unitree_hg) StdoutLine: {'line': b'-- Installing: /home/jason/projects/unitree_sdk2_ws/install/unitree_hg/share/unitree_hg/cmake/export_unitree_hg__rosidl_generator_cExport.cmake\n'}
[14.050838] (unitree_hg) StdoutLine: {'line': b'-- Installing: /home/jason/projects/unitree_sdk2_ws/install/unitree_hg/share/unitree_hg/cmake/export_unitree_hg__rosidl_generator_cExport-noconfig.cmake\n'}
[14.050867] (unitree_hg) StdoutLine: {'line': b'-- Installing: /home/jason/projects/unitree_sdk2_ws/install/unitree_hg/share/unitree_hg/cmake/export_unitree_hg__rosidl_typesupport_fastrtps_cExport.cmake\n'}
[14.051804] (unitree_hg) StdoutLine: {'line': b'-- Installing: /home/jason/projects/unitree_sdk2_ws/install/unitree_hg/share/unitree_hg/cmake/export_unitree_hg__rosidl_typesupport_fastrtps_cExport-noconfig.cmake\n'}
[14.051914] (unitree_hg) StdoutLine: {'line': b'-- Installing: /home/jason/projects/unitree_sdk2_ws/install/unitree_hg/share/unitree_hg/cmake/export_unitree_hg__rosidl_generator_cppExport.cmake\n'}
[14.051946] (unitree_hg) StdoutLine: {'line': b'-- Installing: /home/jason/projects/unitree_sdk2_ws/install/unitree_hg/share/unitree_hg/cmake/export_unitree_hg__rosidl_typesupport_fastrtps_cppExport.cmake\n'}
[14.051980] (unitree_hg) StdoutLine: {'line': b'-- Installing: /home/jason/projects/unitree_sdk2_ws/install/unitree_hg/share/unitree_hg/cmake/export_unitree_hg__rosidl_typesupport_fastrtps_cppExport-noconfig.cmake\n'}
[14.052231] (unitree_hg) StdoutLine: {'line': b'-- Installing: /home/jason/projects/unitree_sdk2_ws/install/unitree_hg/share/unitree_hg/cmake/unitree_hg__rosidl_typesupport_introspection_cExport.cmake\n'}
[14.052260] (unitree_hg) StdoutLine: {'line': b'-- Installing: /home/jason/projects/unitree_sdk2_ws/install/unitree_hg/share/unitree_hg/cmake/unitree_hg__rosidl_typesupport_introspection_cExport-noconfig.cmake\n'}
[14.052286] (unitree_hg) StdoutLine: {'line': b'-- Installing: /home/jason/projects/unitree_sdk2_ws/install/unitree_hg/share/unitree_hg/cmake/unitree_hg__rosidl_typesupport_cExport.cmake\n'}
[14.052312] (unitree_hg) StdoutLine: {'line': b'-- Installing: /home/jason/projects/unitree_sdk2_ws/install/unitree_hg/share/unitree_hg/cmake/unitree_hg__rosidl_typesupport_cExport-noconfig.cmake\n'}
[14.052338] (unitree_hg) StdoutLine: {'line': b'-- Installing: /home/jason/projects/unitree_sdk2_ws/install/unitree_hg/share/unitree_hg/cmake/unitree_hg__rosidl_typesupport_introspection_cppExport.cmake\n'}
[14.052363] (unitree_hg) StdoutLine: {'line': b'-- Installing: /home/jason/projects/unitree_sdk2_ws/install/unitree_hg/share/unitree_hg/cmake/unitree_hg__rosidl_typesupport_introspection_cppExport-noconfig.cmake\n'}
[14.052389] (unitree_hg) StdoutLine: {'line': b'-- Installing: /home/jason/projects/unitree_sdk2_ws/install/unitree_hg/share/unitree_hg/cmake/unitree_hg__rosidl_typesupport_cppExport.cmake\n'}
[14.052420] (unitree_hg) StdoutLine: {'line': b'-- Installing: /home/jason/projects/unitree_sdk2_ws/install/unitree_hg/share/unitree_hg/cmake/unitree_hg__rosidl_typesupport_cppExport-noconfig.cmake\n'}
[14.052446] (unitree_hg) StdoutLine: {'line': b'-- Installing: /home/jason/projects/unitree_sdk2_ws/install/unitree_hg/share/unitree_hg/cmake/export_unitree_hg__rosidl_generator_pyExport.cmake\n'}
[14.052471] (unitree_hg) StdoutLine: {'line': b'-- Installing: /home/jason/projects/unitree_sdk2_ws/install/unitree_hg/share/unitree_hg/cmake/export_unitree_hg__rosidl_generator_pyExport-noconfig.cmake\n'}
[14.054398] (unitree_hg) CommandEnded: {'returncode': 0}
[14.068471] (unitree_hg) JobEnded: {'identifier': 'unitree_hg', 'rc': 0}
[14.076662] (-) TimerEvent: {}
[14.178457] (-) TimerEvent: {}
[14.278956] (unitree_sdk2) StdoutLine: {'line': b'[ 90%] Built target go2w_sport_client\n'}
[14.279376] (-) TimerEvent: {}
[14.379715] (-) TimerEvent: {}
[14.473292] (unitree_go) StdoutLine: {'line': b'[ 88%] Built target unitree_go__py\n'}
[14.479824] (-) TimerEvent: {}
[14.490731] (unitree_go) StdoutLine: {'line': b'[ 88%] \x1b[32mBuilding C object CMakeFiles/unitree_go__rosidl_generator_py.dir/rosidl_generator_py/unitree_go/msg/_go2_front_video_data_s.c.o\x1b[0m\n'}
[14.490884] (unitree_go) StdoutLine: {'line': b'[ 88%] \x1b[32mBuilding C object CMakeFiles/unitree_go__rosidl_generator_py.dir/rosidl_generator_py/unitree_go/msg/_bms_state_s.c.o\x1b[0m\n'}
[14.491569] (unitree_go) StdoutLine: {'line': b'[ 89%] \x1b[32mBuilding C object CMakeFiles/unitree_go__rosidl_generator_py.dir/rosidl_generator_py/unitree_go/msg/_bms_cmd_s.c.o\x1b[0m\n'}
[14.491680] (unitree_go) StdoutLine: {'line': b'[ 88%] \x1b[32mBuilding C object CMakeFiles/unitree_go__rosidl_generator_py.dir/rosidl_generator_py/unitree_go/msg/_audio_data_s.c.o\x1b[0m\n'}
[14.491744] (unitree_go) StdoutLine: {'line': b'[ 90%] \x1b[32mBuilding C object CMakeFiles/unitree_go__rosidl_generator_py.dir/rosidl_generator_py/unitree_go/msg/_error_s.c.o\x1b[0m\n'}
[14.493191] (unitree_go) StdoutLine: {'line': b'[ 91%] \x1b[32mBuilding C object CMakeFiles/unitree_go__rosidl_generator_py.dir/rosidl_generator_py/unitree_go/msg/_height_map_s.c.o\x1b[0m\n'}
[14.493307] (unitree_go) StdoutLine: {'line': b'[ 91%] \x1b[32mBuilding C object CMakeFiles/unitree_go__rosidl_generator_py.dir/rosidl_generator_py/unitree_go/msg/_imu_state_s.c.o\x1b[0m\n'}
[14.494296] (unitree_go) StdoutLine: {'line': b'[ 92%] \x1b[32mBuilding C object CMakeFiles/unitree_go__rosidl_generator_py.dir/rosidl_generator_py/unitree_go/msg/_interface_config_s.c.o\x1b[0m\n'}
[14.495057] (unitree_go) StdoutLine: {'line': b'[ 93%] \x1b[32mBuilding C object CMakeFiles/unitree_go__rosidl_generator_py.dir/rosidl_generator_py/unitree_go/msg/_low_cmd_s.c.o\x1b[0m\n'}
[14.495992] (unitree_go) StdoutLine: {'line': b'[ 93%] \x1b[32mBuilding C object CMakeFiles/unitree_go__rosidl_generator_py.dir/rosidl_generator_py/unitree_go/msg/_motor_cmd_s.c.o\x1b[0m\n'}
[14.496861] (unitree_go) StdoutLine: {'line': b'[ 93%] \x1b[32mBuilding C object CMakeFiles/unitree_go__rosidl_generator_py.dir/rosidl_generator_py/unitree_go/msg/_lidar_state_s.c.o\x1b[0m\n'}
[14.496921] (unitree_go) StdoutLine: {'line': b'[ 93%] \x1b[32mBuilding C object CMakeFiles/unitree_go__rosidl_generator_py.dir/rosidl_generator_py/unitree_go/msg/_low_state_s.c.o\x1b[0m\n'}
[14.497132] (unitree_go) StdoutLine: {'line': b'[ 94%] \x1b[32mBuilding C object CMakeFiles/unitree_go__rosidl_generator_py.dir/rosidl_generator_py/unitree_go/msg/_motor_cmds_s.c.o\x1b[0m\n'}
[14.529509] (unitree_go) StdoutLine: {'line': b'[ 94%] \x1b[32mBuilding C object CMakeFiles/unitree_go__rosidl_generator_py.dir/rosidl_generator_py/unitree_go/msg/_motor_state_s.c.o\x1b[0m\n'}
[14.529651] (unitree_go) StdoutLine: {'line': b'[ 95%] \x1b[32mBuilding C object CMakeFiles/unitree_go__rosidl_generator_py.dir/rosidl_generator_py/unitree_go/msg/_motor_states_s.c.o\x1b[0m\n'}
[14.539448] (unitree_go) StdoutLine: {'line': b'[ 95%] \x1b[32mBuilding C object CMakeFiles/unitree_go__rosidl_generator_py.dir/rosidl_generator_py/unitree_go/msg/_path_point_s.c.o\x1b[0m\n'}
[14.562494] (unitree_go) StdoutLine: {'line': b'[ 96%] \x1b[32mBuilding C object CMakeFiles/unitree_go__rosidl_generator_py.dir/rosidl_generator_py/unitree_go/msg/_req_s.c.o\x1b[0m\n'}
[14.567701] (unitree_go) StdoutLine: {'line': b'[ 96%] \x1b[32mBuilding C object CMakeFiles/unitree_go__rosidl_generator_py.dir/rosidl_generator_py/unitree_go/msg/_res_s.c.o\x1b[0m\n'}
[14.578533] (unitree_go) StdoutLine: {'line': b'[ 97%] \x1b[32mBuilding C object CMakeFiles/unitree_go__rosidl_generator_py.dir/rosidl_generator_py/unitree_go/msg/_sport_mode_cmd_s.c.o\x1b[0m\n'}
[14.579892] (-) TimerEvent: {}
[14.585517] (unitree_go) StdoutLine: {'line': b'[ 97%] \x1b[32mBuilding C object CMakeFiles/unitree_go__rosidl_generator_py.dir/rosidl_generator_py/unitree_go/msg/_sport_mode_state_s.c.o\x1b[0m\n'}
[14.590513] (unitree_go) StdoutLine: {'line': b'[ 98%] \x1b[32mBuilding C object CMakeFiles/unitree_go__rosidl_generator_py.dir/rosidl_generator_py/unitree_go/msg/_time_spec_s.c.o\x1b[0m\n'}
[14.623192] (unitree_go) StdoutLine: {'line': b'[ 98%] \x1b[32mBuilding C object CMakeFiles/unitree_go__rosidl_generator_py.dir/rosidl_generator_py/unitree_go/msg/_uwb_state_s.c.o\x1b[0m\n'}
[14.626463] (unitree_go) StdoutLine: {'line': b'[ 99%] \x1b[32mBuilding C object CMakeFiles/unitree_go__rosidl_generator_py.dir/rosidl_generator_py/unitree_go/msg/_uwb_switch_s.c.o\x1b[0m\n'}
[14.628410] (unitree_go) StdoutLine: {'line': b'[ 99%] \x1b[32mBuilding C object CMakeFiles/unitree_go__rosidl_generator_py.dir/rosidl_generator_py/unitree_go/msg/_wireless_controller_s.c.o\x1b[0m\n'}
[14.680007] (-) TimerEvent: {}
[14.708902] (unitree_go) StdoutLine: {'line': b'[100%] \x1b[32m\x1b[1mLinking C shared library rosidl_generator_py/unitree_go/libunitree_go__rosidl_generator_py.so\x1b[0m\n'}
[14.712429] (unitree_sdk2) StdoutLine: {'line': b'[ 92%] \x1b[32m\x1b[1mLinking CXX executable ../../bin/g1_termination\x1b[0m\n'}
[14.740952] (unitree_go) StdoutLine: {'line': b'[100%] Built target unitree_go__rosidl_generator_py\n'}
[14.758409] (unitree_go) StdoutLine: {'line': b'[100%] \x1b[32mBuilding C object CMakeFiles/unitree_go__rosidl_typesupport_c__pyext.dir/rosidl_generator_py/unitree_go/_unitree_go_s.ep.rosidl_typesupport_c.c.o\x1b[0m\n'}
[14.758543] (unitree_go) StdoutLine: {'line': b'[100%] \x1b[32mBuilding C object CMakeFiles/unitree_go__rosidl_typesupport_introspection_c__pyext.dir/rosidl_generator_py/unitree_go/_unitree_go_s.ep.rosidl_typesupport_introspection_c.c.o\x1b[0m\n'}
[14.761906] (unitree_go) StdoutLine: {'line': b'[100%] \x1b[32mBuilding C object CMakeFiles/unitree_go__rosidl_typesupport_fastrtps_c__pyext.dir/rosidl_generator_py/unitree_go/_unitree_go_s.ep.rosidl_typesupport_fastrtps_c.c.o\x1b[0m\n'}
[14.780109] (-) TimerEvent: {}
[14.844822] (unitree_go) StdoutLine: {'line': b'[100%] \x1b[32m\x1b[1mLinking C shared library rosidl_generator_py/unitree_go/unitree_go_s__rosidl_typesupport_introspection_c.cpython-310-x86_64-linux-gnu.so\x1b[0m\n'}
[14.858734] (unitree_go) StdoutLine: {'line': b'[100%] \x1b[32m\x1b[1mLinking C shared library rosidl_generator_py/unitree_go/unitree_go_s__rosidl_typesupport_c.cpython-310-x86_64-linux-gnu.so\x1b[0m\n'}
[14.860930] (unitree_go) StdoutLine: {'line': b'[100%] \x1b[32m\x1b[1mLinking C shared library rosidl_generator_py/unitree_go/unitree_go_s__rosidl_typesupport_fastrtps_c.cpython-310-x86_64-linux-gnu.so\x1b[0m\n'}
[14.880745] (-) TimerEvent: {}
[14.885718] (unitree_go) StdoutLine: {'line': b'[100%] Built target unitree_go__rosidl_typesupport_introspection_c__pyext\n'}
[14.891760] (unitree_go) StdoutLine: {'line': b'[100%] Built target unitree_go__rosidl_typesupport_fastrtps_c__pyext\n'}
[14.891916] (unitree_go) StdoutLine: {'line': b'[100%] Built target unitree_go__rosidl_typesupport_c__pyext\n'}
[14.900153] (unitree_go) CommandEnded: {'returncode': 0}
[14.901013] (unitree_go) JobProgress: {'identifier': 'unitree_go', 'progress': 'install'}
[14.901062] (unitree_go) Command: {'cmd': ['/usr/bin/cmake', '--install', '/home/jason/projects/unitree_sdk2_ws/build/unitree_go'], 'cwd': '/home/jason/projects/unitree_sdk2_ws/build/unitree_go', 'env': OrderedDict([('LESSOPEN', '| /usr/bin/lesspipe %s'), ('USER', 'jason'), ('XDG_SESSION_TYPE', 'wayland'), ('SHLVL', '1'), ('LD_LIBRARY_PATH', '/home/jason/projects/unitree_sdk2_ws/install/unitree_sdk2/lib:/home/jason/projects/unitree_sdk2_ws/install/unitree_hg/lib:/home/jason/projects/unitree_sdk2_ws/install/unitree_go/lib:/home/jason/projects/unitree_sdk2_ws/install/unitree_api/lib:/opt/ros/humble/opt/rviz_ogre_vendor/lib:/opt/ros/humble/lib/x86_64-linux-gnu:/opt/ros/humble/lib'), ('HOME', '/home/jason'), ('OLDPWD', '/home/jason/projects/unitree_sdk2_ws'), ('DESKTOP_SESSION', 'ubuntu'), ('ROS_PYTHON_VERSION', '3'), ('GNOME_SHELL_SESSION_MODE', 'ubuntu'), ('GTK_MODULES', 'gail:atk-bridge'), ('SYSTEMD_EXEC_PID', '1804'), ('DBUS_SESSION_BUS_ADDRESS', 'unix:path=/run/user/1000/bus'), ('COLORTERM', 'truecolor'), ('IM_CONFIG_PHASE', '1'), ('WAYLAND_DISPLAY', 'wayland-0'), ('COLCON_PREFIX_PATH', '/home/jason/projects/unitree_sdk2_ws/install'), ('ROS_DISTRO', 'humble'), ('LOGNAME', 'jason'), ('_', '/usr/bin/colcon'), ('ROS_VERSION', '2'), ('XDG_SESSION_CLASS', 'user'), ('USERNAME', 'jason'), ('TERM', 'xterm-256color'), ('GNOME_DESKTOP_SESSION_ID', 'this-is-deprecated'), ('ROS_LOCALHOST_ONLY', '0'), ('PATH', '/home/jason/.local/bin:/opt/ros/humble/bin:/usr/local/sbin:/usr/local/bin:/usr/sbin:/usr/bin:/sbin:/bin:/usr/games:/usr/local/games:/snap/bin:/snap/bin'), ('SESSION_MANAGER', 'local/jasonabichebli:@/tmp/.ICE-unix/1771,unix/jasonabichebli:/tmp/.ICE-unix/1771'), ('XDG_MENU_PREFIX', 'gnome-'), ('GNOME_TERMINAL_SCREEN', '/org/gnome/Terminal/screen/0b597454_0566_460c_8a5d_2466510f845d'), ('GNOME_SETUP_DISPLAY', ':1'), ('XDG_RUNTIME_DIR', '/run/user/1000'), ('DISPLAY', ':0'), ('LANG', 'en_US.UTF-8'), ('XDG_CURRENT_DESKTOP', 'ubuntu:GNOME'), ('XMODIFIERS', '@im=ibus'), ('XDG_SESSION_DESKTOP', 'ubuntu'), ('XAUTHORITY', '/run/user/1000/.mutter-Xwaylandauth.GN6TD3'), ('LS_COLORS', 'rs=0:di=01;34:ln=01;36:mh=00:pi=40;33:so=01;35:do=01;35:bd=40;33;01:cd=40;33;01:or=40;31;01:mi=00:su=37;41:sg=30;43:ca=30;41:tw=30;42:ow=34;42:st=37;44:ex=01;32:*.tar=01;31:*.tgz=01;31:*.arc=01;31:*.arj=01;31:*.taz=01;31:*.lha=01;31:*.lz4=01;31:*.lzh=01;31:*.lzma=01;31:*.tlz=01;31:*.txz=01;31:*.tzo=01;31:*.t7z=01;31:*.zip=01;31:*.z=01;31:*.dz=01;31:*.gz=01;31:*.lrz=01;31:*.lz=01;31:*.lzo=01;31:*.xz=01;31:*.zst=01;31:*.tzst=01;31:*.bz2=01;31:*.bz=01;31:*.tbz=01;31:*.tbz2=01;31:*.tz=01;31:*.deb=01;31:*.rpm=01;31:*.jar=01;31:*.war=01;31:*.ear=01;31:*.sar=01;31:*.rar=01;31:*.alz=01;31:*.ace=01;31:*.zoo=01;31:*.cpio=01;31:*.7z=01;31:*.rz=01;31:*.cab=01;31:*.wim=01;31:*.swm=01;31:*.dwm=01;31:*.esd=01;31:*.jpg=01;35:*.jpeg=01;35:*.mjpg=01;35:*.mjpeg=01;35:*.gif=01;35:*.bmp=01;35:*.pbm=01;35:*.pgm=01;35:*.ppm=01;35:*.tga=01;35:*.xbm=01;35:*.xpm=01;35:*.tif=01;35:*.tiff=01;35:*.png=01;35:*.svg=01;35:*.svgz=01;35:*.mng=01;35:*.pcx=01;35:*.mov=01;35:*.mpg=01;35:*.mpeg=01;35:*.m2v=01;35:*.mkv=01;35:*.webm=01;35:*.webp=01;35:*.ogm=01;35:*.mp4=01;35:*.m4v=01;35:*.mp4v=01;35:*.vob=01;35:*.qt=01;35:*.nuv=01;35:*.wmv=01;35:*.asf=01;35:*.rm=01;35:*.rmvb=01;35:*.flc=01;35:*.avi=01;35:*.fli=01;35:*.flv=01;35:*.gl=01;35:*.dl=01;35:*.xcf=01;35:*.xwd=01;35:*.yuv=01;35:*.cgm=01;35:*.emf=01;35:*.ogv=01;35:*.ogx=01;35:*.aac=00;36:*.au=00;36:*.flac=00;36:*.m4a=00;36:*.mid=00;36:*.midi=00;36:*.mka=00;36:*.mp3=00;36:*.mpc=00;36:*.ogg=00;36:*.ra=00;36:*.wav=00;36:*.oga=00;36:*.opus=00;36:*.spx=00;36:*.xspf=00;36:'), ('GNOME_TERMINAL_SERVICE', ':1.198'), ('SSH_AGENT_LAUNCHER', 'gnome-keyring'), ('SSH_AUTH_SOCK', '/run/user/1000/keyring/ssh'), ('AMENT_PREFIX_PATH', '/opt/ros/humble'), ('SHELL', '/bin/bash'), ('QT_ACCESSIBILITY', '1'), ('GDMSESSION', 'ubuntu'), ('LESSCLOSE', '/usr/bin/lesspipe %s %s'), ('QT_IM_MODULE', 'ibus'), ('PWD', '/home/jason/projects/unitree_sdk2_ws/build/unitree_go'), ('XDG_CONFIG_DIRS', '/etc/xdg/xdg-ubuntu:/etc/xdg'), ('XDG_DATA_DIRS', '/usr/share/ubuntu:/usr/local/share/:/usr/share/:/var/lib/snapd/desktop'), ('PYTHONPATH', '/opt/ros/humble/lib/python3.10/site-packages:/opt/ros/humble/local/lib/python3.10/dist-packages'), ('COLCON', '1'), ('VTE_VERSION', '6800'), ('CMAKE_PREFIX_PATH', '/home/jason/projects/unitree_sdk2_ws/install/unitree_sdk2:/home/jason/projects/unitree_sdk2_ws/install/unitree_ros2_example:/home/jason/projects/unitree_sdk2_ws/install/unitree_hg:/home/jason/projects/unitree_sdk2_ws/install/unitree_go:/home/jason/projects/unitree_sdk2_ws/install/unitree_api:/opt/ros/humble')]), 'shell': False}
[14.908497] (unitree_go) StdoutLine: {'line': b'-- Install configuration: ""\n'}
[14.909311] (unitree_go) StdoutLine: {'line': b'-- Execute custom install script\n'}
[14.909754] (unitree_go) StdoutLine: {'line': b'-- Symlinking: /home/jason/projects/unitree_sdk2_ws/install/unitree_go/share/ament_index/resource_index/rosidl_interfaces/unitree_go\n'}
[14.916706] (unitree_go) StdoutLine: {'line': b'-- Symlinking: /home/jason/projects/unitree_sdk2_ws/install/unitree_go/include/unitree_go/unitree_go/msg/audio_data.h\n'}
[14.922628] (unitree_go) StdoutLine: {'line': b'-- Symlinking: /home/jason/projects/unitree_sdk2_ws/install/unitree_go/include/unitree_go/unitree_go/msg/bms_cmd.h\n'}
[14.928940] (unitree_go) StdoutLine: {'line': b'-- Symlinking: /home/jason/projects/unitree_sdk2_ws/install/unitree_go/include/unitree_go/unitree_go/msg/bms_state.h\n'}
[14.935970] (unitree_go) StdoutLine: {'line': b'-- Symlinking: /home/jason/projects/unitree_sdk2_ws/install/unitree_go/include/unitree_go/unitree_go/msg/detail/audio_data__functions.h\n'}
[14.942923] (unitree_go) StdoutLine: {'line': b'-- Symlinking: /home/jason/projects/unitree_sdk2_ws/install/unitree_go/include/unitree_go/unitree_go/msg/detail/audio_data__struct.h\n'}
[14.948691] (unitree_go) StdoutLine: {'line': b'-- Symlinking: /home/jason/projects/unitree_sdk2_ws/install/unitree_go/include/unitree_go/unitree_go/msg/detail/audio_data__type_support.h\n'}
[14.954234] (unitree_go) StdoutLine: {'line': b'-- Symlinking: /home/jason/projects/unitree_sdk2_ws/install/unitree_go/include/unitree_go/unitree_go/msg/detail/bms_cmd__functions.h\n'}
[14.961263] (unitree_go) StdoutLine: {'line': b'-- Symlinking: /home/jason/projects/unitree_sdk2_ws/install/unitree_go/include/unitree_go/unitree_go/msg/detail/bms_cmd__struct.h\n'}
[14.966539] (unitree_sdk2) StdoutLine: {'line': b'[ 92%] Built target g1_termination\n'}
[14.966862] (unitree_go) StdoutLine: {'line': b'-- Symlinking: /home/jason/projects/unitree_sdk2_ws/install/unitree_go/include/unitree_go/unitree_go/msg/detail/bms_cmd__type_support.h\n'}
[14.972779] (unitree_go) StdoutLine: {'line': b'-- Symlinking: /home/jason/projects/unitree_sdk2_ws/install/unitree_go/include/unitree_go/unitree_go/msg/detail/bms_state__functions.h\n'}
[14.980938] (-) TimerEvent: {}
[14.982545] (unitree_go) StdoutLine: {'line': b'-- Symlinking: /home/jason/projects/unitree_sdk2_ws/install/unitree_go/include/unitree_go/unitree_go/msg/detail/bms_state__struct.h\n'}
[14.989986] (unitree_go) StdoutLine: {'line': b'-- Symlinking: /home/jason/projects/unitree_sdk2_ws/install/unitree_go/include/unitree_go/unitree_go/msg/detail/bms_state__type_support.h\n'}
[14.995391] (unitree_go) StdoutLine: {'line': b'-- Symlinking: /home/jason/projects/unitree_sdk2_ws/install/unitree_go/include/unitree_go/unitree_go/msg/detail/error__functions.h\n'}
[15.002175] (unitree_go) StdoutLine: {'line': b'-- Symlinking: /home/jason/projects/unitree_sdk2_ws/install/unitree_go/include/unitree_go/unitree_go/msg/detail/error__struct.h\n'}
[15.006839] (unitree_go) StdoutLine: {'line': b'-- Symlinking: /home/jason/projects/unitree_sdk2_ws/install/unitree_go/include/unitree_go/unitree_go/msg/detail/error__type_support.h\n'}
[15.012129] (unitree_go) StdoutLine: {'line': b'-- Symlinking: /home/jason/projects/unitree_sdk2_ws/install/unitree_go/include/unitree_go/unitree_go/msg/detail/go2_front_video_data__functions.h\n'}
[15.016955] (unitree_go) StdoutLine: {'line': b'-- Symlinking: /home/jason/projects/unitree_sdk2_ws/install/unitree_go/include/unitree_go/unitree_go/msg/detail/go2_front_video_data__struct.h\n'}
[15.022114] (unitree_go) StdoutLine: {'line': b'-- Symlinking: /home/jason/projects/unitree_sdk2_ws/install/unitree_go/include/unitree_go/unitree_go/msg/detail/go2_front_video_data__type_support.h\n'}
[15.028064] (unitree_go) StdoutLine: {'line': b'-- Symlinking: /home/jason/projects/unitree_sdk2_ws/install/unitree_go/include/unitree_go/unitree_go/msg/detail/height_map__functions.h\n'}
[15.033053] (unitree_go) StdoutLine: {'line': b'-- Symlinking: /home/jason/projects/unitree_sdk2_ws/install/unitree_go/include/unitree_go/unitree_go/msg/detail/height_map__struct.h\n'}
[15.037767] (unitree_go) StdoutLine: {'line': b'-- Symlinking: /home/jason/projects/unitree_sdk2_ws/install/unitree_go/include/unitree_go/unitree_go/msg/detail/height_map__type_support.h\n'}
[15.043555] (unitree_go) StdoutLine: {'line': b'-- Symlinking: /home/jason/projects/unitree_sdk2_ws/install/unitree_go/include/unitree_go/unitree_go/msg/detail/imu_state__functions.h\n'}
[15.050834] (unitree_go) StdoutLine: {'line': b'-- Symlinking: /home/jason/projects/unitree_sdk2_ws/install/unitree_go/include/unitree_go/unitree_go/msg/detail/imu_state__struct.h\n'}
[15.055746] (unitree_go) StdoutLine: {'line': b'-- Symlinking: /home/jason/projects/unitree_sdk2_ws/install/unitree_go/include/unitree_go/unitree_go/msg/detail/imu_state__type_support.h\n'}
[15.060373] (unitree_go) StdoutLine: {'line': b'-- Symlinking: /home/jason/projects/unitree_sdk2_ws/install/unitree_go/include/unitree_go/unitree_go/msg/detail/interface_config__functions.h\n'}
[15.065093] (unitree_go) StdoutLine: {'line': b'-- Symlinking: /home/jason/projects/unitree_sdk2_ws/install/unitree_go/include/unitree_go/unitree_go/msg/detail/interface_config__struct.h\n'}
[15.071084] (unitree_go) StdoutLine: {'line': b'-- Symlinking: /home/jason/projects/unitree_sdk2_ws/install/unitree_go/include/unitree_go/unitree_go/msg/detail/interface_config__type_support.h\n'}
[15.075815] (unitree_go) StdoutLine: {'line': b'-- Symlinking: /home/jason/projects/unitree_sdk2_ws/install/unitree_go/include/unitree_go/unitree_go/msg/detail/lidar_state__functions.h\n'}
[15.080869] (unitree_go) StdoutLine: {'line': b'-- Symlinking: /home/jason/projects/unitree_sdk2_ws/install/unitree_go/include/unitree_go/unitree_go/msg/detail/lidar_state__struct.h\n'}
[15.080983] (-) TimerEvent: {}
[15.085956] (unitree_go) StdoutLine: {'line': b'-- Symlinking: /home/jason/projects/unitree_sdk2_ws/install/unitree_go/include/unitree_go/unitree_go/msg/detail/lidar_state__type_support.h\n'}
[15.092164] (unitree_go) StdoutLine: {'line': b'-- Symlinking: /home/jason/projects/unitree_sdk2_ws/install/unitree_go/include/unitree_go/unitree_go/msg/detail/low_cmd__functions.h\n'}
[15.096689] (unitree_go) StdoutLine: {'line': b'-- Symlinking: /home/jason/projects/unitree_sdk2_ws/install/unitree_go/include/unitree_go/unitree_go/msg/detail/low_cmd__struct.h\n'}
[15.101475] (unitree_go) StdoutLine: {'line': b'-- Symlinking: /home/jason/projects/unitree_sdk2_ws/install/unitree_go/include/unitree_go/unitree_go/msg/detail/low_cmd__type_support.h\n'}
[15.106735] (unitree_go) StdoutLine: {'line': b'-- Symlinking: /home/jason/projects/unitree_sdk2_ws/install/unitree_go/include/unitree_go/unitree_go/msg/detail/low_state__functions.h\n'}
[15.112697] (unitree_go) StdoutLine: {'line': b'-- Symlinking: /home/jason/projects/unitree_sdk2_ws/install/unitree_go/include/unitree_go/unitree_go/msg/detail/low_state__struct.h\n'}
[15.117535] (unitree_go) StdoutLine: {'line': b'-- Symlinking: /home/jason/projects/unitree_sdk2_ws/install/unitree_go/include/unitree_go/unitree_go/msg/detail/low_state__type_support.h\n'}
[15.123050] (unitree_go) StdoutLine: {'line': b'-- Symlinking: /home/jason/projects/unitree_sdk2_ws/install/unitree_go/include/unitree_go/unitree_go/msg/detail/motor_cmd__functions.h\n'}
[15.127666] (unitree_go) StdoutLine: {'line': b'-- Symlinking: /home/jason/projects/unitree_sdk2_ws/install/unitree_go/include/unitree_go/unitree_go/msg/detail/motor_cmd__struct.h\n'}
[15.132394] (unitree_go) StdoutLine: {'line': b'-- Symlinking: /home/jason/projects/unitree_sdk2_ws/install/unitree_go/include/unitree_go/unitree_go/msg/detail/motor_cmd__type_support.h\n'}
[15.138091] (unitree_go) StdoutLine: {'line': b'-- Symlinking: /home/jason/projects/unitree_sdk2_ws/install/unitree_go/include/unitree_go/unitree_go/msg/detail/motor_cmds__functions.h\n'}
[15.144343] (unitree_go) StdoutLine: {'line': b'-- Symlinking: /home/jason/projects/unitree_sdk2_ws/install/unitree_go/include/unitree_go/unitree_go/msg/detail/motor_cmds__struct.h\n'}
[15.148942] (unitree_go) StdoutLine: {'line': b'-- Symlinking: /home/jason/projects/unitree_sdk2_ws/install/unitree_go/include/unitree_go/unitree_go/msg/detail/motor_cmds__type_support.h\n'}
[15.153602] (unitree_go) StdoutLine: {'line': b'-- Symlinking: /home/jason/projects/unitree_sdk2_ws/install/unitree_go/include/unitree_go/unitree_go/msg/detail/motor_state__functions.h\n'}
[15.158094] (unitree_go) StdoutLine: {'line': b'-- Symlinking: /home/jason/projects/unitree_sdk2_ws/install/unitree_go/include/unitree_go/unitree_go/msg/detail/motor_state__struct.h\n'}
[15.162812] (unitree_go) StdoutLine: {'line': b'-- Symlinking: /home/jason/projects/unitree_sdk2_ws/install/unitree_go/include/unitree_go/unitree_go/msg/detail/motor_state__type_support.h\n'}
[15.167338] (unitree_go) StdoutLine: {'line': b'-- Symlinking: /home/jason/projects/unitree_sdk2_ws/install/unitree_go/include/unitree_go/unitree_go/msg/detail/motor_states__functions.h\n'}
[15.173324] (unitree_go) StdoutLine: {'line': b'-- Symlinking: /home/jason/projects/unitree_sdk2_ws/install/unitree_go/include/unitree_go/unitree_go/msg/detail/motor_states__struct.h\n'}
[15.178188] (unitree_go) StdoutLine: {'line': b'-- Symlinking: /home/jason/projects/unitree_sdk2_ws/install/unitree_go/include/unitree_go/unitree_go/msg/detail/motor_states__type_support.h\n'}
[15.182445] (-) TimerEvent: {}
[15.183020] (unitree_go) StdoutLine: {'line': b'-- Symlinking: /home/jason/projects/unitree_sdk2_ws/install/unitree_go/include/unitree_go/unitree_go/msg/detail/path_point__functions.h\n'}
[15.188600] (unitree_go) StdoutLine: {'line': b'-- Symlinking: /home/jason/projects/unitree_sdk2_ws/install/unitree_go/include/unitree_go/unitree_go/msg/detail/path_point__struct.h\n'}
[15.194119] (unitree_go) StdoutLine: {'line': b'-- Symlinking: /home/jason/projects/unitree_sdk2_ws/install/unitree_go/include/unitree_go/unitree_go/msg/detail/path_point__type_support.h\n'}
[15.199860] (unitree_go) StdoutLine: {'line': b'-- Symlinking: /home/jason/projects/unitree_sdk2_ws/install/unitree_go/include/unitree_go/unitree_go/msg/detail/req__functions.h\n'}
[15.206121] (unitree_go) StdoutLine: {'line': b'-- Symlinking: /home/jason/projects/unitree_sdk2_ws/install/unitree_go/include/unitree_go/unitree_go/msg/detail/req__struct.h\n'}
[15.213027] (unitree_go) StdoutLine: {'line': b'-- Symlinking: /home/jason/projects/unitree_sdk2_ws/install/unitree_go/include/unitree_go/unitree_go/msg/detail/req__type_support.h\n'}
[15.219606] (unitree_go) StdoutLine: {'line': b'-- Symlinking: /home/jason/projects/unitree_sdk2_ws/install/unitree_go/include/unitree_go/unitree_go/msg/detail/res__functions.h\n'}
[15.226101] (unitree_go) StdoutLine: {'line': b'-- Symlinking: /home/jason/projects/unitree_sdk2_ws/install/unitree_go/include/unitree_go/unitree_go/msg/detail/res__struct.h\n'}
[15.232783] (unitree_go) StdoutLine: {'line': b'-- Symlinking: /home/jason/projects/unitree_sdk2_ws/install/unitree_go/include/unitree_go/unitree_go/msg/detail/res__type_support.h\n'}
[15.237814] (unitree_go) StdoutLine: {'line': b'-- Symlinking: /home/jason/projects/unitree_sdk2_ws/install/unitree_go/include/unitree_go/unitree_go/msg/detail/sport_mode_cmd__functions.h\n'}
[15.242590] (unitree_go) StdoutLine: {'line': b'-- Symlinking: /home/jason/projects/unitree_sdk2_ws/install/unitree_go/include/unitree_go/unitree_go/msg/detail/sport_mode_cmd__struct.h\n'}
[15.247616] (unitree_go) StdoutLine: {'line': b'-- Symlinking: /home/jason/projects/unitree_sdk2_ws/install/unitree_go/include/unitree_go/unitree_go/msg/detail/sport_mode_cmd__type_support.h\n'}
[15.253227] (unitree_go) StdoutLine: {'line': b'-- Symlinking: /home/jason/projects/unitree_sdk2_ws/install/unitree_go/include/unitree_go/unitree_go/msg/detail/sport_mode_state__functions.h\n'}
[15.257831] (unitree_go) StdoutLine: {'line': b'-- Symlinking: /home/jason/projects/unitree_sdk2_ws/install/unitree_go/include/unitree_go/unitree_go/msg/detail/sport_mode_state__struct.h\n'}
[15.262180] (unitree_go) StdoutLine: {'line': b'-- Symlinking: /home/jason/projects/unitree_sdk2_ws/install/unitree_go/include/unitree_go/unitree_go/msg/detail/sport_mode_state__type_support.h\n'}
[15.266866] (unitree_go) StdoutLine: {'line': b'-- Symlinking: /home/jason/projects/unitree_sdk2_ws/install/unitree_go/include/unitree_go/unitree_go/msg/detail/time_spec__functions.h\n'}
[15.271349] (unitree_go) StdoutLine: {'line': b'-- Symlinking: /home/jason/projects/unitree_sdk2_ws/install/unitree_go/include/unitree_go/unitree_go/msg/detail/time_spec__struct.h\n'}
[15.276323] (unitree_go) StdoutLine: {'line': b'-- Symlinking: /home/jason/projects/unitree_sdk2_ws/install/unitree_go/include/unitree_go/unitree_go/msg/detail/time_spec__type_support.h\n'}
[15.280940] (unitree_go) StdoutLine: {'line': b'-- Symlinking: /home/jason/projects/unitree_sdk2_ws/install/unitree_go/include/unitree_go/unitree_go/msg/detail/uwb_state__functions.h\n'}
[15.284532] (-) TimerEvent: {}
[15.286475] (unitree_go) StdoutLine: {'line': b'-- Symlinking: /home/jason/projects/unitree_sdk2_ws/install/unitree_go/include/unitree_go/unitree_go/msg/detail/uwb_state__struct.h\n'}
[15.288815] (unitree_sdk2) StdoutLine: {'line': b'[ 93%] \x1b[32m\x1b[1mLinking CXX executable ../../bin/g1_ankle_swing_example\x1b[0m\n'}
[15.291294] (unitree_go) StdoutLine: {'line': b'-- Symlinking: /home/jason/projects/unitree_sdk2_ws/install/unitree_go/include/unitree_go/unitree_go/msg/detail/uwb_state__type_support.h\n'}
[15.296977] (unitree_go) StdoutLine: {'line': b'-- Symlinking: /home/jason/projects/unitree_sdk2_ws/install/unitree_go/include/unitree_go/unitree_go/msg/detail/uwb_switch__functions.h\n'}
[15.298021] (unitree_sdk2) StdoutLine: {'line': b'[ 95%] \x1b[32m\x1b[1mLinking CXX executable ../../bin/g1_dex3_example\x1b[0m\n'}
[15.303490] (unitree_go) StdoutLine: {'line': b'-- Symlinking: /home/jason/projects/unitree_sdk2_ws/install/unitree_go/include/unitree_go/unitree_go/msg/detail/uwb_switch__struct.h\n'}
[15.309679] (unitree_go) StdoutLine: {'line': b'-- Symlinking: /home/jason/projects/unitree_sdk2_ws/install/unitree_go/include/unitree_go/unitree_go/msg/detail/uwb_switch__type_support.h\n'}
[15.314355] (unitree_go) StdoutLine: {'line': b'-- Symlinking: /home/jason/projects/unitree_sdk2_ws/install/unitree_go/include/unitree_go/unitree_go/msg/detail/wireless_controller__functions.h\n'}
[15.321459] (unitree_go) StdoutLine: {'line': b'-- Symlinking: /home/jason/projects/unitree_sdk2_ws/install/unitree_go/include/unitree_go/unitree_go/msg/detail/wireless_controller__struct.h\n'}
[15.326760] (unitree_go) StdoutLine: {'line': b'-- Symlinking: /home/jason/projects/unitree_sdk2_ws/install/unitree_go/include/unitree_go/unitree_go/msg/detail/wireless_controller__type_support.h\n'}
[15.332645] (unitree_go) StdoutLine: {'line': b'-- Symlinking: /home/jason/projects/unitree_sdk2_ws/install/unitree_go/include/unitree_go/unitree_go/msg/error.h\n'}
[15.336935] (unitree_go) StdoutLine: {'line': b'-- Symlinking: /home/jason/projects/unitree_sdk2_ws/install/unitree_go/include/unitree_go/unitree_go/msg/go2_front_video_data.h\n'}
[15.341992] (unitree_go) StdoutLine: {'line': b'-- Symlinking: /home/jason/projects/unitree_sdk2_ws/install/unitree_go/include/unitree_go/unitree_go/msg/height_map.h\n'}
[15.348941] (unitree_go) StdoutLine: {'line': b'-- Symlinking: /home/jason/projects/unitree_sdk2_ws/install/unitree_go/include/unitree_go/unitree_go/msg/imu_state.h\n'}
[15.360873] (unitree_go) StdoutLine: {'line': b'-- Symlinking: /home/jason/projects/unitree_sdk2_ws/install/unitree_go/include/unitree_go/unitree_go/msg/interface_config.h\n'}
[15.367003] (unitree_go) StdoutLine: {'line': b'-- Symlinking: /home/jason/projects/unitree_sdk2_ws/install/unitree_go/include/unitree_go/unitree_go/msg/lidar_state.h\n'}
[15.373440] (unitree_go) StdoutLine: {'line': b'-- Symlinking: /home/jason/projects/unitree_sdk2_ws/install/unitree_go/include/unitree_go/unitree_go/msg/low_cmd.h\n'}
[15.378572] (unitree_go) StdoutLine: {'line': b'-- Symlinking: /home/jason/projects/unitree_sdk2_ws/install/unitree_go/include/unitree_go/unitree_go/msg/low_state.h\n'}
[15.384178] (unitree_go) StdoutLine: {'line': b'-- Symlinking: /home/jason/projects/unitree_sdk2_ws/install/unitree_go/include/unitree_go/unitree_go/msg/motor_cmd.h\n'}
[15.384601] (-) TimerEvent: {}
[15.389545] (unitree_go) StdoutLine: {'line': b'-- Symlinking: /home/jason/projects/unitree_sdk2_ws/install/unitree_go/include/unitree_go/unitree_go/msg/motor_cmds.h\n'}
[15.395040] (unitree_go) StdoutLine: {'line': b'-- Symlinking: /home/jason/projects/unitree_sdk2_ws/install/unitree_go/include/unitree_go/unitree_go/msg/motor_state.h\n'}
[15.407212] (unitree_go) StdoutLine: {'line': b'-- Symlinking: /home/jason/projects/unitree_sdk2_ws/install/unitree_go/include/unitree_go/unitree_go/msg/motor_states.h\n'}
[15.416420] (unitree_go) StdoutLine: {'line': b'-- Symlinking: /home/jason/projects/unitree_sdk2_ws/install/unitree_go/include/unitree_go/unitree_go/msg/path_point.h\n'}
[15.424956] (unitree_go) StdoutLine: {'line': b'-- Symlinking: /home/jason/projects/unitree_sdk2_ws/install/unitree_go/include/unitree_go/unitree_go/msg/req.h\n'}
[15.432707] (unitree_go) StdoutLine: {'line': b'-- Symlinking: /home/jason/projects/unitree_sdk2_ws/install/unitree_go/include/unitree_go/unitree_go/msg/res.h\n'}
[15.439443] (unitree_go) StdoutLine: {'line': b'-- Symlinking: /home/jason/projects/unitree_sdk2_ws/install/unitree_go/include/unitree_go/unitree_go/msg/rosidl_generator_c__visibility_control.h\n'}
[15.446471] (unitree_go) StdoutLine: {'line': b'-- Symlinking: /home/jason/projects/unitree_sdk2_ws/install/unitree_go/include/unitree_go/unitree_go/msg/sport_mode_cmd.h\n'}
[15.452552] (unitree_go) StdoutLine: {'line': b'-- Symlinking: /home/jason/projects/unitree_sdk2_ws/install/unitree_go/include/unitree_go/unitree_go/msg/sport_mode_state.h\n'}
[15.458787] (unitree_go) StdoutLine: {'line': b'-- Symlinking: /home/jason/projects/unitree_sdk2_ws/install/unitree_go/include/unitree_go/unitree_go/msg/time_spec.h\n'}
[15.465049] (unitree_go) StdoutLine: {'line': b'-- Symlinking: /home/jason/projects/unitree_sdk2_ws/install/unitree_go/include/unitree_go/unitree_go/msg/uwb_state.h\n'}
[15.470824] (unitree_go) StdoutLine: {'line': b'-- Symlinking: /home/jason/projects/unitree_sdk2_ws/install/unitree_go/include/unitree_go/unitree_go/msg/uwb_switch.h\n'}
[15.478077] (unitree_go) StdoutLine: {'line': b'-- Symlinking: /home/jason/projects/unitree_sdk2_ws/install/unitree_go/include/unitree_go/unitree_go/msg/wireless_controller.h\n'}
[15.484748] (-) TimerEvent: {}
[15.485153] (unitree_go) StdoutLine: {'line': b'-- Symlinking: /home/jason/projects/unitree_sdk2_ws/install/unitree_go/share/unitree_go/environment/library_path.sh\n'}
[15.491325] (unitree_go) StdoutLine: {'line': b'-- Symlinking: /home/jason/projects/unitree_sdk2_ws/install/unitree_go/share/unitree_go/environment/library_path.dsv\n'}
[15.497278] (unitree_go) StdoutLine: {'line': b'-- Symlinking: /home/jason/projects/unitree_sdk2_ws/install/unitree_go/include/unitree_go/unitree_go/msg/detail/audio_data__rosidl_typesupport_fastrtps_c.h\n'}
[15.502795] (unitree_go) StdoutLine: {'line': b'-- Symlinking: /home/jason/projects/unitree_sdk2_ws/install/unitree_go/include/unitree_go/unitree_go/msg/detail/bms_cmd__rosidl_typesupport_fastrtps_c.h\n'}
[15.506908] (unitree_sdk2) StdoutLine: {'line': b'[ 95%] Built target g1_ankle_swing_example\n'}
[15.509285] (unitree_go) StdoutLine: {'line': b'-- Symlinking: /home/jason/projects/unitree_sdk2_ws/install/unitree_go/include/unitree_go/unitree_go/msg/detail/bms_state__rosidl_typesupport_fastrtps_c.h\n'}
[15.514868] (unitree_go) StdoutLine: {'line': b'-- Symlinking: /home/jason/projects/unitree_sdk2_ws/install/unitree_go/include/unitree_go/unitree_go/msg/detail/error__rosidl_typesupport_fastrtps_c.h\n'}
[15.521080] (unitree_go) StdoutLine: {'line': b'-- Symlinking: /home/jason/projects/unitree_sdk2_ws/install/unitree_go/include/unitree_go/unitree_go/msg/detail/go2_front_video_data__rosidl_typesupport_fastrtps_c.h\n'}
[15.530776] (unitree_go) StdoutLine: {'line': b'-- Symlinking: /home/jason/projects/unitree_sdk2_ws/install/unitree_go/include/unitree_go/unitree_go/msg/detail/height_map__rosidl_typesupport_fastrtps_c.h\n'}
[15.539691] (unitree_go) StdoutLine: {'line': b'-- Symlinking: /home/jason/projects/unitree_sdk2_ws/install/unitree_go/include/unitree_go/unitree_go/msg/detail/imu_state__rosidl_typesupport_fastrtps_c.h\n'}
[15.545364] (unitree_go) StdoutLine: {'line': b'-- Symlinking: /home/jason/projects/unitree_sdk2_ws/install/unitree_go/include/unitree_go/unitree_go/msg/detail/interface_config__rosidl_typesupport_fastrtps_c.h\n'}
[15.554441] (unitree_go) StdoutLine: {'line': b'-- Symlinking: /home/jason/projects/unitree_sdk2_ws/install/unitree_go/include/unitree_go/unitree_go/msg/detail/lidar_state__rosidl_typesupport_fastrtps_c.h\n'}
[15.564754] (unitree_go) StdoutLine: {'line': b'-- Symlinking: /home/jason/projects/unitree_sdk2_ws/install/unitree_go/include/unitree_go/unitree_go/msg/detail/low_cmd__rosidl_typesupport_fastrtps_c.h\n'}
[15.572497] (unitree_sdk2) StdoutLine: {'line': b'[ 95%] Built target g1_dex3_example\n'}
[15.573226] (unitree_go) StdoutLine: {'line': b'-- Symlinking: /home/jason/projects/unitree_sdk2_ws/install/unitree_go/include/unitree_go/unitree_go/msg/detail/low_state__rosidl_typesupport_fastrtps_c.h\n'}
[15.578190] (unitree_go) StdoutLine: {'line': b'-- Symlinking: /home/jason/projects/unitree_sdk2_ws/install/unitree_go/include/unitree_go/unitree_go/msg/detail/motor_cmd__rosidl_typesupport_fastrtps_c.h\n'}
[15.584832] (-) TimerEvent: {}
[15.585264] (unitree_go) StdoutLine: {'line': b'-- Symlinking: /home/jason/projects/unitree_sdk2_ws/install/unitree_go/include/unitree_go/unitree_go/msg/detail/motor_cmds__rosidl_typesupport_fastrtps_c.h\n'}
[15.593154] (unitree_go) StdoutLine: {'line': b'-- Symlinking: /home/jason/projects/unitree_sdk2_ws/install/unitree_go/include/unitree_go/unitree_go/msg/detail/motor_state__rosidl_typesupport_fastrtps_c.h\n'}
[15.603818] (unitree_go) StdoutLine: {'line': b'-- Symlinking: /home/jason/projects/unitree_sdk2_ws/install/unitree_go/include/unitree_go/unitree_go/msg/detail/motor_states__rosidl_typesupport_fastrtps_c.h\n'}
[15.614095] (unitree_go) StdoutLine: {'line': b'-- Symlinking: /home/jason/projects/unitree_sdk2_ws/install/unitree_go/include/unitree_go/unitree_go/msg/detail/path_point__rosidl_typesupport_fastrtps_c.h\n'}
[15.626260] (unitree_go) StdoutLine: {'line': b'-- Symlinking: /home/jason/projects/unitree_sdk2_ws/install/unitree_go/include/unitree_go/unitree_go/msg/detail/req__rosidl_typesupport_fastrtps_c.h\n'}
[15.635042] (unitree_go) StdoutLine: {'line': b'-- Symlinking: /home/jason/projects/unitree_sdk2_ws/install/unitree_go/include/unitree_go/unitree_go/msg/detail/res__rosidl_typesupport_fastrtps_c.h\n'}
[15.640220] (unitree_go) StdoutLine: {'line': b'-- Symlinking: /home/jason/projects/unitree_sdk2_ws/install/unitree_go/include/unitree_go/unitree_go/msg/detail/sport_mode_cmd__rosidl_typesupport_fastrtps_c.h\n'}
[15.645993] (unitree_go) StdoutLine: {'line': b'-- Symlinking: /home/jason/projects/unitree_sdk2_ws/install/unitree_go/include/unitree_go/unitree_go/msg/detail/sport_mode_state__rosidl_typesupport_fastrtps_c.h\n'}
[15.650998] (unitree_go) StdoutLine: {'line': b'-- Symlinking: /home/jason/projects/unitree_sdk2_ws/install/unitree_go/include/unitree_go/unitree_go/msg/detail/time_spec__rosidl_typesupport_fastrtps_c.h\n'}
[15.655796] (unitree_go) StdoutLine: {'line': b'-- Symlinking: /home/jason/projects/unitree_sdk2_ws/install/unitree_go/include/unitree_go/unitree_go/msg/detail/uwb_state__rosidl_typesupport_fastrtps_c.h\n'}
[15.665260] (unitree_go) StdoutLine: {'line': b'-- Symlinking: /home/jason/projects/unitree_sdk2_ws/install/unitree_go/include/unitree_go/unitree_go/msg/detail/uwb_switch__rosidl_typesupport_fastrtps_c.h\n'}
[15.676052] (unitree_go) StdoutLine: {'line': b'-- Symlinking: /home/jason/projects/unitree_sdk2_ws/install/unitree_go/include/unitree_go/unitree_go/msg/detail/wireless_controller__rosidl_typesupport_fastrtps_c.h\n'}
[15.684528] (unitree_go) StdoutLine: {'line': b'-- Symlinking: /home/jason/projects/unitree_sdk2_ws/install/unitree_go/include/unitree_go/unitree_go/msg/rosidl_typesupport_fastrtps_c__visibility_control.h\n'}
[15.684899] (-) TimerEvent: {}
[15.696788] (unitree_go) StdoutLine: {'line': b'-- Symlinking: /home/jason/projects/unitree_sdk2_ws/install/unitree_go/include/unitree_go/unitree_go/msg/audio_data.hpp\n'}
[15.703664] (unitree_go) StdoutLine: {'line': b'-- Symlinking: /home/jason/projects/unitree_sdk2_ws/install/unitree_go/include/unitree_go/unitree_go/msg/bms_cmd.hpp\n'}
[15.711547] (unitree_go) StdoutLine: {'line': b'-- Symlinking: /home/jason/projects/unitree_sdk2_ws/install/unitree_go/include/unitree_go/unitree_go/msg/bms_state.hpp\n'}
[15.720913] (unitree_go) StdoutLine: {'line': b'-- Symlinking: /home/jason/projects/unitree_sdk2_ws/install/unitree_go/include/unitree_go/unitree_go/msg/detail/audio_data__builder.hpp\n'}
[15.733138] (unitree_go) StdoutLine: {'line': b'-- Symlinking: /home/jason/projects/unitree_sdk2_ws/install/unitree_go/include/unitree_go/unitree_go/msg/detail/audio_data__struct.hpp\n'}
[15.742564] (unitree_go) StdoutLine: {'line': b'-- Symlinking: /home/jason/projects/unitree_sdk2_ws/install/unitree_go/include/unitree_go/unitree_go/msg/detail/audio_data__traits.hpp\n'}
[15.756905] (unitree_go) StdoutLine: {'line': b'-- Symlinking: /home/jason/projects/unitree_sdk2_ws/install/unitree_go/include/unitree_go/unitree_go/msg/detail/audio_data__type_support.hpp\n'}
[15.767515] (unitree_go) StdoutLine: {'line': b'-- Symlinking: /home/jason/projects/unitree_sdk2_ws/install/unitree_go/include/unitree_go/unitree_go/msg/detail/bms_cmd__builder.hpp\n'}
[15.775408] (unitree_go) StdoutLine: {'line': b'-- Symlinking: /home/jason/projects/unitree_sdk2_ws/install/unitree_go/include/unitree_go/unitree_go/msg/detail/bms_cmd__struct.hpp\n'}
[15.783612] (unitree_go) StdoutLine: {'line': b'-- Symlinking: /home/jason/projects/unitree_sdk2_ws/install/unitree_go/include/unitree_go/unitree_go/msg/detail/bms_cmd__traits.hpp\n'}
[15.784980] (-) TimerEvent: {}
[15.789249] (unitree_go) StdoutLine: {'line': b'-- Symlinking: /home/jason/projects/unitree_sdk2_ws/install/unitree_go/include/unitree_go/unitree_go/msg/detail/bms_cmd__type_support.hpp\n'}
[15.801072] (unitree_go) StdoutLine: {'line': b'-- Symlinking: /home/jason/projects/unitree_sdk2_ws/install/unitree_go/include/unitree_go/unitree_go/msg/detail/bms_state__builder.hpp\n'}
[15.808421] (unitree_go) StdoutLine: {'line': b'-- Symlinking: /home/jason/projects/unitree_sdk2_ws/install/unitree_go/include/unitree_go/unitree_go/msg/detail/bms_state__struct.hpp\n'}
[15.817283] (unitree_go) StdoutLine: {'line': b'-- Symlinking: /home/jason/projects/unitree_sdk2_ws/install/unitree_go/include/unitree_go/unitree_go/msg/detail/bms_state__traits.hpp\n'}
[15.825267] (unitree_go) StdoutLine: {'line': b'-- Symlinking: /home/jason/projects/unitree_sdk2_ws/install/unitree_go/include/unitree_go/unitree_go/msg/detail/bms_state__type_support.hpp\n'}
[15.835578] (unitree_go) StdoutLine: {'line': b'-- Symlinking: /home/jason/projects/unitree_sdk2_ws/install/unitree_go/include/unitree_go/unitree_go/msg/detail/error__builder.hpp\n'}
[15.844755] (unitree_go) StdoutLine: {'line': b'-- Symlinking: /home/jason/projects/unitree_sdk2_ws/install/unitree_go/include/unitree_go/unitree_go/msg/detail/error__struct.hpp\n'}
[15.853923] (unitree_go) StdoutLine: {'line': b'-- Symlinking: /home/jason/projects/unitree_sdk2_ws/install/unitree_go/include/unitree_go/unitree_go/msg/detail/error__traits.hpp\n'}
[15.858242] (unitree_sdk2) StdoutLine: {'line': b'[ 96%] \x1b[32m\x1b[1mLinking CXX executable ../../bin/go2w_stand_example\x1b[0m\n'}
[15.859045] (unitree_go) StdoutLine: {'line': b'-- Symlinking: /home/jason/projects/unitree_sdk2_ws/install/unitree_go/include/unitree_go/unitree_go/msg/detail/error__type_support.hpp\n'}
[15.864217] (unitree_go) StdoutLine: {'line': b'-- Symlinking: /home/jason/projects/unitree_sdk2_ws/install/unitree_go/include/unitree_go/unitree_go/msg/detail/go2_front_video_data__builder.hpp\n'}
[15.873491] (unitree_go) StdoutLine: {'line': b'-- Symlinking: /home/jason/projects/unitree_sdk2_ws/install/unitree_go/include/unitree_go/unitree_go/msg/detail/go2_front_video_data__struct.hpp\n'}
[15.880129] (unitree_go) StdoutLine: {'line': b'-- Symlinking: /home/jason/projects/unitree_sdk2_ws/install/unitree_go/include/unitree_go/unitree_go/msg/detail/go2_front_video_data__traits.hpp\n'}
[15.885136] (-) TimerEvent: {}
[15.885681] (unitree_go) StdoutLine: {'line': b'-- Symlinking: /home/jason/projects/unitree_sdk2_ws/install/unitree_go/include/unitree_go/unitree_go/msg/detail/go2_front_video_data__type_support.hpp\n'}
[15.892413] (unitree_go) StdoutLine: {'line': b'-- Symlinking: /home/jason/projects/unitree_sdk2_ws/install/unitree_go/include/unitree_go/unitree_go/msg/detail/height_map__builder.hpp\n'}
[15.904896] (unitree_go) StdoutLine: {'line': b'-- Symlinking: /home/jason/projects/unitree_sdk2_ws/install/unitree_go/include/unitree_go/unitree_go/msg/detail/height_map__struct.hpp\n'}
[15.913469] (unitree_go) StdoutLine: {'line': b'-- Symlinking: /home/jason/projects/unitree_sdk2_ws/install/unitree_go/include/unitree_go/unitree_go/msg/detail/height_map__traits.hpp\n'}
[15.918283] (unitree_go) StdoutLine: {'line': b'-- Symlinking: /home/jason/projects/unitree_sdk2_ws/install/unitree_go/include/unitree_go/unitree_go/msg/detail/height_map__type_support.hpp\n'}
[15.924126] (unitree_go) StdoutLine: {'line': b'-- Symlinking: /home/jason/projects/unitree_sdk2_ws/install/unitree_go/include/unitree_go/unitree_go/msg/detail/imu_state__builder.hpp\n'}
[15.931272] (unitree_go) StdoutLine: {'line': b'-- Symlinking: /home/jason/projects/unitree_sdk2_ws/install/unitree_go/include/unitree_go/unitree_go/msg/detail/imu_state__struct.hpp\n'}
[15.938151] (unitree_go) StdoutLine: {'line': b'-- Symlinking: /home/jason/projects/unitree_sdk2_ws/install/unitree_go/include/unitree_go/unitree_go/msg/detail/imu_state__traits.hpp\n'}
[15.946275] (unitree_go) StdoutLine: {'line': b'-- Symlinking: /home/jason/projects/unitree_sdk2_ws/install/unitree_go/include/unitree_go/unitree_go/msg/detail/imu_state__type_support.hpp\n'}
[15.952988] (unitree_go) StdoutLine: {'line': b'-- Symlinking: /home/jason/projects/unitree_sdk2_ws/install/unitree_go/include/unitree_go/unitree_go/msg/detail/interface_config__builder.hpp\n'}
[15.957678] (unitree_sdk2) StdoutLine: {'line': b'[ 98%] \x1b[32m\x1b[1mLinking CXX executable ../../bin/g1_dual_arm_example\x1b[0m\n'}
[15.958784] (unitree_go) StdoutLine: {'line': b'-- Symlinking: /home/jason/projects/unitree_sdk2_ws/install/unitree_go/include/unitree_go/unitree_go/msg/detail/interface_config__struct.hpp\n'}
[15.966678] (unitree_go) StdoutLine: {'line': b'-- Symlinking: /home/jason/projects/unitree_sdk2_ws/install/unitree_go/include/unitree_go/unitree_go/msg/detail/interface_config__traits.hpp\n'}
[15.973914] (unitree_go) StdoutLine: {'line': b'-- Symlinking: /home/jason/projects/unitree_sdk2_ws/install/unitree_go/include/unitree_go/unitree_go/msg/detail/interface_config__type_support.hpp\n'}
[15.981050] (unitree_go) StdoutLine: {'line': b'-- Symlinking: /home/jason/projects/unitree_sdk2_ws/install/unitree_go/include/unitree_go/unitree_go/msg/detail/lidar_state__builder.hpp\n'}
[15.985325] (-) TimerEvent: {}
[15.990474] (unitree_go) StdoutLine: {'line': b'-- Symlinking: /home/jason/projects/unitree_sdk2_ws/install/unitree_go/include/unitree_go/unitree_go/msg/detail/lidar_state__struct.hpp\n'}
[15.998906] (unitree_go) StdoutLine: {'line': b'-- Symlinking: /home/jason/projects/unitree_sdk2_ws/install/unitree_go/include/unitree_go/unitree_go/msg/detail/lidar_state__traits.hpp\n'}
[16.005942] (unitree_go) StdoutLine: {'line': b'-- Symlinking: /home/jason/projects/unitree_sdk2_ws/install/unitree_go/include/unitree_go/unitree_go/msg/detail/lidar_state__type_support.hpp\n'}
[16.015235] (unitree_go) StdoutLine: {'line': b'-- Symlinking: /home/jason/projects/unitree_sdk2_ws/install/unitree_go/include/unitree_go/unitree_go/msg/detail/low_cmd__builder.hpp\n'}
[16.025855] (unitree_go) StdoutLine: {'line': b'-- Symlinking: /home/jason/projects/unitree_sdk2_ws/install/unitree_go/include/unitree_go/unitree_go/msg/detail/low_cmd__struct.hpp\n'}
[16.037542] (unitree_go) StdoutLine: {'line': b'-- Symlinking: /home/jason/projects/unitree_sdk2_ws/install/unitree_go/include/unitree_go/unitree_go/msg/detail/low_cmd__traits.hpp\n'}
[16.048675] (unitree_go) StdoutLine: {'line': b'-- Symlinking: /home/jason/projects/unitree_sdk2_ws/install/unitree_go/include/unitree_go/unitree_go/msg/detail/low_cmd__type_support.hpp\n'}
[16.058438] (unitree_go) StdoutLine: {'line': b'-- Symlinking: /home/jason/projects/unitree_sdk2_ws/install/unitree_go/include/unitree_go/unitree_go/msg/detail/low_state__builder.hpp\n'}
[16.062631] (unitree_go) StdoutLine: {'line': b'-- Symlinking: /home/jason/projects/unitree_sdk2_ws/install/unitree_go/include/unitree_go/unitree_go/msg/detail/low_state__struct.hpp\n'}
[16.069069] (unitree_go) StdoutLine: {'line': b'-- Symlinking: /home/jason/projects/unitree_sdk2_ws/install/unitree_go/include/unitree_go/unitree_go/msg/detail/low_state__traits.hpp\n'}
[16.071697] (unitree_sdk2) StdoutLine: {'line': b'[ 98%] Built target go2w_stand_example\n'}
[16.074390] (unitree_go) StdoutLine: {'line': b'-- Symlinking: /home/jason/projects/unitree_sdk2_ws/install/unitree_go/include/unitree_go/unitree_go/msg/detail/low_state__type_support.hpp\n'}
[16.085375] (unitree_go) StdoutLine: {'line': b'-- Symlinking: /home/jason/projects/unitree_sdk2_ws/install/unitree_go/include/unitree_go/unitree_go/msg/detail/motor_cmd__builder.hpp\n'}
[16.085621] (-) TimerEvent: {}
[16.095908] (unitree_go) StdoutLine: {'line': b'-- Symlinking: /home/jason/projects/unitree_sdk2_ws/install/unitree_go/include/unitree_go/unitree_go/msg/detail/motor_cmd__struct.hpp\n'}
[16.106503] (unitree_go) StdoutLine: {'line': b'-- Symlinking: /home/jason/projects/unitree_sdk2_ws/install/unitree_go/include/unitree_go/unitree_go/msg/detail/motor_cmd__traits.hpp\n'}
[16.112420] (unitree_go) StdoutLine: {'line': b'-- Symlinking: /home/jason/projects/unitree_sdk2_ws/install/unitree_go/include/unitree_go/unitree_go/msg/detail/motor_cmd__type_support.hpp\n'}
[16.124313] (unitree_go) StdoutLine: {'line': b'-- Symlinking: /home/jason/projects/unitree_sdk2_ws/install/unitree_go/include/unitree_go/unitree_go/msg/detail/motor_cmds__builder.hpp\n'}
[16.136637] (unitree_go) StdoutLine: {'line': b'-- Symlinking: /home/jason/projects/unitree_sdk2_ws/install/unitree_go/include/unitree_go/unitree_go/msg/detail/motor_cmds__struct.hpp\n'}
[16.146886] (unitree_go) StdoutLine: {'line': b'-- Symlinking: /home/jason/projects/unitree_sdk2_ws/install/unitree_go/include/unitree_go/unitree_go/msg/detail/motor_cmds__traits.hpp\n'}
[16.157633] (unitree_go) StdoutLine: {'line': b'-- Symlinking: /home/jason/projects/unitree_sdk2_ws/install/unitree_go/include/unitree_go/unitree_go/msg/detail/motor_cmds__type_support.hpp\n'}
[16.168921] (unitree_go) StdoutLine: {'line': b'-- Symlinking: /home/jason/projects/unitree_sdk2_ws/install/unitree_go/include/unitree_go/unitree_go/msg/detail/motor_state__builder.hpp\n'}
[16.178078] (unitree_go) StdoutLine: {'line': b'-- Symlinking: /home/jason/projects/unitree_sdk2_ws/install/unitree_go/include/unitree_go/unitree_go/msg/detail/motor_state__struct.hpp\n'}
[16.185726] (-) TimerEvent: {}
[16.188512] (unitree_go) StdoutLine: {'line': b'-- Symlinking: /home/jason/projects/unitree_sdk2_ws/install/unitree_go/include/unitree_go/unitree_go/msg/detail/motor_state__traits.hpp\n'}
[16.198750] (unitree_go) StdoutLine: {'line': b'-- Symlinking: /home/jason/projects/unitree_sdk2_ws/install/unitree_go/include/unitree_go/unitree_go/msg/detail/motor_state__type_support.hpp\n'}
[16.204125] (unitree_go) StdoutLine: {'line': b'-- Symlinking: /home/jason/projects/unitree_sdk2_ws/install/unitree_go/include/unitree_go/unitree_go/msg/detail/motor_states__builder.hpp\n'}
[16.209476] (unitree_sdk2) StdoutLine: {'line': b'[ 98%] Built target g1_dual_arm_example\n'}
[16.214747] (unitree_go) StdoutLine: {'line': b'-- Symlinking: /home/jason/projects/unitree_sdk2_ws/install/unitree_go/include/unitree_go/unitree_go/msg/detail/motor_states__struct.hpp\n'}
[16.219580] (unitree_go) StdoutLine: {'line': b'-- Symlinking: /home/jason/projects/unitree_sdk2_ws/install/unitree_go/include/unitree_go/unitree_go/msg/detail/motor_states__traits.hpp\n'}
[16.224333] (unitree_go) StdoutLine: {'line': b'-- Symlinking: /home/jason/projects/unitree_sdk2_ws/install/unitree_go/include/unitree_go/unitree_go/msg/detail/motor_states__type_support.hpp\n'}
[16.232728] (unitree_go) StdoutLine: {'line': b'-- Symlinking: /home/jason/projects/unitree_sdk2_ws/install/unitree_go/include/unitree_go/unitree_go/msg/detail/path_point__builder.hpp\n'}
[16.238620] (unitree_go) StdoutLine: {'line': b'-- Symlinking: /home/jason/projects/unitree_sdk2_ws/install/unitree_go/include/unitree_go/unitree_go/msg/detail/path_point__struct.hpp\n'}
[16.252135] (unitree_go) StdoutLine: {'line': b'-- Symlinking: /home/jason/projects/unitree_sdk2_ws/install/unitree_go/include/unitree_go/unitree_go/msg/detail/path_point__traits.hpp\n'}
[16.260259] (unitree_go) StdoutLine: {'line': b'-- Symlinking: /home/jason/projects/unitree_sdk2_ws/install/unitree_go/include/unitree_go/unitree_go/msg/detail/path_point__type_support.hpp\n'}
[16.266512] (unitree_go) StdoutLine: {'line': b'-- Symlinking: /home/jason/projects/unitree_sdk2_ws/install/unitree_go/include/unitree_go/unitree_go/msg/detail/req__builder.hpp\n'}
[16.281551] (unitree_go) StdoutLine: {'line': b'-- Symlinking: /home/jason/projects/unitree_sdk2_ws/install/unitree_go/include/unitree_go/unitree_go/msg/detail/req__struct.hpp\n'}
[16.285816] (-) TimerEvent: {}
[16.291157] (unitree_go) StdoutLine: {'line': b'-- Symlinking: /home/jason/projects/unitree_sdk2_ws/install/unitree_go/include/unitree_go/unitree_go/msg/detail/req__traits.hpp\n'}
[16.297868] (unitree_go) StdoutLine: {'line': b'-- Symlinking: /home/jason/projects/unitree_sdk2_ws/install/unitree_go/include/unitree_go/unitree_go/msg/detail/req__type_support.hpp\n'}
[16.307546] (unitree_go) StdoutLine: {'line': b'-- Symlinking: /home/jason/projects/unitree_sdk2_ws/install/unitree_go/include/unitree_go/unitree_go/msg/detail/res__builder.hpp\n'}
[16.316882] (unitree_go) StdoutLine: {'line': b'-- Symlinking: /home/jason/projects/unitree_sdk2_ws/install/unitree_go/include/unitree_go/unitree_go/msg/detail/res__struct.hpp\n'}
[16.329629] (unitree_go) StdoutLine: {'line': b'-- Symlinking: /home/jason/projects/unitree_sdk2_ws/install/unitree_go/include/unitree_go/unitree_go/msg/detail/res__traits.hpp\n'}
[16.337669] (unitree_go) StdoutLine: {'line': b'-- Symlinking: /home/jason/projects/unitree_sdk2_ws/install/unitree_go/include/unitree_go/unitree_go/msg/detail/res__type_support.hpp\n'}
[16.346913] (unitree_go) StdoutLine: {'line': b'-- Symlinking: /home/jason/projects/unitree_sdk2_ws/install/unitree_go/include/unitree_go/unitree_go/msg/detail/sport_mode_cmd__builder.hpp\n'}
[16.356464] (unitree_go) StdoutLine: {'line': b'-- Symlinking: /home/jason/projects/unitree_sdk2_ws/install/unitree_go/include/unitree_go/unitree_go/msg/detail/sport_mode_cmd__struct.hpp\n'}
[16.366055] (unitree_go) StdoutLine: {'line': b'-- Symlinking: /home/jason/projects/unitree_sdk2_ws/install/unitree_go/include/unitree_go/unitree_go/msg/detail/sport_mode_cmd__traits.hpp\n'}
[16.374166] (unitree_go) StdoutLine: {'line': b'-- Symlinking: /home/jason/projects/unitree_sdk2_ws/install/unitree_go/include/unitree_go/unitree_go/msg/detail/sport_mode_cmd__type_support.hpp\n'}
[16.383585] (unitree_go) StdoutLine: {'line': b'-- Symlinking: /home/jason/projects/unitree_sdk2_ws/install/unitree_go/include/unitree_go/unitree_go/msg/detail/sport_mode_state__builder.hpp\n'}
[16.385901] (-) TimerEvent: {}
[16.391047] (unitree_go) StdoutLine: {'line': b'-- Symlinking: /home/jason/projects/unitree_sdk2_ws/install/unitree_go/include/unitree_go/unitree_go/msg/detail/sport_mode_state__struct.hpp\n'}
[16.400057] (unitree_go) StdoutLine: {'line': b'-- Symlinking: /home/jason/projects/unitree_sdk2_ws/install/unitree_go/include/unitree_go/unitree_go/msg/detail/sport_mode_state__traits.hpp\n'}
[16.409345] (unitree_go) StdoutLine: {'line': b'-- Symlinking: /home/jason/projects/unitree_sdk2_ws/install/unitree_go/include/unitree_go/unitree_go/msg/detail/sport_mode_state__type_support.hpp\n'}
[16.413752] (unitree_go) StdoutLine: {'line': b'-- Symlinking: /home/jason/projects/unitree_sdk2_ws/install/unitree_go/include/unitree_go/unitree_go/msg/detail/time_spec__builder.hpp\n'}
[16.414402] (unitree_sdk2) StdoutLine: {'line': b'[100%] \x1b[32m\x1b[1mLinking CXX executable ../../bin/b2w_stand_example\x1b[0m\n'}
[16.422792] (unitree_go) StdoutLine: {'line': b'-- Symlinking: /home/jason/projects/unitree_sdk2_ws/install/unitree_go/include/unitree_go/unitree_go/msg/detail/time_spec__struct.hpp\n'}
[16.434969] (unitree_go) StdoutLine: {'line': b'-- Symlinking: /home/jason/projects/unitree_sdk2_ws/install/unitree_go/include/unitree_go/unitree_go/msg/detail/time_spec__traits.hpp\n'}
[16.445001] (unitree_go) StdoutLine: {'line': b'-- Symlinking: /home/jason/projects/unitree_sdk2_ws/install/unitree_go/include/unitree_go/unitree_go/msg/detail/time_spec__type_support.hpp\n'}
[16.454738] (unitree_go) StdoutLine: {'line': b'-- Symlinking: /home/jason/projects/unitree_sdk2_ws/install/unitree_go/include/unitree_go/unitree_go/msg/detail/uwb_state__builder.hpp\n'}
[16.463994] (unitree_go) StdoutLine: {'line': b'-- Symlinking: /home/jason/projects/unitree_sdk2_ws/install/unitree_go/include/unitree_go/unitree_go/msg/detail/uwb_state__struct.hpp\n'}
[16.472366] (unitree_go) StdoutLine: {'line': b'-- Symlinking: /home/jason/projects/unitree_sdk2_ws/install/unitree_go/include/unitree_go/unitree_go/msg/detail/uwb_state__traits.hpp\n'}
[16.482077] (unitree_go) StdoutLine: {'line': b'-- Symlinking: /home/jason/projects/unitree_sdk2_ws/install/unitree_go/include/unitree_go/unitree_go/msg/detail/uwb_state__type_support.hpp\n'}
[16.486028] (-) TimerEvent: {}
[16.492541] (unitree_go) StdoutLine: {'line': b'-- Symlinking: /home/jason/projects/unitree_sdk2_ws/install/unitree_go/include/unitree_go/unitree_go/msg/detail/uwb_switch__builder.hpp\n'}
[16.501973] (unitree_go) StdoutLine: {'line': b'-- Symlinking: /home/jason/projects/unitree_sdk2_ws/install/unitree_go/include/unitree_go/unitree_go/msg/detail/uwb_switch__struct.hpp\n'}
[16.511408] (unitree_go) StdoutLine: {'line': b'-- Symlinking: /home/jason/projects/unitree_sdk2_ws/install/unitree_go/include/unitree_go/unitree_go/msg/detail/uwb_switch__traits.hpp\n'}
[16.517044] (unitree_go) StdoutLine: {'line': b'-- Symlinking: /home/jason/projects/unitree_sdk2_ws/install/unitree_go/include/unitree_go/unitree_go/msg/detail/uwb_switch__type_support.hpp\n'}
[16.526430] (unitree_go) StdoutLine: {'line': b'-- Symlinking: /home/jason/projects/unitree_sdk2_ws/install/unitree_go/include/unitree_go/unitree_go/msg/detail/wireless_controller__builder.hpp\n'}
[16.537953] (unitree_go) StdoutLine: {'line': b'-- Symlinking: /home/jason/projects/unitree_sdk2_ws/install/unitree_go/include/unitree_go/unitree_go/msg/detail/wireless_controller__struct.hpp\n'}
[16.548292] (unitree_go) StdoutLine: {'line': b'-- Symlinking: /home/jason/projects/unitree_sdk2_ws/install/unitree_go/include/unitree_go/unitree_go/msg/detail/wireless_controller__traits.hpp\n'}
[16.553975] (unitree_go) StdoutLine: {'line': b'-- Symlinking: /home/jason/projects/unitree_sdk2_ws/install/unitree_go/include/unitree_go/unitree_go/msg/detail/wireless_controller__type_support.hpp\n'}
[16.564818] (unitree_go) StdoutLine: {'line': b'-- Symlinking: /home/jason/projects/unitree_sdk2_ws/install/unitree_go/include/unitree_go/unitree_go/msg/error.hpp\n'}
[16.575458] (unitree_go) StdoutLine: {'line': b'-- Symlinking: /home/jason/projects/unitree_sdk2_ws/install/unitree_go/include/unitree_go/unitree_go/msg/go2_front_video_data.hpp\n'}
[16.585875] (unitree_go) StdoutLine: {'line': b'-- Symlinking: /home/jason/projects/unitree_sdk2_ws/install/unitree_go/include/unitree_go/unitree_go/msg/height_map.hpp\n'}
[16.586067] (-) TimerEvent: {}
[16.594733] (unitree_go) StdoutLine: {'line': b'-- Symlinking: /home/jason/projects/unitree_sdk2_ws/install/unitree_go/include/unitree_go/unitree_go/msg/imu_state.hpp\n'}
[16.595938] (unitree_sdk2) StdoutLine: {'line': b'[100%] Built target b2w_stand_example\n'}
[16.603874] (unitree_go) StdoutLine: {'line': b'-- Symlinking: /home/jason/projects/unitree_sdk2_ws/install/unitree_go/include/unitree_go/unitree_go/msg/interface_config.hpp\n'}
[16.612383] (unitree_go) StdoutLine: {'line': b'-- Symlinking: /home/jason/projects/unitree_sdk2_ws/install/unitree_go/include/unitree_go/unitree_go/msg/lidar_state.hpp\n'}
[16.619570] (unitree_go) StdoutLine: {'line': b'-- Symlinking: /home/jason/projects/unitree_sdk2_ws/install/unitree_go/include/unitree_go/unitree_go/msg/low_cmd.hpp\n'}
[16.628599] (unitree_go) StdoutLine: {'line': b'-- Symlinking: /home/jason/projects/unitree_sdk2_ws/install/unitree_go/include/unitree_go/unitree_go/msg/low_state.hpp\n'}
[16.635494] (unitree_go) StdoutLine: {'line': b'-- Symlinking: /home/jason/projects/unitree_sdk2_ws/install/unitree_go/include/unitree_go/unitree_go/msg/motor_cmd.hpp\n'}
[16.645733] (unitree_go) StdoutLine: {'line': b'-- Symlinking: /home/jason/projects/unitree_sdk2_ws/install/unitree_go/include/unitree_go/unitree_go/msg/motor_cmds.hpp\n'}
[16.655868] (unitree_go) StdoutLine: {'line': b'-- Symlinking: /home/jason/projects/unitree_sdk2_ws/install/unitree_go/include/unitree_go/unitree_go/msg/motor_state.hpp\n'}
[16.667027] (unitree_go) StdoutLine: {'line': b'-- Symlinking: /home/jason/projects/unitree_sdk2_ws/install/unitree_go/include/unitree_go/unitree_go/msg/motor_states.hpp\n'}
[16.676666] (unitree_go) StdoutLine: {'line': b'-- Symlinking: /home/jason/projects/unitree_sdk2_ws/install/unitree_go/include/unitree_go/unitree_go/msg/path_point.hpp\n'}
[16.685408] (unitree_go) StdoutLine: {'line': b'-- Symlinking: /home/jason/projects/unitree_sdk2_ws/install/unitree_go/include/unitree_go/unitree_go/msg/req.hpp\n'}
[16.686995] (-) TimerEvent: {}
[16.688966] (unitree_sdk2) CommandEnded: {'returncode': 0}
[16.689184] (unitree_sdk2) JobProgress: {'identifier': 'unitree_sdk2', 'progress': 'install'}
[16.689198] (unitree_sdk2) Command: {'cmd': ['/usr/bin/cmake', '--install', '/home/jason/projects/unitree_sdk2_ws/build/unitree_sdk2'], 'cwd': '/home/jason/projects/unitree_sdk2_ws/build/unitree_sdk2', 'env': OrderedDict([('LESSOPEN', '| /usr/bin/lesspipe %s'), ('USER', 'jason'), ('XDG_SESSION_TYPE', 'wayland'), ('SHLVL', '1'), ('LD_LIBRARY_PATH', '/home/jason/projects/unitree_sdk2_ws/install/unitree_sdk2/lib:/home/jason/projects/unitree_sdk2_ws/install/unitree_hg/lib:/home/jason/projects/unitree_sdk2_ws/install/unitree_go/lib:/home/jason/projects/unitree_sdk2_ws/install/unitree_api/lib:/opt/ros/humble/opt/rviz_ogre_vendor/lib:/opt/ros/humble/lib/x86_64-linux-gnu:/opt/ros/humble/lib'), ('HOME', '/home/jason'), ('OLDPWD', '/home/jason/projects/unitree_sdk2_ws'), ('DESKTOP_SESSION', 'ubuntu'), ('ROS_PYTHON_VERSION', '3'), ('GNOME_SHELL_SESSION_MODE', 'ubuntu'), ('GTK_MODULES', 'gail:atk-bridge'), ('SYSTEMD_EXEC_PID', '1804'), ('DBUS_SESSION_BUS_ADDRESS', 'unix:path=/run/user/1000/bus'), ('COLORTERM', 'truecolor'), ('IM_CONFIG_PHASE', '1'), ('WAYLAND_DISPLAY', 'wayland-0'), ('COLCON_PREFIX_PATH', '/home/jason/projects/unitree_sdk2_ws/install'), ('ROS_DISTRO', 'humble'), ('LOGNAME', 'jason'), ('_', '/usr/bin/colcon'), ('ROS_VERSION', '2'), ('XDG_SESSION_CLASS', 'user'), ('USERNAME', 'jason'), ('TERM', 'xterm-256color'), ('GNOME_DESKTOP_SESSION_ID', 'this-is-deprecated'), ('ROS_LOCALHOST_ONLY', '0'), ('PATH', '/home/jason/.local/bin:/opt/ros/humble/bin:/usr/local/sbin:/usr/local/bin:/usr/sbin:/usr/bin:/sbin:/bin:/usr/games:/usr/local/games:/snap/bin:/snap/bin'), ('SESSION_MANAGER', 'local/jasonabichebli:@/tmp/.ICE-unix/1771,unix/jasonabichebli:/tmp/.ICE-unix/1771'), ('XDG_MENU_PREFIX', 'gnome-'), ('GNOME_TERMINAL_SCREEN', '/org/gnome/Terminal/screen/0b597454_0566_460c_8a5d_2466510f845d'), ('GNOME_SETUP_DISPLAY', ':1'), ('XDG_RUNTIME_DIR', '/run/user/1000'), ('DISPLAY', ':0'), ('LANG', 'en_US.UTF-8'), ('XDG_CURRENT_DESKTOP', 'ubuntu:GNOME'), ('XMODIFIERS', '@im=ibus'), ('XDG_SESSION_DESKTOP', 'ubuntu'), ('XAUTHORITY', '/run/user/1000/.mutter-Xwaylandauth.GN6TD3'), ('LS_COLORS', 'rs=0:di=01;34:ln=01;36:mh=00:pi=40;33:so=01;35:do=01;35:bd=40;33;01:cd=40;33;01:or=40;31;01:mi=00:su=37;41:sg=30;43:ca=30;41:tw=30;42:ow=34;42:st=37;44:ex=01;32:*.tar=01;31:*.tgz=01;31:*.arc=01;31:*.arj=01;31:*.taz=01;31:*.lha=01;31:*.lz4=01;31:*.lzh=01;31:*.lzma=01;31:*.tlz=01;31:*.txz=01;31:*.tzo=01;31:*.t7z=01;31:*.zip=01;31:*.z=01;31:*.dz=01;31:*.gz=01;31:*.lrz=01;31:*.lz=01;31:*.lzo=01;31:*.xz=01;31:*.zst=01;31:*.tzst=01;31:*.bz2=01;31:*.bz=01;31:*.tbz=01;31:*.tbz2=01;31:*.tz=01;31:*.deb=01;31:*.rpm=01;31:*.jar=01;31:*.war=01;31:*.ear=01;31:*.sar=01;31:*.rar=01;31:*.alz=01;31:*.ace=01;31:*.zoo=01;31:*.cpio=01;31:*.7z=01;31:*.rz=01;31:*.cab=01;31:*.wim=01;31:*.swm=01;31:*.dwm=01;31:*.esd=01;31:*.jpg=01;35:*.jpeg=01;35:*.mjpg=01;35:*.mjpeg=01;35:*.gif=01;35:*.bmp=01;35:*.pbm=01;35:*.pgm=01;35:*.ppm=01;35:*.tga=01;35:*.xbm=01;35:*.xpm=01;35:*.tif=01;35:*.tiff=01;35:*.png=01;35:*.svg=01;35:*.svgz=01;35:*.mng=01;35:*.pcx=01;35:*.mov=01;35:*.mpg=01;35:*.mpeg=01;35:*.m2v=01;35:*.mkv=01;35:*.webm=01;35:*.webp=01;35:*.ogm=01;35:*.mp4=01;35:*.m4v=01;35:*.mp4v=01;35:*.vob=01;35:*.qt=01;35:*.nuv=01;35:*.wmv=01;35:*.asf=01;35:*.rm=01;35:*.rmvb=01;35:*.flc=01;35:*.avi=01;35:*.fli=01;35:*.flv=01;35:*.gl=01;35:*.dl=01;35:*.xcf=01;35:*.xwd=01;35:*.yuv=01;35:*.cgm=01;35:*.emf=01;35:*.ogv=01;35:*.ogx=01;35:*.aac=00;36:*.au=00;36:*.flac=00;36:*.m4a=00;36:*.mid=00;36:*.midi=00;36:*.mka=00;36:*.mp3=00;36:*.mpc=00;36:*.ogg=00;36:*.ra=00;36:*.wav=00;36:*.oga=00;36:*.opus=00;36:*.spx=00;36:*.xspf=00;36:'), ('GNOME_TERMINAL_SERVICE', ':1.198'), ('SSH_AGENT_LAUNCHER', 'gnome-keyring'), ('SSH_AUTH_SOCK', '/run/user/1000/keyring/ssh'), ('AMENT_PREFIX_PATH', '/opt/ros/humble'), ('SHELL', '/bin/bash'), ('QT_ACCESSIBILITY', '1'), ('GDMSESSION', 'ubuntu'), ('LESSCLOSE', '/usr/bin/lesspipe %s %s'), ('QT_IM_MODULE', 'ibus'), ('PWD', '/home/jason/projects/unitree_sdk2_ws/build/unitree_sdk2'), ('XDG_CONFIG_DIRS', '/etc/xdg/xdg-ubuntu:/etc/xdg'), ('XDG_DATA_DIRS', '/usr/share/ubuntu:/usr/local/share/:/usr/share/:/var/lib/snapd/desktop'), ('PYTHONPATH', '/opt/ros/humble/lib/python3.10/site-packages:/opt/ros/humble/local/lib/python3.10/dist-packages'), ('COLCON', '1'), ('VTE_VERSION', '6800'), ('CMAKE_PREFIX_PATH', '/home/jason/projects/unitree_sdk2_ws/install/unitree_sdk2:/home/jason/projects/unitree_sdk2_ws/install/unitree_ros2_example:/home/jason/projects/unitree_sdk2_ws/install/unitree_hg:/home/jason/projects/unitree_sdk2_ws/install/unitree_go:/home/jason/projects/unitree_sdk2_ws/install/unitree_api')]), 'shell': False}
[16.693540] (unitree_go) StdoutLine: {'line': b'-- Symlinking: /home/jason/projects/unitree_sdk2_ws/install/unitree_go/include/unitree_go/unitree_go/msg/res.hpp\n'}
[16.696504] (unitree_sdk2) StdoutLine: {'line': b'-- Install configuration: "Release"\n'}
[16.696735] (unitree_sdk2) StdoutLine: {'line': b'-- Installing: /home/jason/projects/unitree_sdk2_ws/install/unitree_sdk2/include\n'}
[16.696892] (unitree_sdk2) StdoutLine: {'line': b'-- Installing: /home/jason/projects/unitree_sdk2_ws/install/unitree_sdk2/include/unitree\n'}
[16.696970] (unitree_sdk2) StdoutLine: {'line': b'-- Installing: /home/jason/projects/unitree_sdk2_ws/install/unitree_sdk2/include/unitree/idl\n'}
[16.697032] (unitree_sdk2) StdoutLine: {'line': b'-- Installing: /home/jason/projects/unitree_sdk2_ws/install/unitree_sdk2/include/unitree/idl/ros2\n'}
[16.697100] (unitree_sdk2) StdoutLine: {'line': b'-- Installing: /home/jason/projects/unitree_sdk2_ws/install/unitree_sdk2/include/unitree/idl/ros2/Vector3_.hpp\n'}
[16.697184] (unitree_sdk2) StdoutLine: {'line': b'-- Installing: /home/jason/projects/unitree_sdk2_ws/install/unitree_sdk2/include/unitree/idl/ros2/PoseWithCovariance_.hpp\n'}
[16.697762] (unitree_sdk2) StdoutLine: {'line': b'-- Installing: /home/jason/projects/unitree_sdk2_ws/install/unitree_sdk2/include/unitree/idl/ros2/PoseWithCovarianceStamped_.hpp\n'}
[16.698098] (unitree_sdk2) StdoutLine: {'line': b'-- Installing: /home/jason/projects/unitree_sdk2_ws/install/unitree_sdk2/include/unitree/idl/ros2/TwistWithCovarianceStamped_.hpp\n'}
[16.698379] (unitree_sdk2) StdoutLine: {'line': b'-- Installing: /home/jason/projects/unitree_sdk2_ws/install/unitree_sdk2/include/unitree/idl/ros2/Header_.hpp\n'}
[16.698589] (unitree_sdk2) StdoutLine: {'line': b'-- Installing: /home/jason/projects/unitree_sdk2_ws/install/unitree_sdk2/include/unitree/idl/ros2/TwistStamped_.hpp\n'}
[16.698854] (unitree_sdk2) StdoutLine: {'line': b'-- Installing: /home/jason/projects/unitree_sdk2_ws/install/unitree_sdk2/include/unitree/idl/ros2/MapMetaData_.hpp\n'}
[16.699139] (unitree_sdk2) StdoutLine: {'line': b'-- Installing: /home/jason/projects/unitree_sdk2_ws/install/unitree_sdk2/include/unitree/idl/ros2/Odometry_.hpp\n'}
[16.699432] (unitree_sdk2) StdoutLine: {'line': b'-- Installing: /home/jason/projects/unitree_sdk2_ws/install/unitree_sdk2/include/unitree/idl/ros2/Point32_.hpp\n'}
[16.699590] (unitree_sdk2) StdoutLine: {'line': b'-- Installing: /home/jason/projects/unitree_sdk2_ws/install/unitree_sdk2/include/unitree/idl/ros2/PointField_.hpp\n'}
[16.699772] (unitree_sdk2) StdoutLine: {'line': b'-- Installing: /home/jason/projects/unitree_sdk2_ws/install/unitree_sdk2/include/unitree/idl/ros2/PointStamped_.hpp\n'}
[16.700024] (unitree_sdk2) StdoutLine: {'line': b'-- Installing: /home/jason/projects/unitree_sdk2_ws/install/unitree_sdk2/include/unitree/idl/ros2/Twist_.hpp\n'}
[16.700226] (unitree_sdk2) StdoutLine: {'line': b'-- Installing: /home/jason/projects/unitree_sdk2_ws/install/unitree_sdk2/include/unitree/idl/ros2/PointCloud2_.hpp\n'}
[16.700527] (unitree_sdk2) StdoutLine: {'line': b'-- Installing: /home/jason/projects/unitree_sdk2_ws/install/unitree_sdk2/include/unitree/idl/ros2/Imu_.hpp\n'}
[16.700826] (unitree_sdk2) StdoutLine: {'line': b'-- Installing: /home/jason/projects/unitree_sdk2_ws/install/unitree_sdk2/include/unitree/idl/ros2/Point_.hpp\n'}
[16.701007] (unitree_sdk2) StdoutLine: {'line': b'-- Installing: /home/jason/projects/unitree_sdk2_ws/install/unitree_sdk2/include/unitree/idl/ros2/QuaternionStamped_.hpp\n'}
[16.701240] (unitree_sdk2) StdoutLine: {'line': b'-- Installing: /home/jason/projects/unitree_sdk2_ws/install/unitree_sdk2/include/unitree/idl/ros2/PoseStamped_.hpp\n'}
[16.701990] (unitree_sdk2) StdoutLine: {'line': b'-- Installing: /home/jason/projects/unitree_sdk2_ws/install/unitree_sdk2/include/unitree/idl/ros2/Pose_.hpp\n'}
[16.702090] (unitree_sdk2) StdoutLine: {'line': b'-- Installing: /home/jason/projects/unitree_sdk2_ws/install/unitree_sdk2/include/unitree/idl/ros2/Pose2D_.hpp\n'}
[16.702146] (unitree_sdk2) StdoutLine: {'line': b'-- Installing: /home/jason/projects/unitree_sdk2_ws/install/unitree_sdk2/include/unitree/idl/ros2/Time_.hpp\n'}
[16.702628] (unitree_sdk2) StdoutLine: {'line': b'-- Installing: /home/jason/projects/unitree_sdk2_ws/install/unitree_sdk2/include/unitree/idl/ros2/TwistWithCovariance_.hpp\n'}
[16.702703] (unitree_sdk2) StdoutLine: {'line': b'-- Installing: /home/jason/projects/unitree_sdk2_ws/install/unitree_sdk2/include/unitree/idl/ros2/OccupancyGrid_.hpp\n'}
[16.703151] (unitree_go) StdoutLine: {'line': b'-- Symlinking: /home/jason/projects/unitree_sdk2_ws/install/unitree_go/include/unitree_go/unitree_go/msg/rosidl_generator_cpp__visibility_control.hpp\n'}
[16.703768] (unitree_sdk2) StdoutLine: {'line': b'-- Installing: /home/jason/projects/unitree_sdk2_ws/install/unitree_sdk2/include/unitree/idl/ros2/String_.hpp\n'}
[16.703865] (unitree_sdk2) StdoutLine: {'line': b'-- Installing: /home/jason/projects/unitree_sdk2_ws/install/unitree_sdk2/include/unitree/idl/ros2/Quaternion_.hpp\n'}
[16.703935] (unitree_sdk2) StdoutLine: {'line': b'-- Installing: /home/jason/projects/unitree_sdk2_ws/install/unitree_sdk2/include/unitree/idl/hg_doubleimu\n'}
[16.703994] (unitree_sdk2) StdoutLine: {'line': b'-- Installing: /home/jason/projects/unitree_sdk2_ws/install/unitree_sdk2/include/unitree/idl/hg_doubleimu/doubleIMUState_.hpp\n'}
[16.704113] (unitree_sdk2) StdoutLine: {'line': b'-- Installing: /home/jason/projects/unitree_sdk2_ws/install/unitree_sdk2/include/unitree/idl/hg\n'}
[16.704282] (unitree_sdk2) StdoutLine: {'line': b'-- Installing: /home/jason/projects/unitree_sdk2_ws/install/unitree_sdk2/include/unitree/idl/hg/SportModeState_.hpp\n'}
[16.704462] (unitree_sdk2) StdoutLine: {'line': b'-- Installing: /home/jason/projects/unitree_sdk2_ws/install/unitree_sdk2/include/unitree/idl/hg/MainBoardState_.hpp\n'}
[16.704822] (unitree_sdk2) StdoutLine: {'line': b'-- Installing: /home/jason/projects/unitree_sdk2_ws/install/unitree_sdk2/include/unitree/idl/hg/HandState_.hpp\n'}
[16.704905] (unitree_sdk2) StdoutLine: {'line': b'-- Installing: /home/jason/projects/unitree_sdk2_ws/install/unitree_sdk2/include/unitree/idl/hg/BmsCmd_.hpp\n'}
[16.705107] (unitree_sdk2) StdoutLine: {'line': b'-- Installing: /home/jason/projects/unitree_sdk2_ws/install/unitree_sdk2/include/unitree/idl/hg/LowCmd_.hpp\n'}
[16.705219] (unitree_sdk2) StdoutLine: {'line': b'-- Installing: /home/jason/projects/unitree_sdk2_ws/install/unitree_sdk2/include/unitree/idl/hg/HandCmd_.hpp\n'}
[16.705422] (unitree_sdk2) StdoutLine: {'line': b'-- Installing: /home/jason/projects/unitree_sdk2_ws/install/unitree_sdk2/include/unitree/idl/hg/MotorState_.hpp\n'}
[16.705505] (unitree_sdk2) StdoutLine: {'line': b'-- Installing: /home/jason/projects/unitree_sdk2_ws/install/unitree_sdk2/include/unitree/idl/hg/MotorCmd_.hpp\n'}
[16.705583] (unitree_sdk2) StdoutLine: {'line': b'-- Installing: /home/jason/projects/unitree_sdk2_ws/install/unitree_sdk2/include/unitree/idl/hg/LowState_.hpp\n'}
[16.705699] (unitree_sdk2) StdoutLine: {'line': b'-- Installing: /home/jason/projects/unitree_sdk2_ws/install/unitree_sdk2/include/unitree/idl/hg/PressSensorState_.hpp\n'}
[16.705889] (unitree_sdk2) StdoutLine: {'line': b'-- Installing: /home/jason/projects/unitree_sdk2_ws/install/unitree_sdk2/include/unitree/idl/hg/BmsState_.hpp\n'}
[16.705963] (unitree_sdk2) StdoutLine: {'line': b'-- Installing: /home/jason/projects/unitree_sdk2_ws/install/unitree_sdk2/include/unitree/idl/hg/IMUState_.hpp\n'}
[16.706038] (unitree_sdk2) StdoutLine: {'line': b'-- Installing: /home/jason/projects/unitree_sdk2_ws/install/unitree_sdk2/include/unitree/idl/go2\n'}
[16.706143] (unitree_sdk2) StdoutLine: {'line': b'-- Installing: /home/jason/projects/unitree_sdk2_ws/install/unitree_sdk2/include/unitree/idl/go2/SportModeState_.hpp\n'}
[16.706275] (unitree_sdk2) StdoutLine: {'line': b'-- Installing: /home/jason/projects/unitree_sdk2_ws/install/unitree_sdk2/include/unitree/idl/go2/BmsCmd_.hpp\n'}
[16.706420] (unitree_sdk2) StdoutLine: {'line': b'-- Installing: /home/jason/projects/unitree_sdk2_ws/install/unitree_sdk2/include/unitree/idl/go2/UwbSwitch_.hpp\n'}
[16.706563] (unitree_sdk2) StdoutLine: {'line': b'-- Installing: /home/jason/projects/unitree_sdk2_ws/install/unitree_sdk2/include/unitree/idl/go2/Res_.hpp\n'}
[16.706813] (unitree_sdk2) StdoutLine: {'line': b'-- Installing: /home/jason/projects/unitree_sdk2_ws/install/unitree_sdk2/include/unitree/idl/go2/InterfaceConfig_.hpp\n'}
[16.706952] (unitree_sdk2) StdoutLine: {'line': b'-- Installing: /home/jason/projects/unitree_sdk2_ws/install/unitree_sdk2/include/unitree/idl/go2/LowCmd_.hpp\n'}
[16.707416] (unitree_sdk2) StdoutLine: {'line': b'-- Installing: /home/jason/projects/unitree_sdk2_ws/install/unitree_sdk2/include/unitree/idl/go2/UwbState_.hpp\n'}
[16.707483] (unitree_sdk2) StdoutLine: {'line': b'-- Installing: /home/jason/projects/unitree_sdk2_ws/install/unitree_sdk2/include/unitree/idl/go2/VoxelMapCompressed_.hpp\n'}
[16.707678] (unitree_sdk2) StdoutLine: {'line': b'-- Installing: /home/jason/projects/unitree_sdk2_ws/install/unitree_sdk2/include/unitree/idl/go2/SportModeCmd_.hpp\n'}
[16.707913] (unitree_sdk2) StdoutLine: {'line': b'-- Installing: /home/jason/projects/unitree_sdk2_ws/install/unitree_sdk2/include/unitree/idl/go2/TimeSpec_.hpp\n'}
[16.708064] (unitree_sdk2) StdoutLine: {'line': b'-- Installing: /home/jason/projects/unitree_sdk2_ws/install/unitree_sdk2/include/unitree/idl/go2/ConfigChangeStatus_.hpp\n'}
[16.708199] (unitree_sdk2) StdoutLine: {'line': b'-- Installing: /home/jason/projects/unitree_sdk2_ws/install/unitree_sdk2/include/unitree/idl/go2/HeightMap_.hpp\n'}
[16.708573] (unitree_sdk2) StdoutLine: {'line': b'-- Installing: /home/jason/projects/unitree_sdk2_ws/install/unitree_sdk2/include/unitree/idl/go2/PathPoint_.hpp\n'}
[16.708654] (unitree_sdk2) StdoutLine: {'line': b'-- Installing: /home/jason/projects/unitree_sdk2_ws/install/unitree_sdk2/include/unitree/idl/go2/MotorState_.hpp\n'}
[16.708744] (unitree_sdk2) StdoutLine: {'line': b'-- Installing: /home/jason/projects/unitree_sdk2_ws/install/unitree_sdk2/include/unitree/idl/go2/Go2FrontVideoData_.hpp\n'}
[16.708999] (unitree_sdk2) StdoutLine: {'line': b'-- Installing: /home/jason/projects/unitree_sdk2_ws/install/unitree_sdk2/include/unitree/idl/go2/MotorStates_.hpp\n'}
[16.709201] (unitree_sdk2) StdoutLine: {'line': b'-- Installing: /home/jason/projects/unitree_sdk2_ws/install/unitree_sdk2/include/unitree/idl/go2/MotorCmd_.hpp\n'}
[16.709350] (unitree_sdk2) StdoutLine: {'line': b'-- Installing: /home/jason/projects/unitree_sdk2_ws/install/unitree_sdk2/include/unitree/idl/go2/LidarState_.hpp\n'}
[16.709617] (unitree_sdk2) StdoutLine: {'line': b'-- Installing: /home/jason/projects/unitree_sdk2_ws/install/unitree_sdk2/include/unitree/idl/go2/LowState_.hpp\n'}
[16.709841] (unitree_sdk2) StdoutLine: {'line': b'-- Installing: /home/jason/projects/unitree_sdk2_ws/install/unitree_sdk2/include/unitree/idl/go2/WirelessController_.hpp\n'}
[16.709919] (unitree_sdk2) StdoutLine: {'line': b'-- Installing: /home/jason/projects/unitree_sdk2_ws/install/unitree_sdk2/include/unitree/idl/go2/MotorCmds_.hpp\n'}
[16.710119] (unitree_sdk2) StdoutLine: {'line': b'-- Installing: /home/jason/projects/unitree_sdk2_ws/install/unitree_sdk2/include/unitree/idl/go2/BmsState_.hpp\n'}
[16.710195] (unitree_go) StdoutLine: {'line': b'-- Symlinking: /home/jason/projects/unitree_sdk2_ws/install/unitree_go/include/unitree_go/unitree_go/msg/sport_mode_cmd.hpp\n'}
[16.710796] (unitree_sdk2) StdoutLine: {'line': b'-- Installing: /home/jason/projects/unitree_sdk2_ws/install/unitree_sdk2/include/unitree/idl/go2/IMUState_.hpp\n'}
[16.710943] (unitree_sdk2) StdoutLine: {'line': b'-- Installing: /home/jason/projects/unitree_sdk2_ws/install/unitree_sdk2/include/unitree/idl/go2/Req_.hpp\n'}
[16.711013] (unitree_sdk2) StdoutLine: {'line': b'-- Installing: /home/jason/projects/unitree_sdk2_ws/install/unitree_sdk2/include/unitree/idl/go2/Error_.hpp\n'}
[16.711074] (unitree_sdk2) StdoutLine: {'line': b'-- Installing: /home/jason/projects/unitree_sdk2_ws/install/unitree_sdk2/include/unitree/idl/go2/AudioData_.hpp\n'}
[16.711480] (unitree_sdk2) StdoutLine: {'line': b'-- Installing: /home/jason/projects/unitree_sdk2_ws/install/unitree_sdk2/include/unitree/common\n'}
[16.711561] (unitree_sdk2) StdoutLine: {'line': b'-- Installing: /home/jason/projects/unitree_sdk2_ws/install/unitree_sdk2/include/unitree/common/filesystem\n'}
[16.711620] (unitree_sdk2) StdoutLine: {'line': b'-- Installing: /home/jason/projects/unitree_sdk2_ws/install/unitree_sdk2/include/unitree/common/filesystem/filesystem.hpp\n'}
[16.711758] (unitree_sdk2) StdoutLine: {'line': b'-- Installing: /home/jason/projects/unitree_sdk2_ws/install/unitree_sdk2/include/unitree/common/filesystem/directory.hpp\n'}
[16.711898] (unitree_sdk2) StdoutLine: {'line': b'-- Installing: /home/jason/projects/unitree_sdk2_ws/install/unitree_sdk2/include/unitree/common/filesystem/file.hpp\n'}
[16.712064] (unitree_sdk2) StdoutLine: {'line': b'-- Installing: /home/jason/projects/unitree_sdk2_ws/install/unitree_sdk2/include/unitree/common/exception.hpp\n'}
[16.712229] (unitree_sdk2) StdoutLine: {'line': b'-- Installing: /home/jason/projects/unitree_sdk2_ws/install/unitree_sdk2/include/unitree/common/dds\n'}
[16.712386] (unitree_sdk2) StdoutLine: {'line': b'-- Installing: /home/jason/projects/unitree_sdk2_ws/install/unitree_sdk2/include/unitree/common/dds/dds_parameter.hpp\n'}
[16.712563] (unitree_sdk2) StdoutLine: {'line': b'-- Installing: /home/jason/projects/unitree_sdk2_ws/install/unitree_sdk2/include/unitree/common/dds/dds_error.hpp\n'}
[16.712814] (unitree_sdk2) StdoutLine: {'line': b'-- Installing: /home/jason/projects/unitree_sdk2_ws/install/unitree_sdk2/include/unitree/common/dds/dds_exception.hpp\n'}
[16.712982] (unitree_sdk2) StdoutLine: {'line': b'-- Installing: /home/jason/projects/unitree_sdk2_ws/install/unitree_sdk2/include/unitree/common/dds/dds_traits.hpp\n'}
[16.713063] (unitree_sdk2) StdoutLine: {'line': b'-- Installing: /home/jason/projects/unitree_sdk2_ws/install/unitree_sdk2/include/unitree/common/dds/dds_easy_model.hpp\n'}
[16.713596] (unitree_sdk2) StdoutLine: {'line': b'-- Installing: /home/jason/projects/unitree_sdk2_ws/install/unitree_sdk2/include/unitree/common/dds/dds_qos_realize.hpp\n'}
[16.714235] (unitree_sdk2) StdoutLine: {'line': b'-- Installing: /home/jason/projects/unitree_sdk2_ws/install/unitree_sdk2/include/unitree/common/dds/dds_qos_policy.hpp\n'}
[16.714459] (unitree_sdk2) StdoutLine: {'line': b'-- Installing: /home/jason/projects/unitree_sdk2_ws/install/unitree_sdk2/include/unitree/common/dds/dds_factory_model.hpp\n'}
[16.714550] (unitree_sdk2) StdoutLine: {'line': b'-- Installing: /home/jason/projects/unitree_sdk2_ws/install/unitree_sdk2/include/unitree/common/dds/dds_qos_parameter.hpp\n'}
[16.714728] (unitree_sdk2) StdoutLine: {'line': b'-- Installing: /home/jason/projects/unitree_sdk2_ws/install/unitree_sdk2/include/unitree/common/dds/dds_entity.hpp\n'}
[16.714896] (unitree_sdk2) StdoutLine: {'line': b'-- Installing: /home/jason/projects/unitree_sdk2_ws/install/unitree_sdk2/include/unitree/common/dds/dds_callback.hpp\n'}
[16.715061] (unitree_sdk2) StdoutLine: {'line': b'-- Installing: /home/jason/projects/unitree_sdk2_ws/install/unitree_sdk2/include/unitree/common/dds/dds_topic_channel.hpp\n'}
[16.715218] (unitree_sdk2) StdoutLine: {'line': b'-- Installing: /home/jason/projects/unitree_sdk2_ws/install/unitree_sdk2/include/unitree/common/dds/dds_qos.hpp\n'}
[16.715373] (unitree_sdk2) StdoutLine: {'line': b'-- Installing: /home/jason/projects/unitree_sdk2_ws/install/unitree_sdk2/include/unitree/common/dds/dds_native.hpp\n'}
[16.715538] (unitree_sdk2) StdoutLine: {'line': b'-- Installing: /home/jason/projects/unitree_sdk2_ws/install/unitree_sdk2/include/unitree/common/dds/dds_qos_policy_parameter.hpp\n'}
[16.715710] (unitree_sdk2) StdoutLine: {'line': b'-- Installing: /home/jason/projects/unitree_sdk2_ws/install/unitree_sdk2/include/unitree/common/thread\n'}
[16.715876] (unitree_sdk2) StdoutLine: {'line': b'-- Installing: /home/jason/projects/unitree_sdk2_ws/install/unitree_sdk2/include/unitree/common/thread/thread_task.hpp\n'}
[16.716124] (unitree_sdk2) StdoutLine: {'line': b'-- Installing: /home/jason/projects/unitree_sdk2_ws/install/unitree_sdk2/include/unitree/common/thread/thread.hpp\n'}
[16.716283] (unitree_sdk2) StdoutLine: {'line': b'-- Installing: /home/jason/projects/unitree_sdk2_ws/install/unitree_sdk2/include/unitree/common/thread/thread_decl.hpp\n'}
[16.716446] (unitree_sdk2) StdoutLine: {'line': b'-- Installing: /home/jason/projects/unitree_sdk2_ws/install/unitree_sdk2/include/unitree/common/thread/thread_pool.hpp\n'}
[16.716694] (unitree_sdk2) StdoutLine: {'line': b'-- Installing: /home/jason/projects/unitree_sdk2_ws/install/unitree_sdk2/include/unitree/common/thread/recurrent_thread.hpp\n'}
[16.716857] (unitree_sdk2) StdoutLine: {'line': b'-- Installing: /home/jason/projects/unitree_sdk2_ws/install/unitree_sdk2/include/unitree/common/thread/future.hpp\n'}
[16.717013] (unitree_sdk2) StdoutLine: {'line': b'-- Installing: /home/jason/projects/unitree_sdk2_ws/install/unitree_sdk2/include/unitree/common/error.hpp\n'}
[16.717166] (unitree_sdk2) StdoutLine: {'line': b'-- Installing: /home/jason/projects/unitree_sdk2_ws/install/unitree_sdk2/include/unitree/common/log\n'}
[16.717315] (unitree_sdk2) StdoutLine: {'line': b'-- Installing: /home/jason/projects/unitree_sdk2_ws/install/unitree_sdk2/include/unitree/common/log/log_store.hpp\n'}
[16.717483] (unitree_sdk2) StdoutLine: {'line': b'-- Installing: /home/jason/projects/unitree_sdk2_ws/install/unitree_sdk2/include/unitree/common/log/log.hpp\n'}
[16.717641] (unitree_sdk2) StdoutLine: {'line': b'-- Installing: /home/jason/projects/unitree_sdk2_ws/install/unitree_sdk2/include/unitree/common/log/log_decl.hpp\n'}
[16.717802] (unitree_sdk2) StdoutLine: {'line': b'-- Installing: /home/jason/projects/unitree_sdk2_ws/install/unitree_sdk2/include/unitree/common/log/log_keeper.hpp\n'}
[16.717956] (unitree_sdk2) StdoutLine: {'line': b'-- Installing: /home/jason/projects/unitree_sdk2_ws/install/unitree_sdk2/include/unitree/common/log/log_logger.hpp\n'}
[16.718110] (unitree_sdk2) StdoutLine: {'line': b'-- Installing: /home/jason/projects/unitree_sdk2_ws/install/unitree_sdk2/include/unitree/common/log/log_initor.hpp\n'}
[16.718920] (unitree_sdk2) StdoutLine: {'line': b'-- Installing: /home/jason/projects/unitree_sdk2_ws/install/unitree_sdk2/include/unitree/common/log/log_writer.hpp\n'}
[16.719260] (unitree_sdk2) StdoutLine: {'line': b'-- Installing: /home/jason/projects/unitree_sdk2_ws/install/unitree_sdk2/include/unitree/common/log/log_buffer.hpp\n'}
[16.719332] (unitree_sdk2) StdoutLine: {'line': b'-- Installing: /home/jason/projects/unitree_sdk2_ws/install/unitree_sdk2/include/unitree/common/log/log_policy.hpp\n'}
[16.720198] (unitree_sdk2) StdoutLine: {'line': b'-- Installing: /home/jason/projects/unitree_sdk2_ws/install/unitree_sdk2/include/unitree/common/service\n'}
[16.720353] (unitree_sdk2) StdoutLine: {'line': b'-- Installing: /home/jason/projects/unitree_sdk2_ws/install/unitree_sdk2/include/unitree/common/service/dds_service.hpp\n'}
[16.720430] (unitree_sdk2) StdoutLine: {'line': b'-- Installing: /home/jason/projects/unitree_sdk2_ws/install/unitree_sdk2/include/unitree/common/service/base\n'}
[16.720482] (unitree_go) StdoutLine: {'line': b'-- Symlinking: /home/jason/projects/unitree_sdk2_ws/install/unitree_go/include/unitree_go/unitree_go/msg/sport_mode_state.hpp\n'}
[16.720543] (unitree_sdk2) StdoutLine: {'line': b'-- Installing: /home/jason/projects/unitree_sdk2_ws/install/unitree_sdk2/include/unitree/common/service/base/service_base.hpp\n'}
[16.721378] (unitree_sdk2) StdoutLine: {'line': b'-- Installing: /home/jason/projects/unitree_sdk2_ws/install/unitree_sdk2/include/unitree/common/service/base/service_config.hpp\n'}
[16.721530] (unitree_sdk2) StdoutLine: {'line': b'-- Installing: /home/jason/projects/unitree_sdk2_ws/install/unitree_sdk2/include/unitree/common/service/base/service_decl.hpp\n'}
[16.721606] (unitree_sdk2) StdoutLine: {'line': b'-- Installing: /home/jason/projects/unitree_sdk2_ws/install/unitree_sdk2/include/unitree/common/service/base/service_application.hpp\n'}
[16.721678] (unitree_sdk2) StdoutLine: {'line': b'-- Installing: /home/jason/projects/unitree_sdk2_ws/install/unitree_sdk2/include/unitree/common/string_tool.hpp\n'}
[16.721750] (unitree_sdk2) StdoutLine: {'line': b'-- Installing: /home/jason/projects/unitree_sdk2_ws/install/unitree_sdk2/include/unitree/common/decl.hpp\n'}
[16.721813] (unitree_sdk2) StdoutLine: {'line': b'-- Installing: /home/jason/projects/unitree_sdk2_ws/install/unitree_sdk2/include/unitree/common/os.hpp\n'}
[16.721863] (unitree_sdk2) StdoutLine: {'line': b'-- Installing: /home/jason/projects/unitree_sdk2_ws/install/unitree_sdk2/include/unitree/common/assert.hpp\n'}
[16.722173] (unitree_sdk2) StdoutLine: {'line': b'-- Installing: /home/jason/projects/unitree_sdk2_ws/install/unitree_sdk2/include/unitree/common/json\n'}
[16.722392] (unitree_sdk2) StdoutLine: {'line': b'-- Installing: /home/jason/projects/unitree_sdk2_ws/install/unitree_sdk2/include/unitree/common/json/json_config.hpp\n'}
[16.722493] (unitree_sdk2) StdoutLine: {'line': b'-- Installing: /home/jason/projects/unitree_sdk2_ws/install/unitree_sdk2/include/unitree/common/json/jsonize.hpp\n'}
[16.722577] (unitree_sdk2) StdoutLine: {'line': b'-- Installing: /home/jason/projects/unitree_sdk2_ws/install/unitree_sdk2/include/unitree/common/json/json.hpp\n'}
[16.722740] (unitree_sdk2) StdoutLine: {'line': b'-- Installing: /home/jason/projects/unitree_sdk2_ws/install/unitree_sdk2/include/unitree/common/lock\n'}
[16.722896] (unitree_sdk2) StdoutLine: {'line': b'-- Installing: /home/jason/projects/unitree_sdk2_ws/install/unitree_sdk2/include/unitree/common/lock/lock.hpp\n'}
[16.723062] (unitree_sdk2) StdoutLine: {'line': b'-- Installing: /home/jason/projects/unitree_sdk2_ws/install/unitree_sdk2/include/unitree/common/any.hpp\n'}
[16.723231] (unitree_sdk2) StdoutLine: {'line': b'-- Installing: /home/jason/projects/unitree_sdk2_ws/install/unitree_sdk2/include/unitree/common/time\n'}
[16.723385] (unitree_sdk2) StdoutLine: {'line': b'-- Installing: /home/jason/projects/unitree_sdk2_ws/install/unitree_sdk2/include/unitree/common/time/sleep.hpp\n'}
[16.723555] (unitree_sdk2) StdoutLine: {'line': b'-- Installing: /home/jason/projects/unitree_sdk2_ws/install/unitree_sdk2/include/unitree/common/time/time_tool.hpp\n'}
[16.723795] (unitree_sdk2) StdoutLine: {'line': b'-- Installing: /home/jason/projects/unitree_sdk2_ws/install/unitree_sdk2/include/unitree/common/block_queue.hpp\n'}
[16.723939] (unitree_sdk2) StdoutLine: {'line': b'-- Installing: /home/jason/projects/unitree_sdk2_ws/install/unitree_sdk2/include/unitree/dds_wrapper\n'}
[16.724081] (unitree_sdk2) StdoutLine: {'line': b'-- Installing: /home/jason/projects/unitree_sdk2_ws/install/unitree_sdk2/include/unitree/dds_wrapper/robots\n'}
[16.724229] (unitree_sdk2) StdoutLine: {'line': b'-- Installing: /home/jason/projects/unitree_sdk2_ws/install/unitree_sdk2/include/unitree/dds_wrapper/robots/g1\n'}
[16.724307] (unitree_sdk2) StdoutLine: {'line': b'-- Installing: /home/jason/projects/unitree_sdk2_ws/install/unitree_sdk2/include/unitree/dds_wrapper/robots/g1/g1_sub.h\n'}
[16.724614] (unitree_sdk2) StdoutLine: {'line': b'-- Installing: /home/jason/projects/unitree_sdk2_ws/install/unitree_sdk2/include/unitree/dds_wrapper/robots/g1/g1_pub.h\n'}
[16.724758] (unitree_sdk2) StdoutLine: {'line': b'-- Installing: /home/jason/projects/unitree_sdk2_ws/install/unitree_sdk2/include/unitree/dds_wrapper/robots/g1/defines.h\n'}
[16.725040] (unitree_sdk2) StdoutLine: {'line': b'-- Installing: /home/jason/projects/unitree_sdk2_ws/install/unitree_sdk2/include/unitree/dds_wrapper/robots/g1/g1.h\n'}
[16.725168] (unitree_sdk2) StdoutLine: {'line': b'-- Installing: /home/jason/projects/unitree_sdk2_ws/install/unitree_sdk2/include/unitree/dds_wrapper/robots/go2\n'}
[16.725370] (unitree_sdk2) StdoutLine: {'line': b'-- Installing: /home/jason/projects/unitree_sdk2_ws/install/unitree_sdk2/include/unitree/dds_wrapper/robots/go2/go2_sub.h\n'}
[16.725520] (unitree_sdk2) StdoutLine: {'line': b'-- Installing: /home/jason/projects/unitree_sdk2_ws/install/unitree_sdk2/include/unitree/dds_wrapper/robots/go2/go2.h\n'}
[16.725824] (unitree_sdk2) StdoutLine: {'line': b'-- Installing: /home/jason/projects/unitree_sdk2_ws/install/unitree_sdk2/include/unitree/dds_wrapper/robots/go2/defines.h\n'}
[16.725958] (unitree_sdk2) StdoutLine: {'line': b'-- Installing: /home/jason/projects/unitree_sdk2_ws/install/unitree_sdk2/include/unitree/dds_wrapper/robots/go2/go2_pub.h\n'}
[16.726264] (unitree_sdk2) StdoutLine: {'line': b'-- Installing: /home/jason/projects/unitree_sdk2_ws/install/unitree_sdk2/include/unitree/dds_wrapper/common\n'}
[16.726408] (unitree_sdk2) StdoutLine: {'line': b'-- Installing: /home/jason/projects/unitree_sdk2_ws/install/unitree_sdk2/include/unitree/dds_wrapper/common/Subscription.h\n'}
[16.726549] (unitree_sdk2) StdoutLine: {'line': b'-- Installing: /home/jason/projects/unitree_sdk2_ws/install/unitree_sdk2/include/unitree/dds_wrapper/common/unitree_joystick.hpp\n'}
[16.726845] (unitree_sdk2) StdoutLine: {'line': b'-- Installing: /home/jason/projects/unitree_sdk2_ws/install/unitree_sdk2/include/unitree/dds_wrapper/common/crc.h\n'}
[16.726979] (unitree_sdk2) StdoutLine: {'line': b'-- Installing: /home/jason/projects/unitree_sdk2_ws/install/unitree_sdk2/include/unitree/dds_wrapper/common/Publisher.h\n'}
[16.727290] (unitree_sdk2) StdoutLine: {'line': b'-- Installing: /home/jason/projects/unitree_sdk2_ws/install/unitree_sdk2/include/unitree/robot\n'}
[16.727444] (unitree_sdk2) StdoutLine: {'line': b'-- Installing: /home/jason/projects/unitree_sdk2_ws/install/unitree_sdk2/include/unitree/robot/g1\n'}
[16.727598] (unitree_sdk2) StdoutLine: {'line': b'-- Installing: /home/jason/projects/unitree_sdk2_ws/install/unitree_sdk2/include/unitree/robot/g1/audio\n'}
[16.727759] (unitree_sdk2) StdoutLine: {'line': b'-- Installing: /home/jason/projects/unitree_sdk2_ws/install/unitree_sdk2/include/unitree/robot/g1/audio/g1_audio_client.hpp\n'}
[16.727892] (unitree_sdk2) StdoutLine: {'line': b'-- Installing: /home/jason/projects/unitree_sdk2_ws/install/unitree_sdk2/include/unitree/robot/g1/audio/g1_audio_error.hpp\n'}
[16.728021] (unitree_sdk2) StdoutLine: {'line': b'-- Installing: /home/jason/projects/unitree_sdk2_ws/install/unitree_sdk2/include/unitree/robot/g1/audio/g1_audio_api.hpp\n'}
[16.728245] (unitree_sdk2) StdoutLine: {'line': b'-- Installing: /home/jason/projects/unitree_sdk2_ws/install/unitree_sdk2/include/unitree/robot/g1/common\n'}
[16.728413] (unitree_sdk2) StdoutLine: {'line': b'-- Installing: /home/jason/projects/unitree_sdk2_ws/install/unitree_sdk2/include/unitree/robot/g1/common/terminations.hpp\n'}
[16.728558] (unitree_sdk2) StdoutLine: {'line': b'-- Installing: /home/jason/projects/unitree_sdk2_ws/install/unitree_sdk2/include/unitree/robot/g1/loco\n'}
[16.728725] (unitree_sdk2) StdoutLine: {'line': b'-- Installing: /home/jason/projects/unitree_sdk2_ws/install/unitree_sdk2/include/unitree/robot/g1/loco/g1_loco_api.hpp\n'}
[16.728804] (unitree_sdk2) StdoutLine: {'line': b'-- Installing: /home/jason/projects/unitree_sdk2_ws/install/unitree_sdk2/include/unitree/robot/g1/loco/g1_loco_error.hpp\n'}
[16.729264] (unitree_go) StdoutLine: {'line': b'-- Symlinking: /home/jason/projects/unitree_sdk2_ws/install/unitree_go/include/unitree_go/unitree_go/msg/time_spec.hpp\n'}
[16.729346] (unitree_sdk2) StdoutLine: {'line': b'-- Installing: /home/jason/projects/unitree_sdk2_ws/install/unitree_sdk2/include/unitree/robot/g1/loco/g1_loco_client.hpp\n'}
[16.729520] (unitree_sdk2) StdoutLine: {'line': b'-- Installing: /home/jason/projects/unitree_sdk2_ws/install/unitree_sdk2/include/unitree/robot/g1/arm\n'}
[16.729703] (unitree_sdk2) StdoutLine: {'line': b'-- Installing: /home/jason/projects/unitree_sdk2_ws/install/unitree_sdk2/include/unitree/robot/g1/arm/g1_arm_action_error.hpp\n'}
[16.729782] (unitree_sdk2) StdoutLine: {'line': b'-- Installing: /home/jason/projects/unitree_sdk2_ws/install/unitree_sdk2/include/unitree/robot/g1/arm/g1_arm_action_api.hpp\n'}
[16.729957] (unitree_sdk2) StdoutLine: {'line': b'-- Installing: /home/jason/projects/unitree_sdk2_ws/install/unitree_sdk2/include/unitree/robot/g1/arm/g1_arm_action_client.hpp\n'}
[16.730196] (unitree_sdk2) StdoutLine: {'line': b'-- Installing: /home/jason/projects/unitree_sdk2_ws/install/unitree_sdk2/include/unitree/robot/internal\n'}
[16.730278] (unitree_sdk2) StdoutLine: {'line': b'-- Installing: /home/jason/projects/unitree_sdk2_ws/install/unitree_sdk2/include/unitree/robot/internal/internal_api.hpp\n'}
[16.730505] (unitree_sdk2) StdoutLine: {'line': b'-- Installing: /home/jason/projects/unitree_sdk2_ws/install/unitree_sdk2/include/unitree/robot/internal/internal_idl_decl\n'}
[16.730593] (unitree_sdk2) StdoutLine: {'line': b'-- Installing: /home/jason/projects/unitree_sdk2_ws/install/unitree_sdk2/include/unitree/robot/internal/internal_idl_decl/RequestLease_.hpp\n'}
[16.730857] (unitree_sdk2) StdoutLine: {'line': b'-- Installing: /home/jason/projects/unitree_sdk2_ws/install/unitree_sdk2/include/unitree/robot/internal/internal_idl_decl/RequestHeader_.hpp\n'}
[16.730938] (unitree_sdk2) StdoutLine: {'line': b'-- Installing: /home/jason/projects/unitree_sdk2_ws/install/unitree_sdk2/include/unitree/robot/internal/internal_idl_decl/Response_.hpp\n'}
[16.731198] (unitree_sdk2) StdoutLine: {'line': b'-- Installing: /home/jason/projects/unitree_sdk2_ws/install/unitree_sdk2/include/unitree/robot/internal/internal_idl_decl/ResponseStatus_.hpp\n'}
[16.731283] (unitree_sdk2) StdoutLine: {'line': b'-- Installing: /home/jason/projects/unitree_sdk2_ws/install/unitree_sdk2/include/unitree/robot/internal/internal_idl_decl/ResponseHeader_.hpp\n'}
[16.731549] (unitree_sdk2) StdoutLine: {'line': b'-- Installing: /home/jason/projects/unitree_sdk2_ws/install/unitree_sdk2/include/unitree/robot/internal/internal_idl_decl/Request_.hpp\n'}
[16.731729] (unitree_sdk2) StdoutLine: {'line': b'-- Installing: /home/jason/projects/unitree_sdk2_ws/install/unitree_sdk2/include/unitree/robot/internal/internal_idl_decl/RequestIdentity_.hpp\n'}
[16.731816] (unitree_sdk2) StdoutLine: {'line': b'-- Installing: /home/jason/projects/unitree_sdk2_ws/install/unitree_sdk2/include/unitree/robot/internal/internal_idl_decl/RequestPolicy_.hpp\n'}
[16.732063] (unitree_sdk2) StdoutLine: {'line': b'-- Installing: /home/jason/projects/unitree_sdk2_ws/install/unitree_sdk2/include/unitree/robot/internal/internal_request_response.hpp\n'}
[16.732153] (unitree_sdk2) StdoutLine: {'line': b'-- Installing: /home/jason/projects/unitree_sdk2_ws/install/unitree_sdk2/include/unitree/robot/internal/internal_error.hpp\n'}
[16.732342] (unitree_sdk2) StdoutLine: {'line': b'-- Installing: /home/jason/projects/unitree_sdk2_ws/install/unitree_sdk2/include/unitree/robot/internal/internal.hpp\n'}
[16.732569] (unitree_sdk2) StdoutLine: {'line': b'-- Installing: /home/jason/projects/unitree_sdk2_ws/install/unitree_sdk2/include/unitree/robot/h1\n'}
[16.732654] (unitree_sdk2) StdoutLine: {'line': b'-- Installing: /home/jason/projects/unitree_sdk2_ws/install/unitree_sdk2/include/unitree/robot/h1/loco\n'}
[16.732873] (unitree_sdk2) StdoutLine: {'line': b'-- Installing: /home/jason/projects/unitree_sdk2_ws/install/unitree_sdk2/include/unitree/robot/h1/loco/h1_loco_api.hpp\n'}
[16.732948] (unitree_sdk2) StdoutLine: {'line': b'-- Installing: /home/jason/projects/unitree_sdk2_ws/install/unitree_sdk2/include/unitree/robot/h1/loco/h1_loco_error.hpp\n'}
[16.734444] (unitree_sdk2) StdoutLine: {'line': b'-- Installing: /home/jason/projects/unitree_sdk2_ws/install/unitree_sdk2/include/unitree/robot/h1/loco/h1_loco_client.hpp\n'}
[16.734721] (unitree_sdk2) StdoutLine: {'line': b'-- Installing: /home/jason/projects/unitree_sdk2_ws/install/unitree_sdk2/include/unitree/robot/server\n'}
[16.734784] (unitree_sdk2) StdoutLine: {'line': b'-- Installing: /home/jason/projects/unitree_sdk2_ws/install/unitree_sdk2/include/unitree/robot/server/server.hpp\n'}
[16.734930] (unitree_sdk2) StdoutLine: {'line': b'-- Installing: /home/jason/projects/unitree_sdk2_ws/install/unitree_sdk2/include/unitree/robot/server/server_base.hpp\n'}
[16.735076] (unitree_sdk2) StdoutLine: {'line': b'-- Installing: /home/jason/projects/unitree_sdk2_ws/install/unitree_sdk2/include/unitree/robot/server/lease_server.hpp\n'}
[16.735221] (unitree_sdk2) StdoutLine: {'line': b'-- Installing: /home/jason/projects/unitree_sdk2_ws/install/unitree_sdk2/include/unitree/robot/server/server_stub.hpp\n'}
[16.736139] (unitree_sdk2) StdoutLine: {'line': b'-- Installing: /home/jason/projects/unitree_sdk2_ws/install/unitree_sdk2/include/unitree/robot/client\n'}
[16.736208] (unitree_sdk2) StdoutLine: {'line': b'-- Installing: /home/jason/projects/unitree_sdk2_ws/install/unitree_sdk2/include/unitree/robot/client/client.hpp\n'}
[16.736252] (unitree_sdk2) StdoutLine: {'line': b'-- Installing: /home/jason/projects/unitree_sdk2_ws/install/unitree_sdk2/include/unitree/robot/client/client_stub.hpp\n'}
[16.736293] (unitree_sdk2) StdoutLine: {'line': b'-- Installing: /home/jason/projects/unitree_sdk2_ws/install/unitree_sdk2/include/unitree/robot/client/lease_client.hpp\n'}
[16.736331] (unitree_sdk2) StdoutLine: {'line': b'-- Installing: /home/jason/projects/unitree_sdk2_ws/install/unitree_sdk2/include/unitree/robot/client/client_base.hpp\n'}
[16.736368] (unitree_sdk2) StdoutLine: {'line': b'-- Installing: /home/jason/projects/unitree_sdk2_ws/install/unitree_sdk2/include/unitree/robot/future\n'}
[16.736418] (unitree_sdk2) StdoutLine: {'line': b'-- Installing: /home/jason/projects/unitree_sdk2_ws/install/unitree_sdk2/include/unitree/robot/future/request_future.hpp\n'}
[16.736481] (unitree_sdk2) StdoutLine: {'line': b'-- Installing: /home/jason/projects/unitree_sdk2_ws/install/unitree_sdk2/include/unitree/robot/channel\n'}
[16.736524] (unitree_sdk2) StdoutLine: {'line': b'-- Installing: /home/jason/projects/unitree_sdk2_ws/install/unitree_sdk2/include/unitree/robot/channel/channel_namer.hpp\n'}
[16.736565] (unitree_sdk2) StdoutLine: {'line': b'-- Installing: /home/jason/projects/unitree_sdk2_ws/install/unitree_sdk2/include/unitree/robot/channel/channel_subscriber.hpp\n'}
[16.736602] (unitree_sdk2) StdoutLine: {'line': b'-- Installing: /home/jason/projects/unitree_sdk2_ws/install/unitree_sdk2/include/unitree/robot/channel/channel_factory.hpp\n'}
[16.736639] (unitree_sdk2) StdoutLine: {'line': b'-- Installing: /home/jason/projects/unitree_sdk2_ws/install/unitree_sdk2/include/unitree/robot/channel/channel_publisher.hpp\n'}
[16.736679] (unitree_sdk2) StdoutLine: {'line': b'-- Installing: /home/jason/projects/unitree_sdk2_ws/install/unitree_sdk2/include/unitree/robot/channel/channel_labor.hpp\n'}
[16.736715] (unitree_sdk2) StdoutLine: {'line': b'-- Installing: /home/jason/projects/unitree_sdk2_ws/install/unitree_sdk2/include/unitree/robot/serialize\n'}
[16.736751] (unitree_sdk2) StdoutLine: {'line': b'-- Installing: /home/jason/projects/unitree_sdk2_ws/install/unitree_sdk2/include/unitree/robot/serialize/serialize.hpp\n'}
[16.736786] (unitree_sdk2) StdoutLine: {'line': b'-- Installing: /home/jason/projects/unitree_sdk2_ws/install/unitree_sdk2/include/unitree/robot/go2\n'}
[16.736847] (unitree_sdk2) StdoutLine: {'line': b'-- Installing: /home/jason/projects/unitree_sdk2_ws/install/unitree_sdk2/include/unitree/robot/go2/obstacles_avoid\n'}
[16.736890] (unitree_sdk2) StdoutLine: {'line': b'-- Installing: /home/jason/projects/unitree_sdk2_ws/install/unitree_sdk2/include/unitree/robot/go2/obstacles_avoid/obstacles_avoid_api.hpp\n'}
[16.736986] (unitree_sdk2) StdoutLine: {'line': b'-- Installing: /home/jason/projects/unitree_sdk2_ws/install/unitree_sdk2/include/unitree/robot/go2/obstacles_avoid/obstacles_avoid_client.hpp\n'}
[16.737136] (unitree_sdk2) StdoutLine: {'line': b'-- Installing: /home/jason/projects/unitree_sdk2_ws/install/unitree_sdk2/include/unitree/robot/go2/public\n'}
[16.737192] (unitree_sdk2) StdoutLine: {'line': b'-- Installing: /home/jason/projects/unitree_sdk2_ws/install/unitree_sdk2/include/unitree/robot/go2/public/jsonize_type.hpp\n'}
[16.737273] (unitree_sdk2) StdoutLine: {'line': b'-- Installing: /home/jason/projects/unitree_sdk2_ws/install/unitree_sdk2/include/unitree/robot/go2/sport\n'}
[16.737330] (unitree_sdk2) StdoutLine: {'line': b'-- Installing: /home/jason/projects/unitree_sdk2_ws/install/unitree_sdk2/include/unitree/robot/go2/sport/sport_client.hpp\n'}
[16.738065] (unitree_sdk2) StdoutLine: {'line': b'-- Installing: /home/jason/projects/unitree_sdk2_ws/install/unitree_sdk2/include/unitree/robot/go2/sport/sport_api.hpp\n'}
[16.738121] (unitree_sdk2) StdoutLine: {'line': b'-- Installing: /home/jason/projects/unitree_sdk2_ws/install/unitree_sdk2/include/unitree/robot/go2/sport/sport_error.hpp\n'}
[16.738154] (unitree_sdk2) StdoutLine: {'line': b'-- Installing: /home/jason/projects/unitree_sdk2_ws/install/unitree_sdk2/include/unitree/robot/go2/video\n'}
[16.738185] (unitree_sdk2) StdoutLine: {'line': b'-- Installing: /home/jason/projects/unitree_sdk2_ws/install/unitree_sdk2/include/unitree/robot/go2/video/video_client.hpp\n'}
[16.738215] (unitree_sdk2) StdoutLine: {'line': b'-- Installing: /home/jason/projects/unitree_sdk2_ws/install/unitree_sdk2/include/unitree/robot/go2/video/video_error.hpp\n'}
[16.738244] (unitree_sdk2) StdoutLine: {'line': b'-- Installing: /home/jason/projects/unitree_sdk2_ws/install/unitree_sdk2/include/unitree/robot/go2/video/video_api.hpp\n'}
[16.738294] (unitree_sdk2) StdoutLine: {'line': b'-- Installing: /home/jason/projects/unitree_sdk2_ws/install/unitree_sdk2/include/unitree/robot/go2/utrack\n'}
[16.738329] (unitree_sdk2) StdoutLine: {'line': b'-- Installing: /home/jason/projects/unitree_sdk2_ws/install/unitree_sdk2/include/unitree/robot/go2/utrack/utrack_api.hpp\n'}
[16.738360] (unitree_sdk2) StdoutLine: {'line': b'-- Installing: /home/jason/projects/unitree_sdk2_ws/install/unitree_sdk2/include/unitree/robot/go2/utrack/utrack_client.hpp\n'}
[16.738408] (unitree_sdk2) StdoutLine: {'line': b'-- Installing: /home/jason/projects/unitree_sdk2_ws/install/unitree_sdk2/include/unitree/robot/go2/config\n'}
[16.738467] (unitree_sdk2) StdoutLine: {'line': b'-- Installing: /home/jason/projects/unitree_sdk2_ws/install/unitree_sdk2/include/unitree/robot/go2/config/config_api.hpp\n'}
[16.738616] (unitree_sdk2) StdoutLine: {'line': b'-- Installing: /home/jason/projects/unitree_sdk2_ws/install/unitree_sdk2/include/unitree/robot/go2/config/config_client.hpp\n'}
[16.738735] (unitree_sdk2) StdoutLine: {'line': b'-- Installing: /home/jason/projects/unitree_sdk2_ws/install/unitree_sdk2/include/unitree/robot/go2/config/config_error.hpp\n'}
[16.738859] (unitree_sdk2) StdoutLine: {'line': b'-- Installing: /home/jason/projects/unitree_sdk2_ws/install/unitree_sdk2/include/unitree/robot/go2/vui\n'}
[16.738915] (unitree_sdk2) StdoutLine: {'line': b'-- Installing: /home/jason/projects/unitree_sdk2_ws/install/unitree_sdk2/include/unitree/robot/go2/vui/vui_error.hpp\n'}
[16.739058] (unitree_sdk2) StdoutLine: {'line': b'-- Installing: /home/jason/projects/unitree_sdk2_ws/install/unitree_sdk2/include/unitree/robot/go2/vui/vui_api.hpp\n'}
[16.739181] (unitree_sdk2) StdoutLine: {'line': b'-- Installing: /home/jason/projects/unitree_sdk2_ws/install/unitree_sdk2/include/unitree/robot/go2/vui/vui_client.hpp\n'}
[16.739250] (unitree_sdk2) StdoutLine: {'line': b'-- Installing: /home/jason/projects/unitree_sdk2_ws/install/unitree_sdk2/include/unitree/robot/go2/robot_state\n'}
[16.739306] (unitree_sdk2) StdoutLine: {'line': b'-- Installing: /home/jason/projects/unitree_sdk2_ws/install/unitree_sdk2/include/unitree/robot/go2/robot_state/robot_state_client.hpp\n'}
[16.739383] (unitree_sdk2) StdoutLine: {'line': b'-- Installing: /home/jason/projects/unitree_sdk2_ws/install/unitree_sdk2/include/unitree/robot/go2/robot_state/robot_state_api.hpp\n'}
[16.739528] (unitree_sdk2) StdoutLine: {'line': b'-- Installing: /home/jason/projects/unitree_sdk2_ws/install/unitree_sdk2/include/unitree/robot/go2/robot_state/robot_state_error.hpp\n'}
[16.739648] (unitree_sdk2) StdoutLine: {'line': b'-- Installing: /home/jason/projects/unitree_sdk2_ws/install/unitree_sdk2/include/unitree/robot/b2\n'}
[16.739701] (unitree_sdk2) StdoutLine: {'line': b'-- Installing: /home/jason/projects/unitree_sdk2_ws/install/unitree_sdk2/include/unitree/robot/b2/front_video\n'}
[16.739758] (unitree_sdk2) StdoutLine: {'line': b'-- Installing: /home/jason/projects/unitree_sdk2_ws/install/unitree_sdk2/include/unitree/robot/b2/front_video/front_video_client.hpp\n'}
[16.739903] (unitree_sdk2) StdoutLine: {'line': b'-- Installing: /home/jason/projects/unitree_sdk2_ws/install/unitree_sdk2/include/unitree/robot/b2/front_video/front_video_error.hpp\n'}
[16.740029] (unitree_sdk2) StdoutLine: {'line': b'-- Installing: /home/jason/projects/unitree_sdk2_ws/install/unitree_sdk2/include/unitree/robot/b2/front_video/front_video_api.hpp\n'}
[16.740093] (unitree_go) StdoutLine: {'line': b'-- Symlinking: /home/jason/projects/unitree_sdk2_ws/install/unitree_go/include/unitree_go/unitree_go/msg/uwb_state.hpp\n'}
[16.740150] (unitree_sdk2) StdoutLine: {'line': b'-- Installing: /home/jason/projects/unitree_sdk2_ws/install/unitree_sdk2/include/unitree/robot/b2/sport\n'}
[16.740200] (unitree_sdk2) StdoutLine: {'line': b'-- Installing: /home/jason/projects/unitree_sdk2_ws/install/unitree_sdk2/include/unitree/robot/b2/sport/sport_client.hpp\n'}
[16.740272] (unitree_sdk2) StdoutLine: {'line': b'-- Installing: /home/jason/projects/unitree_sdk2_ws/install/unitree_sdk2/include/unitree/robot/b2/sport/sport_api.hpp\n'}
[16.740458] (unitree_sdk2) StdoutLine: {'line': b'-- Installing: /home/jason/projects/unitree_sdk2_ws/install/unitree_sdk2/include/unitree/robot/b2/sport/sport_error.hpp\n'}
[16.740539] (unitree_sdk2) StdoutLine: {'line': b'-- Installing: /home/jason/projects/unitree_sdk2_ws/install/unitree_sdk2/include/unitree/robot/b2/config\n'}
[16.740598] (unitree_sdk2) StdoutLine: {'line': b'-- Installing: /home/jason/projects/unitree_sdk2_ws/install/unitree_sdk2/include/unitree/robot/b2/config/config_api.hpp\n'}
[16.741393] (unitree_sdk2) StdoutLine: {'line': b'-- Installing: /home/jason/projects/unitree_sdk2_ws/install/unitree_sdk2/include/unitree/robot/b2/config/config_client.hpp\n'}
[16.741559] (unitree_sdk2) StdoutLine: {'line': b'-- Installing: /home/jason/projects/unitree_sdk2_ws/install/unitree_sdk2/include/unitree/robot/b2/config/config_error.hpp\n'}
[16.741788] (unitree_sdk2) StdoutLine: {'line': b'-- Installing: /home/jason/projects/unitree_sdk2_ws/install/unitree_sdk2/include/unitree/robot/b2/back_video\n'}
[16.741823] (unitree_sdk2) StdoutLine: {'line': b'-- Installing: /home/jason/projects/unitree_sdk2_ws/install/unitree_sdk2/include/unitree/robot/b2/back_video/back_video_api.hpp\n'}
[16.741935] (unitree_sdk2) StdoutLine: {'line': b'-- Installing: /home/jason/projects/unitree_sdk2_ws/install/unitree_sdk2/include/unitree/robot/b2/back_video/back_video_error.hpp\n'}
[16.742064] (unitree_sdk2) StdoutLine: {'line': b'-- Installing: /home/jason/projects/unitree_sdk2_ws/install/unitree_sdk2/include/unitree/robot/b2/back_video/back_video_client.hpp\n'}
[16.742331] (unitree_sdk2) StdoutLine: {'line': b'-- Installing: /home/jason/projects/unitree_sdk2_ws/install/unitree_sdk2/include/unitree/robot/b2/motion_switcher\n'}
[16.742362] (unitree_sdk2) StdoutLine: {'line': b'-- Installing: /home/jason/projects/unitree_sdk2_ws/install/unitree_sdk2/include/unitree/robot/b2/motion_switcher/motion_switcher_client.hpp\n'}
[16.742389] (unitree_sdk2) StdoutLine: {'line': b'-- Installing: /home/jason/projects/unitree_sdk2_ws/install/unitree_sdk2/include/unitree/robot/b2/motion_switcher/motion_switcher_error.hpp\n'}
[16.742478] (unitree_sdk2) StdoutLine: {'line': b'-- Installing: /home/jason/projects/unitree_sdk2_ws/install/unitree_sdk2/include/unitree/robot/b2/motion_switcher/motion_switcher_api.hpp\n'}
[16.742659] (unitree_sdk2) StdoutLine: {'line': b'-- Installing: /home/jason/projects/unitree_sdk2_ws/install/unitree_sdk2/include/unitree/robot/b2/robot_state\n'}
[16.742691] (unitree_sdk2) StdoutLine: {'line': b'-- Installing: /home/jason/projects/unitree_sdk2_ws/install/unitree_sdk2/include/unitree/robot/b2/robot_state/robot_state_client.hpp\n'}
[16.742801] (unitree_sdk2) StdoutLine: {'line': b'-- Installing: /home/jason/projects/unitree_sdk2_ws/install/unitree_sdk2/include/unitree/robot/b2/robot_state/robot_state_api.hpp\n'}
[16.742935] (unitree_sdk2) StdoutLine: {'line': b'-- Installing: /home/jason/projects/unitree_sdk2_ws/install/unitree_sdk2/include/unitree/robot/b2/robot_state/robot_state_error.hpp\n'}
[16.743661] (unitree_sdk2) StdoutLine: {'line': b'-- Installing: /home/jason/projects/unitree_sdk2_ws/install/unitree_sdk2/lib/libunitree_sdk2.a\n'}
[16.750501] (unitree_go) StdoutLine: {'line': b'-- Symlinking: /home/jason/projects/unitree_sdk2_ws/install/unitree_go/include/unitree_go/unitree_go/msg/uwb_switch.hpp\n'}
[16.760133] (unitree_go) StdoutLine: {'line': b'-- Symlinking: /home/jason/projects/unitree_sdk2_ws/install/unitree_go/include/unitree_go/unitree_go/msg/wireless_controller.hpp\n'}
[16.766543] (unitree_go) StdoutLine: {'line': b'-- Symlinking: /home/jason/projects/unitree_sdk2_ws/install/unitree_go/include/unitree_go/unitree_go/msg/detail/audio_data__rosidl_typesupport_fastrtps_cpp.hpp\n'}
[16.771691] (unitree_sdk2) StdoutLine: {'line': b'-- Installing: /home/jason/projects/unitree_sdk2_ws/install/unitree_sdk2/lib/cmake/unitree_sdk2/unitree_sdk2Targets.cmake\n'}
[16.771887] (unitree_sdk2) StdoutLine: {'line': b'-- Installing: /home/jason/projects/unitree_sdk2_ws/install/unitree_sdk2/lib/cmake/unitree_sdk2/unitree_sdk2Config.cmake\n'}
[16.771957] (unitree_sdk2) StdoutLine: {'line': b'-- Installing: /home/jason/projects/unitree_sdk2_ws/install/unitree_sdk2/lib/cmake/unitree_sdk2/unitree_sdk2ConfigVersion.cmake\n'}
[16.772466] (unitree_sdk2) StdoutLine: {'line': b'-- Installing: /home/jason/projects/unitree_sdk2_ws/install/unitree_sdk2/lib/libddsc.so\n'}
[16.775816] (unitree_go) StdoutLine: {'line': b'-- Symlinking: /home/jason/projects/unitree_sdk2_ws/install/unitree_go/include/unitree_go/unitree_go/msg/detail/bms_cmd__rosidl_typesupport_fastrtps_cpp.hpp\n'}
[16.782974] (unitree_sdk2) StdoutLine: {'line': b'-- Installing: /home/jason/projects/unitree_sdk2_ws/install/unitree_sdk2/lib/libddsc.so.0\n'}
[16.783113] (unitree_sdk2) StdoutLine: {'line': b'-- Installing: /home/jason/projects/unitree_sdk2_ws/install/unitree_sdk2/lib/libddscxx.so\n'}
[16.784464] (unitree_go) StdoutLine: {'line': b'-- Symlinking: /home/jason/projects/unitree_sdk2_ws/install/unitree_go/include/unitree_go/unitree_go/msg/detail/bms_state__rosidl_typesupport_fastrtps_cpp.hpp\n'}
[16.786116] (unitree_sdk2) StdoutLine: {'line': b'-- Installing: /home/jason/projects/unitree_sdk2_ws/install/unitree_sdk2/lib/libddscxx.so.0\n'}
[16.786270] (unitree_sdk2) StdoutLine: {'line': b'-- Up-to-date: /home/jason/projects/unitree_sdk2_ws/install/unitree_sdk2/include\n'}
[16.786335] (unitree_sdk2) StdoutLine: {'line': b'-- Installing: /home/jason/projects/unitree_sdk2_ws/install/unitree_sdk2/include/dds\n'}
[16.786386] (unitree_sdk2) StdoutLine: {'line': b'-- Installing: /home/jason/projects/unitree_sdk2_ws/install/unitree_sdk2/include/dds/features.h\n'}
[16.786442] (unitree_sdk2) StdoutLine: {'line': b'-- Installing: /home/jason/projects/unitree_sdk2_ws/install/unitree_sdk2/include/dds/dds.h\n'}
[16.786535] (unitree_sdk2) StdoutLine: {'line': b'-- Installing: /home/jason/projects/unitree_sdk2_ws/install/unitree_sdk2/include/dds/ddsc\n'}
[16.786634] (unitree_sdk2) StdoutLine: {'line': b'-- Installing: /home/jason/projects/unitree_sdk2_ws/install/unitree_sdk2/include/dds/ddsc/dds_internal_api.h\n'}
[16.786711] (unitree_sdk2) StdoutLine: {'line': b'-- Installing: /home/jason/projects/unitree_sdk2_ws/install/unitree_sdk2/include/dds/ddsc/dds_public_listener.h\n'}
[16.786776] (unitree_sdk2) StdoutLine: {'line': b'-- Installing: /home/jason/projects/unitree_sdk2_ws/install/unitree_sdk2/include/dds/ddsc/dds_public_alloc.h\n'}
[16.786864] (unitree_sdk2) StdoutLine: {'line': b'-- Installing: /home/jason/projects/unitree_sdk2_ws/install/unitree_sdk2/include/dds/ddsc/dds_basic_types.h\n'}
[16.786911] (unitree_sdk2) StdoutLine: {'line': b'-- Installing: /home/jason/projects/unitree_sdk2_ws/install/unitree_sdk2/include/dds/ddsc/dds_public_error.h\n'}
[16.786980] (unitree_sdk2) StdoutLine: {'line': b'-- Installing: /home/jason/projects/unitree_sdk2_ws/install/unitree_sdk2/include/dds/ddsc/dds_opcodes.h\n'}
[16.787024] (-) TimerEvent: {}
[16.787187] (unitree_sdk2) StdoutLine: {'line': b'-- Installing: /home/jason/projects/unitree_sdk2_ws/install/unitree_sdk2/include/dds/ddsc/dds_rhc.h\n'}
[16.787305] (unitree_sdk2) StdoutLine: {'line': b'-- Installing: /home/jason/projects/unitree_sdk2_ws/install/unitree_sdk2/include/dds/ddsc/dds_public_qosdefs.h\n'}
[16.787429] (unitree_sdk2) StdoutLine: {'line': b'-- Installing: /home/jason/projects/unitree_sdk2_ws/install/unitree_sdk2/include/dds/ddsc/dds_statistics.h\n'}
[16.787500] (unitree_sdk2) StdoutLine: {'line': b'-- Installing: /home/jason/projects/unitree_sdk2_ws/install/unitree_sdk2/include/dds/ddsc/dds_data_allocator.h\n'}
[16.787582] (unitree_sdk2) StdoutLine: {'line': b'-- Installing: /home/jason/projects/unitree_sdk2_ws/install/unitree_sdk2/include/dds/ddsc/dds_public_impl.h\n'}
[16.787642] (unitree_sdk2) StdoutLine: {'line': b'-- Installing: /home/jason/projects/unitree_sdk2_ws/install/unitree_sdk2/include/dds/ddsc/dds_loan_api.h\n'}
[16.787688] (unitree_sdk2) StdoutLine: {'line': b'-- Installing: /home/jason/projects/unitree_sdk2_ws/install/unitree_sdk2/include/dds/ddsc/dds_public_qos.h\n'}
[16.787733] (unitree_sdk2) StdoutLine: {'line': b'-- Installing: /home/jason/projects/unitree_sdk2_ws/install/unitree_sdk2/include/dds/ddsc/dds_public_status.h\n'}
[16.787776] (unitree_sdk2) StdoutLine: {'line': b'-- Installing: /home/jason/projects/unitree_sdk2_ws/install/unitree_sdk2/include/dds/export.h\n'}
[16.787819] (unitree_sdk2) StdoutLine: {'line': b'-- Installing: /home/jason/projects/unitree_sdk2_ws/install/unitree_sdk2/include/dds/ddsrt\n'}
[16.787864] (unitree_sdk2) StdoutLine: {'line': b'-- Installing: /home/jason/projects/unitree_sdk2_ws/install/unitree_sdk2/include/dds/ddsrt/sync\n'}
[16.787906] (unitree_sdk2) StdoutLine: {'line': b'-- Installing: /home/jason/projects/unitree_sdk2_ws/install/unitree_sdk2/include/dds/ddsrt/sync/windows.h\n'}
[16.787949] (unitree_sdk2) StdoutLine: {'line': b'-- Installing: /home/jason/projects/unitree_sdk2_ws/install/unitree_sdk2/include/dds/ddsrt/sync/freertos.h\n'}
[16.788040] (unitree_sdk2) StdoutLine: {'line': b'-- Installing: /home/jason/projects/unitree_sdk2_ws/install/unitree_sdk2/include/dds/ddsrt/sync/posix.h\n'}
[16.788098] (unitree_sdk2) StdoutLine: {'line': b'-- Installing: /home/jason/projects/unitree_sdk2_ws/install/unitree_sdk2/include/dds/ddsrt/threads\n'}
[16.788171] (unitree_sdk2) StdoutLine: {'line': b'-- Installing: /home/jason/projects/unitree_sdk2_ws/install/unitree_sdk2/include/dds/ddsrt/threads/windows.h\n'}
[16.788232] (unitree_sdk2) StdoutLine: {'line': b'-- Installing: /home/jason/projects/unitree_sdk2_ws/install/unitree_sdk2/include/dds/ddsrt/threads/freertos.h\n'}
[16.788276] (unitree_sdk2) StdoutLine: {'line': b'-- Installing: /home/jason/projects/unitree_sdk2_ws/install/unitree_sdk2/include/dds/ddsrt/threads/posix.h\n'}
[16.788326] (unitree_sdk2) StdoutLine: {'line': b'-- Installing: /home/jason/projects/unitree_sdk2_ws/install/unitree_sdk2/include/dds/ddsrt/retcode.h\n'}
[16.788434] (unitree_sdk2) StdoutLine: {'line': b'-- Installing: /home/jason/projects/unitree_sdk2_ws/install/unitree_sdk2/include/dds/ddsrt/sockets.h\n'}
[16.788500] (unitree_sdk2) StdoutLine: {'line': b'-- Installing: /home/jason/projects/unitree_sdk2_ws/install/unitree_sdk2/include/dds/ddsrt/filesystem\n'}
[16.788546] (unitree_sdk2) StdoutLine: {'line': b'-- Installing: /home/jason/projects/unitree_sdk2_ws/install/unitree_sdk2/include/dds/ddsrt/filesystem/windows.h\n'}
[16.788605] (unitree_sdk2) StdoutLine: {'line': b'-- Installing: /home/jason/projects/unitree_sdk2_ws/install/unitree_sdk2/include/dds/ddsrt/filesystem/posix.h\n'}
[16.788649] (unitree_sdk2) StdoutLine: {'line': b'-- Installing: /home/jason/projects/unitree_sdk2_ws/install/unitree_sdk2/include/dds/ddsrt/strtol.h\n'}
[16.788734] (unitree_sdk2) StdoutLine: {'line': b'-- Installing: /home/jason/projects/unitree_sdk2_ws/install/unitree_sdk2/include/dds/ddsrt/types.h\n'}
[16.788780] (unitree_sdk2) StdoutLine: {'line': b'-- Installing: /home/jason/projects/unitree_sdk2_ws/install/unitree_sdk2/include/dds/ddsrt/random.h\n'}
[16.788857] (unitree_sdk2) StdoutLine: {'line': b'-- Installing: /home/jason/projects/unitree_sdk2_ws/install/unitree_sdk2/include/dds/ddsrt/atomics\n'}
[16.788952] (unitree_sdk2) StdoutLine: {'line': b'-- Installing: /home/jason/projects/unitree_sdk2_ws/install/unitree_sdk2/include/dds/ddsrt/atomics/sun.h\n'}
[16.789016] (unitree_sdk2) StdoutLine: {'line': b'-- Installing: /home/jason/projects/unitree_sdk2_ws/install/unitree_sdk2/include/dds/ddsrt/atomics/arm.h\n'}
[16.789104] (unitree_sdk2) StdoutLine: {'line': b'-- Installing: /home/jason/projects/unitree_sdk2_ws/install/unitree_sdk2/include/dds/ddsrt/atomics/gcc.h\n'}
[16.789158] (unitree_sdk2) StdoutLine: {'line': b'-- Installing: /home/jason/projects/unitree_sdk2_ws/install/unitree_sdk2/include/dds/ddsrt/atomics/msvc.h\n'}
[16.789241] (unitree_sdk2) StdoutLine: {'line': b'-- Installing: /home/jason/projects/unitree_sdk2_ws/install/unitree_sdk2/include/dds/ddsrt/sched.h\n'}
[16.789311] (unitree_sdk2) StdoutLine: {'line': b'-- Installing: /home/jason/projects/unitree_sdk2_ws/install/unitree_sdk2/include/dds/ddsrt/misc.h\n'}
[16.789364] (unitree_sdk2) StdoutLine: {'line': b'-- Installing: /home/jason/projects/unitree_sdk2_ws/install/unitree_sdk2/include/dds/ddsrt/threads.h\n'}
[16.789428] (unitree_sdk2) StdoutLine: {'line': b'-- Installing: /home/jason/projects/unitree_sdk2_ws/install/unitree_sdk2/include/dds/ddsrt/atomics.h\n'}
[16.789478] (unitree_sdk2) StdoutLine: {'line': b'-- Installing: /home/jason/projects/unitree_sdk2_ws/install/unitree_sdk2/include/dds/ddsrt/circlist.h\n'}
[16.789567] (unitree_sdk2) StdoutLine: {'line': b'-- Installing: /home/jason/projects/unitree_sdk2_ws/install/unitree_sdk2/include/dds/ddsrt/sockets\n'}
[16.789643] (unitree_sdk2) StdoutLine: {'line': b'-- Installing: /home/jason/projects/unitree_sdk2_ws/install/unitree_sdk2/include/dds/ddsrt/sockets/windows.h\n'}
[16.789703] (unitree_sdk2) StdoutLine: {'line': b'-- Installing: /home/jason/projects/unitree_sdk2_ws/install/unitree_sdk2/include/dds/ddsrt/sockets/posix.h\n'}
[16.789772] (unitree_sdk2) StdoutLine: {'line': b'-- Installing: /home/jason/projects/unitree_sdk2_ws/install/unitree_sdk2/include/dds/ddsrt/filesystem.h\n'}
[16.789844] (unitree_sdk2) StdoutLine: {'line': b'-- Installing: /home/jason/projects/unitree_sdk2_ws/install/unitree_sdk2/include/dds/ddsrt/strtod.h\n'}
[16.789898] (unitree_sdk2) StdoutLine: {'line': b'-- Installing: /home/jason/projects/unitree_sdk2_ws/install/unitree_sdk2/include/dds/ddsrt/string.h\n'}
[16.789946] (unitree_sdk2) StdoutLine: {'line': b'-- Installing: /home/jason/projects/unitree_sdk2_ws/install/unitree_sdk2/include/dds/ddsrt/heap.h\n'}
[16.789994] (unitree_sdk2) StdoutLine: {'line': b'-- Installing: /home/jason/projects/unitree_sdk2_ws/install/unitree_sdk2/include/dds/ddsrt/cdtors.h\n'}
[16.790036] (unitree_sdk2) StdoutLine: {'line': b'-- Installing: /home/jason/projects/unitree_sdk2_ws/install/unitree_sdk2/include/dds/ddsrt/log.h\n'}
[16.790077] (unitree_sdk2) StdoutLine: {'line': b'-- Installing: /home/jason/projects/unitree_sdk2_ws/install/unitree_sdk2/include/dds/ddsrt/expand_vars.h\n'}
[16.790118] (unitree_sdk2) StdoutLine: {'line': b'-- Installing: /home/jason/projects/unitree_sdk2_ws/install/unitree_sdk2/include/dds/ddsrt/dynlib.h\n'}
[16.790159] (unitree_sdk2) StdoutLine: {'line': b'-- Installing: /home/jason/projects/unitree_sdk2_ws/install/unitree_sdk2/include/dds/ddsrt/ifaddrs.h\n'}
[16.790237] (unitree_sdk2) StdoutLine: {'line': b'-- Installing: /home/jason/projects/unitree_sdk2_ws/install/unitree_sdk2/include/dds/ddsrt/avl.h\n'}
[16.790288] (unitree_sdk2) StdoutLine: {'line': b'-- Installing: /home/jason/projects/unitree_sdk2_ws/install/unitree_sdk2/include/dds/ddsrt/sync.h\n'}
[16.790372] (unitree_sdk2) StdoutLine: {'line': b'-- Installing: /home/jason/projects/unitree_sdk2_ws/install/unitree_sdk2/include/dds/ddsrt/netstat.h\n'}
[16.790432] (unitree_sdk2) StdoutLine: {'line': b'-- Installing: /home/jason/projects/unitree_sdk2_ws/install/unitree_sdk2/include/dds/ddsrt/io.h\n'}
[16.790520] (unitree_sdk2) StdoutLine: {'line': b'-- Installing: /home/jason/projects/unitree_sdk2_ws/install/unitree_sdk2/include/dds/ddsrt/mh3.h\n'}
[16.790621] (unitree_sdk2) StdoutLine: {'line': b'-- Installing: /home/jason/projects/unitree_sdk2_ws/install/unitree_sdk2/include/dds/ddsrt/rusage.h\n'}
[16.790685] (unitree_sdk2) StdoutLine: {'line': b'-- Installing: /home/jason/projects/unitree_sdk2_ws/install/unitree_sdk2/include/dds/ddsrt/bswap.h\n'}
[16.790783] (unitree_sdk2) StdoutLine: {'line': b'-- Installing: /home/jason/projects/unitree_sdk2_ws/install/unitree_sdk2/include/dds/ddsrt/align.h\n'}
[16.790844] (unitree_sdk2) StdoutLine: {'line': b'-- Installing: /home/jason/projects/unitree_sdk2_ws/install/unitree_sdk2/include/dds/ddsrt/xmlparser.h\n'}
[16.790913] (unitree_sdk2) StdoutLine: {'line': b'-- Installing: /home/jason/projects/unitree_sdk2_ws/install/unitree_sdk2/include/dds/ddsrt/endian.h\n'}
[16.790960] (unitree_sdk2) StdoutLine: {'line': b'-- Installing: /home/jason/projects/unitree_sdk2_ws/install/unitree_sdk2/include/dds/ddsrt/static_assert.h\n'}
[16.791050] (unitree_sdk2) StdoutLine: {'line': b'-- Installing: /home/jason/projects/unitree_sdk2_ws/install/unitree_sdk2/include/dds/ddsrt/process.h\n'}
[16.791104] (unitree_sdk2) StdoutLine: {'line': b'-- Installing: /home/jason/projects/unitree_sdk2_ws/install/unitree_sdk2/include/dds/ddsrt/arch.h\n'}
[16.791168] (unitree_sdk2) StdoutLine: {'line': b'-- Installing: /home/jason/projects/unitree_sdk2_ws/install/unitree_sdk2/include/dds/ddsrt/iovec.h\n'}
[16.791247] (unitree_sdk2) StdoutLine: {'line': b'-- Installing: /home/jason/projects/unitree_sdk2_ws/install/unitree_sdk2/include/dds/ddsrt/countargs.h\n'}
[16.791298] (unitree_sdk2) StdoutLine: {'line': b'-- Installing: /home/jason/projects/unitree_sdk2_ws/install/unitree_sdk2/include/dds/ddsrt/environ.h\n'}
[16.791406] (unitree_sdk2) StdoutLine: {'line': b'-- Installing: /home/jason/projects/unitree_sdk2_ws/install/unitree_sdk2/include/dds/ddsrt/types\n'}
[16.791475] (unitree_sdk2) StdoutLine: {'line': b'-- Installing: /home/jason/projects/unitree_sdk2_ws/install/unitree_sdk2/include/dds/ddsrt/types/windows.h\n'}
[16.791523] (unitree_sdk2) StdoutLine: {'line': b'-- Installing: /home/jason/projects/unitree_sdk2_ws/install/unitree_sdk2/include/dds/ddsrt/types/vxworks.h\n'}
[16.791598] (unitree_sdk2) StdoutLine: {'line': b'-- Installing: /home/jason/projects/unitree_sdk2_ws/install/unitree_sdk2/include/dds/ddsrt/types/posix.h\n'}
[16.791652] (unitree_sdk2) StdoutLine: {'line': b'-- Installing: /home/jason/projects/unitree_sdk2_ws/install/unitree_sdk2/include/dds/ddsrt/fibheap.h\n'}
[16.791696] (unitree_sdk2) StdoutLine: {'line': b'-- Installing: /home/jason/projects/unitree_sdk2_ws/install/unitree_sdk2/include/dds/ddsrt/attributes.h\n'}
[16.791740] (unitree_sdk2) StdoutLine: {'line': b'-- Installing: /home/jason/projects/unitree_sdk2_ws/install/unitree_sdk2/include/dds/ddsrt/time.h\n'}
[16.791782] (unitree_sdk2) StdoutLine: {'line': b'-- Installing: /home/jason/projects/unitree_sdk2_ws/install/unitree_sdk2/include/dds/ddsrt/md5.h\n'}
[16.791824] (unitree_sdk2) StdoutLine: {'line': b'-- Installing: /home/jason/projects/unitree_sdk2_ws/install/unitree_sdk2/include/dds/ddsrt/hopscotch.h\n'}
[16.791867] (unitree_sdk2) StdoutLine: {'line': b'-- Installing: /home/jason/projects/unitree_sdk2_ws/install/unitree_sdk2/include/dds/ddsrt/time\n'}
[16.791909] (unitree_sdk2) StdoutLine: {'line': b'-- Installing: /home/jason/projects/unitree_sdk2_ws/install/unitree_sdk2/include/dds/ddsrt/time/freertos.h\n'}
[16.791989] (unitree_sdk2) StdoutLine: {'line': b'-- Installing: /home/jason/projects/unitree_sdk2_ws/install/unitree_sdk2/include/dds/config.h\n'}
[16.792066] (unitree_sdk2) StdoutLine: {'line': b'-- Installing: /home/jason/projects/unitree_sdk2_ws/install/unitree_sdk2/include/dds/version.h\n'}
[16.792138] (unitree_sdk2) StdoutLine: {'line': b'-- Installing: /home/jason/projects/unitree_sdk2_ws/install/unitree_sdk2/include/dds/ddsi\n'}
[16.792207] (unitree_sdk2) StdoutLine: {'line': b'-- Installing: /home/jason/projects/unitree_sdk2_ws/install/unitree_sdk2/include/dds/ddsi/q_lease.h\n'}
[16.792252] (unitree_sdk2) StdoutLine: {'line': b'-- Installing: /home/jason/projects/unitree_sdk2_ws/install/unitree_sdk2/include/dds/ddsi/q_bitset.h\n'}
[16.792321] (unitree_sdk2) StdoutLine: {'line': b'-- Installing: /home/jason/projects/unitree_sdk2_ws/install/unitree_sdk2/include/dds/ddsi/q_log.h\n'}
[16.792373] (unitree_sdk2) StdoutLine: {'line': b'-- Installing: /home/jason/projects/unitree_sdk2_ws/install/unitree_sdk2/include/dds/ddsi/q_ddsi_discovery.h\n'}
[16.792438] (unitree_sdk2) StdoutLine: {'line': b'-- Installing: /home/jason/projects/unitree_sdk2_ws/install/unitree_sdk2/include/dds/ddsi/ddsi_serdata_plist.h\n'}
[16.792510] (unitree_sdk2) StdoutLine: {'line': b'-- Installing: /home/jason/projects/unitree_sdk2_ws/install/unitree_sdk2/include/dds/ddsi/ddsi_participant.h\n'}
[16.792585] (unitree_sdk2) StdoutLine: {'line': b'-- Installing: /home/jason/projects/unitree_sdk2_ws/install/unitree_sdk2/include/dds/ddsi/q_inverse_uint32_set.h\n'}
[16.792655] (unitree_sdk2) StdoutLine: {'line': b'-- Installing: /home/jason/projects/unitree_sdk2_ws/install/unitree_sdk2/include/dds/ddsi/q_unused.h\n'}
[16.792705] (unitree_sdk2) StdoutLine: {'line': b'-- Installing: /home/jason/projects/unitree_sdk2_ws/install/unitree_sdk2/include/dds/ddsi/ddsi_wraddrset.h\n'}
[16.792762] (unitree_sdk2) StdoutLine: {'line': b'-- Installing: /home/jason/projects/unitree_sdk2_ws/install/unitree_sdk2/include/dds/ddsi/q_pcap.h\n'}
[16.792808] (unitree_sdk2) StdoutLine: {'line': b'-- Installing: /home/jason/projects/unitree_sdk2_ws/install/unitree_sdk2/include/dds/ddsi/q_radmin.h\n'}
[16.792882] (unitree_sdk2) StdoutLine: {'line': b'-- Installing: /home/jason/projects/unitree_sdk2_ws/install/unitree_sdk2/include/dds/ddsi/ddsi_threadmon.h\n'}
[16.792945] (unitree_sdk2) StdoutLine: {'line': b'-- Installing: /home/jason/projects/unitree_sdk2_ws/install/unitree_sdk2/include/dds/ddsi/ddsi_xt_typeinfo.h\n'}
[16.792991] (unitree_sdk2) StdoutLine: {'line': b'-- Installing: /home/jason/projects/unitree_sdk2_ws/install/unitree_sdk2/include/dds/ddsi/ddsi_plist.h\n'}
[16.793128] (unitree_go) StdoutLine: {'line': b'-- Symlinking: /home/jason/projects/unitree_sdk2_ws/install/unitree_go/include/unitree_go/unitree_go/msg/detail/error__rosidl_typesupport_fastrtps_cpp.hpp\n'}
[16.793190] (unitree_sdk2) StdoutLine: {'line': b'-- Installing: /home/jason/projects/unitree_sdk2_ws/install/unitree_sdk2/include/dds/ddsi/ddsi_time.h\n'}
[16.793262] (unitree_sdk2) StdoutLine: {'line': b'-- Installing: /home/jason/projects/unitree_sdk2_ws/install/unitree_sdk2/include/dds/ddsi/ddsi_acknack.h\n'}
[16.793314] (unitree_sdk2) StdoutLine: {'line': b'-- Installing: /home/jason/projects/unitree_sdk2_ws/install/unitree_sdk2/include/dds/ddsi/ddsi_typebuilder.h\n'}
[16.793387] (unitree_sdk2) StdoutLine: {'line': b'-- Installing: /home/jason/projects/unitree_sdk2_ws/install/unitree_sdk2/include/dds/ddsi/q_transmit.h\n'}
[16.793466] (unitree_sdk2) StdoutLine: {'line': b'-- Installing: /home/jason/projects/unitree_sdk2_ws/install/unitree_sdk2/include/dds/ddsi/ddsi_proxy_endpoint.h\n'}
[16.793535] (unitree_sdk2) StdoutLine: {'line': b'-- Installing: /home/jason/projects/unitree_sdk2_ws/install/unitree_sdk2/include/dds/ddsi/ddsi_tkmap.h\n'}
[16.793610] (unitree_sdk2) StdoutLine: {'line': b'-- Installing: /home/jason/projects/unitree_sdk2_ws/install/unitree_sdk2/include/dds/ddsi/q_debmon.h\n'}
[16.793686] (unitree_sdk2) StdoutLine: {'line': b'-- Installing: /home/jason/projects/unitree_sdk2_ws/install/unitree_sdk2/include/dds/ddsi/ddsi_serdata_pserop.h\n'}
[16.793763] (unitree_sdk2) StdoutLine: {'line': b'-- Installing: /home/jason/projects/unitree_sdk2_ws/install/unitree_sdk2/include/dds/ddsi/q_gc.h\n'}
[16.793838] (unitree_sdk2) StdoutLine: {'line': b'-- Installing: /home/jason/projects/unitree_sdk2_ws/install/unitree_sdk2/include/dds/ddsi/ddsi_tran.h\n'}
[16.793984] (unitree_sdk2) StdoutLine: {'line': b'-- Installing: /home/jason/projects/unitree_sdk2_ws/install/unitree_sdk2/include/dds/ddsi/ddsi_plist_generic.h\n'}
[16.794063] (unitree_sdk2) StdoutLine: {'line': b'-- Installing: /home/jason/projects/unitree_sdk2_ws/install/unitree_sdk2/include/dds/ddsi/q_receive.h\n'}
[16.794143] (unitree_sdk2) StdoutLine: {'line': b'-- Installing: /home/jason/projects/unitree_sdk2_ws/install/unitree_sdk2/include/dds/ddsi/ddsi_typelookup.h\n'}
[16.794224] (unitree_sdk2) StdoutLine: {'line': b'-- Installing: /home/jason/projects/unitree_sdk2_ws/install/unitree_sdk2/include/dds/ddsi/q_bswap.h\n'}
[16.794304] (unitree_sdk2) StdoutLine: {'line': b'-- Installing: /home/jason/projects/unitree_sdk2_ws/install/unitree_sdk2/include/dds/ddsi/ddsi_lifespan.h\n'}
[16.794385] (unitree_sdk2) StdoutLine: {'line': b'-- Installing: /home/jason/projects/unitree_sdk2_ws/install/unitree_sdk2/include/dds/ddsi/q_freelist.h\n'}
[16.794466] (unitree_sdk2) StdoutLine: {'line': b'-- Installing: /home/jason/projects/unitree_sdk2_ws/install/unitree_sdk2/include/dds/ddsi/q_init.h\n'}
[16.794547] (unitree_sdk2) StdoutLine: {'line': b'-- Installing: /home/jason/projects/unitree_sdk2_ws/install/unitree_sdk2/include/dds/ddsi/q_xmsg.h\n'}
[16.794631] (unitree_sdk2) StdoutLine: {'line': b'-- Installing: /home/jason/projects/unitree_sdk2_ws/install/unitree_sdk2/include/dds/ddsi/q_misc.h\n'}
[16.794713] (unitree_sdk2) StdoutLine: {'line': b'-- Installing: /home/jason/projects/unitree_sdk2_ws/install/unitree_sdk2/include/dds/ddsi/ddsi_guid.h\n'}
[16.794782] (unitree_sdk2) StdoutLine: {'line': b'-- Installing: /home/jason/projects/unitree_sdk2_ws/install/unitree_sdk2/include/dds/ddsi/ddsi_entity_match.h\n'}
[16.794864] (unitree_sdk2) StdoutLine: {'line': b'-- Installing: /home/jason/projects/unitree_sdk2_ws/install/unitree_sdk2/include/dds/ddsi/ddsi_rhc.h\n'}
[16.794941] (unitree_sdk2) StdoutLine: {'line': b'-- Installing: /home/jason/projects/unitree_sdk2_ws/install/unitree_sdk2/include/dds/ddsi/ddsi_list_tmpl.h\n'}
[16.795012] (unitree_sdk2) StdoutLine: {'line': b'-- Installing: /home/jason/projects/unitree_sdk2_ws/install/unitree_sdk2/include/dds/ddsi/ddsi_topic.h\n'}
[16.795084] (unitree_sdk2) StdoutLine: {'line': b'-- Installing: /home/jason/projects/unitree_sdk2_ws/install/unitree_sdk2/include/dds/ddsi/ddsi_tcp.h\n'}
[16.795158] (unitree_sdk2) StdoutLine: {'line': b'-- Installing: /home/jason/projects/unitree_sdk2_ws/install/unitree_sdk2/include/dds/ddsi/ddsi_typelib.h\n'}
[16.795235] (unitree_sdk2) StdoutLine: {'line': b'-- Installing: /home/jason/projects/unitree_sdk2_ws/install/unitree_sdk2/include/dds/ddsi/ddsi_xt_typemap.h\n'}
[16.795286] (unitree_sdk2) StdoutLine: {'line': b'-- Installing: /home/jason/projects/unitree_sdk2_ws/install/unitree_sdk2/include/dds/ddsi/ddsi_pmd.h\n'}
[16.795367] (unitree_sdk2) StdoutLine: {'line': b'-- Installing: /home/jason/projects/unitree_sdk2_ws/install/unitree_sdk2/include/dds/ddsi/ddsi_vendor.h\n'}
[16.795420] (unitree_sdk2) StdoutLine: {'line': b'-- Installing: /home/jason/projects/unitree_sdk2_ws/install/unitree_sdk2/include/dds/ddsi/ddsi_sertopic.h\n'}
[16.795491] (unitree_sdk2) StdoutLine: {'line': b'-- Installing: /home/jason/projects/unitree_sdk2_ws/install/unitree_sdk2/include/dds/ddsi/ddsi_raweth.h\n'}
[16.795563] (unitree_sdk2) StdoutLine: {'line': b'-- Installing: /home/jason/projects/unitree_sdk2_ws/install/unitree_sdk2/include/dds/ddsi/q_rtps.h\n'}
[16.795713] (unitree_sdk2) StdoutLine: {'line': b'-- Installing: /home/jason/projects/unitree_sdk2_ws/install/unitree_sdk2/include/dds/ddsi/ddsi_security_util.h\n'}
[16.795787] (unitree_sdk2) StdoutLine: {'line': b'-- Installing: /home/jason/projects/unitree_sdk2_ws/install/unitree_sdk2/include/dds/ddsi/ddsi_xt_typemap.idl\n'}
[16.795860] (unitree_sdk2) StdoutLine: {'line': b'-- Installing: /home/jason/projects/unitree_sdk2_ws/install/unitree_sdk2/include/dds/ddsi/ddsi_shm_transport.h\n'}
[16.795943] (unitree_sdk2) StdoutLine: {'line': b'-- Installing: /home/jason/projects/unitree_sdk2_ws/install/unitree_sdk2/include/dds/ddsi/ddsi_security_exchange.h\n'}
[16.796030] (unitree_sdk2) StdoutLine: {'line': b'-- Installing: /home/jason/projects/unitree_sdk2_ws/install/unitree_sdk2/include/dds/ddsi/q_sockwaitset.h\n'}
[16.796104] (unitree_sdk2) StdoutLine: {'line': b'-- Installing: /home/jason/projects/unitree_sdk2_ws/install/unitree_sdk2/include/dds/ddsi/ddsi_xt_typeinfo.idl\n'}
[16.796333] (unitree_sdk2) StdoutLine: {'line': b'-- Installing: /home/jason/projects/unitree_sdk2_ws/install/unitree_sdk2/include/dds/ddsi/q_whc.h\n'}
[16.796458] (unitree_sdk2) StdoutLine: {'line': b'-- Installing: /home/jason/projects/unitree_sdk2_ws/install/unitree_sdk2/include/dds/ddsi/q_qosmatch.h\n'}
[16.796538] (unitree_sdk2) StdoutLine: {'line': b'-- Installing: /home/jason/projects/unitree_sdk2_ws/install/unitree_sdk2/include/dds/ddsi/q_protocol.h\n'}
[16.796609] (unitree_sdk2) StdoutLine: {'line': b'-- Installing: /home/jason/projects/unitree_sdk2_ws/install/unitree_sdk2/include/dds/ddsi/q_hbcontrol.h\n'}
[16.796685] (unitree_sdk2) StdoutLine: {'line': b'-- Installing: /home/jason/projects/unitree_sdk2_ws/install/unitree_sdk2/include/dds/ddsi/ddsi_xt_impl.h\n'}
[16.796780] (unitree_sdk2) StdoutLine: {'line': b'-- Installing: /home/jason/projects/unitree_sdk2_ws/install/unitree_sdk2/include/dds/ddsi/ddsi_domaingv.h\n'}
[16.796919] (unitree_sdk2) StdoutLine: {'line': b'-- Installing: /home/jason/projects/unitree_sdk2_ws/install/unitree_sdk2/include/dds/ddsi/q_lat_estim.h\n'}
[16.796999] (unitree_sdk2) StdoutLine: {'line': b'-- Installing: /home/jason/projects/unitree_sdk2_ws/install/unitree_sdk2/include/dds/ddsi/ddsi_vnet.h\n'}
[16.797078] (unitree_sdk2) StdoutLine: {'line': b'-- Installing: /home/jason/projects/unitree_sdk2_ws/install/unitree_sdk2/include/dds/ddsi/q_feature_check.h\n'}
[16.797152] (unitree_sdk2) StdoutLine: {'line': b'-- Installing: /home/jason/projects/unitree_sdk2_ws/install/unitree_sdk2/include/dds/ddsi/ddsi_serdata.h\n'}
[16.797205] (unitree_sdk2) StdoutLine: {'line': b'-- Installing: /home/jason/projects/unitree_sdk2_ws/install/unitree_sdk2/include/dds/ddsi/ddsi_proxy_participant.h\n'}
[16.797284] (unitree_sdk2) StdoutLine: {'line': b'-- Installing: /home/jason/projects/unitree_sdk2_ws/install/unitree_sdk2/include/dds/ddsi/ddsi_entity.h\n'}
[16.797369] (unitree_sdk2) StdoutLine: {'line': b'-- Installing: /home/jason/projects/unitree_sdk2_ws/install/unitree_sdk2/include/dds/ddsi/ddsi_sertype.h\n'}
[16.797447] (unitree_sdk2) StdoutLine: {'line': b'-- Installing: /home/jason/projects/unitree_sdk2_ws/install/unitree_sdk2/include/dds/ddsi/ddsi_cfgunits.h\n'}
[16.797520] (unitree_sdk2) StdoutLine: {'line': b'-- Installing: /home/jason/projects/unitree_sdk2_ws/install/unitree_sdk2/include/dds/ddsi/ddsi_cdrstream.h\n'}
[16.797593] (unitree_sdk2) StdoutLine: {'line': b'-- Installing: /home/jason/projects/unitree_sdk2_ws/install/unitree_sdk2/include/dds/ddsi/ddsi_config_impl.h\n'}
[16.797674] (unitree_sdk2) StdoutLine: {'line': b'-- Installing: /home/jason/projects/unitree_sdk2_ws/install/unitree_sdk2/include/dds/ddsi/ddsi_deadline.h\n'}
[16.797751] (unitree_sdk2) StdoutLine: {'line': b'-- Installing: /home/jason/projects/unitree_sdk2_ws/install/unitree_sdk2/include/dds/ddsi/ddsi_ownip.h\n'}
[16.797820] (unitree_sdk2) StdoutLine: {'line': b'-- Installing: /home/jason/projects/unitree_sdk2_ws/install/unitree_sdk2/include/dds/ddsi/ddsi_serdata_default.h\n'}
[16.797924] (unitree_sdk2) StdoutLine: {'line': b'-- Installing: /home/jason/projects/unitree_sdk2_ws/install/unitree_sdk2/include/dds/ddsi/ddsi_udp.h\n'}
[16.798004] (unitree_sdk2) StdoutLine: {'line': b'-- Installing: /home/jason/projects/unitree_sdk2_ws/install/unitree_sdk2/include/dds/ddsi/ddsi_portmapping.h\n'}
[16.798075] (unitree_sdk2) StdoutLine: {'line': b'-- Installing: /home/jason/projects/unitree_sdk2_ws/install/unitree_sdk2/include/dds/ddsi/ddsi_keyhash.h\n'}
[16.798124] (unitree_sdk2) StdoutLine: {'line': b'-- Installing: /home/jason/projects/unitree_sdk2_ws/install/unitree_sdk2/include/dds/ddsi/ddsi_ipaddr.h\n'}
[16.798193] (unitree_sdk2) StdoutLine: {'line': b'-- Installing: /home/jason/projects/unitree_sdk2_ws/install/unitree_sdk2/include/dds/ddsi/ddsi_mcgroup.h\n'}
[16.798268] (unitree_sdk2) StdoutLine: {'line': b'-- Installing: /home/jason/projects/unitree_sdk2_ws/install/unitree_sdk2/include/dds/ddsi/ddsi_typewrap.h\n'}
[16.798345] (unitree_sdk2) StdoutLine: {'line': b'-- Installing: /home/jason/projects/unitree_sdk2_ws/install/unitree_sdk2/include/dds/ddsi/ddsi_xqos.h\n'}
[16.798398] (unitree_sdk2) StdoutLine: {'line': b'-- Installing: /home/jason/projects/unitree_sdk2_ws/install/unitree_sdk2/include/dds/ddsi/q_xevent.h\n'}
[16.798475] (unitree_sdk2) StdoutLine: {'line': b'-- Installing: /home/jason/projects/unitree_sdk2_ws/install/unitree_sdk2/include/dds/ddsi/ddsi_security_msg.h\n'}
[16.798549] (unitree_sdk2) StdoutLine: {'line': b'-- Installing: /home/jason/projects/unitree_sdk2_ws/install/unitree_sdk2/include/dds/ddsi/ddsi_xt_typelookup.idl\n'}
[16.798616] (unitree_sdk2) StdoutLine: {'line': b'-- Installing: /home/jason/projects/unitree_sdk2_ws/install/unitree_sdk2/include/dds/ddsi/ddsi_iid.h\n'}
[16.798691] (unitree_sdk2) StdoutLine: {'line': b'-- Installing: /home/jason/projects/unitree_sdk2_ws/install/unitree_sdk2/include/dds/ddsi/ddsi_config.h\n'}
[16.798757] (unitree_sdk2) StdoutLine: {'line': b'-- Installing: /home/jason/projects/unitree_sdk2_ws/install/unitree_sdk2/include/dds/ddsi/ddsi_statistics.h\n'}
[16.798818] (unitree_sdk2) StdoutLine: {'line': b'-- Installing: /home/jason/projects/unitree_sdk2_ws/install/unitree_sdk2/include/dds/ddsi/ddsi_cfgelems.h\n'}
[16.799289] (unitree_sdk2) StdoutLine: {'line': b'-- Installing: /home/jason/projects/unitree_sdk2_ws/install/unitree_sdk2/include/dds/ddsi/ddsi_locator.h\n'}
[16.799352] (unitree_sdk2) StdoutLine: {'line': b'-- Installing: /home/jason/projects/unitree_sdk2_ws/install/unitree_sdk2/include/dds/ddsi/ddsi_deliver_locally.h\n'}
[16.799426] (unitree_sdk2) StdoutLine: {'line': b'-- Installing: /home/jason/projects/unitree_sdk2_ws/install/unitree_sdk2/include/dds/ddsi/ddsi_builtin_topic_if.h\n'}
[16.799514] (unitree_sdk2) StdoutLine: {'line': b'-- Installing: /home/jason/projects/unitree_sdk2_ws/install/unitree_sdk2/include/dds/ddsi/q_addrset.h\n'}
[16.799626] (unitree_sdk2) StdoutLine: {'line': b'-- Installing: /home/jason/projects/unitree_sdk2_ws/install/unitree_sdk2/include/dds/ddsi/ddsi_security_omg.h\n'}
[16.799916] (unitree_sdk2) StdoutLine: {'line': b'-- Installing: /home/jason/projects/unitree_sdk2_ws/install/unitree_sdk2/include/dds/ddsi/q_thread.h\n'}
[16.800134] (unitree_sdk2) StdoutLine: {'line': b'-- Installing: /home/jason/projects/unitree_sdk2_ws/install/unitree_sdk2/include/dds/ddsi/ddsi_endpoint.h\n'}
[16.800328] (unitree_sdk2) StdoutLine: {'line': b'-- Installing: /home/jason/projects/unitree_sdk2_ws/install/unitree_sdk2/include/dds/ddsi/ddsi_xt_typelookup.h\n'}
[16.800453] (unitree_sdk2) StdoutLine: {'line': b'-- Installing: /home/jason/projects/unitree_sdk2_ws/install/unitree_sdk2/include/dds/ddsi/ddsi_ssl.h\n'}
[16.800536] (unitree_sdk2) StdoutLine: {'line': b'-- Installing: /home/jason/projects/unitree_sdk2_ws/install/unitree_sdk2/include/dds/ddsi/ddsi_entity_index.h\n'}
[16.800650] (unitree_sdk2) StdoutLine: {'line': b'-- Installing: /home/jason/projects/unitree_sdk2_ws/install/unitree_sdk2/include/dds/ddsi/ddsi_handshake.h\n'}
[16.800762] (unitree_sdk2) StdoutLine: {'line': b'-- Installing: /home/jason/projects/unitree_sdk2_ws/install/unitree_sdk2/include/dds/ddsi/sysdeps.h\n'}
[16.800850] (unitree_sdk2) StdoutLine: {'line': b'-- Installing: /home/jason/projects/unitree_sdk2_ws/install/unitree_sdk2/include/dds/ddsi/ddsi_list_genptr.h\n'}
[16.800937] (unitree_sdk2) StdoutLine: {'line': b'-- Installing: /home/jason/projects/unitree_sdk2_ws/install/unitree_sdk2/include/ddsc\n'}
[16.801002] (unitree_sdk2) StdoutLine: {'line': b'-- Installing: /home/jason/projects/unitree_sdk2_ws/install/unitree_sdk2/include/ddsc/dds.h\n'}
[16.801076] (unitree_sdk2) StdoutLine: {'line': b'-- Installing: /home/jason/projects/unitree_sdk2_ws/install/unitree_sdk2/include/ddscxx\n'}
[16.801142] (unitree_sdk2) StdoutLine: {'line': b'-- Installing: /home/jason/projects/unitree_sdk2_ws/install/unitree_sdk2/include/ddscxx/org\n'}
[16.801186] (unitree_sdk2) StdoutLine: {'line': b'-- Installing: /home/jason/projects/unitree_sdk2_ws/install/unitree_sdk2/include/ddscxx/org/eclipse\n'}
[16.801262] (unitree_sdk2) StdoutLine: {'line': b'-- Installing: /home/jason/projects/unitree_sdk2_ws/install/unitree_sdk2/include/ddscxx/org/eclipse/cyclonedds\n'}
[16.801355] (unitree_sdk2) StdoutLine: {'line': b'-- Installing: /home/jason/projects/unitree_sdk2_ws/install/unitree_sdk2/include/ddscxx/org/eclipse/cyclonedds/ForwardDeclarations.hpp\n'}
[16.801425] (unitree_sdk2) StdoutLine: {'line': b'-- Installing: /home/jason/projects/unitree_sdk2_ws/install/unitree_sdk2/include/ddscxx/org/eclipse/cyclonedds/domain\n'}
[16.801519] (unitree_sdk2) StdoutLine: {'line': b'-- Installing: /home/jason/projects/unitree_sdk2_ws/install/unitree_sdk2/include/ddscxx/org/eclipse/cyclonedds/domain/DomainParticipantRegistry.hpp\n'}
[16.801598] (unitree_sdk2) StdoutLine: {'line': b'-- Installing: /home/jason/projects/unitree_sdk2_ws/install/unitree_sdk2/include/ddscxx/org/eclipse/cyclonedds/domain/qos\n'}
[16.801649] (unitree_sdk2) StdoutLine: {'line': b'-- Installing: /home/jason/projects/unitree_sdk2_ws/install/unitree_sdk2/include/ddscxx/org/eclipse/cyclonedds/domain/qos/DomainParticipantQosDelegate.hpp\n'}
[16.801705] (unitree_sdk2) StdoutLine: {'line': b'-- Installing: /home/jason/projects/unitree_sdk2_ws/install/unitree_sdk2/include/ddscxx/org/eclipse/cyclonedds/domain/DomainParticipantDelegate.hpp\n'}
[16.801747] (unitree_sdk2) StdoutLine: {'line': b'-- Installing: /home/jason/projects/unitree_sdk2_ws/install/unitree_sdk2/include/ddscxx/org/eclipse/cyclonedds/domain/DomainParticipantListener.hpp\n'}
[16.801786] (unitree_sdk2) StdoutLine: {'line': b'-- Installing: /home/jason/projects/unitree_sdk2_ws/install/unitree_sdk2/include/ddscxx/org/eclipse/cyclonedds/domain/Domain.hpp\n'}
[16.801824] (unitree_sdk2) StdoutLine: {'line': b'-- Installing: /home/jason/projects/unitree_sdk2_ws/install/unitree_sdk2/include/ddscxx/org/eclipse/cyclonedds/domain/DomainWrap.hpp\n'}
[16.801861] (unitree_sdk2) StdoutLine: {'line': b'-- Installing: /home/jason/projects/unitree_sdk2_ws/install/unitree_sdk2/include/ddscxx/org/eclipse/cyclonedds/topic\n'}
[16.801899] (unitree_sdk2) StdoutLine: {'line': b'-- Installing: /home/jason/projects/unitree_sdk2_ws/install/unitree_sdk2/include/ddscxx/org/eclipse/cyclonedds/topic/BuiltinTopicTraits.hpp\n'}
[16.801939] (unitree_sdk2) StdoutLine: {'line': b'-- Installing: /home/jason/projects/unitree_sdk2_ws/install/unitree_sdk2/include/ddscxx/org/eclipse/cyclonedds/topic/TopicDescriptionDelegate.hpp\n'}
[16.802017] (unitree_sdk2) StdoutLine: {'line': b'-- Installing: /home/jason/projects/unitree_sdk2_ws/install/unitree_sdk2/include/ddscxx/org/eclipse/cyclonedds/topic/find.hpp\n'}
[16.802117] (unitree_sdk2) StdoutLine: {'line': b'-- Installing: /home/jason/projects/unitree_sdk2_ws/install/unitree_sdk2/include/ddscxx/org/eclipse/cyclonedds/topic/datatopic.hpp\n'}
[16.802202] (unitree_sdk2) StdoutLine: {'line': b'-- Installing: /home/jason/projects/unitree_sdk2_ws/install/unitree_sdk2/include/ddscxx/org/eclipse/cyclonedds/topic/qos\n'}
[16.802323] (unitree_sdk2) StdoutLine: {'line': b'-- Installing: /home/jason/projects/unitree_sdk2_ws/install/unitree_sdk2/include/ddscxx/org/eclipse/cyclonedds/topic/qos/TopicQosDelegate.hpp\n'}
[16.802367] (unitree_sdk2) StdoutLine: {'line': b'-- Installing: /home/jason/projects/unitree_sdk2_ws/install/unitree_sdk2/include/ddscxx/org/eclipse/cyclonedds/topic/TopicListener.hpp\n'}
[16.802411] (unitree_sdk2) StdoutLine: {'line': b'-- Installing: /home/jason/projects/unitree_sdk2_ws/install/unitree_sdk2/include/ddscxx/org/eclipse/cyclonedds/topic/AnyTopicListener.hpp\n'}
[16.802454] (unitree_sdk2) StdoutLine: {'line': b'-- Installing: /home/jason/projects/unitree_sdk2_ws/install/unitree_sdk2/include/ddscxx/org/eclipse/cyclonedds/topic/BuiltinTopicDelegate.hpp\n'}
[16.802492] (unitree_sdk2) StdoutLine: {'line': b'-- Installing: /home/jason/projects/unitree_sdk2_ws/install/unitree_sdk2/include/ddscxx/org/eclipse/cyclonedds/topic/TBuiltinTopic.hpp\n'}
[16.802528] (unitree_sdk2) StdoutLine: {'line': b'-- Installing: /home/jason/projects/unitree_sdk2_ws/install/unitree_sdk2/include/ddscxx/org/eclipse/cyclonedds/topic/BuiltinTopic.hpp\n'}
[16.802564] (unitree_sdk2) StdoutLine: {'line': b'-- Installing: /home/jason/projects/unitree_sdk2_ws/install/unitree_sdk2/include/ddscxx/org/eclipse/cyclonedds/topic/discovery.hpp\n'}
[16.802599] (unitree_sdk2) StdoutLine: {'line': b'-- Installing: /home/jason/projects/unitree_sdk2_ws/install/unitree_sdk2/include/ddscxx/org/eclipse/cyclonedds/topic/AnyTopicDelegate.hpp\n'}
[16.802634] (unitree_sdk2) StdoutLine: {'line': b'-- Installing: /home/jason/projects/unitree_sdk2_ws/install/unitree_sdk2/include/ddscxx/org/eclipse/cyclonedds/topic/BuiltinTopicKeyDelegate.hpp\n'}
[16.802671] (unitree_sdk2) StdoutLine: {'line': b'-- Installing: /home/jason/projects/unitree_sdk2_ws/install/unitree_sdk2/include/ddscxx/org/eclipse/cyclonedds/topic/CDRBlob.hpp\n'}
[16.802707] (unitree_sdk2) StdoutLine: {'line': b'-- Installing: /home/jason/projects/unitree_sdk2_ws/install/unitree_sdk2/include/ddscxx/org/eclipse/cyclonedds/topic/TopicTraits.hpp\n'}
[16.802743] (unitree_sdk2) StdoutLine: {'line': b'-- Installing: /home/jason/projects/unitree_sdk2_ws/install/unitree_sdk2/include/ddscxx/org/eclipse/cyclonedds/topic/hash.hpp\n'}
[16.802780] (unitree_sdk2) StdoutLine: {'line': b'-- Installing: /home/jason/projects/unitree_sdk2_ws/install/unitree_sdk2/include/ddscxx/org/eclipse/cyclonedds/topic/FilterDelegate.hpp\n'}
[16.802815] (unitree_go) StdoutLine: {'line': b'-- Symlinking: /home/jason/projects/unitree_sdk2_ws/install/unitree_go/include/unitree_go/unitree_go/msg/detail/go2_front_video_data__rosidl_typesupport_fastrtps_cpp.hpp\n'}
[16.802914] (unitree_sdk2) StdoutLine: {'line': b'-- Installing: /home/jason/projects/unitree_sdk2_ws/install/unitree_sdk2/include/ddscxx/org/eclipse/cyclonedds/topic/BuiltinTopicCopy.hpp\n'}
[16.802986] (unitree_sdk2) StdoutLine: {'line': b'-- Installing: /home/jason/projects/unitree_sdk2_ws/install/unitree_sdk2/include/ddscxx/org/eclipse/cyclonedds/pub\n'}
[16.803065] (unitree_sdk2) StdoutLine: {'line': b'-- Installing: /home/jason/projects/unitree_sdk2_ws/install/unitree_sdk2/include/ddscxx/org/eclipse/cyclonedds/pub/AnyDataWriterDelegate.hpp\n'}
[16.803151] (unitree_sdk2) StdoutLine: {'line': b'-- Installing: /home/jason/projects/unitree_sdk2_ws/install/unitree_sdk2/include/ddscxx/org/eclipse/cyclonedds/pub/SuspendedPublicationDelegate.hpp\n'}
[16.803252] (unitree_sdk2) StdoutLine: {'line': b'-- Installing: /home/jason/projects/unitree_sdk2_ws/install/unitree_sdk2/include/ddscxx/org/eclipse/cyclonedds/pub/qos\n'}
[16.803307] (unitree_sdk2) StdoutLine: {'line': b'-- Installing: /home/jason/projects/unitree_sdk2_ws/install/unitree_sdk2/include/ddscxx/org/eclipse/cyclonedds/pub/qos/DataWriterQosDelegate.hpp\n'}
[16.803346] (unitree_sdk2) StdoutLine: {'line': b'-- Installing: /home/jason/projects/unitree_sdk2_ws/install/unitree_sdk2/include/ddscxx/org/eclipse/cyclonedds/pub/qos/PublisherQosDelegate.hpp\n'}
[16.803427] (unitree_sdk2) StdoutLine: {'line': b'-- Installing: /home/jason/projects/unitree_sdk2_ws/install/unitree_sdk2/include/ddscxx/org/eclipse/cyclonedds/pub/CoherentSetDelegate.hpp\n'}
[16.803465] (unitree_sdk2) StdoutLine: {'line': b'-- Installing: /home/jason/projects/unitree_sdk2_ws/install/unitree_sdk2/include/ddscxx/org/eclipse/cyclonedds/pub/PublisherDelegate.hpp\n'}
[16.803506] (unitree_sdk2) StdoutLine: {'line': b'-- Installing: /home/jason/projects/unitree_sdk2_ws/install/unitree_sdk2/include/ddscxx/org/eclipse/cyclonedds/core\n'}
[16.803589] (unitree_sdk2) StdoutLine: {'line': b'-- Installing: /home/jason/projects/unitree_sdk2_ws/install/unitree_sdk2/include/ddscxx/org/eclipse/cyclonedds/core/WeakReferenceSet.hpp\n'}
[16.803651] (unitree_sdk2) StdoutLine: {'line': b'-- Installing: /home/jason/projects/unitree_sdk2_ws/install/unitree_sdk2/include/ddscxx/org/eclipse/cyclonedds/core/MiscUtils.hpp\n'}
[16.803720] (unitree_sdk2) StdoutLine: {'line': b'-- Installing: /home/jason/projects/unitree_sdk2_ws/install/unitree_sdk2/include/ddscxx/org/eclipse/cyclonedds/core/config.hpp\n'}
[16.803755] (unitree_sdk2) StdoutLine: {'line': b'-- Installing: /home/jason/projects/unitree_sdk2_ws/install/unitree_sdk2/include/ddscxx/org/eclipse/cyclonedds/core/EntitySet.hpp\n'}
[16.803794] (unitree_sdk2) StdoutLine: {'line': b'-- Installing: /home/jason/projects/unitree_sdk2_ws/install/unitree_sdk2/include/ddscxx/org/eclipse/cyclonedds/core/EntityRegistry.hpp\n'}
[16.803872] (unitree_sdk2) StdoutLine: {'line': b'-- Installing: /home/jason/projects/unitree_sdk2_ws/install/unitree_sdk2/include/ddscxx/org/eclipse/cyclonedds/core/status\n'}
[16.803944] (unitree_sdk2) StdoutLine: {'line': b'-- Installing: /home/jason/projects/unitree_sdk2_ws/install/unitree_sdk2/include/ddscxx/org/eclipse/cyclonedds/core/status/StatusDelegate.hpp\n'}
[16.804029] (unitree_sdk2) StdoutLine: {'line': b'-- Installing: /home/jason/projects/unitree_sdk2_ws/install/unitree_sdk2/include/ddscxx/org/eclipse/cyclonedds/core/ScopedLock.hpp\n'}
[16.804114] (unitree_sdk2) StdoutLine: {'line': b'-- Installing: /home/jason/projects/unitree_sdk2_ws/install/unitree_sdk2/include/ddscxx/org/eclipse/cyclonedds/core/InstanceHandleDelegate.hpp\n'}
[16.804184] (unitree_sdk2) StdoutLine: {'line': b'-- Installing: /home/jason/projects/unitree_sdk2_ws/install/unitree_sdk2/include/ddscxx/org/eclipse/cyclonedds/core/policy\n'}
[16.804252] (unitree_sdk2) StdoutLine: {'line': b'-- Installing: /home/jason/projects/unitree_sdk2_ws/install/unitree_sdk2/include/ddscxx/org/eclipse/cyclonedds/core/policy/PolicyDelegate.hpp\n'}
[16.804332] (unitree_sdk2) StdoutLine: {'line': b'-- Installing: /home/jason/projects/unitree_sdk2_ws/install/unitree_sdk2/include/ddscxx/org/eclipse/cyclonedds/core/policy/QosPolicyCountDelegate.hpp\n'}
[16.804417] (unitree_sdk2) StdoutLine: {'line': b'-- Installing: /home/jason/projects/unitree_sdk2_ws/install/unitree_sdk2/include/ddscxx/org/eclipse/cyclonedds/core/policy/Policy.hpp\n'}
[16.804493] (unitree_sdk2) StdoutLine: {'line': b'-- Installing: /home/jason/projects/unitree_sdk2_ws/install/unitree_sdk2/include/ddscxx/org/eclipse/cyclonedds/core/policy/TPolicy.hpp\n'}
[16.804573] (unitree_sdk2) StdoutLine: {'line': b'-- Installing: /home/jason/projects/unitree_sdk2_ws/install/unitree_sdk2/include/ddscxx/org/eclipse/cyclonedds/core/policy/ProprietaryPolicyKind.hpp\n'}
[16.804659] (unitree_sdk2) StdoutLine: {'line': b'-- Installing: /home/jason/projects/unitree_sdk2_ws/install/unitree_sdk2/include/ddscxx/org/eclipse/cyclonedds/core/DDScObjectDelegate.hpp\n'}
[16.804716] (unitree_sdk2) StdoutLine: {'line': b'-- Installing: /home/jason/projects/unitree_sdk2_ws/install/unitree_sdk2/include/ddscxx/org/eclipse/cyclonedds/core/Missing.hpp\n'}
[16.804752] (unitree_sdk2) StdoutLine: {'line': b'-- Installing: /home/jason/projects/unitree_sdk2_ws/install/unitree_sdk2/include/ddscxx/org/eclipse/cyclonedds/core/EntityDelegate.hpp\n'}
[16.804785] (unitree_sdk2) StdoutLine: {'line': b'-- Installing: /home/jason/projects/unitree_sdk2_ws/install/unitree_sdk2/include/ddscxx/org/eclipse/cyclonedds/core/type_helpers.hpp\n'}
[16.804816] (unitree_sdk2) StdoutLine: {'line': b'-- Installing: /home/jason/projects/unitree_sdk2_ws/install/unitree_sdk2/include/ddscxx/org/eclipse/cyclonedds/core/TimeHelper.hpp\n'}
[16.804848] (unitree_sdk2) StdoutLine: {'line': b'-- Installing: /home/jason/projects/unitree_sdk2_ws/install/unitree_sdk2/include/ddscxx/org/eclipse/cyclonedds/core/Mutex.hpp\n'}
[16.804880] (unitree_sdk2) StdoutLine: {'line': b'-- Installing: /home/jason/projects/unitree_sdk2_ws/install/unitree_sdk2/include/ddscxx/org/eclipse/cyclonedds/core/QosProviderDelegate.hpp\n'}
[16.804911] (unitree_sdk2) StdoutLine: {'line': b'-- Installing: /home/jason/projects/unitree_sdk2_ws/install/unitree_sdk2/include/ddscxx/org/eclipse/cyclonedds/core/ListenerDispatcher.hpp\n'}
[16.804938] (unitree_sdk2) StdoutLine: {'line': b'-- Installing: /home/jason/projects/unitree_sdk2_ws/install/unitree_sdk2/include/ddscxx/org/eclipse/cyclonedds/core/cond\n'}
[16.804965] (unitree_sdk2) StdoutLine: {'line': b'-- Installing: /home/jason/projects/unitree_sdk2_ws/install/unitree_sdk2/include/ddscxx/org/eclipse/cyclonedds/core/cond/WaitSetDelegate.hpp\n'}
[16.804993] (unitree_sdk2) StdoutLine: {'line': b'-- Installing: /home/jason/projects/unitree_sdk2_ws/install/unitree_sdk2/include/ddscxx/org/eclipse/cyclonedds/core/cond/FunctorHolder.hpp\n'}
[16.805019] (unitree_sdk2) StdoutLine: {'line': b'-- Installing: /home/jason/projects/unitree_sdk2_ws/install/unitree_sdk2/include/ddscxx/org/eclipse/cyclonedds/core/cond/ShadowParticipant.hpp\n'}
[16.805045] (unitree_sdk2) StdoutLine: {'line': b'-- Installing: /home/jason/projects/unitree_sdk2_ws/install/unitree_sdk2/include/ddscxx/org/eclipse/cyclonedds/core/cond/StatusConditionDelegate.hpp\n'}
[16.805072] (unitree_sdk2) StdoutLine: {'line': b'-- Installing: /home/jason/projects/unitree_sdk2_ws/install/unitree_sdk2/include/ddscxx/org/eclipse/cyclonedds/core/cond/GuardConditionDelegate.hpp\n'}
[16.805099] (unitree_sdk2) StdoutLine: {'line': b'-- Installing: /home/jason/projects/unitree_sdk2_ws/install/unitree_sdk2/include/ddscxx/org/eclipse/cyclonedds/core/cond/ConditionDelegate.hpp\n'}
[16.805125] (unitree_sdk2) StdoutLine: {'line': b'-- Installing: /home/jason/projects/unitree_sdk2_ws/install/unitree_sdk2/include/ddscxx/org/eclipse/cyclonedds/core/cdr\n'}
[16.805152] (unitree_sdk2) StdoutLine: {'line': b'-- Installing: /home/jason/projects/unitree_sdk2_ws/install/unitree_sdk2/include/ddscxx/org/eclipse/cyclonedds/core/cdr/entity_properties.hpp\n'}
[16.805178] (unitree_sdk2) StdoutLine: {'line': b'-- Installing: /home/jason/projects/unitree_sdk2_ws/install/unitree_sdk2/include/ddscxx/org/eclipse/cyclonedds/core/cdr/fragchain.hpp\n'}
[16.805204] (unitree_sdk2) StdoutLine: {'line': b'-- Installing: /home/jason/projects/unitree_sdk2_ws/install/unitree_sdk2/include/ddscxx/org/eclipse/cyclonedds/core/cdr/basic_cdr_ser.hpp\n'}
[16.805231] (unitree_sdk2) StdoutLine: {'line': b'-- Installing: /home/jason/projects/unitree_sdk2_ws/install/unitree_sdk2/include/ddscxx/org/eclipse/cyclonedds/core/cdr/extended_cdr_v2_ser.hpp\n'}
[16.805257] (unitree_sdk2) StdoutLine: {'line': b'-- Installing: /home/jason/projects/unitree_sdk2_ws/install/unitree_sdk2/include/ddscxx/org/eclipse/cyclonedds/core/cdr/cdr_enums.hpp\n'}
[16.805283] (unitree_sdk2) StdoutLine: {'line': b'-- Installing: /home/jason/projects/unitree_sdk2_ws/install/unitree_sdk2/include/ddscxx/org/eclipse/cyclonedds/core/cdr/extended_cdr_v1_ser.hpp\n'}
[16.805362] (unitree_sdk2) StdoutLine: {'line': b'-- Installing: /home/jason/projects/unitree_sdk2_ws/install/unitree_sdk2/include/ddscxx/org/eclipse/cyclonedds/core/cdr/cdr_stream.hpp\n'}
[16.805392] (unitree_sdk2) StdoutLine: {'line': b'-- Installing: /home/jason/projects/unitree_sdk2_ws/install/unitree_sdk2/include/ddscxx/org/eclipse/cyclonedds/core/ObjectDelegate.hpp\n'}
[16.805426] (unitree_sdk2) StdoutLine: {'line': b'-- Installing: /home/jason/projects/unitree_sdk2_ws/install/unitree_sdk2/include/ddscxx/org/eclipse/cyclonedds/core/ReportUtils.hpp\n'}
[16.805459] (unitree_sdk2) StdoutLine: {'line': b'-- Installing: /home/jason/projects/unitree_sdk2_ws/install/unitree_sdk2/include/ddscxx/org/eclipse/cyclonedds/core/ObjectSet.hpp\n'}
[16.805494] (unitree_sdk2) StdoutLine: {'line': b'-- Installing: /home/jason/projects/unitree_sdk2_ws/install/unitree_sdk2/include/ddscxx/org/eclipse/cyclonedds/sub\n'}
[16.805547] (unitree_sdk2) StdoutLine: {'line': b'-- Installing: /home/jason/projects/unitree_sdk2_ws/install/unitree_sdk2/include/ddscxx/org/eclipse/cyclonedds/sub/GenerationCountImpl.hpp\n'}
[16.805581] (unitree_sdk2) StdoutLine: {'line': b'-- Installing: /home/jason/projects/unitree_sdk2_ws/install/unitree_sdk2/include/ddscxx/org/eclipse/cyclonedds/sub/SampleInfoImpl.hpp\n'}
[16.805616] (unitree_sdk2) StdoutLine: {'line': b'-- Installing: /home/jason/projects/unitree_sdk2_ws/install/unitree_sdk2/include/ddscxx/org/eclipse/cyclonedds/sub/CoherentAccessDelegate.hpp\n'}
[16.805650] (unitree_sdk2) StdoutLine: {'line': b'-- Installing: /home/jason/projects/unitree_sdk2_ws/install/unitree_sdk2/include/ddscxx/org/eclipse/cyclonedds/sub/AnyDataReaderDelegate.hpp\n'}
[16.805683] (unitree_sdk2) StdoutLine: {'line': b'-- Installing: /home/jason/projects/unitree_sdk2_ws/install/unitree_sdk2/include/ddscxx/org/eclipse/cyclonedds/sub/qos\n'}
[16.805716] (unitree_sdk2) StdoutLine: {'line': b'-- Installing: /home/jason/projects/unitree_sdk2_ws/install/unitree_sdk2/include/ddscxx/org/eclipse/cyclonedds/sub/qos/DataReaderQosDelegate.hpp\n'}
[16.805748] (unitree_sdk2) StdoutLine: {'line': b'-- Installing: /home/jason/projects/unitree_sdk2_ws/install/unitree_sdk2/include/ddscxx/org/eclipse/cyclonedds/sub/qos/SubscriberQosDelegate.hpp\n'}
[16.805779] (unitree_sdk2) StdoutLine: {'line': b'-- Installing: /home/jason/projects/unitree_sdk2_ws/install/unitree_sdk2/include/ddscxx/org/eclipse/cyclonedds/sub/SubscriberDelegate.hpp\n'}
[16.805812] (unitree_sdk2) StdoutLine: {'line': b'-- Installing: /home/jason/projects/unitree_sdk2_ws/install/unitree_sdk2/include/ddscxx/org/eclipse/cyclonedds/sub/RankImpl.hpp\n'}
[16.805844] (unitree_sdk2) StdoutLine: {'line': b'-- Installing: /home/jason/projects/unitree_sdk2_ws/install/unitree_sdk2/include/ddscxx/org/eclipse/cyclonedds/sub/cond\n'}
[16.805896] (unitree_sdk2) StdoutLine: {'line': b'-- Installing: /home/jason/projects/unitree_sdk2_ws/install/unitree_sdk2/include/ddscxx/org/eclipse/cyclonedds/sub/cond/QueryConditionDelegate.hpp\n'}
[16.805937] (unitree_sdk2) StdoutLine: {'line': b'-- Installing: /home/jason/projects/unitree_sdk2_ws/install/unitree_sdk2/include/ddscxx/org/eclipse/cyclonedds/sub/cond/ReadConditionDelegate.hpp\n'}
[16.805970] (unitree_sdk2) StdoutLine: {'line': b'-- Installing: /home/jason/projects/unitree_sdk2_ws/install/unitree_sdk2/include/ddscxx/org/eclipse/cyclonedds/sub/QueryDelegate.hpp\n'}
[16.806000] (unitree_sdk2) StdoutLine: {'line': b'-- Installing: /home/jason/projects/unitree_sdk2_ws/install/unitree_sdk2/include/ddscxx/org/eclipse/cyclonedds/sub/BuiltinSubscriberDelegate.hpp\n'}
[16.806031] (unitree_sdk2) StdoutLine: {'line': b'-- Installing: /home/jason/projects/unitree_sdk2_ws/install/unitree_sdk2/include/ddscxx/dds\n'}
[16.806061] (unitree_sdk2) StdoutLine: {'line': b'-- Installing: /home/jason/projects/unitree_sdk2_ws/install/unitree_sdk2/include/ddscxx/dds/domain\n'}
[16.806092] (unitree_sdk2) StdoutLine: {'line': b'-- Installing: /home/jason/projects/unitree_sdk2_ws/install/unitree_sdk2/include/ddscxx/dds/domain/find.hpp\n'}
[16.806141] (unitree_sdk2) StdoutLine: {'line': b'-- Installing: /home/jason/projects/unitree_sdk2_ws/install/unitree_sdk2/include/ddscxx/dds/domain/DomainParticipant.hpp\n'}
[16.806172] (unitree_sdk2) StdoutLine: {'line': b'-- Installing: /home/jason/projects/unitree_sdk2_ws/install/unitree_sdk2/include/ddscxx/dds/domain/qos\n'}
[16.806202] (unitree_sdk2) StdoutLine: {'line': b'-- Installing: /home/jason/projects/unitree_sdk2_ws/install/unitree_sdk2/include/ddscxx/dds/domain/qos/DomainParticipantQos.hpp\n'}
[16.806230] (unitree_sdk2) StdoutLine: {'line': b'-- Installing: /home/jason/projects/unitree_sdk2_ws/install/unitree_sdk2/include/ddscxx/dds/domain/qos/detail\n'}
[16.806261] (unitree_sdk2) StdoutLine: {'line': b'-- Installing: /home/jason/projects/unitree_sdk2_ws/install/unitree_sdk2/include/ddscxx/dds/domain/qos/detail/DomainParticipantQos.hpp\n'}
[16.806293] (unitree_sdk2) StdoutLine: {'line': b'-- Installing: /home/jason/projects/unitree_sdk2_ws/install/unitree_sdk2/include/ddscxx/dds/domain/TDomainParticipant.hpp\n'}
[16.806324] (unitree_sdk2) StdoutLine: {'line': b'-- Installing: /home/jason/projects/unitree_sdk2_ws/install/unitree_sdk2/include/ddscxx/dds/domain/discovery.hpp\n'}
[16.806354] (unitree_sdk2) StdoutLine: {'line': b'-- Installing: /home/jason/projects/unitree_sdk2_ws/install/unitree_sdk2/include/ddscxx/dds/domain/DomainParticipantListener.hpp\n'}
[16.806385] (unitree_sdk2) StdoutLine: {'line': b'-- Installing: /home/jason/projects/unitree_sdk2_ws/install/unitree_sdk2/include/ddscxx/dds/domain/detail\n'}
[16.806416] (unitree_sdk2) StdoutLine: {'line': b'-- Installing: /home/jason/projects/unitree_sdk2_ws/install/unitree_sdk2/include/ddscxx/dds/domain/detail/DomainParticipant.hpp\n'}
[16.806447] (unitree_sdk2) StdoutLine: {'line': b'-- Installing: /home/jason/projects/unitree_sdk2_ws/install/unitree_sdk2/include/ddscxx/dds/domain/detail/TDomainParticipantImpl.hpp\n'}
[16.806499] (unitree_sdk2) StdoutLine: {'line': b'-- Installing: /home/jason/projects/unitree_sdk2_ws/install/unitree_sdk2/include/ddscxx/dds/domain/detail/ddsdomain.hpp\n'}
[16.806531] (unitree_sdk2) StdoutLine: {'line': b'-- Installing: /home/jason/projects/unitree_sdk2_ws/install/unitree_sdk2/include/ddscxx/dds/domain/ddsdomain.hpp\n'}
[16.806566] (unitree_sdk2) StdoutLine: {'line': b'-- Installing: /home/jason/projects/unitree_sdk2_ws/install/unitree_sdk2/include/ddscxx/dds/topic\n'}
[16.806591] (unitree_sdk2) StdoutLine: {'line': b'-- Installing: /home/jason/projects/unitree_sdk2_ws/install/unitree_sdk2/include/ddscxx/dds/topic/TFilter.hpp\n'}
[16.806616] (unitree_sdk2) StdoutLine: {'line': b'-- Installing: /home/jason/projects/unitree_sdk2_ws/install/unitree_sdk2/include/ddscxx/dds/topic/find.hpp\n'}
[16.806653] (unitree_sdk2) StdoutLine: {'line': b'-- Installing: /home/jason/projects/unitree_sdk2_ws/install/unitree_sdk2/include/ddscxx/dds/topic/TMultiTopic.hpp\n'}
[16.806677] (unitree_sdk2) StdoutLine: {'line': b'-- Installing: /home/jason/projects/unitree_sdk2_ws/install/unitree_sdk2/include/ddscxx/dds/topic/TTopicDescription.hpp\n'}
[16.806702] (unitree_sdk2) StdoutLine: {'line': b'-- Installing: /home/jason/projects/unitree_sdk2_ws/install/unitree_sdk2/include/ddscxx/dds/topic/MultiTopic.hpp\n'}
[16.806727] (unitree_sdk2) StdoutLine: {'line': b'-- Installing: /home/jason/projects/unitree_sdk2_ws/install/unitree_sdk2/include/ddscxx/dds/topic/qos\n'}
[16.806753] (unitree_sdk2) StdoutLine: {'line': b'-- Installing: /home/jason/projects/unitree_sdk2_ws/install/unitree_sdk2/include/ddscxx/dds/topic/qos/TopicQos.hpp\n'}
[16.806778] (unitree_sdk2) StdoutLine: {'line': b'-- Installing: /home/jason/projects/unitree_sdk2_ws/install/unitree_sdk2/include/ddscxx/dds/topic/qos/detail\n'}
[16.806801] (unitree_sdk2) StdoutLine: {'line': b'-- Installing: /home/jason/projects/unitree_sdk2_ws/install/unitree_sdk2/include/ddscxx/dds/topic/qos/detail/TopicQos.hpp\n'}
[16.806827] (unitree_sdk2) StdoutLine: {'line': b'-- Installing: /home/jason/projects/unitree_sdk2_ws/install/unitree_sdk2/include/ddscxx/dds/topic/TopicListener.hpp\n'}
[16.806867] (unitree_sdk2) StdoutLine: {'line': b'-- Installing: /home/jason/projects/unitree_sdk2_ws/install/unitree_sdk2/include/ddscxx/dds/topic/TAnyTopic.hpp\n'}
[16.806891] (unitree_sdk2) StdoutLine: {'line': b'-- Installing: /home/jason/projects/unitree_sdk2_ws/install/unitree_sdk2/include/ddscxx/dds/topic/AnyTopicListener.hpp\n'}
[16.806917] (unitree_sdk2) StdoutLine: {'line': b'-- Installing: /home/jason/projects/unitree_sdk2_ws/install/unitree_sdk2/include/ddscxx/dds/topic/Filter.hpp\n'}
[16.806945] (unitree_sdk2) StdoutLine: {'line': b'-- Installing: /home/jason/projects/unitree_sdk2_ws/install/unitree_sdk2/include/ddscxx/dds/topic/TBuiltinTopic.hpp\n'}
[16.806974] (unitree_sdk2) StdoutLine: {'line': b'-- Installing: /home/jason/projects/unitree_sdk2_ws/install/unitree_sdk2/include/ddscxx/dds/topic/TContentFilteredTopic.hpp\n'}
[16.807000] (unitree_sdk2) StdoutLine: {'line': b'-- Installing: /home/jason/projects/unitree_sdk2_ws/install/unitree_sdk2/include/ddscxx/dds/topic/BuiltinTopicKey.hpp\n'}
[16.807027] (unitree_sdk2) StdoutLine: {'line': b'-- Installing: /home/jason/projects/unitree_sdk2_ws/install/unitree_sdk2/include/ddscxx/dds/topic/AnyTopic.hpp\n'}
[16.807053] (unitree_sdk2) StdoutLine: {'line': b'-- Installing: /home/jason/projects/unitree_sdk2_ws/install/unitree_sdk2/include/ddscxx/dds/topic/BuiltinTopic.hpp\n'}
[16.807078] (unitree_sdk2) StdoutLine: {'line': b'-- Installing: /home/jason/projects/unitree_sdk2_ws/install/unitree_sdk2/include/ddscxx/dds/topic/Topic.hpp\n'}
[16.807115] (unitree_sdk2) StdoutLine: {'line': b'-- Installing: /home/jason/projects/unitree_sdk2_ws/install/unitree_sdk2/include/ddscxx/dds/topic/discovery.hpp\n'}
[16.807140] (unitree_sdk2) StdoutLine: {'line': b'-- Installing: /home/jason/projects/unitree_sdk2_ws/install/unitree_sdk2/include/ddscxx/dds/topic/ContentFilteredTopic.hpp\n'}
[16.807182] (unitree_sdk2) StdoutLine: {'line': b'-- Installing: /home/jason/projects/unitree_sdk2_ws/install/unitree_sdk2/include/ddscxx/dds/topic/TBuiltinTopicKey.hpp\n'}
[16.807206] (unitree_sdk2) StdoutLine: {'line': b'-- Installing: /home/jason/projects/unitree_sdk2_ws/install/unitree_sdk2/include/ddscxx/dds/topic/detail\n'}
[16.807233] (unitree_sdk2) StdoutLine: {'line': b'-- Installing: /home/jason/projects/unitree_sdk2_ws/install/unitree_sdk2/include/ddscxx/dds/topic/detail/find.hpp\n'}
[16.807374] (unitree_sdk2) StdoutLine: {'line': b'-- Installing: /home/jason/projects/unitree_sdk2_ws/install/unitree_sdk2/include/ddscxx/dds/topic/detail/MultiTopic.hpp\n'}
[16.807400] (unitree_sdk2) StdoutLine: {'line': b'-- Installing: /home/jason/projects/unitree_sdk2_ws/install/unitree_sdk2/include/ddscxx/dds/topic/detail/TBuiltinTopicImpl.hpp\n'}
[16.807430] (unitree_sdk2) StdoutLine: {'line': b'-- Installing: /home/jason/projects/unitree_sdk2_ws/install/unitree_sdk2/include/ddscxx/dds/topic/detail/TContentFilteredTopicImpl.hpp\n'}
[16.807456] (unitree_sdk2) StdoutLine: {'line': b'-- Installing: /home/jason/projects/unitree_sdk2_ws/install/unitree_sdk2/include/ddscxx/dds/topic/detail/TAnyTopicImpl.hpp\n'}
[16.807483] (unitree_sdk2) StdoutLine: {'line': b'-- Installing: /home/jason/projects/unitree_sdk2_ws/install/unitree_sdk2/include/ddscxx/dds/topic/detail/Filter.hpp\n'}
[16.807507] (unitree_sdk2) StdoutLine: {'line': b'-- Installing: /home/jason/projects/unitree_sdk2_ws/install/unitree_sdk2/include/ddscxx/dds/topic/detail/TTopicDescriptionImpl.hpp\n'}
[16.807533] (unitree_sdk2) StdoutLine: {'line': b'-- Installing: /home/jason/projects/unitree_sdk2_ws/install/unitree_sdk2/include/ddscxx/dds/topic/detail/BuiltinTopicKey.hpp\n'}
[16.807560] (unitree_sdk2) StdoutLine: {'line': b'-- Installing: /home/jason/projects/unitree_sdk2_ws/install/unitree_sdk2/include/ddscxx/dds/topic/detail/AnyTopic.hpp\n'}
[16.807607] (unitree_sdk2) StdoutLine: {'line': b'-- Installing: /home/jason/projects/unitree_sdk2_ws/install/unitree_sdk2/include/ddscxx/dds/topic/detail/BuiltinTopic.hpp\n'}
[16.807631] (unitree_sdk2) StdoutLine: {'line': b'-- Installing: /home/jason/projects/unitree_sdk2_ws/install/unitree_sdk2/include/ddscxx/dds/topic/detail/Topic.hpp\n'}
[16.807667] (unitree_sdk2) StdoutLine: {'line': b'-- Installing: /home/jason/projects/unitree_sdk2_ws/install/unitree_sdk2/include/ddscxx/dds/topic/detail/discovery.hpp\n'}
[16.807694] (unitree_sdk2) StdoutLine: {'line': b'-- Installing: /home/jason/projects/unitree_sdk2_ws/install/unitree_sdk2/include/ddscxx/dds/topic/detail/ContentFilteredTopic.hpp\n'}
[16.807721] (unitree_sdk2) StdoutLine: {'line': b'-- Installing: /home/jason/projects/unitree_sdk2_ws/install/unitree_sdk2/include/ddscxx/dds/topic/detail/TFilterImpl.hpp\n'}
[16.807747] (unitree_sdk2) StdoutLine: {'line': b'-- Installing: /home/jason/projects/unitree_sdk2_ws/install/unitree_sdk2/include/ddscxx/dds/topic/detail/TopicDescription.hpp\n'}
[16.807772] (unitree_sdk2) StdoutLine: {'line': b'-- Installing: /home/jason/projects/unitree_sdk2_ws/install/unitree_sdk2/include/ddscxx/dds/topic/detail/TopicInstanceImpl.hpp\n'}
[16.807810] (unitree_sdk2) StdoutLine: {'line': b'-- Installing: /home/jason/projects/unitree_sdk2_ws/install/unitree_sdk2/include/ddscxx/dds/topic/detail/TBuiltinTopicKeyImpl.hpp\n'}
[16.807834] (unitree_sdk2) StdoutLine: {'line': b'-- Installing: /home/jason/projects/unitree_sdk2_ws/install/unitree_sdk2/include/ddscxx/dds/topic/detail/TTopicImpl.hpp\n'}
[16.807856] (unitree_sdk2) StdoutLine: {'line': b'-- Installing: /home/jason/projects/unitree_sdk2_ws/install/unitree_sdk2/include/ddscxx/dds/topic/detail/ddstopic.hpp\n'}
[16.807882] (unitree_sdk2) StdoutLine: {'line': b'-- Installing: /home/jason/projects/unitree_sdk2_ws/install/unitree_sdk2/include/ddscxx/dds/topic/TopicDescription.hpp\n'}
[16.807909] (unitree_sdk2) StdoutLine: {'line': b'-- Installing: /home/jason/projects/unitree_sdk2_ws/install/unitree_sdk2/include/ddscxx/dds/topic/TopicTraits.hpp\n'}
[16.807936] (unitree_sdk2) StdoutLine: {'line': b'-- Installing: /home/jason/projects/unitree_sdk2_ws/install/unitree_sdk2/include/ddscxx/dds/topic/TTopic.hpp\n'}
[16.807963] (unitree_sdk2) StdoutLine: {'line': b'-- Installing: /home/jason/projects/unitree_sdk2_ws/install/unitree_sdk2/include/ddscxx/dds/topic/TopicInstance.hpp\n'}
[16.807988] (unitree_sdk2) StdoutLine: {'line': b'-- Installing: /home/jason/projects/unitree_sdk2_ws/install/unitree_sdk2/include/ddscxx/dds/topic/ddstopic.hpp\n'}
[16.808013] (unitree_sdk2) StdoutLine: {'line': b'-- Installing: /home/jason/projects/unitree_sdk2_ws/install/unitree_sdk2/include/ddscxx/dds/LICENSE\n'}
[16.808038] (unitree_sdk2) StdoutLine: {'line': b'-- Installing: /home/jason/projects/unitree_sdk2_ws/install/unitree_sdk2/include/ddscxx/dds/pub\n'}
[16.808064] (unitree_sdk2) StdoutLine: {'line': b'-- Installing: /home/jason/projects/unitree_sdk2_ws/install/unitree_sdk2/include/ddscxx/dds/pub/find.hpp\n'}
[16.808090] (unitree_sdk2) StdoutLine: {'line': b'-- Installing: /home/jason/projects/unitree_sdk2_ws/install/unitree_sdk2/include/ddscxx/dds/pub/SuspendedPublication.hpp\n'}
[16.808115] (unitree_sdk2) StdoutLine: {'line': b'-- Installing: /home/jason/projects/unitree_sdk2_ws/install/unitree_sdk2/include/ddscxx/dds/pub/ddspub.hpp\n'}
[16.808138] (unitree_sdk2) StdoutLine: {'line': b'-- Installing: /home/jason/projects/unitree_sdk2_ws/install/unitree_sdk2/include/ddscxx/dds/pub/TCoherentSet.hpp\n'}
[16.808164] (unitree_sdk2) StdoutLine: {'line': b'-- Installing: /home/jason/projects/unitree_sdk2_ws/install/unitree_sdk2/include/ddscxx/dds/pub/qos\n'}
[16.808191] (unitree_sdk2) StdoutLine: {'line': b'-- Installing: /home/jason/projects/unitree_sdk2_ws/install/unitree_sdk2/include/ddscxx/dds/pub/qos/DataWriterQos.hpp\n'}
[16.808216] (unitree_sdk2) StdoutLine: {'line': b'-- Installing: /home/jason/projects/unitree_sdk2_ws/install/unitree_sdk2/include/ddscxx/dds/pub/qos/PublisherQos.hpp\n'}
[16.808240] (unitree_sdk2) StdoutLine: {'line': b'-- Installing: /home/jason/projects/unitree_sdk2_ws/install/unitree_sdk2/include/ddscxx/dds/pub/qos/detail\n'}
[16.808262] (unitree_sdk2) StdoutLine: {'line': b'-- Installing: /home/jason/projects/unitree_sdk2_ws/install/unitree_sdk2/include/ddscxx/dds/pub/qos/detail/DataWriterQos.hpp\n'}
[16.808306] (unitree_sdk2) StdoutLine: {'line': b'-- Installing: /home/jason/projects/unitree_sdk2_ws/install/unitree_sdk2/include/ddscxx/dds/pub/qos/detail/PublisherQos.hpp\n'}
[16.808326] (unitree_sdk2) StdoutLine: {'line': b'-- Installing: /home/jason/projects/unitree_sdk2_ws/install/unitree_sdk2/include/ddscxx/dds/pub/PublisherListener.hpp\n'}
[16.808347] (unitree_sdk2) StdoutLine: {'line': b'-- Installing: /home/jason/projects/unitree_sdk2_ws/install/unitree_sdk2/include/ddscxx/dds/pub/AnyDataWriterListener.hpp\n'}
[16.808370] (unitree_sdk2) StdoutLine: {'line': b'-- Installing: /home/jason/projects/unitree_sdk2_ws/install/unitree_sdk2/include/ddscxx/dds/pub/Publisher.hpp\n'}
[16.808392] (unitree_sdk2) StdoutLine: {'line': b'-- Installing: /home/jason/projects/unitree_sdk2_ws/install/unitree_sdk2/include/ddscxx/dds/pub/discovery.hpp\n'}
[16.808417] (unitree_sdk2) StdoutLine: {'line': b'-- Installing: /home/jason/projects/unitree_sdk2_ws/install/unitree_sdk2/include/ddscxx/dds/pub/detail\n'}
[16.808455] (unitree_sdk2) StdoutLine: {'line': b'-- Installing: /home/jason/projects/unitree_sdk2_ws/install/unitree_sdk2/include/ddscxx/dds/pub/detail/TPublisherImpl.hpp\n'}
[16.808477] (unitree_sdk2) StdoutLine: {'line': b'-- Installing: /home/jason/projects/unitree_sdk2_ws/install/unitree_sdk2/include/ddscxx/dds/pub/detail/find.hpp\n'}
[16.808500] (unitree_sdk2) StdoutLine: {'line': b'-- Installing: /home/jason/projects/unitree_sdk2_ws/install/unitree_sdk2/include/ddscxx/dds/pub/detail/SuspendedPublication.hpp\n'}
[16.808536] (unitree_sdk2) StdoutLine: {'line': b'-- Installing: /home/jason/projects/unitree_sdk2_ws/install/unitree_sdk2/include/ddscxx/dds/pub/detail/TCoherentSetImpl.hpp\n'}
[16.808557] (unitree_sdk2) StdoutLine: {'line': b'-- Installing: /home/jason/projects/unitree_sdk2_ws/install/unitree_sdk2/include/ddscxx/dds/pub/detail/TSuspendedPublicationImpl.hpp\n'}
[16.808580] (unitree_sdk2) StdoutLine: {'line': b'-- Installing: /home/jason/projects/unitree_sdk2_ws/install/unitree_sdk2/include/ddscxx/dds/pub/detail/ddspub.hpp\n'}
[16.808601] (unitree_sdk2) StdoutLine: {'line': b'-- Installing: /home/jason/projects/unitree_sdk2_ws/install/unitree_sdk2/include/ddscxx/dds/pub/detail/Publisher.hpp\n'}
[16.808620] (unitree_sdk2) StdoutLine: {'line': b'-- Installing: /home/jason/projects/unitree_sdk2_ws/install/unitree_sdk2/include/ddscxx/dds/pub/detail/discovery.hpp\n'}
[16.808643] (unitree_sdk2) StdoutLine: {'line': b'-- Installing: /home/jason/projects/unitree_sdk2_ws/install/unitree_sdk2/include/ddscxx/dds/pub/detail/DataWriterImpl.hpp\n'}
[16.808665] (unitree_sdk2) StdoutLine: {'line': b'-- Installing: /home/jason/projects/unitree_sdk2_ws/install/unitree_sdk2/include/ddscxx/dds/pub/detail/DataWriter.hpp\n'}
[16.808687] (unitree_sdk2) StdoutLine: {'line': b'-- Installing: /home/jason/projects/unitree_sdk2_ws/install/unitree_sdk2/include/ddscxx/dds/pub/detail/AnyDataWriter.hpp\n'}
[16.808710] (unitree_sdk2) StdoutLine: {'line': b'-- Installing: /home/jason/projects/unitree_sdk2_ws/install/unitree_sdk2/include/ddscxx/dds/pub/detail/CoherentSet.hpp\n'}
[16.808734] (unitree_sdk2) StdoutLine: {'line': b'-- Installing: /home/jason/projects/unitree_sdk2_ws/install/unitree_sdk2/include/ddscxx/dds/pub/detail/TAnyDataWriterImpl.hpp\n'}
[16.808757] (unitree_sdk2) StdoutLine: {'line': b'-- Installing: /home/jason/projects/unitree_sdk2_ws/install/unitree_sdk2/include/ddscxx/dds/pub/TAnyDataWriter.hpp\n'}
[16.808801] (unitree_sdk2) StdoutLine: {'line': b'-- Installing: /home/jason/projects/unitree_sdk2_ws/install/unitree_sdk2/include/ddscxx/dds/pub/DataWriter.hpp\n'}
[16.808826] (unitree_sdk2) StdoutLine: {'line': b'-- Installing: /home/jason/projects/unitree_sdk2_ws/install/unitree_sdk2/include/ddscxx/dds/pub/DataWriterListener.hpp\n'}
[16.808849] (unitree_sdk2) StdoutLine: {'line': b'-- Installing: /home/jason/projects/unitree_sdk2_ws/install/unitree_sdk2/include/ddscxx/dds/pub/TPublisher.hpp\n'}
[16.808871] (unitree_sdk2) StdoutLine: {'line': b'-- Installing: /home/jason/projects/unitree_sdk2_ws/install/unitree_sdk2/include/ddscxx/dds/pub/AnyDataWriter.hpp\n'}
[16.808905] (unitree_sdk2) StdoutLine: {'line': b'-- Installing: /home/jason/projects/unitree_sdk2_ws/install/unitree_sdk2/include/ddscxx/dds/pub/TSuspendedPublication.hpp\n'}
[16.808929] (unitree_sdk2) StdoutLine: {'line': b'-- Installing: /home/jason/projects/unitree_sdk2_ws/install/unitree_sdk2/include/ddscxx/dds/pub/CoherentSet.hpp\n'}
[16.808952] (unitree_sdk2) StdoutLine: {'line': b'-- Installing: /home/jason/projects/unitree_sdk2_ws/install/unitree_sdk2/include/ddscxx/dds/core\n'}
[16.808992] (unitree_sdk2) StdoutLine: {'line': b'-- Installing: /home/jason/projects/unitree_sdk2_ws/install/unitree_sdk2/include/ddscxx/dds/core/Entity.hpp\n'}
[16.809018] (unitree_sdk2) StdoutLine: {'line': b'-- Installing: /home/jason/projects/unitree_sdk2_ws/install/unitree_sdk2/include/ddscxx/dds/core/TEntity.hpp\n'}
[16.809060] (unitree_sdk2) StdoutLine: {'line': b'-- Installing: /home/jason/projects/unitree_sdk2_ws/install/unitree_sdk2/include/ddscxx/dds/core/External.hpp\n'}
[16.809108] (unitree_sdk2) StdoutLine: {'line': b'-- Installing: /home/jason/projects/unitree_sdk2_ws/install/unitree_sdk2/include/ddscxx/dds/core/conformance.hpp\n'}
[16.809167] (unitree_sdk2) StdoutLine: {'line': b'-- Installing: /home/jason/projects/unitree_sdk2_ws/install/unitree_sdk2/include/ddscxx/dds/core/QosProvider.hpp\n'}
[16.809203] (unitree_sdk2) StdoutLine: {'line': b'-- Installing: /home/jason/projects/unitree_sdk2_ws/install/unitree_sdk2/include/ddscxx/dds/core/status\n'}
[16.809250] (unitree_sdk2) StdoutLine: {'line': b'-- Installing: /home/jason/projects/unitree_sdk2_ws/install/unitree_sdk2/include/ddscxx/dds/core/status/Status.hpp\n'}
[16.809286] (unitree_sdk2) StdoutLine: {'line': b'-- Installing: /home/jason/projects/unitree_sdk2_ws/install/unitree_sdk2/include/ddscxx/dds/core/status/TStatus.hpp\n'}
[16.809340] (unitree_sdk2) StdoutLine: {'line': b'-- Installing: /home/jason/projects/unitree_sdk2_ws/install/unitree_sdk2/include/ddscxx/dds/core/status/State.hpp\n'}
[16.809376] (unitree_sdk2) StdoutLine: {'line': b'-- Installing: /home/jason/projects/unitree_sdk2_ws/install/unitree_sdk2/include/ddscxx/dds/core/status/detail\n'}
[16.809418] (unitree_sdk2) StdoutLine: {'line': b'-- Installing: /home/jason/projects/unitree_sdk2_ws/install/unitree_sdk2/include/ddscxx/dds/core/status/detail/Status.hpp\n'}
[16.809478] (unitree_sdk2) StdoutLine: {'line': b'-- Installing: /home/jason/projects/unitree_sdk2_ws/install/unitree_sdk2/include/ddscxx/dds/core/status/detail/TStatusImpl.hpp\n'}
[16.809516] (unitree_sdk2) StdoutLine: {'line': b'-- Installing: /home/jason/projects/unitree_sdk2_ws/install/unitree_sdk2/include/ddscxx/dds/core/BuiltinTopicTypes.hpp\n'}
[16.809587] (unitree_sdk2) StdoutLine: {'line': b'-- Installing: /home/jason/projects/unitree_sdk2_ws/install/unitree_sdk2/include/ddscxx/dds/core/Value.hpp\n'}
[16.809646] (unitree_sdk2) StdoutLine: {'line': b'-- Installing: /home/jason/projects/unitree_sdk2_ws/install/unitree_sdk2/include/ddscxx/dds/core/policy\n'}
[16.809680] (unitree_sdk2) StdoutLine: {'line': b'-- Installing: /home/jason/projects/unitree_sdk2_ws/install/unitree_sdk2/include/ddscxx/dds/core/policy/TCorePolicy.hpp\n'}
[16.809745] (unitree_sdk2) StdoutLine: {'line': b'-- Installing: /home/jason/projects/unitree_sdk2_ws/install/unitree_sdk2/include/ddscxx/dds/core/policy/TQosPolicyCount.hpp\n'}
[16.809781] (unitree_sdk2) StdoutLine: {'line': b'-- Installing: /home/jason/projects/unitree_sdk2_ws/install/unitree_sdk2/include/ddscxx/dds/core/policy/QosPolicyCount.hpp\n'}
[16.809818] (unitree_sdk2) StdoutLine: {'line': b'-- Installing: /home/jason/projects/unitree_sdk2_ws/install/unitree_sdk2/include/ddscxx/dds/core/policy/PolicyKind.hpp\n'}
[16.809850] (unitree_sdk2) StdoutLine: {'line': b'-- Installing: /home/jason/projects/unitree_sdk2_ws/install/unitree_sdk2/include/ddscxx/dds/core/policy/detail\n'}
[16.809897] (unitree_sdk2) StdoutLine: {'line': b'-- Installing: /home/jason/projects/unitree_sdk2_ws/install/unitree_sdk2/include/ddscxx/dds/core/policy/detail/QosPolicyCount.hpp\n'}
[16.809929] (unitree_sdk2) StdoutLine: {'line': b'-- Installing: /home/jason/projects/unitree_sdk2_ws/install/unitree_sdk2/include/ddscxx/dds/core/policy/detail/TQosPolicyCountImpl.hpp\n'}
[16.809966] (unitree_sdk2) StdoutLine: {'line': b'-- Installing: /home/jason/projects/unitree_sdk2_ws/install/unitree_sdk2/include/ddscxx/dds/core/policy/detail/TCorePolicyImpl.hpp\n'}
[16.810026] (unitree_sdk2) StdoutLine: {'line': b'-- Installing: /home/jason/projects/unitree_sdk2_ws/install/unitree_sdk2/include/ddscxx/dds/core/policy/detail/CorePolicy.hpp\n'}
[16.810061] (unitree_sdk2) StdoutLine: {'line': b'-- Installing: /home/jason/projects/unitree_sdk2_ws/install/unitree_sdk2/include/ddscxx/dds/core/policy/CorePolicy.hpp\n'}
[16.810096] (unitree_sdk2) StdoutLine: {'line': b'-- Installing: /home/jason/projects/unitree_sdk2_ws/install/unitree_sdk2/include/ddscxx/dds/core/TQosProvider.hpp\n'}
[16.810163] (unitree_sdk2) StdoutLine: {'line': b'-- Installing: /home/jason/projects/unitree_sdk2_ws/install/unitree_sdk2/include/ddscxx/dds/core/Duration.hpp\n'}
[16.810194] (unitree_sdk2) StdoutLine: {'line': b'-- Installing: /home/jason/projects/unitree_sdk2_ws/install/unitree_sdk2/include/ddscxx/dds/core/ref_traits.hpp\n'}
[16.810226] (unitree_sdk2) StdoutLine: {'line': b'-- Installing: /home/jason/projects/unitree_sdk2_ws/install/unitree_sdk2/include/ddscxx/dds/core/LengthUnlimited.hpp\n'}
[16.810468] (unitree_sdk2) StdoutLine: {'line': b'-- Installing: /home/jason/projects/unitree_sdk2_ws/install/unitree_sdk2/include/ddscxx/dds/core/Exception.hpp\n'}
[16.810493] (unitree_sdk2) StdoutLine: {'line': b'-- Installing: /home/jason/projects/unitree_sdk2_ws/install/unitree_sdk2/include/ddscxx/dds/core/macros.hpp\n'}
[16.810523] (unitree_sdk2) StdoutLine: {'line': b'-- Installing: /home/jason/projects/unitree_sdk2_ws/install/unitree_sdk2/include/ddscxx/dds/core/detail\n'}
[16.810544] (unitree_sdk2) StdoutLine: {'line': b'-- Installing: /home/jason/projects/unitree_sdk2_ws/install/unitree_sdk2/include/ddscxx/dds/core/detail/Entity.hpp\n'}
[16.810566] (unitree_sdk2) StdoutLine: {'line': b'-- Installing: /home/jason/projects/unitree_sdk2_ws/install/unitree_sdk2/include/ddscxx/dds/core/detail/conformance.hpp\n'}
[16.810586] (unitree_sdk2) StdoutLine: {'line': b'-- Installing: /home/jason/projects/unitree_sdk2_ws/install/unitree_sdk2/include/ddscxx/dds/core/detail/QosProvider.hpp\n'}
[16.810612] (unitree_sdk2) StdoutLine: {'line': b'-- Installing: /home/jason/projects/unitree_sdk2_ws/install/unitree_sdk2/include/ddscxx/dds/core/detail/ReferenceImpl.hpp\n'}
[16.810630] (unitree_sdk2) StdoutLine: {'line': b'-- Installing: /home/jason/projects/unitree_sdk2_ws/install/unitree_sdk2/include/ddscxx/dds/core/detail/export.hpp\n'}
[16.810648] (unitree_sdk2) StdoutLine: {'line': b'-- Installing: /home/jason/projects/unitree_sdk2_ws/install/unitree_sdk2/include/ddscxx/dds/core/detail/BuiltinTopicTypes.hpp\n'}
[16.810680] (unitree_sdk2) StdoutLine: {'line': b'-- Installing: /home/jason/projects/unitree_sdk2_ws/install/unitree_sdk2/include/ddscxx/dds/core/detail/Value.hpp\n'}
[16.810705] (unitree_sdk2) StdoutLine: {'line': b'-- Installing: /home/jason/projects/unitree_sdk2_ws/install/unitree_sdk2/include/ddscxx/dds/core/detail/TInstanceHandleImpl.hpp\n'}
[16.810745] (unitree_sdk2) StdoutLine: {'line': b'-- Installing: /home/jason/projects/unitree_sdk2_ws/install/unitree_sdk2/include/ddscxx/dds/core/detail/TEntityQosImpl.hpp\n'}
[16.810776] (unitree_sdk2) StdoutLine: {'line': b'-- Installing: /home/jason/projects/unitree_sdk2_ws/install/unitree_sdk2/include/ddscxx/dds/core/detail/ref_traits.hpp\n'}
[16.810826] (unitree_sdk2) StdoutLine: {'line': b'-- Installing: /home/jason/projects/unitree_sdk2_ws/install/unitree_sdk2/include/ddscxx/dds/core/detail/TEntityImpl.hpp\n'}
[16.810859] (unitree_sdk2) StdoutLine: {'line': b'-- Installing: /home/jason/projects/unitree_sdk2_ws/install/unitree_sdk2/include/ddscxx/dds/core/detail/WeakReferenceImpl.hpp\n'}
[16.810891] (unitree_sdk2) StdoutLine: {'line': b'-- Installing: /home/jason/projects/unitree_sdk2_ws/install/unitree_sdk2/include/ddscxx/dds/core/detail/old_win_stdint.h\n'}
[16.811016] (unitree_sdk2) StdoutLine: {'line': b'-- Installing: /home/jason/projects/unitree_sdk2_ws/install/unitree_sdk2/include/ddscxx/dds/core/detail/macros.hpp\n'}
[16.811046] (unitree_sdk2) StdoutLine: {'line': b'-- Installing: /home/jason/projects/unitree_sdk2_ws/install/unitree_sdk2/include/ddscxx/dds/core/detail/inttypes.hpp\n'}
[16.811076] (unitree_sdk2) StdoutLine: {'line': b'-- Installing: /home/jason/projects/unitree_sdk2_ws/install/unitree_sdk2/include/ddscxx/dds/core/detail/array.hpp\n'}
[16.811134] (unitree_sdk2) StdoutLine: {'line': b'-- Installing: /home/jason/projects/unitree_sdk2_ws/install/unitree_sdk2/include/ddscxx/dds/core/detail/ddscore.hpp\n'}
[16.811164] (unitree_sdk2) StdoutLine: {'line': b'-- Installing: /home/jason/projects/unitree_sdk2_ws/install/unitree_sdk2/include/ddscxx/dds/core/detail/module_docs.hpp\n'}
[16.811252] (unitree_sdk2) StdoutLine: {'line': b'-- Installing: /home/jason/projects/unitree_sdk2_ws/install/unitree_sdk2/include/ddscxx/dds/core/detail/InstanceHandle.hpp\n'}
[16.811312] (unitree_sdk2) StdoutLine: {'line': b'-- Installing: /home/jason/projects/unitree_sdk2_ws/install/unitree_sdk2/include/ddscxx/dds/core/detail/TQosProviderImpl.hpp\n'}
[16.811344] (unitree_sdk2) StdoutLine: {'line': b'-- Installing: /home/jason/projects/unitree_sdk2_ws/install/unitree_sdk2/include/ddscxx/dds/core/refmacros.hpp\n'}
[16.811387] (unitree_sdk2) StdoutLine: {'line': b'-- Installing: /home/jason/projects/unitree_sdk2_ws/install/unitree_sdk2/include/ddscxx/dds/core/array.hpp\n'}
[16.811465] (unitree_go) StdoutLine: {'line': b'-- Symlinking: /home/jason/projects/unitree_sdk2_ws/install/unitree_go/include/unitree_go/unitree_go/msg/detail/height_map__rosidl_typesupport_fastrtps_cpp.hpp\n'}
[16.811489] (unitree_sdk2) StdoutLine: {'line': b'-- Installing: /home/jason/projects/unitree_sdk2_ws/install/unitree_sdk2/include/ddscxx/dds/core/xtypes\n'}
[16.811508] (unitree_sdk2) StdoutLine: {'line': b'-- Installing: /home/jason/projects/unitree_sdk2_ws/install/unitree_sdk2/include/ddscxx/dds/core/xtypes/StructType.hpp\n'}
[16.811534] (unitree_sdk2) StdoutLine: {'line': b'-- Installing: /home/jason/projects/unitree_sdk2_ws/install/unitree_sdk2/include/ddscxx/dds/core/xtypes/TMemberType.hpp\n'}
[16.811631] (unitree_sdk2) StdoutLine: {'line': b'-- Installing: /home/jason/projects/unitree_sdk2_ws/install/unitree_sdk2/include/ddscxx/dds/core/xtypes/TypeKind.hpp\n'}
[16.811690] (unitree_sdk2) StdoutLine: {'line': b'-- Installing: /home/jason/projects/unitree_sdk2_ws/install/unitree_sdk2/include/ddscxx/dds/core/xtypes/Annotations.hpp\n'}
[16.811839] (unitree_sdk2) StdoutLine: {'line': b'-- Installing: /home/jason/projects/unitree_sdk2_ws/install/unitree_sdk2/include/ddscxx/dds/core/xtypes/DynamicType.hpp\n'}
[16.811900] (unitree_sdk2) StdoutLine: {'line': b'-- Installing: /home/jason/projects/unitree_sdk2_ws/install/unitree_sdk2/include/ddscxx/dds/core/xtypes/TDynamicType.hpp\n'}
[16.813824] (unitree_sdk2) StdoutLine: {'line': b'-- Installing: /home/jason/projects/unitree_sdk2_ws/install/unitree_sdk2/include/ddscxx/dds/core/xtypes/DynamicData.hpp\n'}
[16.813962] (unitree_sdk2) StdoutLine: {'line': b'-- Installing: /home/jason/projects/unitree_sdk2_ws/install/unitree_sdk2/include/ddscxx/dds/core/xtypes/TTypeProvider.hpp\n'}
[16.814083] (unitree_sdk2) StdoutLine: {'line': b'-- Installing: /home/jason/projects/unitree_sdk2_ws/install/unitree_sdk2/include/ddscxx/dds/core/xtypes/UnionType.hpp\n'}
[16.814288] (unitree_sdk2) StdoutLine: {'line': b'-- Installing: /home/jason/projects/unitree_sdk2_ws/install/unitree_sdk2/include/ddscxx/dds/core/xtypes/TAnnotation.hpp\n'}
[16.814370] (unitree_sdk2) StdoutLine: {'line': b'-- Installing: /home/jason/projects/unitree_sdk2_ws/install/unitree_sdk2/include/ddscxx/dds/core/xtypes/TypeProvider.hpp\n'}
[16.814575] (unitree_sdk2) StdoutLine: {'line': b'-- Installing: /home/jason/projects/unitree_sdk2_ws/install/unitree_sdk2/include/ddscxx/dds/core/xtypes/TCollectionTypes.hpp\n'}
[16.814655] (unitree_sdk2) StdoutLine: {'line': b'-- Installing: /home/jason/projects/unitree_sdk2_ws/install/unitree_sdk2/include/ddscxx/dds/core/xtypes/detail\n'}
[16.814803] (unitree_sdk2) StdoutLine: {'line': b'-- Installing: /home/jason/projects/unitree_sdk2_ws/install/unitree_sdk2/include/ddscxx/dds/core/xtypes/detail/StructType.hpp\n'}
[16.814907] (unitree_sdk2) StdoutLine: {'line': b'-- Installing: /home/jason/projects/unitree_sdk2_ws/install/unitree_sdk2/include/ddscxx/dds/core/xtypes/detail/DynamicType.hpp\n'}
[16.815117] (unitree_sdk2) StdoutLine: {'line': b'-- Installing: /home/jason/projects/unitree_sdk2_ws/install/unitree_sdk2/include/ddscxx/dds/core/xtypes/detail/DynamicData.hpp\n'}
[16.815185] (unitree_sdk2) StdoutLine: {'line': b'-- Installing: /home/jason/projects/unitree_sdk2_ws/install/unitree_sdk2/include/ddscxx/dds/core/xtypes/detail/Annotation.hpp\n'}
[16.815389] (unitree_sdk2) StdoutLine: {'line': b'-- Installing: /home/jason/projects/unitree_sdk2_ws/install/unitree_sdk2/include/ddscxx/dds/core/xtypes/detail/UnionType.hpp\n'}
[16.815488] (unitree_sdk2) StdoutLine: {'line': b'-- Installing: /home/jason/projects/unitree_sdk2_ws/install/unitree_sdk2/include/ddscxx/dds/core/xtypes/detail/TypeProvider.hpp\n'}
[16.815702] (unitree_sdk2) StdoutLine: {'line': b'-- Installing: /home/jason/projects/unitree_sdk2_ws/install/unitree_sdk2/include/ddscxx/dds/core/xtypes/detail/PrimitiveTypes.hpp\n'}
[16.815774] (unitree_sdk2) StdoutLine: {'line': b'-- Installing: /home/jason/projects/unitree_sdk2_ws/install/unitree_sdk2/include/ddscxx/dds/core/xtypes/detail/UnionCase.hpp\n'}
[16.815865] (unitree_go) StdoutLine: {'line': b'-- Symlinking: /home/jason/projects/unitree_sdk2_ws/install/unitree_go/include/unitree_go/unitree_go/msg/detail/imu_state__rosidl_typesupport_fastrtps_cpp.hpp\n'}
[16.815971] (unitree_sdk2) StdoutLine: {'line': b'-- Installing: /home/jason/projects/unitree_sdk2_ws/install/unitree_sdk2/include/ddscxx/dds/core/xtypes/detail/MemberType.hpp\n'}
[16.816054] (unitree_sdk2) StdoutLine: {'line': b'-- Installing: /home/jason/projects/unitree_sdk2_ws/install/unitree_sdk2/include/ddscxx/dds/core/xtypes/detail/CollectionTypes.hpp\n'}
[16.816252] (unitree_sdk2) StdoutLine: {'line': b'-- Installing: /home/jason/projects/unitree_sdk2_ws/install/unitree_sdk2/include/ddscxx/dds/core/xtypes/PrimitiveTypes.hpp\n'}
[16.816334] (unitree_sdk2) StdoutLine: {'line': b'-- Installing: /home/jason/projects/unitree_sdk2_ws/install/unitree_sdk2/include/ddscxx/dds/core/xtypes/TDynamicData.hpp\n'}
[16.816966] (unitree_sdk2) StdoutLine: {'line': b'-- Installing: /home/jason/projects/unitree_sdk2_ws/install/unitree_sdk2/include/ddscxx/dds/core/xtypes/UnionCase.hpp\n'}
[16.817106] (unitree_sdk2) StdoutLine: {'line': b'-- Installing: /home/jason/projects/unitree_sdk2_ws/install/unitree_sdk2/include/ddscxx/dds/core/xtypes/MemberType.hpp\n'}
[16.817178] (unitree_sdk2) StdoutLine: {'line': b'-- Installing: /home/jason/projects/unitree_sdk2_ws/install/unitree_sdk2/include/ddscxx/dds/core/xtypes/TStructType.hpp\n'}
[16.817237] (unitree_sdk2) StdoutLine: {'line': b'-- Installing: /home/jason/projects/unitree_sdk2_ws/install/unitree_sdk2/include/ddscxx/dds/core/xtypes/CollectionTypes.hpp\n'}
[16.817738] (unitree_sdk2) StdoutLine: {'line': b'-- Installing: /home/jason/projects/unitree_sdk2_ws/install/unitree_sdk2/include/ddscxx/dds/core/WeakReference.hpp\n'}
[16.817817] (unitree_sdk2) StdoutLine: {'line': b'-- Installing: /home/jason/projects/unitree_sdk2_ws/install/unitree_sdk2/include/ddscxx/dds/core/Time.hpp\n'}
[16.817879] (unitree_sdk2) StdoutLine: {'line': b'-- Installing: /home/jason/projects/unitree_sdk2_ws/install/unitree_sdk2/include/ddscxx/dds/core/cond\n'}
[16.817930] (unitree_sdk2) StdoutLine: {'line': b'-- Installing: /home/jason/projects/unitree_sdk2_ws/install/unitree_sdk2/include/ddscxx/dds/core/cond/TStatusCondition.hpp\n'}
[16.818103] (unitree_sdk2) StdoutLine: {'line': b'-- Installing: /home/jason/projects/unitree_sdk2_ws/install/unitree_sdk2/include/ddscxx/dds/core/cond/WaitSet.hpp\n'}
[16.818191] (unitree_sdk2) StdoutLine: {'line': b'-- Installing: /home/jason/projects/unitree_sdk2_ws/install/unitree_sdk2/include/ddscxx/dds/core/cond/TCondition.hpp\n'}
[16.818354] (unitree_sdk2) StdoutLine: {'line': b'-- Installing: /home/jason/projects/unitree_sdk2_ws/install/unitree_sdk2/include/ddscxx/dds/core/cond/TGuardCondition.hpp\n'}
[16.818528] (unitree_sdk2) StdoutLine: {'line': b'-- Installing: /home/jason/projects/unitree_sdk2_ws/install/unitree_sdk2/include/ddscxx/dds/core/cond/StatusCondition.hpp\n'}
[16.818692] (unitree_sdk2) StdoutLine: {'line': b'-- Installing: /home/jason/projects/unitree_sdk2_ws/install/unitree_sdk2/include/ddscxx/dds/core/cond/Condition.hpp\n'}
[16.818851] (unitree_sdk2) StdoutLine: {'line': b'-- Installing: /home/jason/projects/unitree_sdk2_ws/install/unitree_sdk2/include/ddscxx/dds/core/cond/GuardCondition.hpp\n'}
[16.819018] (unitree_sdk2) StdoutLine: {'line': b'-- Installing: /home/jason/projects/unitree_sdk2_ws/install/unitree_sdk2/include/ddscxx/dds/core/cond/detail\n'}
[16.819254] (unitree_sdk2) StdoutLine: {'line': b'-- Installing: /home/jason/projects/unitree_sdk2_ws/install/unitree_sdk2/include/ddscxx/dds/core/cond/detail/TGuardConditionImpl.hpp\n'}
[16.819427] (unitree_sdk2) StdoutLine: {'line': b'-- Installing: /home/jason/projects/unitree_sdk2_ws/install/unitree_sdk2/include/ddscxx/dds/core/cond/detail/TWaitSetImpl.hpp\n'}
[16.819602] (unitree_sdk2) StdoutLine: {'line': b'-- Installing: /home/jason/projects/unitree_sdk2_ws/install/unitree_sdk2/include/ddscxx/dds/core/cond/detail/WaitSet.hpp\n'}
[16.819684] (unitree_sdk2) StdoutLine: {'line': b'-- Installing: /home/jason/projects/unitree_sdk2_ws/install/unitree_sdk2/include/ddscxx/dds/core/cond/detail/StatusCondition.hpp\n'}
[16.819922] (unitree_sdk2) StdoutLine: {'line': b'-- Installing: /home/jason/projects/unitree_sdk2_ws/install/unitree_sdk2/include/ddscxx/dds/core/cond/detail/Condition.hpp\n'}
[16.820005] (unitree_sdk2) StdoutLine: {'line': b'-- Installing: /home/jason/projects/unitree_sdk2_ws/install/unitree_sdk2/include/ddscxx/dds/core/cond/detail/GuardCondition.hpp\n'}
[16.820243] (unitree_sdk2) StdoutLine: {'line': b'-- Installing: /home/jason/projects/unitree_sdk2_ws/install/unitree_sdk2/include/ddscxx/dds/core/cond/detail/TStatusConditionImpl.hpp\n'}
[16.820322] (unitree_sdk2) StdoutLine: {'line': b'-- Installing: /home/jason/projects/unitree_sdk2_ws/install/unitree_sdk2/include/ddscxx/dds/core/cond/detail/TConditionImpl.hpp\n'}
[16.820594] (unitree_sdk2) StdoutLine: {'line': b'-- Installing: /home/jason/projects/unitree_sdk2_ws/install/unitree_sdk2/include/ddscxx/dds/core/cond/TWaitSet.hpp\n'}
[16.820681] (unitree_sdk2) StdoutLine: {'line': b'-- Installing: /home/jason/projects/unitree_sdk2_ws/install/unitree_sdk2/include/ddscxx/dds/core/ddscore.hpp\n'}
[16.820920] (unitree_sdk2) StdoutLine: {'line': b'-- Installing: /home/jason/projects/unitree_sdk2_ws/install/unitree_sdk2/include/ddscxx/dds/core/SafeEnumeration.hpp\n'}
[16.821090] (unitree_sdk2) StdoutLine: {'line': b'-- Installing: /home/jason/projects/unitree_sdk2_ws/install/unitree_sdk2/include/ddscxx/dds/core/TInstanceHandle.hpp\n'}
[16.821244] (unitree_go) StdoutLine: {'line': b'-- Symlinking: /home/jason/projects/unitree_sdk2_ws/install/unitree_go/include/unitree_go/unitree_go/msg/detail/interface_config__rosidl_typesupport_fastrtps_cpp.hpp\n'}
[16.821317] (unitree_sdk2) StdoutLine: {'line': b'-- Installing: /home/jason/projects/unitree_sdk2_ws/install/unitree_sdk2/include/ddscxx/dds/core/Optional.hpp\n'}
[16.821532] (unitree_sdk2) StdoutLine: {'line': b'-- Installing: /home/jason/projects/unitree_sdk2_ws/install/unitree_sdk2/include/ddscxx/dds/core/TEntityQos.hpp\n'}
[16.821622] (unitree_sdk2) StdoutLine: {'line': b'-- Installing: /home/jason/projects/unitree_sdk2_ws/install/unitree_sdk2/include/ddscxx/dds/core/TBuiltinTopicTypes.hpp\n'}
[16.822623] (unitree_sdk2) StdoutLine: {'line': b'-- Installing: /home/jason/projects/unitree_sdk2_ws/install/unitree_sdk2/include/ddscxx/dds/core/Reference.hpp\n'}
[16.823510] (unitree_sdk2) StdoutLine: {'line': b'-- Installing: /home/jason/projects/unitree_sdk2_ws/install/unitree_sdk2/include/ddscxx/dds/core/types.hpp\n'}
[16.823566] (unitree_sdk2) StdoutLine: {'line': b'-- Installing: /home/jason/projects/unitree_sdk2_ws/install/unitree_sdk2/include/ddscxx/dds/core/InstanceHandle.hpp\n'}
[16.823723] (unitree_sdk2) StdoutLine: {'line': b'-- Installing: /home/jason/projects/unitree_sdk2_ws/install/unitree_sdk2/include/ddscxx/dds/dds.hpp\n'}
[16.823796] (unitree_sdk2) StdoutLine: {'line': b'-- Installing: /home/jason/projects/unitree_sdk2_ws/install/unitree_sdk2/include/ddscxx/dds/sub\n'}
[16.823826] (unitree_sdk2) StdoutLine: {'line': b'-- Installing: /home/jason/projects/unitree_sdk2_ws/install/unitree_sdk2/include/ddscxx/dds/sub/SharedSamples.hpp\n'}
[16.823852] (unitree_sdk2) StdoutLine: {'line': b'-- Installing: /home/jason/projects/unitree_sdk2_ws/install/unitree_sdk2/include/ddscxx/dds/sub/find.hpp\n'}
[16.823877] (unitree_sdk2) StdoutLine: {'line': b'-- Installing: /home/jason/projects/unitree_sdk2_ws/install/unitree_sdk2/include/ddscxx/dds/sub/TQuery.hpp\n'}
[16.823902] (unitree_sdk2) StdoutLine: {'line': b'-- Installing: /home/jason/projects/unitree_sdk2_ws/install/unitree_sdk2/include/ddscxx/dds/sub/LoanedSamples.hpp\n'}
[16.823927] (unitree_sdk2) StdoutLine: {'line': b'-- Installing: /home/jason/projects/unitree_sdk2_ws/install/unitree_sdk2/include/ddscxx/dds/sub/status\n'}
[16.823971] (unitree_sdk2) StdoutLine: {'line': b'-- Installing: /home/jason/projects/unitree_sdk2_ws/install/unitree_sdk2/include/ddscxx/dds/sub/status/DataState.hpp\n'}
[16.823998] (unitree_sdk2) StdoutLine: {'line': b'-- Installing: /home/jason/projects/unitree_sdk2_ws/install/unitree_sdk2/include/ddscxx/dds/sub/status/detail\n'}
[16.824152] (unitree_sdk2) StdoutLine: {'line': b'-- Installing: /home/jason/projects/unitree_sdk2_ws/install/unitree_sdk2/include/ddscxx/dds/sub/status/detail/DataStateImpl.hpp\n'}
[16.824183] (unitree_sdk2) StdoutLine: {'line': b'-- Installing: /home/jason/projects/unitree_sdk2_ws/install/unitree_sdk2/include/ddscxx/dds/sub/TSample.hpp\n'}
[16.824204] (unitree_sdk2) StdoutLine: {'line': b'-- Installing: /home/jason/projects/unitree_sdk2_ws/install/unitree_sdk2/include/ddscxx/dds/sub/SampleRef.hpp\n'}
[16.824226] (unitree_sdk2) StdoutLine: {'line': b'-- Installing: /home/jason/projects/unitree_sdk2_ws/install/unitree_sdk2/include/ddscxx/dds/sub/SampleInfo.hpp\n'}
[16.824246] (unitree_sdk2) StdoutLine: {'line': b'-- Installing: /home/jason/projects/unitree_sdk2_ws/install/unitree_sdk2/include/ddscxx/dds/sub/TSubscriber.hpp\n'}
[16.824268] (unitree_sdk2) StdoutLine: {'line': b'-- Installing: /home/jason/projects/unitree_sdk2_ws/install/unitree_sdk2/include/ddscxx/dds/sub/DataReader.hpp\n'}
[16.824343] (unitree_sdk2) StdoutLine: {'line': b'-- Installing: /home/jason/projects/unitree_sdk2_ws/install/unitree_sdk2/include/ddscxx/dds/sub/qos\n'}
[16.824367] (unitree_sdk2) StdoutLine: {'line': b'-- Installing: /home/jason/projects/unitree_sdk2_ws/install/unitree_sdk2/include/ddscxx/dds/sub/qos/DataReaderQos.hpp\n'}
[16.824391] (unitree_sdk2) StdoutLine: {'line': b'-- Installing: /home/jason/projects/unitree_sdk2_ws/install/unitree_sdk2/include/ddscxx/dds/sub/qos/SubscriberQos.hpp\n'}
[16.824504] (unitree_sdk2) StdoutLine: {'line': b'-- Installing: /home/jason/projects/unitree_sdk2_ws/install/unitree_sdk2/include/ddscxx/dds/sub/qos/detail\n'}
[16.824528] (unitree_sdk2) StdoutLine: {'line': b'-- Installing: /home/jason/projects/unitree_sdk2_ws/install/unitree_sdk2/include/ddscxx/dds/sub/qos/detail/DataReaderQos.hpp\n'}
[16.824549] (unitree_sdk2) StdoutLine: {'line': b'-- Installing: /home/jason/projects/unitree_sdk2_ws/install/unitree_sdk2/include/ddscxx/dds/sub/qos/detail/SubscriberQos.hpp\n'}
[16.824583] (unitree_sdk2) StdoutLine: {'line': b'-- Installing: /home/jason/projects/unitree_sdk2_ws/install/unitree_sdk2/include/ddscxx/dds/sub/SubscriberListener.hpp\n'}
[16.824604] (unitree_sdk2) StdoutLine: {'line': b'-- Installing: /home/jason/projects/unitree_sdk2_ws/install/unitree_sdk2/include/ddscxx/dds/sub/CoherentAccess.hpp\n'}
[16.824627] (unitree_sdk2) StdoutLine: {'line': b'-- Installing: /home/jason/projects/unitree_sdk2_ws/install/unitree_sdk2/include/ddscxx/dds/sub/TGenerationCount.hpp\n'}
[16.824664] (unitree_sdk2) StdoutLine: {'line': b'-- Installing: /home/jason/projects/unitree_sdk2_ws/install/unitree_sdk2/include/ddscxx/dds/sub/Subscriber.hpp\n'}
[16.824684] (unitree_sdk2) StdoutLine: {'line': b'-- Installing: /home/jason/projects/unitree_sdk2_ws/install/unitree_sdk2/include/ddscxx/dds/sub/Sample.hpp\n'}
[16.824704] (unitree_sdk2) StdoutLine: {'line': b'-- Installing: /home/jason/projects/unitree_sdk2_ws/install/unitree_sdk2/include/ddscxx/dds/sub/discovery.hpp\n'}
[16.824742] (unitree_sdk2) StdoutLine: {'line': b'-- Installing: /home/jason/projects/unitree_sdk2_ws/install/unitree_sdk2/include/ddscxx/dds/sub/TAnyDataReader.hpp\n'}
[16.824808] (unitree_sdk2) StdoutLine: {'line': b'-- Installing: /home/jason/projects/unitree_sdk2_ws/install/unitree_sdk2/include/ddscxx/dds/sub/ddssub.hpp\n'}
[16.824876] (unitree_sdk2) StdoutLine: {'line': b'-- Installing: /home/jason/projects/unitree_sdk2_ws/install/unitree_sdk2/include/ddscxx/dds/sub/TDataReader.hpp\n'}
[16.825032] (unitree_sdk2) StdoutLine: {'line': b'-- Installing: /home/jason/projects/unitree_sdk2_ws/install/unitree_sdk2/include/ddscxx/dds/sub/Rank.hpp\n'}
[16.826167] (unitree_sdk2) StdoutLine: {'line': b'-- Installing: /home/jason/projects/unitree_sdk2_ws/install/unitree_sdk2/include/ddscxx/dds/sub/detail\n'}
[16.826204] (unitree_sdk2) StdoutLine: {'line': b'-- Installing: /home/jason/projects/unitree_sdk2_ws/install/unitree_sdk2/include/ddscxx/dds/sub/detail/TCoherentAccessImpl.hpp\n'}
[16.826227] (unitree_sdk2) StdoutLine: {'line': b'-- Installing: /home/jason/projects/unitree_sdk2_ws/install/unitree_sdk2/include/ddscxx/dds/sub/detail/SharedSamples.hpp\n'}
[16.826276] (unitree_sdk2) StdoutLine: {'line': b'-- Installing: /home/jason/projects/unitree_sdk2_ws/install/unitree_sdk2/include/ddscxx/dds/sub/detail/TAnyDataReaderImpl.hpp\n'}
[16.826319] (unitree_sdk2) StdoutLine: {'line': b'-- Installing: /home/jason/projects/unitree_sdk2_ws/install/unitree_sdk2/include/ddscxx/dds/sub/detail/Manipulators.hpp\n'}
[16.826409] (unitree_sdk2) StdoutLine: {'line': b'-- Installing: /home/jason/projects/unitree_sdk2_ws/install/unitree_sdk2/include/ddscxx/dds/sub/detail/find.hpp\n'}
[16.826519] (unitree_sdk2) StdoutLine: {'line': b'-- Installing: /home/jason/projects/unitree_sdk2_ws/install/unitree_sdk2/include/ddscxx/dds/sub/detail/LoanedSamples.hpp\n'}
[16.826578] (unitree_sdk2) StdoutLine: {'line': b'-- Installing: /home/jason/projects/unitree_sdk2_ws/install/unitree_sdk2/include/ddscxx/dds/sub/detail/SampleRef.hpp\n'}
[16.827295] (unitree_sdk2) StdoutLine: {'line': b'-- Installing: /home/jason/projects/unitree_sdk2_ws/install/unitree_sdk2/include/ddscxx/dds/sub/detail/TSampleRefImpl.hpp\n'}
[16.827326] (unitree_sdk2) StdoutLine: {'line': b'-- Installing: /home/jason/projects/unitree_sdk2_ws/install/unitree_sdk2/include/ddscxx/dds/sub/detail/SampleInfo.hpp\n'}
[16.827347] (unitree_sdk2) StdoutLine: {'line': b'-- Installing: /home/jason/projects/unitree_sdk2_ws/install/unitree_sdk2/include/ddscxx/dds/sub/detail/DataReader.hpp\n'}
[16.827368] (unitree_sdk2) StdoutLine: {'line': b'-- Installing: /home/jason/projects/unitree_sdk2_ws/install/unitree_sdk2/include/ddscxx/dds/sub/detail/SharedSamplesImpl.hpp\n'}
[16.827389] (unitree_sdk2) StdoutLine: {'line': b'-- Installing: /home/jason/projects/unitree_sdk2_ws/install/unitree_sdk2/include/ddscxx/dds/sub/detail/TGenerationCountImpl.hpp\n'}
[16.827432] (unitree_sdk2) StdoutLine: {'line': b'-- Installing: /home/jason/projects/unitree_sdk2_ws/install/unitree_sdk2/include/ddscxx/dds/sub/detail/TSubscriberImpl.hpp\n'}
[16.827455] (unitree_sdk2) StdoutLine: {'line': b'-- Installing: /home/jason/projects/unitree_sdk2_ws/install/unitree_sdk2/include/ddscxx/dds/sub/detail/CoherentAccess.hpp\n'}
[16.827475] (unitree_sdk2) StdoutLine: {'line': b'-- Installing: /home/jason/projects/unitree_sdk2_ws/install/unitree_sdk2/include/ddscxx/dds/sub/detail/TDataReaderImpl.hpp\n'}
[16.827496] (unitree_sdk2) StdoutLine: {'line': b'-- Installing: /home/jason/projects/unitree_sdk2_ws/install/unitree_sdk2/include/ddscxx/dds/sub/detail/Subscriber.hpp\n'}
[16.827515] (unitree_sdk2) StdoutLine: {'line': b'-- Installing: /home/jason/projects/unitree_sdk2_ws/install/unitree_sdk2/include/ddscxx/dds/sub/detail/Sample.hpp\n'}
[16.827535] (unitree_sdk2) StdoutLine: {'line': b'-- Installing: /home/jason/projects/unitree_sdk2_ws/install/unitree_sdk2/include/ddscxx/dds/sub/detail/discovery.hpp\n'}
[16.827554] (unitree_sdk2) StdoutLine: {'line': b'-- Installing: /home/jason/projects/unitree_sdk2_ws/install/unitree_sdk2/include/ddscxx/dds/sub/detail/ddssub.hpp\n'}
[16.827606] (unitree_sdk2) StdoutLine: {'line': b'-- Installing: /home/jason/projects/unitree_sdk2_ws/install/unitree_sdk2/include/ddscxx/dds/sub/detail/TQueryImpl.hpp\n'}
[16.827630] (unitree_sdk2) StdoutLine: {'line': b'-- Installing: /home/jason/projects/unitree_sdk2_ws/install/unitree_sdk2/include/ddscxx/dds/sub/detail/Rank.hpp\n'}
[16.827651] (unitree_sdk2) StdoutLine: {'line': b'-- Installing: /home/jason/projects/unitree_sdk2_ws/install/unitree_sdk2/include/ddscxx/dds/sub/detail/AnyDataReader.hpp\n'}
[16.827694] (unitree_sdk2) StdoutLine: {'line': b'-- Installing: /home/jason/projects/unitree_sdk2_ws/install/unitree_sdk2/include/ddscxx/dds/sub/detail/Query.hpp\n'}
[16.827734] (unitree_sdk2) StdoutLine: {'line': b'-- Installing: /home/jason/projects/unitree_sdk2_ws/install/unitree_sdk2/include/ddscxx/dds/sub/detail/TSampleImpl.hpp\n'}
[16.828446] (unitree_sdk2) StdoutLine: {'line': b'-- Installing: /home/jason/projects/unitree_sdk2_ws/install/unitree_sdk2/include/ddscxx/dds/sub/detail/SamplesHolder.hpp\n'}
[16.828480] (unitree_sdk2) StdoutLine: {'line': b'-- Installing: /home/jason/projects/unitree_sdk2_ws/install/unitree_sdk2/include/ddscxx/dds/sub/detail/LoanedSamplesImpl.hpp\n'}
[16.828510] (unitree_sdk2) StdoutLine: {'line': b'-- Installing: /home/jason/projects/unitree_sdk2_ws/install/unitree_sdk2/include/ddscxx/dds/sub/detail/GenerationCount.hpp\n'}
[16.828532] (unitree_sdk2) StdoutLine: {'line': b'-- Installing: /home/jason/projects/unitree_sdk2_ws/install/unitree_sdk2/include/ddscxx/dds/sub/detail/TRankImpl.hpp\n'}
[16.828552] (unitree_sdk2) StdoutLine: {'line': b'-- Installing: /home/jason/projects/unitree_sdk2_ws/install/unitree_sdk2/include/ddscxx/dds/sub/detail/TSampleInfoImpl.hpp\n'}
[16.828572] (unitree_sdk2) StdoutLine: {'line': b'-- Installing: /home/jason/projects/unitree_sdk2_ws/install/unitree_sdk2/include/ddscxx/dds/sub/TSampleRef.hpp\n'}
[16.828591] (unitree_sdk2) StdoutLine: {'line': b'-- Installing: /home/jason/projects/unitree_sdk2_ws/install/unitree_sdk2/include/ddscxx/dds/sub/AnyDataReader.hpp\n'}
[16.828609] (unitree_sdk2) StdoutLine: {'line': b'-- Installing: /home/jason/projects/unitree_sdk2_ws/install/unitree_sdk2/include/ddscxx/dds/sub/Query.hpp\n'}
[16.828627] (unitree_sdk2) StdoutLine: {'line': b'-- Installing: /home/jason/projects/unitree_sdk2_ws/install/unitree_sdk2/include/ddscxx/dds/sub/TRank.hpp\n'}
[16.828645] (unitree_sdk2) StdoutLine: {'line': b'-- Installing: /home/jason/projects/unitree_sdk2_ws/install/unitree_sdk2/include/ddscxx/dds/sub/cond\n'}
[16.829465] (unitree_sdk2) StdoutLine: {'line': b'-- Installing: /home/jason/projects/unitree_sdk2_ws/install/unitree_sdk2/include/ddscxx/dds/sub/cond/QueryCondition.hpp\n'}
[16.829499] (unitree_sdk2) StdoutLine: {'line': b'-- Installing: /home/jason/projects/unitree_sdk2_ws/install/unitree_sdk2/include/ddscxx/dds/sub/cond/TReadCondition.hpp\n'}
[16.829522] (unitree_sdk2) StdoutLine: {'line': b'-- Installing: /home/jason/projects/unitree_sdk2_ws/install/unitree_sdk2/include/ddscxx/dds/sub/cond/ReadCondition.hpp\n'}
[16.829541] (unitree_sdk2) StdoutLine: {'line': b'-- Installing: /home/jason/projects/unitree_sdk2_ws/install/unitree_sdk2/include/ddscxx/dds/sub/cond/TQueryCondition.hpp\n'}
[16.829562] (unitree_sdk2) StdoutLine: {'line': b'-- Installing: /home/jason/projects/unitree_sdk2_ws/install/unitree_sdk2/include/ddscxx/dds/sub/cond/detail\n'}
[16.829584] (unitree_sdk2) StdoutLine: {'line': b'-- Installing: /home/jason/projects/unitree_sdk2_ws/install/unitree_sdk2/include/ddscxx/dds/sub/cond/detail/TReadConditionImpl.hpp\n'}
[16.829605] (unitree_sdk2) StdoutLine: {'line': b'-- Installing: /home/jason/projects/unitree_sdk2_ws/install/unitree_sdk2/include/ddscxx/dds/sub/cond/detail/QueryCondition.hpp\n'}
[16.829623] (unitree_sdk2) StdoutLine: {'line': b'-- Installing: /home/jason/projects/unitree_sdk2_ws/install/unitree_sdk2/include/ddscxx/dds/sub/cond/detail/ReadCondition.hpp\n'}
[16.829642] (unitree_sdk2) StdoutLine: {'line': b'-- Installing: /home/jason/projects/unitree_sdk2_ws/install/unitree_sdk2/include/ddscxx/dds/sub/cond/detail/TQueryConditionImpl.hpp\n'}
[16.829663] (unitree_sdk2) StdoutLine: {'line': b'-- Installing: /home/jason/projects/unitree_sdk2_ws/install/unitree_sdk2/include/ddscxx/dds/sub/AnyDataReaderListener.hpp\n'}
[16.829683] (unitree_sdk2) StdoutLine: {'line': b'-- Installing: /home/jason/projects/unitree_sdk2_ws/install/unitree_sdk2/include/ddscxx/dds/sub/GenerationCount.hpp\n'}
[16.829703] (unitree_sdk2) StdoutLine: {'line': b'-- Installing: /home/jason/projects/unitree_sdk2_ws/install/unitree_sdk2/include/ddscxx/dds/sub/TSampleInfo.hpp\n'}
[16.829723] (unitree_sdk2) StdoutLine: {'line': b'-- Installing: /home/jason/projects/unitree_sdk2_ws/install/unitree_sdk2/include/ddscxx/dds/sub/DataReaderListener.hpp\n'}
[16.829748] (unitree_sdk2) StdoutLine: {'line': b'-- Installing: /home/jason/projects/unitree_sdk2_ws/install/unitree_sdk2/include/ddscxx/dds/sub/TCoherentAccess.hpp\n'}
[16.829769] (unitree_sdk2) StdoutLine: {'line': b'-- Installing: /home/jason/projects/unitree_sdk2_ws/install/unitree_sdk2/include/ddscxx/dds/features.hpp\n'}
[16.829836] (unitree_go) StdoutLine: {'line': b'-- Symlinking: /home/jason/projects/unitree_sdk2_ws/install/unitree_go/include/unitree_go/unitree_go/msg/detail/lidar_state__rosidl_typesupport_fastrtps_cpp.hpp\n'}
[16.833041] (unitree_sdk2) CommandEnded: {'returncode': 0}
[16.836012] (unitree_go) StdoutLine: {'line': b'-- Symlinking: /home/jason/projects/unitree_sdk2_ws/install/unitree_go/include/unitree_go/unitree_go/msg/detail/low_cmd__rosidl_typesupport_fastrtps_cpp.hpp\n'}
[16.840248] (unitree_sdk2) JobEnded: {'identifier': 'unitree_sdk2', 'rc': 0}
[16.844010] (unitree_go) StdoutLine: {'line': b'-- Symlinking: /home/jason/projects/unitree_sdk2_ws/install/unitree_go/include/unitree_go/unitree_go/msg/detail/low_state__rosidl_typesupport_fastrtps_cpp.hpp\n'}
[16.850930] (unitree_go) StdoutLine: {'line': b'-- Symlinking: /home/jason/projects/unitree_sdk2_ws/install/unitree_go/include/unitree_go/unitree_go/msg/detail/motor_cmd__rosidl_typesupport_fastrtps_cpp.hpp\n'}
[16.856197] (unitree_go) StdoutLine: {'line': b'-- Symlinking: /home/jason/projects/unitree_sdk2_ws/install/unitree_go/include/unitree_go/unitree_go/msg/detail/motor_cmds__rosidl_typesupport_fastrtps_cpp.hpp\n'}
[16.865017] (unitree_go) StdoutLine: {'line': b'-- Symlinking: /home/jason/projects/unitree_sdk2_ws/install/unitree_go/include/unitree_go/unitree_go/msg/detail/motor_state__rosidl_typesupport_fastrtps_cpp.hpp\n'}
[16.874277] (unitree_go) StdoutLine: {'line': b'-- Symlinking: /home/jason/projects/unitree_sdk2_ws/install/unitree_go/include/unitree_go/unitree_go/msg/detail/motor_states__rosidl_typesupport_fastrtps_cpp.hpp\n'}
[16.879270] (unitree_go) StdoutLine: {'line': b'-- Symlinking: /home/jason/projects/unitree_sdk2_ws/install/unitree_go/include/unitree_go/unitree_go/msg/detail/path_point__rosidl_typesupport_fastrtps_cpp.hpp\n'}
[16.886708] (unitree_go) StdoutLine: {'line': b'-- Symlinking: /home/jason/projects/unitree_sdk2_ws/install/unitree_go/include/unitree_go/unitree_go/msg/detail/req__rosidl_typesupport_fastrtps_cpp.hpp\n'}
[16.887101] (-) TimerEvent: {}
[16.895243] (unitree_go) StdoutLine: {'line': b'-- Symlinking: /home/jason/projects/unitree_sdk2_ws/install/unitree_go/include/unitree_go/unitree_go/msg/detail/res__rosidl_typesupport_fastrtps_cpp.hpp\n'}
[16.902358] (unitree_go) StdoutLine: {'line': b'-- Symlinking: /home/jason/projects/unitree_sdk2_ws/install/unitree_go/include/unitree_go/unitree_go/msg/detail/sport_mode_cmd__rosidl_typesupport_fastrtps_cpp.hpp\n'}
[16.911900] (unitree_go) StdoutLine: {'line': b'-- Symlinking: /home/jason/projects/unitree_sdk2_ws/install/unitree_go/include/unitree_go/unitree_go/msg/detail/sport_mode_state__rosidl_typesupport_fastrtps_cpp.hpp\n'}
[16.920911] (unitree_go) StdoutLine: {'line': b'-- Symlinking: /home/jason/projects/unitree_sdk2_ws/install/unitree_go/include/unitree_go/unitree_go/msg/detail/time_spec__rosidl_typesupport_fastrtps_cpp.hpp\n'}
[16.926495] (unitree_go) StdoutLine: {'line': b'-- Symlinking: /home/jason/projects/unitree_sdk2_ws/install/unitree_go/include/unitree_go/unitree_go/msg/detail/uwb_state__rosidl_typesupport_fastrtps_cpp.hpp\n'}
[16.936959] (unitree_go) StdoutLine: {'line': b'-- Symlinking: /home/jason/projects/unitree_sdk2_ws/install/unitree_go/include/unitree_go/unitree_go/msg/detail/uwb_switch__rosidl_typesupport_fastrtps_cpp.hpp\n'}
[16.942143] (unitree_go) StdoutLine: {'line': b'-- Symlinking: /home/jason/projects/unitree_sdk2_ws/install/unitree_go/include/unitree_go/unitree_go/msg/detail/wireless_controller__rosidl_typesupport_fastrtps_cpp.hpp\n'}
[16.951363] (unitree_go) StdoutLine: {'line': b'-- Symlinking: /home/jason/projects/unitree_sdk2_ws/install/unitree_go/include/unitree_go/unitree_go/msg/rosidl_typesupport_fastrtps_cpp__visibility_control.h\n'}
[16.961346] (unitree_go) StdoutLine: {'line': b'-- Symlinking: /home/jason/projects/unitree_sdk2_ws/install/unitree_go/include/unitree_go/unitree_go/msg/detail/audio_data__rosidl_typesupport_introspection_c.h\n'}
[16.971585] (unitree_go) StdoutLine: {'line': b'-- Symlinking: /home/jason/projects/unitree_sdk2_ws/install/unitree_go/include/unitree_go/unitree_go/msg/detail/bms_cmd__rosidl_typesupport_introspection_c.h\n'}
[16.979752] (unitree_go) StdoutLine: {'line': b'-- Symlinking: /home/jason/projects/unitree_sdk2_ws/install/unitree_go/include/unitree_go/unitree_go/msg/detail/bms_state__rosidl_typesupport_introspection_c.h\n'}
[16.987195] (-) TimerEvent: {}
[16.989649] (unitree_go) StdoutLine: {'line': b'-- Symlinking: /home/jason/projects/unitree_sdk2_ws/install/unitree_go/include/unitree_go/unitree_go/msg/detail/error__rosidl_typesupport_introspection_c.h\n'}
[16.999309] (unitree_go) StdoutLine: {'line': b'-- Symlinking: /home/jason/projects/unitree_sdk2_ws/install/unitree_go/include/unitree_go/unitree_go/msg/detail/go2_front_video_data__rosidl_typesupport_introspection_c.h\n'}
[17.008495] (unitree_go) StdoutLine: {'line': b'-- Symlinking: /home/jason/projects/unitree_sdk2_ws/install/unitree_go/include/unitree_go/unitree_go/msg/detail/height_map__rosidl_typesupport_introspection_c.h\n'}
[17.018001] (unitree_go) StdoutLine: {'line': b'-- Symlinking: /home/jason/projects/unitree_sdk2_ws/install/unitree_go/include/unitree_go/unitree_go/msg/detail/imu_state__rosidl_typesupport_introspection_c.h\n'}
[17.027787] (unitree_go) StdoutLine: {'line': b'-- Symlinking: /home/jason/projects/unitree_sdk2_ws/install/unitree_go/include/unitree_go/unitree_go/msg/detail/interface_config__rosidl_typesupport_introspection_c.h\n'}
[17.032832] (unitree_go) StdoutLine: {'line': b'-- Symlinking: /home/jason/projects/unitree_sdk2_ws/install/unitree_go/include/unitree_go/unitree_go/msg/detail/lidar_state__rosidl_typesupport_introspection_c.h\n'}
[17.042413] (unitree_go) StdoutLine: {'line': b'-- Symlinking: /home/jason/projects/unitree_sdk2_ws/install/unitree_go/include/unitree_go/unitree_go/msg/detail/low_cmd__rosidl_typesupport_introspection_c.h\n'}
[17.052788] (unitree_go) StdoutLine: {'line': b'-- Symlinking: /home/jason/projects/unitree_sdk2_ws/install/unitree_go/include/unitree_go/unitree_go/msg/detail/low_state__rosidl_typesupport_introspection_c.h\n'}
[17.059586] (unitree_go) StdoutLine: {'line': b'-- Symlinking: /home/jason/projects/unitree_sdk2_ws/install/unitree_go/include/unitree_go/unitree_go/msg/detail/motor_cmd__rosidl_typesupport_introspection_c.h\n'}
[17.068860] (unitree_go) StdoutLine: {'line': b'-- Symlinking: /home/jason/projects/unitree_sdk2_ws/install/unitree_go/include/unitree_go/unitree_go/msg/detail/motor_cmds__rosidl_typesupport_introspection_c.h\n'}
[17.078319] (unitree_go) StdoutLine: {'line': b'-- Symlinking: /home/jason/projects/unitree_sdk2_ws/install/unitree_go/include/unitree_go/unitree_go/msg/detail/motor_state__rosidl_typesupport_introspection_c.h\n'}
[17.087294] (unitree_go) StdoutLine: {'line': b'-- Symlinking: /home/jason/projects/unitree_sdk2_ws/install/unitree_go/include/unitree_go/unitree_go/msg/detail/motor_states__rosidl_typesupport_introspection_c.h\n'}
[17.087425] (-) TimerEvent: {}
[17.092128] (unitree_go) StdoutLine: {'line': b'-- Symlinking: /home/jason/projects/unitree_sdk2_ws/install/unitree_go/include/unitree_go/unitree_go/msg/detail/path_point__rosidl_typesupport_introspection_c.h\n'}
[17.100722] (unitree_go) StdoutLine: {'line': b'-- Symlinking: /home/jason/projects/unitree_sdk2_ws/install/unitree_go/include/unitree_go/unitree_go/msg/detail/req__rosidl_typesupport_introspection_c.h\n'}
[17.109741] (unitree_go) StdoutLine: {'line': b'-- Symlinking: /home/jason/projects/unitree_sdk2_ws/install/unitree_go/include/unitree_go/unitree_go/msg/detail/res__rosidl_typesupport_introspection_c.h\n'}
[17.118499] (unitree_go) StdoutLine: {'line': b'-- Symlinking: /home/jason/projects/unitree_sdk2_ws/install/unitree_go/include/unitree_go/unitree_go/msg/detail/sport_mode_cmd__rosidl_typesupport_introspection_c.h\n'}
[17.127692] (unitree_go) StdoutLine: {'line': b'-- Symlinking: /home/jason/projects/unitree_sdk2_ws/install/unitree_go/include/unitree_go/unitree_go/msg/detail/sport_mode_state__rosidl_typesupport_introspection_c.h\n'}
[17.137905] (unitree_go) StdoutLine: {'line': b'-- Symlinking: /home/jason/projects/unitree_sdk2_ws/install/unitree_go/include/unitree_go/unitree_go/msg/detail/time_spec__rosidl_typesupport_introspection_c.h\n'}
[17.147289] (unitree_go) StdoutLine: {'line': b'-- Symlinking: /home/jason/projects/unitree_sdk2_ws/install/unitree_go/include/unitree_go/unitree_go/msg/detail/uwb_state__rosidl_typesupport_introspection_c.h\n'}
[17.155808] (unitree_go) StdoutLine: {'line': b'-- Symlinking: /home/jason/projects/unitree_sdk2_ws/install/unitree_go/include/unitree_go/unitree_go/msg/detail/uwb_switch__rosidl_typesupport_introspection_c.h\n'}
[17.164659] (unitree_go) StdoutLine: {'line': b'-- Symlinking: /home/jason/projects/unitree_sdk2_ws/install/unitree_go/include/unitree_go/unitree_go/msg/detail/wireless_controller__rosidl_typesupport_introspection_c.h\n'}
[17.174405] (unitree_go) StdoutLine: {'line': b'-- Symlinking: /home/jason/projects/unitree_sdk2_ws/install/unitree_go/include/unitree_go/unitree_go/msg/rosidl_typesupport_introspection_c__visibility_control.h\n'}
[17.186625] (unitree_go) StdoutLine: {'line': b'-- Symlinking: /home/jason/projects/unitree_sdk2_ws/install/unitree_go/include/unitree_go/unitree_go/msg/detail/audio_data__rosidl_typesupport_introspection_cpp.hpp\n'}
[17.187540] (-) TimerEvent: {}
[17.195129] (unitree_go) StdoutLine: {'line': b'-- Symlinking: /home/jason/projects/unitree_sdk2_ws/install/unitree_go/include/unitree_go/unitree_go/msg/detail/bms_cmd__rosidl_typesupport_introspection_cpp.hpp\n'}
[17.204054] (unitree_go) StdoutLine: {'line': b'-- Symlinking: /home/jason/projects/unitree_sdk2_ws/install/unitree_go/include/unitree_go/unitree_go/msg/detail/bms_state__rosidl_typesupport_introspection_cpp.hpp\n'}
[17.211985] (unitree_go) StdoutLine: {'line': b'-- Symlinking: /home/jason/projects/unitree_sdk2_ws/install/unitree_go/include/unitree_go/unitree_go/msg/detail/error__rosidl_typesupport_introspection_cpp.hpp\n'}
[17.221183] (unitree_go) StdoutLine: {'line': b'-- Symlinking: /home/jason/projects/unitree_sdk2_ws/install/unitree_go/include/unitree_go/unitree_go/msg/detail/go2_front_video_data__rosidl_typesupport_introspection_cpp.hpp\n'}
[17.229728] (unitree_go) StdoutLine: {'line': b'-- Symlinking: /home/jason/projects/unitree_sdk2_ws/install/unitree_go/include/unitree_go/unitree_go/msg/detail/height_map__rosidl_typesupport_introspection_cpp.hpp\n'}
[17.239061] (unitree_go) StdoutLine: {'line': b'-- Symlinking: /home/jason/projects/unitree_sdk2_ws/install/unitree_go/include/unitree_go/unitree_go/msg/detail/imu_state__rosidl_typesupport_introspection_cpp.hpp\n'}
[17.247634] (unitree_go) StdoutLine: {'line': b'-- Symlinking: /home/jason/projects/unitree_sdk2_ws/install/unitree_go/include/unitree_go/unitree_go/msg/detail/interface_config__rosidl_typesupport_introspection_cpp.hpp\n'}
[17.256327] (unitree_go) StdoutLine: {'line': b'-- Symlinking: /home/jason/projects/unitree_sdk2_ws/install/unitree_go/include/unitree_go/unitree_go/msg/detail/lidar_state__rosidl_typesupport_introspection_cpp.hpp\n'}
[17.264754] (unitree_go) StdoutLine: {'line': b'-- Symlinking: /home/jason/projects/unitree_sdk2_ws/install/unitree_go/include/unitree_go/unitree_go/msg/detail/low_cmd__rosidl_typesupport_introspection_cpp.hpp\n'}
[17.273259] (unitree_go) StdoutLine: {'line': b'-- Symlinking: /home/jason/projects/unitree_sdk2_ws/install/unitree_go/include/unitree_go/unitree_go/msg/detail/low_state__rosidl_typesupport_introspection_cpp.hpp\n'}
[17.281680] (unitree_go) StdoutLine: {'line': b'-- Symlinking: /home/jason/projects/unitree_sdk2_ws/install/unitree_go/include/unitree_go/unitree_go/msg/detail/motor_cmd__rosidl_typesupport_introspection_cpp.hpp\n'}
[17.287632] (-) TimerEvent: {}
[17.289924] (unitree_go) StdoutLine: {'line': b'-- Symlinking: /home/jason/projects/unitree_sdk2_ws/install/unitree_go/include/unitree_go/unitree_go/msg/detail/motor_cmds__rosidl_typesupport_introspection_cpp.hpp\n'}
[17.298933] (unitree_go) StdoutLine: {'line': b'-- Symlinking: /home/jason/projects/unitree_sdk2_ws/install/unitree_go/include/unitree_go/unitree_go/msg/detail/motor_state__rosidl_typesupport_introspection_cpp.hpp\n'}
[17.307749] (unitree_go) StdoutLine: {'line': b'-- Symlinking: /home/jason/projects/unitree_sdk2_ws/install/unitree_go/include/unitree_go/unitree_go/msg/detail/motor_states__rosidl_typesupport_introspection_cpp.hpp\n'}
[17.316823] (unitree_go) StdoutLine: {'line': b'-- Symlinking: /home/jason/projects/unitree_sdk2_ws/install/unitree_go/include/unitree_go/unitree_go/msg/detail/path_point__rosidl_typesupport_introspection_cpp.hpp\n'}
[17.325341] (unitree_go) StdoutLine: {'line': b'-- Symlinking: /home/jason/projects/unitree_sdk2_ws/install/unitree_go/include/unitree_go/unitree_go/msg/detail/req__rosidl_typesupport_introspection_cpp.hpp\n'}
[17.330456] (unitree_go) StdoutLine: {'line': b'-- Symlinking: /home/jason/projects/unitree_sdk2_ws/install/unitree_go/include/unitree_go/unitree_go/msg/detail/res__rosidl_typesupport_introspection_cpp.hpp\n'}
[17.339749] (unitree_go) StdoutLine: {'line': b'-- Symlinking: /home/jason/projects/unitree_sdk2_ws/install/unitree_go/include/unitree_go/unitree_go/msg/detail/sport_mode_cmd__rosidl_typesupport_introspection_cpp.hpp\n'}
[17.347954] (unitree_go) StdoutLine: {'line': b'-- Symlinking: /home/jason/projects/unitree_sdk2_ws/install/unitree_go/include/unitree_go/unitree_go/msg/detail/sport_mode_state__rosidl_typesupport_introspection_cpp.hpp\n'}
[17.357079] (unitree_go) StdoutLine: {'line': b'-- Symlinking: /home/jason/projects/unitree_sdk2_ws/install/unitree_go/include/unitree_go/unitree_go/msg/detail/time_spec__rosidl_typesupport_introspection_cpp.hpp\n'}
[17.365988] (unitree_go) StdoutLine: {'line': b'-- Symlinking: /home/jason/projects/unitree_sdk2_ws/install/unitree_go/include/unitree_go/unitree_go/msg/detail/uwb_state__rosidl_typesupport_introspection_cpp.hpp\n'}
[17.376353] (unitree_go) StdoutLine: {'line': b'-- Symlinking: /home/jason/projects/unitree_sdk2_ws/install/unitree_go/include/unitree_go/unitree_go/msg/detail/uwb_switch__rosidl_typesupport_introspection_cpp.hpp\n'}
[17.385744] (unitree_go) StdoutLine: {'line': b'-- Symlinking: /home/jason/projects/unitree_sdk2_ws/install/unitree_go/include/unitree_go/unitree_go/msg/detail/wireless_controller__rosidl_typesupport_introspection_cpp.hpp\n'}
[17.387727] (-) TimerEvent: {}
[17.394978] (unitree_go) StdoutLine: {'line': b'-- Symlinking: /home/jason/projects/unitree_sdk2_ws/install/unitree_go/share/unitree_go/environment/pythonpath.sh\n'}
[17.400104] (unitree_go) StdoutLine: {'line': b'-- Symlinking: /home/jason/projects/unitree_sdk2_ws/install/unitree_go/share/unitree_go/environment/pythonpath.dsv\n'}
[17.406675] (unitree_go) StdoutLine: {'line': b'-- Symlinking: /home/jason/projects/unitree_sdk2_ws/install/unitree_go/local/lib/python3.10/dist-packages/unitree_go-0.0.0-py3.10.egg-info/PKG-INFO\n'}
[17.415413] (unitree_go) StdoutLine: {'line': b'-- Symlinking: /home/jason/projects/unitree_sdk2_ws/install/unitree_go/local/lib/python3.10/dist-packages/unitree_go-0.0.0-py3.10.egg-info/SOURCES.txt\n'}
[17.422245] (unitree_go) StdoutLine: {'line': b'-- Symlinking: /home/jason/projects/unitree_sdk2_ws/install/unitree_go/local/lib/python3.10/dist-packages/unitree_go-0.0.0-py3.10.egg-info/dependency_links.txt\n'}
[17.430852] (unitree_go) StdoutLine: {'line': b'-- Symlinking: /home/jason/projects/unitree_sdk2_ws/install/unitree_go/local/lib/python3.10/dist-packages/unitree_go-0.0.0-py3.10.egg-info/top_level.txt\n'}
[17.438543] (unitree_go) StdoutLine: {'line': b'-- Symlinking: /home/jason/projects/unitree_sdk2_ws/install/unitree_go/local/lib/python3.10/dist-packages/unitree_go/__init__.py\n'}
[17.448493] (unitree_go) StdoutLine: {'line': b'-- Symlinking: /home/jason/projects/unitree_sdk2_ws/install/unitree_go/local/lib/python3.10/dist-packages/unitree_go/_unitree_go_s.ep.rosidl_typesupport_c.c\n'}
[17.459657] (unitree_go) StdoutLine: {'line': b'-- Symlinking: /home/jason/projects/unitree_sdk2_ws/install/unitree_go/local/lib/python3.10/dist-packages/unitree_go/_unitree_go_s.ep.rosidl_typesupport_fastrtps_c.c\n'}
[17.467764] (unitree_go) StdoutLine: {'line': b'-- Symlinking: /home/jason/projects/unitree_sdk2_ws/install/unitree_go/local/lib/python3.10/dist-packages/unitree_go/_unitree_go_s.ep.rosidl_typesupport_introspection_c.c\n'}
[17.474979] (unitree_go) StdoutLine: {'line': b'-- Symlinking: /home/jason/projects/unitree_sdk2_ws/install/unitree_go/local/lib/python3.10/dist-packages/unitree_go/libunitree_go__rosidl_generator_py.so\n'}
[17.484524] (unitree_go) StdoutLine: {'line': b'-- Symlinking: /home/jason/projects/unitree_sdk2_ws/install/unitree_go/local/lib/python3.10/dist-packages/unitree_go/msg/__init__.py\n'}
[17.487824] (-) TimerEvent: {}
[17.492764] (unitree_go) StdoutLine: {'line': b'-- Symlinking: /home/jason/projects/unitree_sdk2_ws/install/unitree_go/local/lib/python3.10/dist-packages/unitree_go/msg/_audio_data.py\n'}
[17.501265] (unitree_go) StdoutLine: {'line': b'-- Symlinking: /home/jason/projects/unitree_sdk2_ws/install/unitree_go/local/lib/python3.10/dist-packages/unitree_go/msg/_audio_data_s.c\n'}
[17.510339] (unitree_go) StdoutLine: {'line': b'-- Symlinking: /home/jason/projects/unitree_sdk2_ws/install/unitree_go/local/lib/python3.10/dist-packages/unitree_go/msg/_bms_cmd.py\n'}
[17.515287] (unitree_go) StdoutLine: {'line': b'-- Symlinking: /home/jason/projects/unitree_sdk2_ws/install/unitree_go/local/lib/python3.10/dist-packages/unitree_go/msg/_bms_cmd_s.c\n'}
[17.524686] (unitree_go) StdoutLine: {'line': b'-- Symlinking: /home/jason/projects/unitree_sdk2_ws/install/unitree_go/local/lib/python3.10/dist-packages/unitree_go/msg/_bms_state.py\n'}
[17.534346] (unitree_go) StdoutLine: {'line': b'-- Symlinking: /home/jason/projects/unitree_sdk2_ws/install/unitree_go/local/lib/python3.10/dist-packages/unitree_go/msg/_bms_state_s.c\n'}
[17.543597] (unitree_go) StdoutLine: {'line': b'-- Symlinking: /home/jason/projects/unitree_sdk2_ws/install/unitree_go/local/lib/python3.10/dist-packages/unitree_go/msg/_error.py\n'}
[17.548619] (unitree_go) StdoutLine: {'line': b'-- Symlinking: /home/jason/projects/unitree_sdk2_ws/install/unitree_go/local/lib/python3.10/dist-packages/unitree_go/msg/_error_s.c\n'}
[17.557603] (unitree_go) StdoutLine: {'line': b'-- Symlinking: /home/jason/projects/unitree_sdk2_ws/install/unitree_go/local/lib/python3.10/dist-packages/unitree_go/msg/_go2_front_video_data.py\n'}
[17.564109] (unitree_go) StdoutLine: {'line': b'-- Symlinking: /home/jason/projects/unitree_sdk2_ws/install/unitree_go/local/lib/python3.10/dist-packages/unitree_go/msg/_go2_front_video_data_s.c\n'}
[17.572506] (unitree_go) StdoutLine: {'line': b'-- Symlinking: /home/jason/projects/unitree_sdk2_ws/install/unitree_go/local/lib/python3.10/dist-packages/unitree_go/msg/_height_map.py\n'}
[17.580618] (unitree_go) StdoutLine: {'line': b'-- Symlinking: /home/jason/projects/unitree_sdk2_ws/install/unitree_go/local/lib/python3.10/dist-packages/unitree_go/msg/_height_map_s.c\n'}
[17.587921] (-) TimerEvent: {}
[17.590136] (unitree_go) StdoutLine: {'line': b'-- Symlinking: /home/jason/projects/unitree_sdk2_ws/install/unitree_go/local/lib/python3.10/dist-packages/unitree_go/msg/_imu_state.py\n'}
[17.599245] (unitree_go) StdoutLine: {'line': b'-- Symlinking: /home/jason/projects/unitree_sdk2_ws/install/unitree_go/local/lib/python3.10/dist-packages/unitree_go/msg/_imu_state_s.c\n'}
[17.608564] (unitree_go) StdoutLine: {'line': b'-- Symlinking: /home/jason/projects/unitree_sdk2_ws/install/unitree_go/local/lib/python3.10/dist-packages/unitree_go/msg/_interface_config.py\n'}
[17.613641] (unitree_go) StdoutLine: {'line': b'-- Symlinking: /home/jason/projects/unitree_sdk2_ws/install/unitree_go/local/lib/python3.10/dist-packages/unitree_go/msg/_interface_config_s.c\n'}
[17.621621] (unitree_go) StdoutLine: {'line': b'-- Symlinking: /home/jason/projects/unitree_sdk2_ws/install/unitree_go/local/lib/python3.10/dist-packages/unitree_go/msg/_lidar_state.py\n'}
[17.631797] (unitree_go) StdoutLine: {'line': b'-- Symlinking: /home/jason/projects/unitree_sdk2_ws/install/unitree_go/local/lib/python3.10/dist-packages/unitree_go/msg/_lidar_state_s.c\n'}
[17.641473] (unitree_go) StdoutLine: {'line': b'-- Symlinking: /home/jason/projects/unitree_sdk2_ws/install/unitree_go/local/lib/python3.10/dist-packages/unitree_go/msg/_low_cmd.py\n'}
[17.650715] (unitree_go) StdoutLine: {'line': b'-- Symlinking: /home/jason/projects/unitree_sdk2_ws/install/unitree_go/local/lib/python3.10/dist-packages/unitree_go/msg/_low_cmd_s.c\n'}
[17.659640] (unitree_go) StdoutLine: {'line': b'-- Symlinking: /home/jason/projects/unitree_sdk2_ws/install/unitree_go/local/lib/python3.10/dist-packages/unitree_go/msg/_low_state.py\n'}
[17.666462] (unitree_go) StdoutLine: {'line': b'-- Symlinking: /home/jason/projects/unitree_sdk2_ws/install/unitree_go/local/lib/python3.10/dist-packages/unitree_go/msg/_low_state_s.c\n'}
[17.671432] (unitree_go) StdoutLine: {'line': b'-- Symlinking: /home/jason/projects/unitree_sdk2_ws/install/unitree_go/local/lib/python3.10/dist-packages/unitree_go/msg/_motor_cmd.py\n'}
[17.677723] (unitree_go) StdoutLine: {'line': b'-- Symlinking: /home/jason/projects/unitree_sdk2_ws/install/unitree_go/local/lib/python3.10/dist-packages/unitree_go/msg/_motor_cmd_s.c\n'}
[17.686769] (unitree_go) StdoutLine: {'line': b'-- Symlinking: /home/jason/projects/unitree_sdk2_ws/install/unitree_go/local/lib/python3.10/dist-packages/unitree_go/msg/_motor_cmds.py\n'}
[17.688584] (-) TimerEvent: {}
[17.694977] (unitree_go) StdoutLine: {'line': b'-- Symlinking: /home/jason/projects/unitree_sdk2_ws/install/unitree_go/local/lib/python3.10/dist-packages/unitree_go/msg/_motor_cmds_s.c\n'}
[17.699774] (unitree_go) StdoutLine: {'line': b'-- Symlinking: /home/jason/projects/unitree_sdk2_ws/install/unitree_go/local/lib/python3.10/dist-packages/unitree_go/msg/_motor_state.py\n'}
[17.705278] (unitree_go) StdoutLine: {'line': b'-- Symlinking: /home/jason/projects/unitree_sdk2_ws/install/unitree_go/local/lib/python3.10/dist-packages/unitree_go/msg/_motor_state_s.c\n'}
[17.714289] (unitree_go) StdoutLine: {'line': b'-- Symlinking: /home/jason/projects/unitree_sdk2_ws/install/unitree_go/local/lib/python3.10/dist-packages/unitree_go/msg/_motor_states.py\n'}
[17.723793] (unitree_go) StdoutLine: {'line': b'-- Symlinking: /home/jason/projects/unitree_sdk2_ws/install/unitree_go/local/lib/python3.10/dist-packages/unitree_go/msg/_motor_states_s.c\n'}
[17.733297] (unitree_go) StdoutLine: {'line': b'-- Symlinking: /home/jason/projects/unitree_sdk2_ws/install/unitree_go/local/lib/python3.10/dist-packages/unitree_go/msg/_path_point.py\n'}
[17.740176] (unitree_go) StdoutLine: {'line': b'-- Symlinking: /home/jason/projects/unitree_sdk2_ws/install/unitree_go/local/lib/python3.10/dist-packages/unitree_go/msg/_path_point_s.c\n'}
[17.748613] (unitree_go) StdoutLine: {'line': b'-- Symlinking: /home/jason/projects/unitree_sdk2_ws/install/unitree_go/local/lib/python3.10/dist-packages/unitree_go/msg/_req.py\n'}
[17.752643] (unitree_go) StdoutLine: {'line': b'-- Symlinking: /home/jason/projects/unitree_sdk2_ws/install/unitree_go/local/lib/python3.10/dist-packages/unitree_go/msg/_req_s.c\n'}
[17.759002] (unitree_go) StdoutLine: {'line': b'-- Symlinking: /home/jason/projects/unitree_sdk2_ws/install/unitree_go/local/lib/python3.10/dist-packages/unitree_go/msg/_res.py\n'}
[17.768023] (unitree_go) StdoutLine: {'line': b'-- Symlinking: /home/jason/projects/unitree_sdk2_ws/install/unitree_go/local/lib/python3.10/dist-packages/unitree_go/msg/_res_s.c\n'}
[17.776856] (unitree_go) StdoutLine: {'line': b'-- Symlinking: /home/jason/projects/unitree_sdk2_ws/install/unitree_go/local/lib/python3.10/dist-packages/unitree_go/msg/_sport_mode_cmd.py\n'}
[17.785732] (unitree_go) StdoutLine: {'line': b'-- Symlinking: /home/jason/projects/unitree_sdk2_ws/install/unitree_go/local/lib/python3.10/dist-packages/unitree_go/msg/_sport_mode_cmd_s.c\n'}
[17.789555] (-) TimerEvent: {}
[17.794498] (unitree_go) StdoutLine: {'line': b'-- Symlinking: /home/jason/projects/unitree_sdk2_ws/install/unitree_go/local/lib/python3.10/dist-packages/unitree_go/msg/_sport_mode_state.py\n'}
[17.799151] (unitree_go) StdoutLine: {'line': b'-- Symlinking: /home/jason/projects/unitree_sdk2_ws/install/unitree_go/local/lib/python3.10/dist-packages/unitree_go/msg/_sport_mode_state_s.c\n'}
[17.808325] (unitree_go) StdoutLine: {'line': b'-- Symlinking: /home/jason/projects/unitree_sdk2_ws/install/unitree_go/local/lib/python3.10/dist-packages/unitree_go/msg/_time_spec.py\n'}
[17.818053] (unitree_go) StdoutLine: {'line': b'-- Symlinking: /home/jason/projects/unitree_sdk2_ws/install/unitree_go/local/lib/python3.10/dist-packages/unitree_go/msg/_time_spec_s.c\n'}
[17.829386] (unitree_go) StdoutLine: {'line': b'-- Symlinking: /home/jason/projects/unitree_sdk2_ws/install/unitree_go/local/lib/python3.10/dist-packages/unitree_go/msg/_uwb_state.py\n'}
[17.840570] (unitree_go) StdoutLine: {'line': b'-- Symlinking: /home/jason/projects/unitree_sdk2_ws/install/unitree_go/local/lib/python3.10/dist-packages/unitree_go/msg/_uwb_state_s.c\n'}
[17.850600] (unitree_go) StdoutLine: {'line': b'-- Symlinking: /home/jason/projects/unitree_sdk2_ws/install/unitree_go/local/lib/python3.10/dist-packages/unitree_go/msg/_uwb_switch.py\n'}
[17.856470] (unitree_go) StdoutLine: {'line': b'-- Symlinking: /home/jason/projects/unitree_sdk2_ws/install/unitree_go/local/lib/python3.10/dist-packages/unitree_go/msg/_uwb_switch_s.c\n'}
[17.865530] (unitree_go) StdoutLine: {'line': b'-- Symlinking: /home/jason/projects/unitree_sdk2_ws/install/unitree_go/local/lib/python3.10/dist-packages/unitree_go/msg/_wireless_controller.py\n'}
[17.872503] (unitree_go) StdoutLine: {'line': b'-- Symlinking: /home/jason/projects/unitree_sdk2_ws/install/unitree_go/local/lib/python3.10/dist-packages/unitree_go/msg/_wireless_controller_s.c\n'}
[17.883703] (unitree_go) StdoutLine: {'line': b'-- Symlinking: /home/jason/projects/unitree_sdk2_ws/install/unitree_go/local/lib/python3.10/dist-packages/unitree_go/unitree_go_s__rosidl_typesupport_c.cpython-310-x86_64-linux-gnu.so\n'}
[17.889633] (-) TimerEvent: {}
[17.892934] (unitree_go) StdoutLine: {'line': b'-- Symlinking: /home/jason/projects/unitree_sdk2_ws/install/unitree_go/local/lib/python3.10/dist-packages/unitree_go/unitree_go_s__rosidl_typesupport_fastrtps_c.cpython-310-x86_64-linux-gnu.so\n'}
[17.901933] (unitree_go) StdoutLine: {'line': b'-- Symlinking: /home/jason/projects/unitree_sdk2_ws/install/unitree_go/local/lib/python3.10/dist-packages/unitree_go/unitree_go_s__rosidl_typesupport_introspection_c.cpython-310-x86_64-linux-gnu.so\n'}
[17.911680] (unitree_go) StdoutLine: {'line': b'-- Up-to-date symlink: /home/jason/projects/unitree_sdk2_ws/install/unitree_go/local/lib/python3.10/dist-packages/unitree_go/unitree_go_s__rosidl_typesupport_fastrtps_c.cpython-310-x86_64-linux-gnu.so\n'}
[17.911922] (unitree_go) StdoutLine: {'line': b'-- Up-to-date symlink: /home/jason/projects/unitree_sdk2_ws/install/unitree_go/local/lib/python3.10/dist-packages/unitree_go/unitree_go_s__rosidl_typesupport_introspection_c.cpython-310-x86_64-linux-gnu.so\n'}
[17.912070] (unitree_go) StdoutLine: {'line': b'-- Up-to-date symlink: /home/jason/projects/unitree_sdk2_ws/install/unitree_go/local/lib/python3.10/dist-packages/unitree_go/unitree_go_s__rosidl_typesupport_c.cpython-310-x86_64-linux-gnu.so\n'}
[17.912132] (unitree_go) StdoutLine: {'line': b'-- Symlinking: /home/jason/projects/unitree_sdk2_ws/install/unitree_go/share/unitree_go/msg/AudioData.idl\n'}
[17.920911] (unitree_go) StdoutLine: {'line': b'-- Symlinking: /home/jason/projects/unitree_sdk2_ws/install/unitree_go/share/unitree_go/msg/BmsCmd.idl\n'}
[17.928955] (unitree_go) StdoutLine: {'line': b'-- Symlinking: /home/jason/projects/unitree_sdk2_ws/install/unitree_go/share/unitree_go/msg/BmsState.idl\n'}
[17.937863] (unitree_go) StdoutLine: {'line': b'-- Symlinking: /home/jason/projects/unitree_sdk2_ws/install/unitree_go/share/unitree_go/msg/Error.idl\n'}
[17.946579] (unitree_go) StdoutLine: {'line': b'-- Symlinking: /home/jason/projects/unitree_sdk2_ws/install/unitree_go/share/unitree_go/msg/Go2FrontVideoData.idl\n'}
[17.955232] (unitree_go) StdoutLine: {'line': b'-- Symlinking: /home/jason/projects/unitree_sdk2_ws/install/unitree_go/share/unitree_go/msg/HeightMap.idl\n'}
[17.963854] (unitree_go) StdoutLine: {'line': b'-- Symlinking: /home/jason/projects/unitree_sdk2_ws/install/unitree_go/share/unitree_go/msg/IMUState.idl\n'}
[17.972136] (unitree_go) StdoutLine: {'line': b'-- Symlinking: /home/jason/projects/unitree_sdk2_ws/install/unitree_go/share/unitree_go/msg/InterfaceConfig.idl\n'}
[17.980687] (unitree_go) StdoutLine: {'line': b'-- Symlinking: /home/jason/projects/unitree_sdk2_ws/install/unitree_go/share/unitree_go/msg/LidarState.idl\n'}
[17.988992] (unitree_go) StdoutLine: {'line': b'-- Symlinking: /home/jason/projects/unitree_sdk2_ws/install/unitree_go/share/unitree_go/msg/LowCmd.idl\n'}
[17.989702] (-) TimerEvent: {}
[17.997242] (unitree_go) StdoutLine: {'line': b'-- Symlinking: /home/jason/projects/unitree_sdk2_ws/install/unitree_go/share/unitree_go/msg/LowState.idl\n'}
[18.005710] (unitree_go) StdoutLine: {'line': b'-- Symlinking: /home/jason/projects/unitree_sdk2_ws/install/unitree_go/share/unitree_go/msg/MotorCmd.idl\n'}
[18.013779] (unitree_go) StdoutLine: {'line': b'-- Symlinking: /home/jason/projects/unitree_sdk2_ws/install/unitree_go/share/unitree_go/msg/MotorCmds.idl\n'}
[18.021390] (unitree_go) StdoutLine: {'line': b'-- Symlinking: /home/jason/projects/unitree_sdk2_ws/install/unitree_go/share/unitree_go/msg/MotorState.idl\n'}
[18.030461] (unitree_go) StdoutLine: {'line': b'-- Symlinking: /home/jason/projects/unitree_sdk2_ws/install/unitree_go/share/unitree_go/msg/MotorStates.idl\n'}
[18.039698] (unitree_go) StdoutLine: {'line': b'-- Symlinking: /home/jason/projects/unitree_sdk2_ws/install/unitree_go/share/unitree_go/msg/PathPoint.idl\n'}
[18.048365] (unitree_go) StdoutLine: {'line': b'-- Symlinking: /home/jason/projects/unitree_sdk2_ws/install/unitree_go/share/unitree_go/msg/Req.idl\n'}
[18.058185] (unitree_go) StdoutLine: {'line': b'-- Symlinking: /home/jason/projects/unitree_sdk2_ws/install/unitree_go/share/unitree_go/msg/Res.idl\n'}
[18.067288] (unitree_go) StdoutLine: {'line': b'-- Symlinking: /home/jason/projects/unitree_sdk2_ws/install/unitree_go/share/unitree_go/msg/SportModeCmd.idl\n'}
[18.077807] (unitree_go) StdoutLine: {'line': b'-- Symlinking: /home/jason/projects/unitree_sdk2_ws/install/unitree_go/share/unitree_go/msg/SportModeState.idl\n'}
[18.086833] (unitree_go) StdoutLine: {'line': b'-- Symlinking: /home/jason/projects/unitree_sdk2_ws/install/unitree_go/share/unitree_go/msg/TimeSpec.idl\n'}
[18.089802] (-) TimerEvent: {}
[18.095911] (unitree_go) StdoutLine: {'line': b'-- Symlinking: /home/jason/projects/unitree_sdk2_ws/install/unitree_go/share/unitree_go/msg/UwbState.idl\n'}
[18.105341] (unitree_go) StdoutLine: {'line': b'-- Symlinking: /home/jason/projects/unitree_sdk2_ws/install/unitree_go/share/unitree_go/msg/UwbSwitch.idl\n'}
[18.114380] (unitree_go) StdoutLine: {'line': b'-- Symlinking: /home/jason/projects/unitree_sdk2_ws/install/unitree_go/share/unitree_go/msg/WirelessController.idl\n'}
[18.123623] (unitree_go) StdoutLine: {'line': b'-- Symlinking: /home/jason/projects/unitree_sdk2_ws/install/unitree_go/share/unitree_go/msg/AudioData.msg\n'}
[18.131561] (unitree_go) StdoutLine: {'line': b'-- Symlinking: /home/jason/projects/unitree_sdk2_ws/install/unitree_go/share/unitree_go/msg/BmsCmd.msg\n'}
[18.141253] (unitree_go) StdoutLine: {'line': b'-- Symlinking: /home/jason/projects/unitree_sdk2_ws/install/unitree_go/share/unitree_go/msg/BmsState.msg\n'}
[18.150294] (unitree_go) StdoutLine: {'line': b'-- Symlinking: /home/jason/projects/unitree_sdk2_ws/install/unitree_go/share/unitree_go/msg/Error.msg\n'}
[18.159717] (unitree_go) StdoutLine: {'line': b'-- Symlinking: /home/jason/projects/unitree_sdk2_ws/install/unitree_go/share/unitree_go/msg/Go2FrontVideoData.msg\n'}
[18.168674] (unitree_go) StdoutLine: {'line': b'-- Symlinking: /home/jason/projects/unitree_sdk2_ws/install/unitree_go/share/unitree_go/msg/HeightMap.msg\n'}
[18.177666] (unitree_go) StdoutLine: {'line': b'-- Symlinking: /home/jason/projects/unitree_sdk2_ws/install/unitree_go/share/unitree_go/msg/IMUState.msg\n'}
[18.186434] (unitree_go) StdoutLine: {'line': b'-- Symlinking: /home/jason/projects/unitree_sdk2_ws/install/unitree_go/share/unitree_go/msg/InterfaceConfig.msg\n'}
[18.189896] (-) TimerEvent: {}
[18.195550] (unitree_go) StdoutLine: {'line': b'-- Symlinking: /home/jason/projects/unitree_sdk2_ws/install/unitree_go/share/unitree_go/msg/LidarState.msg\n'}
[18.203448] (unitree_go) StdoutLine: {'line': b'-- Symlinking: /home/jason/projects/unitree_sdk2_ws/install/unitree_go/share/unitree_go/msg/LowCmd.msg\n'}
[18.212378] (unitree_go) StdoutLine: {'line': b'-- Symlinking: /home/jason/projects/unitree_sdk2_ws/install/unitree_go/share/unitree_go/msg/LowState.msg\n'}
[18.216864] (unitree_go) StdoutLine: {'line': b'-- Symlinking: /home/jason/projects/unitree_sdk2_ws/install/unitree_go/share/unitree_go/msg/MotorCmd.msg\n'}
[18.226506] (unitree_go) StdoutLine: {'line': b'-- Symlinking: /home/jason/projects/unitree_sdk2_ws/install/unitree_go/share/unitree_go/msg/MotorCmds.msg\n'}
[18.235990] (unitree_go) StdoutLine: {'line': b'-- Symlinking: /home/jason/projects/unitree_sdk2_ws/install/unitree_go/share/unitree_go/msg/MotorState.msg\n'}
[18.245140] (unitree_go) StdoutLine: {'line': b'-- Symlinking: /home/jason/projects/unitree_sdk2_ws/install/unitree_go/share/unitree_go/msg/MotorStates.msg\n'}
[18.253667] (unitree_go) StdoutLine: {'line': b'-- Symlinking: /home/jason/projects/unitree_sdk2_ws/install/unitree_go/share/unitree_go/msg/PathPoint.msg\n'}
[18.262569] (unitree_go) StdoutLine: {'line': b'-- Symlinking: /home/jason/projects/unitree_sdk2_ws/install/unitree_go/share/unitree_go/msg/Req.msg\n'}
[18.267408] (unitree_go) StdoutLine: {'line': b'-- Symlinking: /home/jason/projects/unitree_sdk2_ws/install/unitree_go/share/unitree_go/msg/Res.msg\n'}
[18.276431] (unitree_go) StdoutLine: {'line': b'-- Symlinking: /home/jason/projects/unitree_sdk2_ws/install/unitree_go/share/unitree_go/msg/SportModeCmd.msg\n'}
[18.285724] (unitree_go) StdoutLine: {'line': b'-- Symlinking: /home/jason/projects/unitree_sdk2_ws/install/unitree_go/share/unitree_go/msg/SportModeState.msg\n'}
[18.289994] (-) TimerEvent: {}
[18.293256] (unitree_go) StdoutLine: {'line': b'-- Symlinking: /home/jason/projects/unitree_sdk2_ws/install/unitree_go/share/unitree_go/msg/TimeSpec.msg\n'}
[18.302308] (unitree_go) StdoutLine: {'line': b'-- Symlinking: /home/jason/projects/unitree_sdk2_ws/install/unitree_go/share/unitree_go/msg/UwbState.msg\n'}
[18.311201] (unitree_go) StdoutLine: {'line': b'-- Symlinking: /home/jason/projects/unitree_sdk2_ws/install/unitree_go/share/unitree_go/msg/UwbSwitch.msg\n'}
[18.320073] (unitree_go) StdoutLine: {'line': b'-- Symlinking: /home/jason/projects/unitree_sdk2_ws/install/unitree_go/share/unitree_go/msg/WirelessController.msg\n'}
[18.329635] (unitree_go) StdoutLine: {'line': b'-- Symlinking: /home/jason/projects/unitree_sdk2_ws/install/unitree_go/share/unitree_go/msg/dds_connext/AudioData_.idl\n'}
[18.338342] (unitree_go) StdoutLine: {'line': b'-- Symlinking: /home/jason/projects/unitree_sdk2_ws/install/unitree_go/share/unitree_go/msg/dds_connext/BmsCmd_.idl\n'}
[18.347538] (unitree_go) StdoutLine: {'line': b'-- Symlinking: /home/jason/projects/unitree_sdk2_ws/install/unitree_go/share/unitree_go/msg/dds_connext/BmsState_.idl\n'}
[18.356778] (unitree_go) StdoutLine: {'line': b'-- Symlinking: /home/jason/projects/unitree_sdk2_ws/install/unitree_go/share/unitree_go/msg/dds_connext/Error_.idl\n'}
[18.365753] (unitree_go) StdoutLine: {'line': b'-- Symlinking: /home/jason/projects/unitree_sdk2_ws/install/unitree_go/share/unitree_go/msg/dds_connext/Go2FrontVideoData_.idl\n'}
[18.370658] (unitree_go) StdoutLine: {'line': b'-- Symlinking: /home/jason/projects/unitree_sdk2_ws/install/unitree_go/share/unitree_go/msg/dds_connext/HeightMap_.idl\n'}
[18.379509] (unitree_go) StdoutLine: {'line': b'-- Symlinking: /home/jason/projects/unitree_sdk2_ws/install/unitree_go/share/unitree_go/msg/dds_connext/IMUState_.idl\n'}
[18.388351] (unitree_go) StdoutLine: {'line': b'-- Symlinking: /home/jason/projects/unitree_sdk2_ws/install/unitree_go/share/unitree_go/msg/dds_connext/InterfaceConfig_.idl\n'}
[18.390176] (-) TimerEvent: {}
[18.397225] (unitree_go) StdoutLine: {'line': b'-- Symlinking: /home/jason/projects/unitree_sdk2_ws/install/unitree_go/share/unitree_go/msg/dds_connext/LidarState_.idl\n'}
[18.406669] (unitree_go) StdoutLine: {'line': b'-- Symlinking: /home/jason/projects/unitree_sdk2_ws/install/unitree_go/share/unitree_go/msg/dds_connext/LowCmd_.idl\n'}
[18.415595] (unitree_go) StdoutLine: {'line': b'-- Symlinking: /home/jason/projects/unitree_sdk2_ws/install/unitree_go/share/unitree_go/msg/dds_connext/LowState_.idl\n'}
[18.425135] (unitree_go) StdoutLine: {'line': b'-- Symlinking: /home/jason/projects/unitree_sdk2_ws/install/unitree_go/share/unitree_go/msg/dds_connext/MotorCmd_.idl\n'}
[18.434211] (unitree_go) StdoutLine: {'line': b'-- Symlinking: /home/jason/projects/unitree_sdk2_ws/install/unitree_go/share/unitree_go/msg/dds_connext/MotorCmds_.idl\n'}
[18.443329] (unitree_go) StdoutLine: {'line': b'-- Symlinking: /home/jason/projects/unitree_sdk2_ws/install/unitree_go/share/unitree_go/msg/dds_connext/MotorState_.idl\n'}
[18.447977] (unitree_go) StdoutLine: {'line': b'-- Symlinking: /home/jason/projects/unitree_sdk2_ws/install/unitree_go/share/unitree_go/msg/dds_connext/MotorStates_.idl\n'}
[18.455429] (unitree_go) StdoutLine: {'line': b'-- Symlinking: /home/jason/projects/unitree_sdk2_ws/install/unitree_go/share/unitree_go/msg/dds_connext/PathPoint_.idl\n'}
[18.463364] (unitree_go) StdoutLine: {'line': b'-- Symlinking: /home/jason/projects/unitree_sdk2_ws/install/unitree_go/share/unitree_go/msg/dds_connext/Req_.idl\n'}
[18.472555] (unitree_go) StdoutLine: {'line': b'-- Symlinking: /home/jason/projects/unitree_sdk2_ws/install/unitree_go/share/unitree_go/msg/dds_connext/Res_.idl\n'}
[18.477574] (unitree_go) StdoutLine: {'line': b'-- Symlinking: /home/jason/projects/unitree_sdk2_ws/install/unitree_go/share/unitree_go/msg/dds_connext/SportModeCmd_.idl\n'}
[18.485651] (unitree_go) StdoutLine: {'line': b'-- Symlinking: /home/jason/projects/unitree_sdk2_ws/install/unitree_go/share/unitree_go/msg/dds_connext/SportModeState_.idl\n'}
[18.490260] (-) TimerEvent: {}
[18.494586] (unitree_go) StdoutLine: {'line': b'-- Symlinking: /home/jason/projects/unitree_sdk2_ws/install/unitree_go/share/unitree_go/msg/dds_connext/TimeSpec_.idl\n'}
[18.502513] (unitree_go) StdoutLine: {'line': b'-- Symlinking: /home/jason/projects/unitree_sdk2_ws/install/unitree_go/share/unitree_go/msg/dds_connext/UwbState_.idl\n'}
[18.507709] (unitree_go) StdoutLine: {'line': b'-- Symlinking: /home/jason/projects/unitree_sdk2_ws/install/unitree_go/share/unitree_go/msg/dds_connext/UwbSwitch_.idl\n'}
[18.516827] (unitree_go) StdoutLine: {'line': b'-- Symlinking: /home/jason/projects/unitree_sdk2_ws/install/unitree_go/share/unitree_go/msg/dds_connext/WirelessController_.idl\n'}
[18.525453] (unitree_go) StdoutLine: {'line': b'-- Symlinking: /home/jason/projects/unitree_sdk2_ws/install/unitree_go/share/ament_index/resource_index/package_run_dependencies/unitree_go\n'}
[18.534505] (unitree_go) StdoutLine: {'line': b'-- Symlinking: /home/jason/projects/unitree_sdk2_ws/install/unitree_go/share/ament_index/resource_index/parent_prefix_path/unitree_go\n'}
[18.547697] (unitree_go) StdoutLine: {'line': b'-- Symlinking: /home/jason/projects/unitree_sdk2_ws/install/unitree_go/share/unitree_go/environment/ament_prefix_path.sh\n'}
[18.556618] (unitree_go) StdoutLine: {'line': b'-- Symlinking: /home/jason/projects/unitree_sdk2_ws/install/unitree_go/share/unitree_go/environment/ament_prefix_path.dsv\n'}
[18.566507] (unitree_go) StdoutLine: {'line': b'-- Symlinking: /home/jason/projects/unitree_sdk2_ws/install/unitree_go/share/unitree_go/environment/path.sh\n'}
[18.575821] (unitree_go) StdoutLine: {'line': b'-- Symlinking: /home/jason/projects/unitree_sdk2_ws/install/unitree_go/share/unitree_go/environment/path.dsv\n'}
[18.584481] (unitree_go) StdoutLine: {'line': b'-- Symlinking: /home/jason/projects/unitree_sdk2_ws/install/unitree_go/share/unitree_go/local_setup.bash\n'}
[18.590171] (unitree_go) StdoutLine: {'line': b'-- Symlinking: /home/jason/projects/unitree_sdk2_ws/install/unitree_go/share/unitree_go/local_setup.sh\n'}
[18.590325] (-) TimerEvent: {}
[18.599115] (unitree_go) StdoutLine: {'line': b'-- Symlinking: /home/jason/projects/unitree_sdk2_ws/install/unitree_go/share/unitree_go/local_setup.zsh\n'}
[18.607756] (unitree_go) StdoutLine: {'line': b'-- Symlinking: /home/jason/projects/unitree_sdk2_ws/install/unitree_go/share/unitree_go/local_setup.dsv\n'}
[18.616505] (unitree_go) StdoutLine: {'line': b'-- Symlinking: /home/jason/projects/unitree_sdk2_ws/install/unitree_go/share/unitree_go/package.dsv\n'}
[18.622939] (unitree_go) StdoutLine: {'line': b'-- Symlinking: /home/jason/projects/unitree_sdk2_ws/install/unitree_go/share/ament_index/resource_index/packages/unitree_go\n'}
[18.631305] (unitree_go) StdoutLine: {'line': b'-- Symlinking: /home/jason/projects/unitree_sdk2_ws/install/unitree_go/share/unitree_go/cmake/rosidl_cmake-extras.cmake\n'}
[18.640991] (unitree_go) StdoutLine: {'line': b'-- Symlinking: /home/jason/projects/unitree_sdk2_ws/install/unitree_go/share/unitree_go/cmake/ament_cmake_export_dependencies-extras.cmake\n'}
[18.650539] (unitree_go) StdoutLine: {'line': b'-- Symlinking: /home/jason/projects/unitree_sdk2_ws/install/unitree_go/share/unitree_go/cmake/ament_cmake_export_include_directories-extras.cmake\n'}
[18.659601] (unitree_go) StdoutLine: {'line': b'-- Symlinking: /home/jason/projects/unitree_sdk2_ws/install/unitree_go/share/unitree_go/cmake/ament_cmake_export_libraries-extras.cmake\n'}
[18.666588] (unitree_go) StdoutLine: {'line': b'-- Symlinking: /home/jason/projects/unitree_sdk2_ws/install/unitree_go/share/unitree_go/cmake/ament_cmake_export_targets-extras.cmake\n'}
[18.671661] (unitree_go) StdoutLine: {'line': b'-- Symlinking: /home/jason/projects/unitree_sdk2_ws/install/unitree_go/share/unitree_go/cmake/rosidl_cmake_export_typesupport_targets-extras.cmake\n'}
[18.680158] (unitree_go) StdoutLine: {'line': b'-- Symlinking: /home/jason/projects/unitree_sdk2_ws/install/unitree_go/share/unitree_go/cmake/rosidl_cmake_export_typesupport_libraries-extras.cmake\n'}
[18.689190] (unitree_go) StdoutLine: {'line': b'-- Symlinking: /home/jason/projects/unitree_sdk2_ws/install/unitree_go/share/unitree_go/cmake/unitree_goConfig.cmake\n'}
[18.690654] (-) TimerEvent: {}
[18.696122] (unitree_go) StdoutLine: {'line': b'-- Symlinking: /home/jason/projects/unitree_sdk2_ws/install/unitree_go/share/unitree_go/cmake/unitree_goConfig-version.cmake\n'}
[18.700790] (unitree_go) StdoutLine: {'line': b'-- Symlinking: /home/jason/projects/unitree_sdk2_ws/install/unitree_go/share/unitree_go/package.xml\n'}
[18.706904] (unitree_go) StdoutLine: {'line': b'-- Installing: /home/jason/projects/unitree_sdk2_ws/install/unitree_go/lib/libunitree_go__rosidl_generator_c.so\n'}
[18.707375] (unitree_go) StdoutLine: {'line': b'-- Set runtime path of "/home/jason/projects/unitree_sdk2_ws/install/unitree_go/lib/libunitree_go__rosidl_generator_c.so" to ""\n'}
[18.707526] (unitree_go) StdoutLine: {'line': b'-- Installing: /home/jason/projects/unitree_sdk2_ws/install/unitree_go/lib/libunitree_go__rosidl_typesupport_fastrtps_c.so\n'}
[18.707594] (unitree_go) StdoutLine: {'line': b'-- Set runtime path of "/home/jason/projects/unitree_sdk2_ws/install/unitree_go/lib/libunitree_go__rosidl_typesupport_fastrtps_c.so" to ""\n'}
[18.707649] (unitree_go) StdoutLine: {'line': b'-- Installing: /home/jason/projects/unitree_sdk2_ws/install/unitree_go/lib/libunitree_go__rosidl_typesupport_fastrtps_cpp.so\n'}
[18.708756] (unitree_go) StdoutLine: {'line': b'-- Set runtime path of "/home/jason/projects/unitree_sdk2_ws/install/unitree_go/lib/libunitree_go__rosidl_typesupport_fastrtps_cpp.so" to ""\n'}
[18.708901] (unitree_go) StdoutLine: {'line': b'-- Installing: /home/jason/projects/unitree_sdk2_ws/install/unitree_go/lib/libunitree_go__rosidl_typesupport_introspection_c.so\n'}
[18.708968] (unitree_go) StdoutLine: {'line': b'-- Set runtime path of "/home/jason/projects/unitree_sdk2_ws/install/unitree_go/lib/libunitree_go__rosidl_typesupport_introspection_c.so" to ""\n'}
[18.709023] (unitree_go) StdoutLine: {'line': b'-- Installing: /home/jason/projects/unitree_sdk2_ws/install/unitree_go/lib/libunitree_go__rosidl_typesupport_c.so\n'}
[18.709080] (unitree_go) StdoutLine: {'line': b'-- Set runtime path of "/home/jason/projects/unitree_sdk2_ws/install/unitree_go/lib/libunitree_go__rosidl_typesupport_c.so" to ""\n'}
[18.709135] (unitree_go) StdoutLine: {'line': b'-- Installing: /home/jason/projects/unitree_sdk2_ws/install/unitree_go/lib/libunitree_go__rosidl_typesupport_introspection_cpp.so\n'}
[18.709806] (unitree_go) StdoutLine: {'line': b'-- Set runtime path of "/home/jason/projects/unitree_sdk2_ws/install/unitree_go/lib/libunitree_go__rosidl_typesupport_introspection_cpp.so" to ""\n'}
[18.709954] (unitree_go) StdoutLine: {'line': b'-- Installing: /home/jason/projects/unitree_sdk2_ws/install/unitree_go/lib/libunitree_go__rosidl_typesupport_cpp.so\n'}
[18.710020] (unitree_go) StdoutLine: {'line': b'-- Set runtime path of "/home/jason/projects/unitree_sdk2_ws/install/unitree_go/lib/libunitree_go__rosidl_typesupport_cpp.so" to ""\n'}
[18.748563] (unitree_go) StdoutLine: {'line': b"Listing '/home/jason/projects/unitree_sdk2_ws/install/unitree_go/local/lib/python3.10/dist-packages/unitree_go'...\n"}
[18.748755] (unitree_go) StdoutLine: {'line': b"Compiling '/home/jason/projects/unitree_sdk2_ws/install/unitree_go/local/lib/python3.10/dist-packages/unitree_go/__init__.py'...\n"}
[18.748841] (unitree_go) StdoutLine: {'line': b"Listing '/home/jason/projects/unitree_sdk2_ws/install/unitree_go/local/lib/python3.10/dist-packages/unitree_go/msg'...\n"}
[18.748905] (unitree_go) StdoutLine: {'line': b"Compiling '/home/jason/projects/unitree_sdk2_ws/install/unitree_go/local/lib/python3.10/dist-packages/unitree_go/msg/__init__.py'...\n"}
[18.748958] (unitree_go) StdoutLine: {'line': b"Compiling '/home/jason/projects/unitree_sdk2_ws/install/unitree_go/local/lib/python3.10/dist-packages/unitree_go/msg/_audio_data.py'...\n"}
[18.749008] (unitree_go) StdoutLine: {'line': b"Compiling '/home/jason/projects/unitree_sdk2_ws/install/unitree_go/local/lib/python3.10/dist-packages/unitree_go/msg/_bms_cmd.py'...\n"}
[18.749058] (unitree_go) StdoutLine: {'line': b"Compiling '/home/jason/projects/unitree_sdk2_ws/install/unitree_go/local/lib/python3.10/dist-packages/unitree_go/msg/_bms_state.py'...\n"}
[18.749121] (unitree_go) StdoutLine: {'line': b"Compiling '/home/jason/projects/unitree_sdk2_ws/install/unitree_go/local/lib/python3.10/dist-packages/unitree_go/msg/_error.py'...\n"}
[18.749168] (unitree_go) StdoutLine: {'line': b"Compiling '/home/jason/projects/unitree_sdk2_ws/install/unitree_go/local/lib/python3.10/dist-packages/unitree_go/msg/_go2_front_video_data.py'...\n"}
[18.749219] (unitree_go) StdoutLine: {'line': b"Compiling '/home/jason/projects/unitree_sdk2_ws/install/unitree_go/local/lib/python3.10/dist-packages/unitree_go/msg/_height_map.py'...\n"}
[18.749267] (unitree_go) StdoutLine: {'line': b"Compiling '/home/jason/projects/unitree_sdk2_ws/install/unitree_go/local/lib/python3.10/dist-packages/unitree_go/msg/_imu_state.py'...\n"}
[18.749314] (unitree_go) StdoutLine: {'line': b"Compiling '/home/jason/projects/unitree_sdk2_ws/install/unitree_go/local/lib/python3.10/dist-packages/unitree_go/msg/_interface_config.py'...\n"}
[18.749359] (unitree_go) StdoutLine: {'line': b"Compiling '/home/jason/projects/unitree_sdk2_ws/install/unitree_go/local/lib/python3.10/dist-packages/unitree_go/msg/_lidar_state.py'...\n"}
[18.749417] (unitree_go) StdoutLine: {'line': b"Compiling '/home/jason/projects/unitree_sdk2_ws/install/unitree_go/local/lib/python3.10/dist-packages/unitree_go/msg/_low_cmd.py'...\n"}
[18.749468] (unitree_go) StdoutLine: {'line': b"Compiling '/home/jason/projects/unitree_sdk2_ws/install/unitree_go/local/lib/python3.10/dist-packages/unitree_go/msg/_low_state.py'...\n"}
[18.749513] (unitree_go) StdoutLine: {'line': b"Compiling '/home/jason/projects/unitree_sdk2_ws/install/unitree_go/local/lib/python3.10/dist-packages/unitree_go/msg/_motor_cmd.py'...\n"}
[18.749557] (unitree_go) StdoutLine: {'line': b"Compiling '/home/jason/projects/unitree_sdk2_ws/install/unitree_go/local/lib/python3.10/dist-packages/unitree_go/msg/_motor_cmds.py'...\n"}
[18.749600] (unitree_go) StdoutLine: {'line': b"Compiling '/home/jason/projects/unitree_sdk2_ws/install/unitree_go/local/lib/python3.10/dist-packages/unitree_go/msg/_motor_state.py'...\n"}
[18.749643] (unitree_go) StdoutLine: {'line': b"Compiling '/home/jason/projects/unitree_sdk2_ws/install/unitree_go/local/lib/python3.10/dist-packages/unitree_go/msg/_motor_states.py'...\n"}
[18.749686] (unitree_go) StdoutLine: {'line': b"Compiling '/home/jason/projects/unitree_sdk2_ws/install/unitree_go/local/lib/python3.10/dist-packages/unitree_go/msg/_path_point.py'...\n"}
[18.749730] (unitree_go) StdoutLine: {'line': b"Compiling '/home/jason/projects/unitree_sdk2_ws/install/unitree_go/local/lib/python3.10/dist-packages/unitree_go/msg/_req.py'...\n"}
[18.749772] (unitree_go) StdoutLine: {'line': b"Compiling '/home/jason/projects/unitree_sdk2_ws/install/unitree_go/local/lib/python3.10/dist-packages/unitree_go/msg/_res.py'...\n"}
[18.749815] (unitree_go) StdoutLine: {'line': b"Compiling '/home/jason/projects/unitree_sdk2_ws/install/unitree_go/local/lib/python3.10/dist-packages/unitree_go/msg/_sport_mode_cmd.py'...\n"}
[18.749859] (unitree_go) StdoutLine: {'line': b"Compiling '/home/jason/projects/unitree_sdk2_ws/install/unitree_go/local/lib/python3.10/dist-packages/unitree_go/msg/_sport_mode_state.py'...\n"}
[18.749903] (unitree_go) StdoutLine: {'line': b"Compiling '/home/jason/projects/unitree_sdk2_ws/install/unitree_go/local/lib/python3.10/dist-packages/unitree_go/msg/_time_spec.py'...\n"}
[18.749946] (unitree_go) StdoutLine: {'line': b"Compiling '/home/jason/projects/unitree_sdk2_ws/install/unitree_go/local/lib/python3.10/dist-packages/unitree_go/msg/_uwb_state.py'...\n"}
[18.749988] (unitree_go) StdoutLine: {'line': b"Compiling '/home/jason/projects/unitree_sdk2_ws/install/unitree_go/local/lib/python3.10/dist-packages/unitree_go/msg/_uwb_switch.py'...\n"}
[18.750030] (unitree_go) StdoutLine: {'line': b"Compiling '/home/jason/projects/unitree_sdk2_ws/install/unitree_go/local/lib/python3.10/dist-packages/unitree_go/msg/_wireless_controller.py'...\n"}
[18.751902] (unitree_go) StdoutLine: {'line': b'-- Installing: /home/jason/projects/unitree_sdk2_ws/install/unitree_go/lib/libunitree_go__rosidl_generator_py.so\n'}
[18.752068] (unitree_go) StdoutLine: {'line': b'-- Set runtime path of "/home/jason/projects/unitree_sdk2_ws/install/unitree_go/lib/libunitree_go__rosidl_generator_py.so" to ""\n'}
[18.752141] (unitree_go) StdoutLine: {'line': b'-- Installing: /home/jason/projects/unitree_sdk2_ws/install/unitree_go/share/unitree_go/cmake/export_unitree_go__rosidl_generator_cExport.cmake\n'}
[18.752204] (unitree_go) StdoutLine: {'line': b'-- Installing: /home/jason/projects/unitree_sdk2_ws/install/unitree_go/share/unitree_go/cmake/export_unitree_go__rosidl_generator_cExport-noconfig.cmake\n'}
[18.752646] (unitree_go) StdoutLine: {'line': b'-- Installing: /home/jason/projects/unitree_sdk2_ws/install/unitree_go/share/unitree_go/cmake/export_unitree_go__rosidl_typesupport_fastrtps_cExport.cmake\n'}
[18.753061] (unitree_go) StdoutLine: {'line': b'-- Installing: /home/jason/projects/unitree_sdk2_ws/install/unitree_go/share/unitree_go/cmake/export_unitree_go__rosidl_typesupport_fastrtps_cExport-noconfig.cmake\n'}
[18.753163] (unitree_go) StdoutLine: {'line': b'-- Installing: /home/jason/projects/unitree_sdk2_ws/install/unitree_go/share/unitree_go/cmake/export_unitree_go__rosidl_generator_cppExport.cmake\n'}
[18.753227] (unitree_go) StdoutLine: {'line': b'-- Installing: /home/jason/projects/unitree_sdk2_ws/install/unitree_go/share/unitree_go/cmake/export_unitree_go__rosidl_typesupport_fastrtps_cppExport.cmake\n'}
[18.753343] (unitree_go) StdoutLine: {'line': b'-- Installing: /home/jason/projects/unitree_sdk2_ws/install/unitree_go/share/unitree_go/cmake/export_unitree_go__rosidl_typesupport_fastrtps_cppExport-noconfig.cmake\n'}
[18.753393] (unitree_go) StdoutLine: {'line': b'-- Installing: /home/jason/projects/unitree_sdk2_ws/install/unitree_go/share/unitree_go/cmake/unitree_go__rosidl_typesupport_introspection_cExport.cmake\n'}
[18.753450] (unitree_go) StdoutLine: {'line': b'-- Installing: /home/jason/projects/unitree_sdk2_ws/install/unitree_go/share/unitree_go/cmake/unitree_go__rosidl_typesupport_introspection_cExport-noconfig.cmake\n'}
[18.753497] (unitree_go) StdoutLine: {'line': b'-- Installing: /home/jason/projects/unitree_sdk2_ws/install/unitree_go/share/unitree_go/cmake/unitree_go__rosidl_typesupport_cExport.cmake\n'}
[18.753548] (unitree_go) StdoutLine: {'line': b'-- Installing: /home/jason/projects/unitree_sdk2_ws/install/unitree_go/share/unitree_go/cmake/unitree_go__rosidl_typesupport_cExport-noconfig.cmake\n'}
[18.753593] (unitree_go) StdoutLine: {'line': b'-- Installing: /home/jason/projects/unitree_sdk2_ws/install/unitree_go/share/unitree_go/cmake/unitree_go__rosidl_typesupport_introspection_cppExport.cmake\n'}
[18.753637] (unitree_go) StdoutLine: {'line': b'-- Installing: /home/jason/projects/unitree_sdk2_ws/install/unitree_go/share/unitree_go/cmake/unitree_go__rosidl_typesupport_introspection_cppExport-noconfig.cmake\n'}
[18.753682] (unitree_go) StdoutLine: {'line': b'-- Installing: /home/jason/projects/unitree_sdk2_ws/install/unitree_go/share/unitree_go/cmake/unitree_go__rosidl_typesupport_cppExport.cmake\n'}
[18.753725] (unitree_go) StdoutLine: {'line': b'-- Installing: /home/jason/projects/unitree_sdk2_ws/install/unitree_go/share/unitree_go/cmake/unitree_go__rosidl_typesupport_cppExport-noconfig.cmake\n'}
[18.753769] (unitree_go) StdoutLine: {'line': b'-- Installing: /home/jason/projects/unitree_sdk2_ws/install/unitree_go/share/unitree_go/cmake/export_unitree_go__rosidl_generator_pyExport.cmake\n'}
[18.753812] (unitree_go) StdoutLine: {'line': b'-- Installing: /home/jason/projects/unitree_sdk2_ws/install/unitree_go/share/unitree_go/cmake/export_unitree_go__rosidl_generator_pyExport-noconfig.cmake\n'}
[18.756704] (unitree_go) CommandEnded: {'returncode': 0}
[18.764974] (unitree_go) JobEnded: {'identifier': 'unitree_go', 'rc': 0}
[18.765778] (unitree_ros2_example) JobStarted: {'identifier': 'unitree_ros2_example'}
[18.775291] (unitree_ros2_example) JobProgress: {'identifier': 'unitree_ros2_example', 'progress': 'cmake'}
[18.775839] (unitree_ros2_example) Command: {'cmd': ['/usr/bin/cmake', '/home/jason/projects/unitree_sdk2_ws/unitree_ros2/example/src', '-DAMENT_CMAKE_SYMLINK_INSTALL=1', '-DCMAKE_INSTALL_PREFIX=/home/jason/projects/unitree_sdk2_ws/install/unitree_ros2_example'], 'cwd': '/home/jason/projects/unitree_sdk2_ws/build/unitree_ros2_example', 'env': OrderedDict([('LESSOPEN', '| /usr/bin/lesspipe %s'), ('USER', 'jason'), ('XDG_SESSION_TYPE', 'wayland'), ('SHLVL', '1'), ('LD_LIBRARY_PATH', '/home/jason/projects/unitree_sdk2_ws/install/unitree_hg/lib:/home/jason/projects/unitree_sdk2_ws/install/unitree_go/lib:/home/jason/projects/unitree_sdk2_ws/install/unitree_api/lib:/home/jason/projects/unitree_sdk2_ws/install/unitree_sdk2/lib:/opt/ros/humble/opt/rviz_ogre_vendor/lib:/opt/ros/humble/lib/x86_64-linux-gnu:/opt/ros/humble/lib'), ('HOME', '/home/jason'), ('OLDPWD', '/home/jason/projects/unitree_sdk2_ws'), ('DESKTOP_SESSION', 'ubuntu'), ('ROS_PYTHON_VERSION', '3'), ('GNOME_SHELL_SESSION_MODE', 'ubuntu'), ('GTK_MODULES', 'gail:atk-bridge'), ('SYSTEMD_EXEC_PID', '1804'), ('DBUS_SESSION_BUS_ADDRESS', 'unix:path=/run/user/1000/bus'), ('COLORTERM', 'truecolor'), ('IM_CONFIG_PHASE', '1'), ('WAYLAND_DISPLAY', 'wayland-0'), ('COLCON_PREFIX_PATH', '/home/jason/projects/unitree_sdk2_ws/install'), ('ROS_DISTRO', 'humble'), ('LOGNAME', 'jason'), ('_', '/usr/bin/colcon'), ('ROS_VERSION', '2'), ('XDG_SESSION_CLASS', 'user'), ('USERNAME', 'jason'), ('TERM', 'xterm-256color'), ('GNOME_DESKTOP_SESSION_ID', 'this-is-deprecated'), ('ROS_LOCALHOST_ONLY', '0'), ('PATH', '/home/jason/.local/bin:/opt/ros/humble/bin:/usr/local/sbin:/usr/local/bin:/usr/sbin:/usr/bin:/sbin:/bin:/usr/games:/usr/local/games:/snap/bin:/snap/bin'), ('SESSION_MANAGER', 'local/jasonabichebli:@/tmp/.ICE-unix/1771,unix/jasonabichebli:/tmp/.ICE-unix/1771'), ('XDG_MENU_PREFIX', 'gnome-'), ('GNOME_TERMINAL_SCREEN', '/org/gnome/Terminal/screen/0b597454_0566_460c_8a5d_2466510f845d'), ('GNOME_SETUP_DISPLAY', ':1'), ('XDG_RUNTIME_DIR', '/run/user/1000'), ('DISPLAY', ':0'), ('LANG', 'en_US.UTF-8'), ('XDG_CURRENT_DESKTOP', 'ubuntu:GNOME'), ('XMODIFIERS', '@im=ibus'), ('XDG_SESSION_DESKTOP', 'ubuntu'), ('XAUTHORITY', '/run/user/1000/.mutter-Xwaylandauth.GN6TD3'), ('LS_COLORS', 'rs=0:di=01;34:ln=01;36:mh=00:pi=40;33:so=01;35:do=01;35:bd=40;33;01:cd=40;33;01:or=40;31;01:mi=00:su=37;41:sg=30;43:ca=30;41:tw=30;42:ow=34;42:st=37;44:ex=01;32:*.tar=01;31:*.tgz=01;31:*.arc=01;31:*.arj=01;31:*.taz=01;31:*.lha=01;31:*.lz4=01;31:*.lzh=01;31:*.lzma=01;31:*.tlz=01;31:*.txz=01;31:*.tzo=01;31:*.t7z=01;31:*.zip=01;31:*.z=01;31:*.dz=01;31:*.gz=01;31:*.lrz=01;31:*.lz=01;31:*.lzo=01;31:*.xz=01;31:*.zst=01;31:*.tzst=01;31:*.bz2=01;31:*.bz=01;31:*.tbz=01;31:*.tbz2=01;31:*.tz=01;31:*.deb=01;31:*.rpm=01;31:*.jar=01;31:*.war=01;31:*.ear=01;31:*.sar=01;31:*.rar=01;31:*.alz=01;31:*.ace=01;31:*.zoo=01;31:*.cpio=01;31:*.7z=01;31:*.rz=01;31:*.cab=01;31:*.wim=01;31:*.swm=01;31:*.dwm=01;31:*.esd=01;31:*.jpg=01;35:*.jpeg=01;35:*.mjpg=01;35:*.mjpeg=01;35:*.gif=01;35:*.bmp=01;35:*.pbm=01;35:*.pgm=01;35:*.ppm=01;35:*.tga=01;35:*.xbm=01;35:*.xpm=01;35:*.tif=01;35:*.tiff=01;35:*.png=01;35:*.svg=01;35:*.svgz=01;35:*.mng=01;35:*.pcx=01;35:*.mov=01;35:*.mpg=01;35:*.mpeg=01;35:*.m2v=01;35:*.mkv=01;35:*.webm=01;35:*.webp=01;35:*.ogm=01;35:*.mp4=01;35:*.m4v=01;35:*.mp4v=01;35:*.vob=01;35:*.qt=01;35:*.nuv=01;35:*.wmv=01;35:*.asf=01;35:*.rm=01;35:*.rmvb=01;35:*.flc=01;35:*.avi=01;35:*.fli=01;35:*.flv=01;35:*.gl=01;35:*.dl=01;35:*.xcf=01;35:*.xwd=01;35:*.yuv=01;35:*.cgm=01;35:*.emf=01;35:*.ogv=01;35:*.ogx=01;35:*.aac=00;36:*.au=00;36:*.flac=00;36:*.m4a=00;36:*.mid=00;36:*.midi=00;36:*.mka=00;36:*.mp3=00;36:*.mpc=00;36:*.ogg=00;36:*.ra=00;36:*.wav=00;36:*.oga=00;36:*.opus=00;36:*.spx=00;36:*.xspf=00;36:'), ('GNOME_TERMINAL_SERVICE', ':1.198'), ('SSH_AGENT_LAUNCHER', 'gnome-keyring'), ('SSH_AUTH_SOCK', '/run/user/1000/keyring/ssh'), ('AMENT_PREFIX_PATH', '/home/jason/projects/unitree_sdk2_ws/install/unitree_hg:/home/jason/projects/unitree_sdk2_ws/install/unitree_go:/home/jason/projects/unitree_sdk2_ws/install/unitree_api:/opt/ros/humble'), ('SHELL', '/bin/bash'), ('QT_ACCESSIBILITY', '1'), ('GDMSESSION', 'ubuntu'), ('LESSCLOSE', '/usr/bin/lesspipe %s %s'), ('QT_IM_MODULE', 'ibus'), ('PWD', '/home/jason/projects/unitree_sdk2_ws/build/unitree_ros2_example'), ('XDG_CONFIG_DIRS', '/etc/xdg/xdg-ubuntu:/etc/xdg'), ('XDG_DATA_DIRS', '/usr/share/ubuntu:/usr/local/share/:/usr/share/:/var/lib/snapd/desktop'), ('PYTHONPATH', '/home/jason/projects/unitree_sdk2_ws/install/unitree_hg/local/lib/python3.10/dist-packages:/home/jason/projects/unitree_sdk2_ws/install/unitree_go/local/lib/python3.10/dist-packages:/home/jason/projects/unitree_sdk2_ws/install/unitree_api/local/lib/python3.10/dist-packages:/opt/ros/humble/lib/python3.10/site-packages:/opt/ros/humble/local/lib/python3.10/dist-packages'), ('COLCON', '1'), ('VTE_VERSION', '6800'), ('CMAKE_PREFIX_PATH', '/home/jason/projects/unitree_sdk2_ws/install/unitree_hg:/home/jason/projects/unitree_sdk2_ws/install/unitree_go:/home/jason/projects/unitree_sdk2_ws/install/unitree_api:/home/jason/projects/unitree_sdk2_ws/install/unitree_sdk2:/home/jason/projects/unitree_sdk2_ws/install/unitree_ros2_example:/opt/ros/humble')]), 'shell': False}
[18.790748] (-) TimerEvent: {}
[18.891114] (-) TimerEvent: {}
[18.915688] (unitree_ros2_example) StdoutLine: {'line': b'-- The C compiler identification is GNU 11.4.0\n'}
[18.992606] (-) TimerEvent: {}
[18.993426] (unitree_ros2_example) StdoutLine: {'line': b'-- The CXX compiler identification is GNU 11.4.0\n'}
[19.001687] (unitree_ros2_example) StdoutLine: {'line': b'-- Detecting C compiler ABI info\n'}
[19.061719] (unitree_ros2_example) StdoutLine: {'line': b'-- Detecting C compiler ABI info - done\n'}
[19.070788] (unitree_ros2_example) StdoutLine: {'line': b'-- Check for working C compiler: /usr/bin/cc - skipped\n'}
[19.071123] (unitree_ros2_example) StdoutLine: {'line': b'-- Detecting C compile features\n'}
[19.071624] (unitree_ros2_example) StdoutLine: {'line': b'-- Detecting C compile features - done\n'}
[19.075447] (unitree_ros2_example) StdoutLine: {'line': b'-- Detecting CXX compiler ABI info\n'}
[19.092787] (-) TimerEvent: {}
[19.149635] (unitree_ros2_example) StdoutLine: {'line': b'-- Detecting CXX compiler ABI info - done\n'}
[19.154488] (unitree_ros2_example) StdoutLine: {'line': b'-- Check for working CXX compiler: /usr/bin/c++ - skipped\n'}
[19.154668] (unitree_ros2_example) StdoutLine: {'line': b'-- Detecting CXX compile features\n'}
[19.154811] (unitree_ros2_example) StdoutLine: {'line': b'-- Detecting CXX compile features - done\n'}
[19.155934] (unitree_ros2_example) StdoutLine: {'line': b'-- Found ament_cmake: 1.3.12 (/opt/ros/humble/share/ament_cmake/cmake)\n'}
[19.192922] (-) TimerEvent: {}
[19.281778] (unitree_ros2_example) StdoutLine: {'line': b'-- Found Python3: /usr/bin/python3 (found version "3.10.12") found components: Interpreter \n'}
[19.293070] (-) TimerEvent: {}
[19.324678] (unitree_ros2_example) StdoutLine: {'line': b'-- Override CMake install command with custom implementation using symlinks instead of copying resources\n'}
[19.336565] (unitree_ros2_example) StdoutLine: {'line': b'-- Found unitree_go: 0.0.0 (/home/jason/projects/unitree_sdk2_ws/install/unitree_go/share/unitree_go/cmake)\n'}
[19.353655] (unitree_ros2_example) StdoutLine: {'line': b'-- Found rosidl_generator_c: 3.1.7 (/opt/ros/humble/share/rosidl_generator_c/cmake)\n'}
[19.355547] (unitree_ros2_example) StdoutLine: {'line': b'-- Found rosidl_adapter: 3.1.7 (/opt/ros/humble/share/rosidl_adapter/cmake)\n'}
[19.357944] (unitree_ros2_example) StdoutLine: {'line': b'-- Found rosidl_generator_cpp: 3.1.7 (/opt/ros/humble/share/rosidl_generator_cpp/cmake)\n'}
[19.362936] (unitree_ros2_example) StdoutLine: {'line': b'-- Using all available rosidl_typesupport_c: rosidl_typesupport_fastrtps_c;rosidl_typesupport_introspection_c\n'}
[19.369684] (unitree_ros2_example) StdoutLine: {'line': b'-- Using all available rosidl_typesupport_cpp: rosidl_typesupport_fastrtps_cpp;rosidl_typesupport_introspection_cpp\n'}
[19.392109] (unitree_ros2_example) StdoutLine: {'line': b'-- Found unitree_hg: 0.0.0 (/home/jason/projects/unitree_sdk2_ws/install/unitree_hg/share/unitree_hg/cmake)\n'}
[19.393228] (-) TimerEvent: {}
[19.397554] (unitree_ros2_example) StdoutLine: {'line': b'-- Found unitree_api: 0.0.0 (/home/jason/projects/unitree_sdk2_ws/install/unitree_api/share/unitree_api/cmake)\n'}
[19.410319] (unitree_ros2_example) StdoutLine: {'line': b'-- Found rclcpp: 16.0.15 (/opt/ros/humble/share/rclcpp/cmake)\n'}
[19.435845] (unitree_ros2_example) StdoutLine: {'line': b'-- Found rmw_implementation_cmake: 6.1.2 (/opt/ros/humble/share/rmw_implementation_cmake/cmake)\n'}
[19.437658] (unitree_ros2_example) StdoutLine: {'line': b'-- Found rmw_fastrtps_cpp: 6.2.8 (/opt/ros/humble/share/rmw_fastrtps_cpp/cmake)\n'}
[19.493425] (-) TimerEvent: {}
[19.505408] (unitree_ros2_example) StdoutLine: {'line': b'-- Found OpenSSL: /usr/lib/x86_64-linux-gnu/libcrypto.so (found version "3.0.2")  \n'}
[19.521714] (unitree_ros2_example) StdoutLine: {'line': b'-- Found FastRTPS: /opt/ros/humble/include  \n'}
[19.540759] (unitree_ros2_example) StdoutLine: {'line': b"-- Using RMW implementation 'rmw_fastrtps_cpp' as default\n"}
[19.546158] (unitree_ros2_example) StdoutLine: {'line': b'-- Looking for pthread.h\n'}
[19.593671] (-) TimerEvent: {}
[19.628952] (unitree_ros2_example) StdoutLine: {'line': b'-- Looking for pthread.h - found\n'}
[19.629160] (unitree_ros2_example) StdoutLine: {'line': b'-- Performing Test CMAKE_HAVE_LIBC_PTHREAD\n'}
[19.693790] (-) TimerEvent: {}
[19.708796] (unitree_ros2_example) StdoutLine: {'line': b'-- Performing Test CMAKE_HAVE_LIBC_PTHREAD - Success\n'}
[19.710492] (unitree_ros2_example) StdoutLine: {'line': b'-- Found Threads: TRUE  \n'}
[19.752103] (unitree_ros2_example) StdoutLine: {'line': b'-- Found rosbag2_cpp: 0.15.15 (/opt/ros/humble/share/rosbag2_cpp/cmake)\n'}
[19.792600] (unitree_ros2_example) StdoutLine: {'line': b'-- Found ament_lint_auto: 0.12.14 (/opt/ros/humble/share/ament_lint_auto/cmake)\n'}
[19.794648] (-) TimerEvent: {}
[19.872071] (unitree_ros2_example) StdoutLine: {'line': b"-- Added test 'copyright' to check source files copyright and LICENSE\n"}
[19.874217] (unitree_ros2_example) StdoutLine: {'line': b"-- Added test 'cppcheck' to perform static code analysis on C / C++ code\n"}
[19.875210] (unitree_ros2_example) StdoutLine: {'line': b'-- Configured cppcheck include dirs: /home/jason/projects/unitree_sdk2_ws/unitree_ros2/example/src/include;/home/jason/projects/unitree_sdk2_ws/unitree_ros2/example/src/include/common;/home/jason/projects/unitree_sdk2_ws/unitree_ros2/example/src/include/nlohmann\n'}
[19.875271] (unitree_ros2_example) StdoutLine: {'line': b'-- Configured cppcheck exclude dirs and/or files: \n'}
[19.876634] (unitree_ros2_example) StdoutLine: {'line': b"-- Added test 'cpplint' to check C / C++ code against the Google style\n"}
[19.876694] (unitree_ros2_example) StdoutLine: {'line': b'-- Configured cpplint exclude dirs and/or files: \n'}
[19.877321] (unitree_ros2_example) StdoutLine: {'line': b"-- Added test 'lint_cmake' to check CMake code style\n"}
[19.878852] (unitree_ros2_example) StdoutLine: {'line': b"-- Added test 'uncrustify' to check C / C++ code style\n"}
[19.878911] (unitree_ros2_example) StdoutLine: {'line': b'-- Configured uncrustify additional arguments: \n'}
[19.879176] (unitree_ros2_example) StdoutLine: {'line': b"-- Added test 'xmllint' to check XML markup files\n"}
[19.879737] (unitree_ros2_example) StdoutLine: {'line': b'-- Configuring done\n'}
[19.894743] (-) TimerEvent: {}
[19.919369] (unitree_ros2_example) StdoutLine: {'line': b'-- Generating done\n'}
[19.931546] (unitree_ros2_example) StdoutLine: {'line': b'-- Build files have been written to: /home/jason/projects/unitree_sdk2_ws/build/unitree_ros2_example\n'}
[19.938354] (unitree_ros2_example) CommandEnded: {'returncode': 0}
[19.939062] (unitree_ros2_example) JobProgress: {'identifier': 'unitree_ros2_example', 'progress': 'build'}
[19.939731] (unitree_ros2_example) Command: {'cmd': ['/usr/bin/cmake', '--build', '/home/jason/projects/unitree_sdk2_ws/build/unitree_ros2_example', '--', '-j16', '-l16'], 'cwd': '/home/jason/projects/unitree_sdk2_ws/build/unitree_ros2_example', 'env': OrderedDict([('LESSOPEN', '| /usr/bin/lesspipe %s'), ('USER', 'jason'), ('XDG_SESSION_TYPE', 'wayland'), ('SHLVL', '1'), ('LD_LIBRARY_PATH', '/home/jason/projects/unitree_sdk2_ws/install/unitree_hg/lib:/home/jason/projects/unitree_sdk2_ws/install/unitree_go/lib:/home/jason/projects/unitree_sdk2_ws/install/unitree_api/lib:/home/jason/projects/unitree_sdk2_ws/install/unitree_sdk2/lib:/opt/ros/humble/opt/rviz_ogre_vendor/lib:/opt/ros/humble/lib/x86_64-linux-gnu:/opt/ros/humble/lib'), ('HOME', '/home/jason'), ('OLDPWD', '/home/jason/projects/unitree_sdk2_ws'), ('DESKTOP_SESSION', 'ubuntu'), ('ROS_PYTHON_VERSION', '3'), ('GNOME_SHELL_SESSION_MODE', 'ubuntu'), ('GTK_MODULES', 'gail:atk-bridge'), ('SYSTEMD_EXEC_PID', '1804'), ('DBUS_SESSION_BUS_ADDRESS', 'unix:path=/run/user/1000/bus'), ('COLORTERM', 'truecolor'), ('IM_CONFIG_PHASE', '1'), ('WAYLAND_DISPLAY', 'wayland-0'), ('COLCON_PREFIX_PATH', '/home/jason/projects/unitree_sdk2_ws/install'), ('ROS_DISTRO', 'humble'), ('LOGNAME', 'jason'), ('_', '/usr/bin/colcon'), ('ROS_VERSION', '2'), ('XDG_SESSION_CLASS', 'user'), ('USERNAME', 'jason'), ('TERM', 'xterm-256color'), ('GNOME_DESKTOP_SESSION_ID', 'this-is-deprecated'), ('ROS_LOCALHOST_ONLY', '0'), ('PATH', '/home/jason/.local/bin:/opt/ros/humble/bin:/usr/local/sbin:/usr/local/bin:/usr/sbin:/usr/bin:/sbin:/bin:/usr/games:/usr/local/games:/snap/bin:/snap/bin'), ('SESSION_MANAGER', 'local/jasonabichebli:@/tmp/.ICE-unix/1771,unix/jasonabichebli:/tmp/.ICE-unix/1771'), ('XDG_MENU_PREFIX', 'gnome-'), ('GNOME_TERMINAL_SCREEN', '/org/gnome/Terminal/screen/0b597454_0566_460c_8a5d_2466510f845d'), ('GNOME_SETUP_DISPLAY', ':1'), ('XDG_RUNTIME_DIR', '/run/user/1000'), ('DISPLAY', ':0'), ('LANG', 'en_US.UTF-8'), ('XDG_CURRENT_DESKTOP', 'ubuntu:GNOME'), ('XMODIFIERS', '@im=ibus'), ('XDG_SESSION_DESKTOP', 'ubuntu'), ('XAUTHORITY', '/run/user/1000/.mutter-Xwaylandauth.GN6TD3'), ('LS_COLORS', 'rs=0:di=01;34:ln=01;36:mh=00:pi=40;33:so=01;35:do=01;35:bd=40;33;01:cd=40;33;01:or=40;31;01:mi=00:su=37;41:sg=30;43:ca=30;41:tw=30;42:ow=34;42:st=37;44:ex=01;32:*.tar=01;31:*.tgz=01;31:*.arc=01;31:*.arj=01;31:*.taz=01;31:*.lha=01;31:*.lz4=01;31:*.lzh=01;31:*.lzma=01;31:*.tlz=01;31:*.txz=01;31:*.tzo=01;31:*.t7z=01;31:*.zip=01;31:*.z=01;31:*.dz=01;31:*.gz=01;31:*.lrz=01;31:*.lz=01;31:*.lzo=01;31:*.xz=01;31:*.zst=01;31:*.tzst=01;31:*.bz2=01;31:*.bz=01;31:*.tbz=01;31:*.tbz2=01;31:*.tz=01;31:*.deb=01;31:*.rpm=01;31:*.jar=01;31:*.war=01;31:*.ear=01;31:*.sar=01;31:*.rar=01;31:*.alz=01;31:*.ace=01;31:*.zoo=01;31:*.cpio=01;31:*.7z=01;31:*.rz=01;31:*.cab=01;31:*.wim=01;31:*.swm=01;31:*.dwm=01;31:*.esd=01;31:*.jpg=01;35:*.jpeg=01;35:*.mjpg=01;35:*.mjpeg=01;35:*.gif=01;35:*.bmp=01;35:*.pbm=01;35:*.pgm=01;35:*.ppm=01;35:*.tga=01;35:*.xbm=01;35:*.xpm=01;35:*.tif=01;35:*.tiff=01;35:*.png=01;35:*.svg=01;35:*.svgz=01;35:*.mng=01;35:*.pcx=01;35:*.mov=01;35:*.mpg=01;35:*.mpeg=01;35:*.m2v=01;35:*.mkv=01;35:*.webm=01;35:*.webp=01;35:*.ogm=01;35:*.mp4=01;35:*.m4v=01;35:*.mp4v=01;35:*.vob=01;35:*.qt=01;35:*.nuv=01;35:*.wmv=01;35:*.asf=01;35:*.rm=01;35:*.rmvb=01;35:*.flc=01;35:*.avi=01;35:*.fli=01;35:*.flv=01;35:*.gl=01;35:*.dl=01;35:*.xcf=01;35:*.xwd=01;35:*.yuv=01;35:*.cgm=01;35:*.emf=01;35:*.ogv=01;35:*.ogx=01;35:*.aac=00;36:*.au=00;36:*.flac=00;36:*.m4a=00;36:*.mid=00;36:*.midi=00;36:*.mka=00;36:*.mp3=00;36:*.mpc=00;36:*.ogg=00;36:*.ra=00;36:*.wav=00;36:*.oga=00;36:*.opus=00;36:*.spx=00;36:*.xspf=00;36:'), ('GNOME_TERMINAL_SERVICE', ':1.198'), ('SSH_AGENT_LAUNCHER', 'gnome-keyring'), ('SSH_AUTH_SOCK', '/run/user/1000/keyring/ssh'), ('AMENT_PREFIX_PATH', '/home/jason/projects/unitree_sdk2_ws/install/unitree_hg:/home/jason/projects/unitree_sdk2_ws/install/unitree_go:/home/jason/projects/unitree_sdk2_ws/install/unitree_api:/opt/ros/humble'), ('SHELL', '/bin/bash'), ('QT_ACCESSIBILITY', '1'), ('GDMSESSION', 'ubuntu'), ('LESSCLOSE', '/usr/bin/lesspipe %s %s'), ('QT_IM_MODULE', 'ibus'), ('PWD', '/home/jason/projects/unitree_sdk2_ws/build/unitree_ros2_example'), ('XDG_CONFIG_DIRS', '/etc/xdg/xdg-ubuntu:/etc/xdg'), ('XDG_DATA_DIRS', '/usr/share/ubuntu:/usr/local/share/:/usr/share/:/var/lib/snapd/desktop'), ('PYTHONPATH', '/home/jason/projects/unitree_sdk2_ws/install/unitree_hg/local/lib/python3.10/dist-packages:/home/jason/projects/unitree_sdk2_ws/install/unitree_go/local/lib/python3.10/dist-packages:/home/jason/projects/unitree_sdk2_ws/install/unitree_api/local/lib/python3.10/dist-packages:/opt/ros/humble/lib/python3.10/site-packages:/opt/ros/humble/local/lib/python3.10/dist-packages'), ('COLCON', '1'), ('VTE_VERSION', '6800'), ('CMAKE_PREFIX_PATH', '/home/jason/projects/unitree_sdk2_ws/install/unitree_hg:/home/jason/projects/unitree_sdk2_ws/install/unitree_go:/home/jason/projects/unitree_sdk2_ws/install/unitree_api:/home/jason/projects/unitree_sdk2_ws/install/unitree_sdk2:/home/jason/projects/unitree_sdk2_ws/install/unitree_ros2_example:/opt/ros/humble')]), 'shell': False}
[19.990619] (unitree_ros2_example) StdoutLine: {'line': b'[  2%] \x1b[32mBuilding CXX object CMakeFiles/low_level_ctrl_hg.dir/src/h1-2/lowlevel/low_level_ctrl_hg.cpp.o\x1b[0m\n'}
[19.990843] (unitree_ros2_example) StdoutLine: {'line': b'[  4%] \x1b[32mBuilding CXX object CMakeFiles/read_wireless_controller.dir/src/read_wireless_controller.cpp.o\x1b[0m\n'}
[19.992925] (unitree_ros2_example) StdoutLine: {'line': b'[  6%] \x1b[32mBuilding CXX object CMakeFiles/g1_low_level_example.dir/src/g1/lowlevel/g1_low_level_example.cpp.o\x1b[0m\n'}
[19.993438] (unitree_ros2_example) StdoutLine: {'line': b'[  8%] \x1b[32mBuilding CXX object CMakeFiles/go2_robot_state_client.dir/src/go2/go2_robot_state_client.cpp.o\x1b[0m\n'}
[19.993788] (unitree_ros2_example) StdoutLine: {'line': b'[ 10%] \x1b[32mBuilding CXX object CMakeFiles/read_low_state_hg.dir/src/read_low_state_hg.cpp.o\x1b[0m\n'}
[19.993826] (unitree_ros2_example) StdoutLine: {'line': b'[ 13%] \x1b[32mBuilding CXX object CMakeFiles/go2_stand_example.dir/src/go2/go2_stand_example.cpp.o\x1b[0m\n'}
[19.994421] (unitree_ros2_example) StdoutLine: {'line': b'[ 15%] \x1b[32mBuilding CXX object CMakeFiles/g1_dual_arm_example.dir/src/g1/lowlevel/g1_dual_arm_example.cpp.o\x1b[0m\n'}
[19.994495] (unitree_ros2_example) StdoutLine: {'line': b'[ 17%] \x1b[32mBuilding CXX object CMakeFiles/low_level_ctrl.dir/src/low_level_ctrl.cpp.o\x1b[0m\n'}
[19.994908] (unitree_ros2_example) StdoutLine: {'line': b'[ 19%] \x1b[32mBuilding CXX object CMakeFiles/g1_arm_action_example.dir/src/g1/high_level/g1_arm_action_example.cpp.o\x1b[0m\n'}
[19.994971] (-) TimerEvent: {}
[19.996374] (unitree_ros2_example) StdoutLine: {'line': b'[ 21%] \x1b[32mBuilding CXX object CMakeFiles/g1_loco_client_example.dir/src/g1/high_level/loco_client_example.cpp.o\x1b[0m\n'}
[19.999347] (unitree_ros2_example) StdoutLine: {'line': b'[ 23%] \x1b[32mBuilding CXX object CMakeFiles/g1_ankle_swing_example.dir/src/g1/lowlevel/g1_ankle_swing_example.cpp.o\x1b[0m\n'}
[19.999904] (unitree_ros2_example) StdoutLine: {'line': b'[ 26%] \x1b[32mBuilding CXX object CMakeFiles/go2_sport_client.dir/src/go2/go2_sport_client.cpp.o\x1b[0m\n'}
[19.999964] (unitree_ros2_example) StdoutLine: {'line': b'[ 28%] \x1b[32mBuilding CXX object CMakeFiles/g1_arm_sdk_dds_example.dir/src/g1/high_level/g1_arm_sdk_dds_example.cpp.o\x1b[0m\n'}
[20.000161] (unitree_ros2_example) StdoutLine: {'line': b'[ 30%] \x1b[32mBuilding CXX object CMakeFiles/read_motion_state.dir/src/read_motion_state.cpp.o\x1b[0m\n'}
[20.000314] (unitree_ros2_example) StdoutLine: {'line': b'[ 32%] \x1b[32mBuilding CXX object CMakeFiles/g1_dex3_example.dir/src/g1/dex3/g1_dex3_example.cpp.o\x1b[0m\n'}
[20.002575] (unitree_ros2_example) StdoutLine: {'line': b'[ 34%] \x1b[32mBuilding CXX object CMakeFiles/read_low_state.dir/src/read_low_state.cpp.o\x1b[0m\n'}
[20.065348] (unitree_ros2_example) StderrLine: {'line': b'In file included from \x1b[01m\x1b[K/home/jason/projects/unitree_sdk2_ws/unitree_ros2/example/src/src/g1/high_level/g1_arm_action_example.cpp:11\x1b[m\x1b[K:\n'}
[20.065549] (unitree_ros2_example) StderrLine: {'line': b'\x1b[01m\x1b[K/home/jason/projects/unitree_sdk2_ws/unitree_ros2/example/src/include/common/ut_errror.hpp:13:59:\x1b[m\x1b[K \x1b[01;35m\x1b[Kwarning: \x1b[m\x1b[Kbackslash-newline at end of file\n'}
[20.065597] (unitree_ros2_example) StderrLine: {'line': b'   13 | #define UT_PRINT_ERR(code, error)                         \\\n'}
[20.065630] (unitree_ros2_example) StderrLine: {'line': b'      |                                                            \n'}
[20.095084] (-) TimerEvent: {}
[20.195347] (-) TimerEvent: {}
[20.205644] (unitree_ros2_example) StderrLine: {'line': b'In file included from \x1b[01m\x1b[K/home/jason/projects/unitree_sdk2_ws/unitree_ros2/example/src/include/common/base_client.hpp:11\x1b[m\x1b[K,\n'}
[20.205797] (unitree_ros2_example) StderrLine: {'line': b'                 from \x1b[01m\x1b[K/home/jason/projects/unitree_sdk2_ws/unitree_ros2/example/src/include/g1/g1_loco_client.hpp:10\x1b[m\x1b[K,\n'}
[20.205831] (unitree_ros2_example) StderrLine: {'line': b'                 from \x1b[01m\x1b[K/home/jason/projects/unitree_sdk2_ws/unitree_ros2/example/src/src/g1/high_level/loco_client_example.cpp:3\x1b[m\x1b[K:\n'}
[20.205855] (unitree_ros2_example) StderrLine: {'line': b'\x1b[01m\x1b[K/home/jason/projects/unitree_sdk2_ws/unitree_ros2/example/src/include/common/ut_errror.hpp:13:59:\x1b[m\x1b[K \x1b[01;35m\x1b[Kwarning: \x1b[m\x1b[Kbackslash-newline at end of file\n'}
[20.205878] (unitree_ros2_example) StderrLine: {'line': b'   13 | #define UT_PRINT_ERR(code, error)                         \\\n'}
[20.205900] (unitree_ros2_example) StderrLine: {'line': b'      |                                                            \n'}
[20.212669] (unitree_ros2_example) StderrLine: {'line': b'In file included from \x1b[01m\x1b[K/home/jason/projects/unitree_sdk2_ws/unitree_ros2/example/src/include/common/base_client.hpp:11\x1b[m\x1b[K,\n'}
[20.212824] (unitree_ros2_example) StderrLine: {'line': b'                 from \x1b[01m\x1b[K/home/jason/projects/unitree_sdk2_ws/unitree_ros2/example/src/include/g1/g1_motion_switch_client.hpp:11\x1b[m\x1b[K,\n'}
[20.212857] (unitree_ros2_example) StderrLine: {'line': b'                 from \x1b[01m\x1b[K/home/jason/projects/unitree_sdk2_ws/unitree_ros2/example/src/src/g1/lowlevel/g1_dual_arm_example.cpp:18\x1b[m\x1b[K:\n'}
[20.212880] (unitree_ros2_example) StderrLine: {'line': b'\x1b[01m\x1b[K/home/jason/projects/unitree_sdk2_ws/unitree_ros2/example/src/include/common/ut_errror.hpp:13:59:\x1b[m\x1b[K \x1b[01;35m\x1b[Kwarning: \x1b[m\x1b[Kbackslash-newline at end of file\n'}
[20.212902] (unitree_ros2_example) StderrLine: {'line': b'   13 | #define UT_PRINT_ERR(code, error)                         \\\n'}
[20.212922] (unitree_ros2_example) StderrLine: {'line': b'      |                                                            \n'}
[20.295468] (-) TimerEvent: {}
[20.395746] (-) TimerEvent: {}
[20.496030] (-) TimerEvent: {}
[20.596308] (-) TimerEvent: {}
[20.696603] (-) TimerEvent: {}
[20.796892] (-) TimerEvent: {}
[20.897183] (-) TimerEvent: {}
[20.997487] (-) TimerEvent: {}
[21.097776] (-) TimerEvent: {}
[21.201608] (-) TimerEvent: {}
[21.301913] (-) TimerEvent: {}
[21.402230] (-) TimerEvent: {}
[21.502527] (-) TimerEvent: {}
[21.602813] (-) TimerEvent: {}
[21.703100] (-) TimerEvent: {}
[21.803404] (-) TimerEvent: {}
[21.903711] (-) TimerEvent: {}
[22.004017] (-) TimerEvent: {}
[22.104321] (-) TimerEvent: {}
[22.204624] (-) TimerEvent: {}
[22.304907] (-) TimerEvent: {}
[22.405196] (-) TimerEvent: {}
[22.505466] (-) TimerEvent: {}
[22.605776] (-) TimerEvent: {}
[22.709619] (-) TimerEvent: {}
[22.809935] (-) TimerEvent: {}
[22.910230] (-) TimerEvent: {}
[23.010520] (-) TimerEvent: {}
[23.110812] (-) TimerEvent: {}
[23.211110] (-) TimerEvent: {}
[23.311425] (-) TimerEvent: {}
[23.411700] (-) TimerEvent: {}
[23.511971] (-) TimerEvent: {}
[23.612243] (-) TimerEvent: {}
[23.712527] (-) TimerEvent: {}
[23.812797] (-) TimerEvent: {}
[23.913070] (-) TimerEvent: {}
[24.013336] (-) TimerEvent: {}
[24.114574] (-) TimerEvent: {}
[24.214854] (-) TimerEvent: {}
[24.315120] (-) TimerEvent: {}
[24.415380] (-) TimerEvent: {}
[24.515648] (-) TimerEvent: {}
[24.619612] (-) TimerEvent: {}
[24.719885] (-) TimerEvent: {}
[24.820170] (-) TimerEvent: {}
[24.920452] (-) TimerEvent: {}
[24.980034] (unitree_ros2_example) StdoutLine: {'line': b'[ 36%] \x1b[32m\x1b[1mLinking CXX executable read_wireless_controller\x1b[0m\n'}
[25.020561] (-) TimerEvent: {}
[25.047918] (unitree_ros2_example) StdoutLine: {'line': b'[ 39%] \x1b[32m\x1b[1mLinking CXX executable read_motion_state\x1b[0m\n'}
[25.120673] (-) TimerEvent: {}
[25.142522] (unitree_ros2_example) StdoutLine: {'line': b'[ 41%] \x1b[32m\x1b[1mLinking CXX executable read_low_state\x1b[0m\n'}
[25.220772] (-) TimerEvent: {}
[25.272635] (unitree_ros2_example) StdoutLine: {'line': b'[ 43%] \x1b[32mBuilding CXX object CMakeFiles/low_level_ctrl_hg.dir/src/common/motor_crc_hg.cpp.o\x1b[0m\n'}
[25.320880] (-) TimerEvent: {}
[25.418354] (unitree_ros2_example) StdoutLine: {'line': b'[ 43%] Built target read_low_state\n'}
[25.420986] (-) TimerEvent: {}
[25.436011] (unitree_ros2_example) StdoutLine: {'line': b'[ 45%] \x1b[32mBuilding CXX object CMakeFiles/g1_audio_client_example.dir/src/g1/audio_client/g1_audio_client_example.cpp.o\x1b[0m\n'}
[25.501795] (unitree_ros2_example) StdoutLine: {'line': b'[ 45%] Built target read_wireless_controller\n'}
[25.516112] (unitree_ros2_example) StdoutLine: {'line': b'[ 47%] \x1b[32mBuilding CXX object CMakeFiles/go2_sport_client.dir/src/common/ros2_sport_client.cpp.o\x1b[0m\n'}
[25.521102] (-) TimerEvent: {}
[25.621468] (-) TimerEvent: {}
[25.691261] (unitree_ros2_example) StderrLine: {'line': b'In file included from \x1b[01m\x1b[K/home/jason/projects/unitree_sdk2_ws/unitree_ros2/example/src/include/common/base_client.hpp:11\x1b[m\x1b[K,\n'}
[25.691417] (unitree_ros2_example) StderrLine: {'line': b'                 from \x1b[01m\x1b[K/home/jason/projects/unitree_sdk2_ws/unitree_ros2/example/src/include/g1/g1_audio_client.hpp:6\x1b[m\x1b[K,\n'}
[25.691455] (unitree_ros2_example) StderrLine: {'line': b'                 from \x1b[01m\x1b[K/home/jason/projects/unitree_sdk2_ws/unitree_ros2/example/src/src/g1/audio_client/g1_audio_client_example.cpp:11\x1b[m\x1b[K:\n'}
[25.691485] (unitree_ros2_example) StderrLine: {'line': b'\x1b[01m\x1b[K/home/jason/projects/unitree_sdk2_ws/unitree_ros2/example/src/include/common/ut_errror.hpp:13:59:\x1b[m\x1b[K \x1b[01;35m\x1b[Kwarning: \x1b[m\x1b[Kbackslash-newline at end of file\n'}
[25.691509] (unitree_ros2_example) StderrLine: {'line': b'   13 | #define UT_PRINT_ERR(code, error)                         \\\n'}
[25.691531] (unitree_ros2_example) StderrLine: {'line': b'      |                                                            \n'}
[25.721572] (-) TimerEvent: {}
[25.754703] (unitree_ros2_example) StdoutLine: {'line': b'[ 47%] Built target read_motion_state\n'}
[25.768465] (unitree_ros2_example) StdoutLine: {'line': b'[ 50%] \x1b[32mBuilding CXX object CMakeFiles/g1_arm_action_example.dir/src/common/motor_crc.cpp.o\x1b[0m\n'}
[25.821684] (-) TimerEvent: {}
[25.921973] (-) TimerEvent: {}
[26.022811] (unitree_ros2_example) StdoutLine: {'line': b'[ 52%] \x1b[32mBuilding CXX object CMakeFiles/low_level_ctrl.dir/src/common/motor_crc.cpp.o\x1b[0m\n'}
[26.022967] (-) TimerEvent: {}
[26.123180] (-) TimerEvent: {}
[26.161678] (unitree_ros2_example) StdoutLine: {'line': b'[ 54%] \x1b[32mBuilding CXX object CMakeFiles/g1_loco_client_example.dir/src/common/motor_crc.cpp.o\x1b[0m\n'}
[26.223292] (-) TimerEvent: {}
[26.323816] (-) TimerEvent: {}
[26.387577] (unitree_ros2_example) StdoutLine: {'line': b'[ 56%] \x1b[32mBuilding CXX object CMakeFiles/g1_dex3_example.dir/src/common/motor_crc.cpp.o\x1b[0m\n'}
[26.423925] (-) TimerEvent: {}
[26.524197] (-) TimerEvent: {}
[26.624466] (-) TimerEvent: {}
[26.724733] (-) TimerEvent: {}
[26.773885] (unitree_ros2_example) StdoutLine: {'line': b'[ 58%] \x1b[32m\x1b[1mLinking CXX executable read_low_state_hg\x1b[0m\n'}
[26.822337] (unitree_ros2_example) StdoutLine: {'line': b'[ 60%] \x1b[32mBuilding CXX object CMakeFiles/g1_low_level_example.dir/src/common/motor_crc_hg.cpp.o\x1b[0m\n'}
[26.824886] (-) TimerEvent: {}
[26.927517] (-) TimerEvent: {}
[27.028041] (-) TimerEvent: {}
[27.128572] (-) TimerEvent: {}
[27.200207] (unitree_ros2_example) StdoutLine: {'line': b'[ 63%] \x1b[32mBuilding CXX object CMakeFiles/g1_arm_sdk_dds_example.dir/src/common/motor_crc.cpp.o\x1b[0m\n'}
[27.228717] (-) TimerEvent: {}
[27.332506] (-) TimerEvent: {}
[27.371575] (unitree_ros2_example) StdoutLine: {'line': b'[ 65%] \x1b[32mBuilding CXX object CMakeFiles/go2_stand_example.dir/src/common/motor_crc.cpp.o\x1b[0m\n'}
[27.432648] (-) TimerEvent: {}
[27.533106] (-) TimerEvent: {}
[27.585590] (unitree_ros2_example) StdoutLine: {'line': b'[ 65%] Built target read_low_state_hg\n'}
[27.598200] (unitree_ros2_example) StdoutLine: {'line': b'[ 67%] \x1b[32mBuilding CXX object CMakeFiles/g1_ankle_swing_example.dir/src/common/motor_crc_hg.cpp.o\x1b[0m\n'}
[27.633255] (-) TimerEvent: {}
[27.682242] (unitree_ros2_example) StdoutLine: {'line': b'[ 69%] \x1b[32m\x1b[1mLinking CXX executable low_level_ctrl_hg\x1b[0m\n'}
[27.733412] (-) TimerEvent: {}
[27.837680] (-) TimerEvent: {}
[27.912551] (unitree_ros2_example) StdoutLine: {'line': b'[ 71%] \x1b[32m\x1b[1mLinking CXX executable low_level_ctrl\x1b[0m\n'}
[27.937805] (-) TimerEvent: {}
[28.030508] (unitree_ros2_example) StdoutLine: {'line': b'[ 71%] Built target low_level_ctrl\n'}
[28.037934] (-) TimerEvent: {}
[28.039688] (unitree_ros2_example) StdoutLine: {'line': b'[ 73%] \x1b[32mBuilding CXX object CMakeFiles/go2_robot_state_client.dir/src/common/motor_crc.cpp.o\x1b[0m\n'}
[28.052925] (unitree_ros2_example) StdoutLine: {'line': b'[ 76%] \x1b[32mBuilding CXX object CMakeFiles/g1_dual_arm_example.dir/src/common/motor_crc_hg.cpp.o\x1b[0m\n'}
[28.138035] (-) TimerEvent: {}
[28.238317] (-) TimerEvent: {}
[28.338607] (-) TimerEvent: {}
[28.366418] (unitree_ros2_example) StdoutLine: {'line': b'[ 78%] \x1b[32m\x1b[1mLinking CXX executable g1_loco_client_example\x1b[0m\n'}
[28.438728] (-) TimerEvent: {}
[28.499108] (unitree_ros2_example) StdoutLine: {'line': b'[ 80%] \x1b[32m\x1b[1mLinking CXX executable g1_dex3_example\x1b[0m\n'}
[28.538841] (-) TimerEvent: {}
[28.563948] (unitree_ros2_example) StdoutLine: {'line': b'[ 80%] Built target low_level_ctrl_hg\n'}
[28.638976] (-) TimerEvent: {}
[28.661989] (unitree_ros2_example) StdoutLine: {'line': b'[ 80%] Built target g1_loco_client_example\n'}
[28.739081] (-) TimerEvent: {}
[28.839355] (-) TimerEvent: {}
[28.858959] (unitree_ros2_example) StdoutLine: {'line': b'[ 80%] Built target g1_dex3_example\n'}
[28.876828] (unitree_ros2_example) StdoutLine: {'line': b'[ 82%] \x1b[32m\x1b[1mLinking CXX executable g1_low_level_example\x1b[0m\n'}
[28.939470] (-) TimerEvent: {}
[29.040304] (-) TimerEvent: {}
[29.125544] (unitree_ros2_example) StdoutLine: {'line': b'[ 84%] \x1b[32m\x1b[1mLinking CXX executable g1_arm_action_example\x1b[0m\n'}
[29.140431] (-) TimerEvent: {}
[29.188459] (unitree_ros2_example) StdoutLine: {'line': b'[ 84%] Built target g1_low_level_example\n'}
[29.240566] (-) TimerEvent: {}
[29.340938] (-) TimerEvent: {}
[29.441307] (-) TimerEvent: {}
[29.473502] (unitree_ros2_example) StdoutLine: {'line': b'[ 84%] Built target g1_arm_action_example\n'}
[29.495564] (unitree_ros2_example) StdoutLine: {'line': b'[ 86%] \x1b[32m\x1b[1mLinking CXX executable g1_arm_sdk_dds_example\x1b[0m\n'}
[29.541424] (-) TimerEvent: {}
[29.641706] (-) TimerEvent: {}
[29.696203] (unitree_ros2_example) StdoutLine: {'line': b'[ 89%] \x1b[32m\x1b[1mLinking CXX executable go2_stand_example\x1b[0m\n'}
[29.741828] (-) TimerEvent: {}
[29.753127] (unitree_ros2_example) StdoutLine: {'line': b'[ 89%] Built target g1_arm_sdk_dds_example\n'}
[29.841952] (-) TimerEvent: {}
[29.942313] (-) TimerEvent: {}
[29.955781] (unitree_ros2_example) StdoutLine: {'line': b'[ 91%] \x1b[32m\x1b[1mLinking CXX executable g1_ankle_swing_example\x1b[0m\n'}
[29.955929] (unitree_ros2_example) StdoutLine: {'line': b'[ 91%] Built target go2_stand_example\n'}
[30.042508] (-) TimerEvent: {}
[30.063143] (unitree_ros2_example) StdoutLine: {'line': b'[ 93%] \x1b[32m\x1b[1mLinking CXX executable go2_robot_state_client\x1b[0m\n'}
[30.142624] (-) TimerEvent: {}
[30.243019] (-) TimerEvent: {}
[30.280034] (unitree_ros2_example) StdoutLine: {'line': b'[ 93%] Built target g1_ankle_swing_example\n'}
[30.337940] (unitree_ros2_example) StdoutLine: {'line': b'[ 93%] Built target go2_robot_state_client\n'}
[30.343123] (-) TimerEvent: {}
[30.443473] (-) TimerEvent: {}
[30.543867] (-) TimerEvent: {}
[30.644218] (-) TimerEvent: {}
[30.744590] (-) TimerEvent: {}
[30.844951] (-) TimerEvent: {}
[30.945302] (-) TimerEvent: {}
[31.045676] (-) TimerEvent: {}
[31.146020] (-) TimerEvent: {}
[31.246405] (-) TimerEvent: {}
[31.346758] (-) TimerEvent: {}
[31.447126] (-) TimerEvent: {}
[31.547502] (-) TimerEvent: {}
[31.647847] (-) TimerEvent: {}
[31.748203] (-) TimerEvent: {}
[31.848568] (-) TimerEvent: {}
[31.948930] (-) TimerEvent: {}
[32.049296] (-) TimerEvent: {}
[32.129340] (unitree_ros2_example) StdoutLine: {'line': b'[ 95%] \x1b[32m\x1b[1mLinking CXX executable g1_dual_arm_example\x1b[0m\n'}
[32.129720] (unitree_ros2_example) StdoutLine: {'line': b'[ 97%] \x1b[32m\x1b[1mLinking CXX executable g1_audio_client_example\x1b[0m\n'}
[32.149438] (-) TimerEvent: {}
[32.249749] (-) TimerEvent: {}
[32.350094] (-) TimerEvent: {}
[32.411651] (unitree_ros2_example) StdoutLine: {'line': b'[ 97%] Built target g1_audio_client_example\n'}
[32.450309] (-) TimerEvent: {}
[32.515113] (unitree_ros2_example) StdoutLine: {'line': b'[ 97%] Built target g1_dual_arm_example\n'}
[32.550483] (-) TimerEvent: {}
[32.619034] (unitree_ros2_example) StdoutLine: {'line': b'[100%] \x1b[32m\x1b[1mLinking CXX executable go2_sport_client\x1b[0m\n'}
[32.650616] (-) TimerEvent: {}
[32.750996] (-) TimerEvent: {}
[32.851375] (-) TimerEvent: {}
[32.951896] (-) TimerEvent: {}
[32.966627] (unitree_ros2_example) StdoutLine: {'line': b'[100%] Built target go2_sport_client\n'}
[32.974908] (unitree_ros2_example) CommandEnded: {'returncode': 0}
[32.975724] (unitree_ros2_example) JobProgress: {'identifier': 'unitree_ros2_example', 'progress': 'install'}
[32.976152] (unitree_ros2_example) Command: {'cmd': ['/usr/bin/cmake', '--install', '/home/jason/projects/unitree_sdk2_ws/build/unitree_ros2_example'], 'cwd': '/home/jason/projects/unitree_sdk2_ws/build/unitree_ros2_example', 'env': OrderedDict([('LESSOPEN', '| /usr/bin/lesspipe %s'), ('USER', 'jason'), ('XDG_SESSION_TYPE', 'wayland'), ('SHLVL', '1'), ('LD_LIBRARY_PATH', '/home/jason/projects/unitree_sdk2_ws/install/unitree_hg/lib:/home/jason/projects/unitree_sdk2_ws/install/unitree_go/lib:/home/jason/projects/unitree_sdk2_ws/install/unitree_api/lib:/home/jason/projects/unitree_sdk2_ws/install/unitree_sdk2/lib:/opt/ros/humble/opt/rviz_ogre_vendor/lib:/opt/ros/humble/lib/x86_64-linux-gnu:/opt/ros/humble/lib'), ('HOME', '/home/jason'), ('OLDPWD', '/home/jason/projects/unitree_sdk2_ws'), ('DESKTOP_SESSION', 'ubuntu'), ('ROS_PYTHON_VERSION', '3'), ('GNOME_SHELL_SESSION_MODE', 'ubuntu'), ('GTK_MODULES', 'gail:atk-bridge'), ('SYSTEMD_EXEC_PID', '1804'), ('DBUS_SESSION_BUS_ADDRESS', 'unix:path=/run/user/1000/bus'), ('COLORTERM', 'truecolor'), ('IM_CONFIG_PHASE', '1'), ('WAYLAND_DISPLAY', 'wayland-0'), ('COLCON_PREFIX_PATH', '/home/jason/projects/unitree_sdk2_ws/install'), ('ROS_DISTRO', 'humble'), ('LOGNAME', 'jason'), ('_', '/usr/bin/colcon'), ('ROS_VERSION', '2'), ('XDG_SESSION_CLASS', 'user'), ('USERNAME', 'jason'), ('TERM', 'xterm-256color'), ('GNOME_DESKTOP_SESSION_ID', 'this-is-deprecated'), ('ROS_LOCALHOST_ONLY', '0'), ('PATH', '/home/jason/.local/bin:/opt/ros/humble/bin:/usr/local/sbin:/usr/local/bin:/usr/sbin:/usr/bin:/sbin:/bin:/usr/games:/usr/local/games:/snap/bin:/snap/bin'), ('SESSION_MANAGER', 'local/jasonabichebli:@/tmp/.ICE-unix/1771,unix/jasonabichebli:/tmp/.ICE-unix/1771'), ('XDG_MENU_PREFIX', 'gnome-'), ('GNOME_TERMINAL_SCREEN', '/org/gnome/Terminal/screen/0b597454_0566_460c_8a5d_2466510f845d'), ('GNOME_SETUP_DISPLAY', ':1'), ('XDG_RUNTIME_DIR', '/run/user/1000'), ('DISPLAY', ':0'), ('LANG', 'en_US.UTF-8'), ('XDG_CURRENT_DESKTOP', 'ubuntu:GNOME'), ('XMODIFIERS', '@im=ibus'), ('XDG_SESSION_DESKTOP', 'ubuntu'), ('XAUTHORITY', '/run/user/1000/.mutter-Xwaylandauth.GN6TD3'), ('LS_COLORS', 'rs=0:di=01;34:ln=01;36:mh=00:pi=40;33:so=01;35:do=01;35:bd=40;33;01:cd=40;33;01:or=40;31;01:mi=00:su=37;41:sg=30;43:ca=30;41:tw=30;42:ow=34;42:st=37;44:ex=01;32:*.tar=01;31:*.tgz=01;31:*.arc=01;31:*.arj=01;31:*.taz=01;31:*.lha=01;31:*.lz4=01;31:*.lzh=01;31:*.lzma=01;31:*.tlz=01;31:*.txz=01;31:*.tzo=01;31:*.t7z=01;31:*.zip=01;31:*.z=01;31:*.dz=01;31:*.gz=01;31:*.lrz=01;31:*.lz=01;31:*.lzo=01;31:*.xz=01;31:*.zst=01;31:*.tzst=01;31:*.bz2=01;31:*.bz=01;31:*.tbz=01;31:*.tbz2=01;31:*.tz=01;31:*.deb=01;31:*.rpm=01;31:*.jar=01;31:*.war=01;31:*.ear=01;31:*.sar=01;31:*.rar=01;31:*.alz=01;31:*.ace=01;31:*.zoo=01;31:*.cpio=01;31:*.7z=01;31:*.rz=01;31:*.cab=01;31:*.wim=01;31:*.swm=01;31:*.dwm=01;31:*.esd=01;31:*.jpg=01;35:*.jpeg=01;35:*.mjpg=01;35:*.mjpeg=01;35:*.gif=01;35:*.bmp=01;35:*.pbm=01;35:*.pgm=01;35:*.ppm=01;35:*.tga=01;35:*.xbm=01;35:*.xpm=01;35:*.tif=01;35:*.tiff=01;35:*.png=01;35:*.svg=01;35:*.svgz=01;35:*.mng=01;35:*.pcx=01;35:*.mov=01;35:*.mpg=01;35:*.mpeg=01;35:*.m2v=01;35:*.mkv=01;35:*.webm=01;35:*.webp=01;35:*.ogm=01;35:*.mp4=01;35:*.m4v=01;35:*.mp4v=01;35:*.vob=01;35:*.qt=01;35:*.nuv=01;35:*.wmv=01;35:*.asf=01;35:*.rm=01;35:*.rmvb=01;35:*.flc=01;35:*.avi=01;35:*.fli=01;35:*.flv=01;35:*.gl=01;35:*.dl=01;35:*.xcf=01;35:*.xwd=01;35:*.yuv=01;35:*.cgm=01;35:*.emf=01;35:*.ogv=01;35:*.ogx=01;35:*.aac=00;36:*.au=00;36:*.flac=00;36:*.m4a=00;36:*.mid=00;36:*.midi=00;36:*.mka=00;36:*.mp3=00;36:*.mpc=00;36:*.ogg=00;36:*.ra=00;36:*.wav=00;36:*.oga=00;36:*.opus=00;36:*.spx=00;36:*.xspf=00;36:'), ('GNOME_TERMINAL_SERVICE', ':1.198'), ('SSH_AGENT_LAUNCHER', 'gnome-keyring'), ('SSH_AUTH_SOCK', '/run/user/1000/keyring/ssh'), ('AMENT_PREFIX_PATH', '/home/jason/projects/unitree_sdk2_ws/install/unitree_hg:/home/jason/projects/unitree_sdk2_ws/install/unitree_go:/home/jason/projects/unitree_sdk2_ws/install/unitree_api:/opt/ros/humble'), ('SHELL', '/bin/bash'), ('QT_ACCESSIBILITY', '1'), ('GDMSESSION', 'ubuntu'), ('LESSCLOSE', '/usr/bin/lesspipe %s %s'), ('QT_IM_MODULE', 'ibus'), ('PWD', '/home/jason/projects/unitree_sdk2_ws/build/unitree_ros2_example'), ('XDG_CONFIG_DIRS', '/etc/xdg/xdg-ubuntu:/etc/xdg'), ('XDG_DATA_DIRS', '/usr/share/ubuntu:/usr/local/share/:/usr/share/:/var/lib/snapd/desktop'), ('PYTHONPATH', '/home/jason/projects/unitree_sdk2_ws/install/unitree_hg/local/lib/python3.10/dist-packages:/home/jason/projects/unitree_sdk2_ws/install/unitree_go/local/lib/python3.10/dist-packages:/home/jason/projects/unitree_sdk2_ws/install/unitree_api/local/lib/python3.10/dist-packages:/opt/ros/humble/lib/python3.10/site-packages:/opt/ros/humble/local/lib/python3.10/dist-packages'), ('COLCON', '1'), ('VTE_VERSION', '6800'), ('CMAKE_PREFIX_PATH', '/home/jason/projects/unitree_sdk2_ws/install/unitree_hg:/home/jason/projects/unitree_sdk2_ws/install/unitree_go:/home/jason/projects/unitree_sdk2_ws/install/unitree_api:/home/jason/projects/unitree_sdk2_ws/install/unitree_sdk2:/home/jason/projects/unitree_sdk2_ws/install/unitree_ros2_example:/opt/ros/humble')]), 'shell': False}
[32.982427] (unitree_ros2_example) StdoutLine: {'line': b'-- Install configuration: ""\n'}
[32.983190] (unitree_ros2_example) StdoutLine: {'line': b'-- Execute custom install script\n'}
[32.983537] (unitree_ros2_example) StdoutLine: {'line': b'-- Symlinking: /home/jason/projects/unitree_sdk2_ws/install/unitree_ros2_example//low_level_ctrl\n'}
[32.993506] (unitree_ros2_example) StdoutLine: {'line': b'-- Symlinking: /home/jason/projects/unitree_sdk2_ws/install/unitree_ros2_example//low_level_ctrl_hg\n'}
[33.002821] (unitree_ros2_example) StdoutLine: {'line': b'-- Symlinking: /home/jason/projects/unitree_sdk2_ws/install/unitree_ros2_example//g1_low_level_example\n'}
[33.008132] (unitree_ros2_example) StdoutLine: {'line': b'-- Symlinking: /home/jason/projects/unitree_sdk2_ws/install/unitree_ros2_example//read_low_state\n'}
[33.017368] (unitree_ros2_example) StdoutLine: {'line': b'-- Symlinking: /home/jason/projects/unitree_sdk2_ws/install/unitree_ros2_example//read_low_state_hg\n'}
[33.025727] (unitree_ros2_example) StdoutLine: {'line': b'-- Symlinking: /home/jason/projects/unitree_sdk2_ws/install/unitree_ros2_example//read_motion_state\n'}
[33.034705] (unitree_ros2_example) StdoutLine: {'line': b'-- Symlinking: /home/jason/projects/unitree_sdk2_ws/install/unitree_ros2_example//read_wireless_controller\n'}
[33.043062] (unitree_ros2_example) StdoutLine: {'line': b'-- Symlinking: /home/jason/projects/unitree_sdk2_ws/install/unitree_ros2_example//go2_sport_client\n'}
[33.051896] (unitree_ros2_example) StdoutLine: {'line': b'-- Symlinking: /home/jason/projects/unitree_sdk2_ws/install/unitree_ros2_example//go2_stand_example\n'}
[33.052064] (-) TimerEvent: {}
[33.060891] (unitree_ros2_example) StdoutLine: {'line': b'-- Symlinking: /home/jason/projects/unitree_sdk2_ws/install/unitree_ros2_example//go2_robot_state_client\n'}
[33.067185] (unitree_ros2_example) StdoutLine: {'line': b'-- Symlinking: /home/jason/projects/unitree_sdk2_ws/install/unitree_ros2_example//g1_arm_sdk_dds_example\n'}
[33.074422] (unitree_ros2_example) StdoutLine: {'line': b'-- Symlinking: /home/jason/projects/unitree_sdk2_ws/install/unitree_ros2_example//g1_arm_action_example\n'}
[33.083137] (unitree_ros2_example) StdoutLine: {'line': b'-- Symlinking: /home/jason/projects/unitree_sdk2_ws/install/unitree_ros2_example//g1_dex3_example\n'}
[33.094743] (unitree_ros2_example) StdoutLine: {'line': b'-- Symlinking: /home/jason/projects/unitree_sdk2_ws/install/unitree_ros2_example//g1_loco_client_example\n'}
[33.104620] (unitree_ros2_example) StdoutLine: {'line': b'-- Symlinking: /home/jason/projects/unitree_sdk2_ws/install/unitree_ros2_example//g1_ankle_swing_example\n'}
[33.113473] (unitree_ros2_example) StdoutLine: {'line': b'-- Symlinking: /home/jason/projects/unitree_sdk2_ws/install/unitree_ros2_example//g1_dual_arm_example\n'}
[33.118380] (unitree_ros2_example) StdoutLine: {'line': b'-- Symlinking: /home/jason/projects/unitree_sdk2_ws/install/unitree_ros2_example//g1_audio_client_example\n'}
[33.125853] (unitree_ros2_example) StdoutLine: {'line': b'-- Symlinking: /home/jason/projects/unitree_sdk2_ws/install/unitree_ros2_example/share/ament_index/resource_index/package_run_dependencies/unitree_ros2_example\n'}
[33.135363] (unitree_ros2_example) StdoutLine: {'line': b'-- Symlinking: /home/jason/projects/unitree_sdk2_ws/install/unitree_ros2_example/share/ament_index/resource_index/parent_prefix_path/unitree_ros2_example\n'}
[33.144357] (unitree_ros2_example) StdoutLine: {'line': b'-- Symlinking: /home/jason/projects/unitree_sdk2_ws/install/unitree_ros2_example/share/unitree_ros2_example/environment/ament_prefix_path.sh\n'}
[33.152227] (-) TimerEvent: {}
[33.153143] (unitree_ros2_example) StdoutLine: {'line': b'-- Symlinking: /home/jason/projects/unitree_sdk2_ws/install/unitree_ros2_example/share/unitree_ros2_example/environment/ament_prefix_path.dsv\n'}
[33.165334] (unitree_ros2_example) StdoutLine: {'line': b'-- Symlinking: /home/jason/projects/unitree_sdk2_ws/install/unitree_ros2_example/share/unitree_ros2_example/environment/path.sh\n'}
[33.177969] (unitree_ros2_example) StdoutLine: {'line': b'-- Symlinking: /home/jason/projects/unitree_sdk2_ws/install/unitree_ros2_example/share/unitree_ros2_example/environment/path.dsv\n'}
[33.190929] (unitree_ros2_example) StdoutLine: {'line': b'-- Symlinking: /home/jason/projects/unitree_sdk2_ws/install/unitree_ros2_example/share/unitree_ros2_example/local_setup.bash\n'}
[33.200229] (unitree_ros2_example) StdoutLine: {'line': b'-- Symlinking: /home/jason/projects/unitree_sdk2_ws/install/unitree_ros2_example/share/unitree_ros2_example/local_setup.sh\n'}
[33.210511] (unitree_ros2_example) StdoutLine: {'line': b'-- Symlinking: /home/jason/projects/unitree_sdk2_ws/install/unitree_ros2_example/share/unitree_ros2_example/local_setup.zsh\n'}
[33.219863] (unitree_ros2_example) StdoutLine: {'line': b'-- Symlinking: /home/jason/projects/unitree_sdk2_ws/install/unitree_ros2_example/share/unitree_ros2_example/local_setup.dsv\n'}
[33.224630] (unitree_ros2_example) StdoutLine: {'line': b'-- Symlinking: /home/jason/projects/unitree_sdk2_ws/install/unitree_ros2_example/share/unitree_ros2_example/package.dsv\n'}
[33.233535] (unitree_ros2_example) StdoutLine: {'line': b'-- Symlinking: /home/jason/projects/unitree_sdk2_ws/install/unitree_ros2_example/share/ament_index/resource_index/packages/unitree_ros2_example\n'}
[33.242657] (unitree_ros2_example) StdoutLine: {'line': b'-- Symlinking: /home/jason/projects/unitree_sdk2_ws/install/unitree_ros2_example/share/unitree_ros2_example/cmake/unitree_ros2_exampleConfig.cmake\n'}
[33.250274] (unitree_ros2_example) StdoutLine: {'line': b'-- Symlinking: /home/jason/projects/unitree_sdk2_ws/install/unitree_ros2_example/share/unitree_ros2_example/cmake/unitree_ros2_exampleConfig-version.cmake\n'}
[33.252341] (-) TimerEvent: {}
[33.259458] (unitree_ros2_example) StdoutLine: {'line': b'-- Symlinking: /home/jason/projects/unitree_sdk2_ws/install/unitree_ros2_example/share/unitree_ros2_example/package.xml\n'}
[33.268371] (unitree_ros2_example) CommandEnded: {'returncode': 0}
[33.281736] (unitree_ros2_example) JobEnded: {'identifier': 'unitree_ros2_example', 'rc': 0}
[33.285662] (-) EventReactorShutdown: {}
